review_id,product_id,category,aspect,opinion,polarity,tag
TRAIN_0,PRODUCT_60357,美妆个护,正品,正品放心,positive,正品放心
TRAIN_1,PRODUCT_354315,图书音像,正品,正品放心,positive,正品放心
TRAIN_6,PRODUCT_114046,图书音像,包装,包装好,positive,包装好
TRAIN_15,PRODUCT_144600,图书音像,正品,正品放心,positive,正品放心
TRAIN_18,PRODUCT_242133,美妆个护,耐用,容易坏,negative,容易坏
TRAIN_20,PRODUCT_57135,图书音像,正品,正品放心,positive,正品放心
TRAIN_23,PRODUCT_482563,图书音像,质量,质量好,positive,质量好
TRAIN_29,PRODUCT_137686,电脑/办公,质量,质量好,positive,质量好
TRAIN_35,PRODUCT_181521,美妆个护,包装,包装差,negative,包装差
TRAIN_35,PRODUCT_181521,美妆个护,正品,正品放心,positive,正品放心
TRAIN_35,PRODUCT_181521,美妆个护,味道,味道不错,positive,味道不错
TRAIN_43,PRODUCT_318740,美妆个护,正品,正品放心,positive,正品放心
TRAIN_55,PRODUCT_417315,家用电器,耐用,很耐用,positive,很耐用
TRAIN_76,PRODUCT_431202,图书音像,内容,内容一般,negative,内容一般
TRAIN_77,PRODUCT_291114,家用电器,价格,性价比高,positive,性价比高
TRAIN_85,PRODUCT_219930,图书音像,质量,质量好,positive,质量好
TRAIN_92,PRODUCT_189784,图书音像,质量,质量好,positive,质量好
TRAIN_95,PRODUCT_7627,电脑/办公,价格,性价比高,positive,性价比高
TRAIN_97,PRODUCT_464318,图书音像,质量,质量好,positive,质量好
TRAIN_102,PRODUCT_315386,手机/数码,价格,性价比高,positive,性价比高
TRAIN_102,PRODUCT_315386,手机/数码,正品,正品放心,positive,正品放心
TRAIN_105,PRODUCT_248304,图书音像,质量,质量差,negative,质量差
TRAIN_107,PRODUCT_78969,图书音像,内容,内容不错,positive,内容不错
TRAIN_117,PRODUCT_176991,图书音像,包装,包装差,negative,包装差
TRAIN_118,PRODUCT_45422,图书音像,内容,内容不错,positive,内容不错
TRAIN_122,PRODUCT_138124,图书音像,物流,发货快,positive,发货快
TRAIN_133,PRODUCT_38558,家用电器,耐用,很耐用,positive,很耐用
TRAIN_137,PRODUCT_312081,其他,质量,质量好,positive,质量好
TRAIN_139,PRODUCT_78811,电脑/办公,耐用,很耐用,positive,很耐用
TRAIN_139,PRODUCT_78811,电脑/办公,续航,续航差,negative,续航差
TRAIN_145,PRODUCT_178539,图书音像,质量,质量好,positive,质量好
TRAIN_148,PRODUCT_244852,图书音像,包装,包装好,positive,包装好
TRAIN_153,PRODUCT_24916,家居生活,物流,发货快,positive,发货快
TRAIN_164,PRODUCT_167289,电脑/办公,耐用,容易坏,negative,容易坏
TRAIN_166,PRODUCT_464812,手机/数码,质量,质量好,positive,质量好
TRAIN_166,PRODUCT_464812,手机/数码,正品,正品放心,positive,正品放心
TRAIN_172,PRODUCT_60073,图书音像,内容,内容不错,positive,内容不错
TRAIN_181,PRODUCT_236186,电脑/办公,价格,性价比高,positive,性价比高
TRAIN_184,PRODUCT_451048,图书音像,正品,正品放心,positive,正品放心
TRAIN_188,PRODUCT_406187,图书音像,内容,内容不错,positive,内容不错
TRAIN_198,PRODUCT_21628,图书音像,质量,质量好,positive,质量好
TRAIN_202,PRODUCT_265749,图书音像,质量,质量好,positive,质量好
TRAIN_203,PRODUCT_314607,手机/数码,价格,性价比高,positive,性价比高
TRAIN_209,PRODUCT_130405,电脑/办公,正品,正品放心,positive,正品放心
TRAIN_210,PRODUCT_467378,图书音像,包装,包装差,negative,包装差
TRAIN_210,PRODUCT_467378,图书音像,内容,内容不错,positive,内容不错
TRAIN_216,PRODUCT_236146,图书音像,包装,包装好,positive,包装好
TRAIN_218,PRODUCT_507007,图书音像,内容,内容不错,positive,内容不错
TRAIN_219,PRODUCT_387334,图书音像,价格,性价比高,positive,性价比高
TRAIN_222,PRODUCT_375700,电脑/办公,质量,质量差,negative,质量差
TRAIN_222,PRODUCT_375700,电脑/办公,推荐,不推荐,negative,不推荐
TRAIN_229,PRODUCT_440311,美妆个护,味道,味道不错,positive,味道不错
TRAIN_231,PRODUCT_390509,图书音像,质量,质量好,positive,质量好
TRAIN_234,PRODUCT_43180,图书音像,推荐,会回购,positive,会回购
TRAIN_236,PRODUCT_323887,图书音像,质量,质量好,positive,质量好
TRAIN_236,PRODUCT_323887,图书音像,价格,价格贵,negative,价格贵
TRAIN_238,PRODUCT_279241,手机/数码,包装,包装好,positive,包装好
TRAIN_243,PRODUCT_200502,图书音像,包装,包装差,negative,包装差
TRAIN_247,PRODUCT_421357,图书音像,质量,质量差,negative,质量差
TRAIN_251,PRODUCT_305813,图书音像,正品,正品放心,positive,正品放心
TRAIN_259,PRODUCT_480053,图书音像,正品,正品放心,positive,正品放心
TRAIN_262,PRODUCT_61522,家具/家装/建材,质量,质量差,negative,质量差
TRAIN_262,PRODUCT_61522,家具/家装/建材,耐用,容易坏,negative,容易坏
TRAIN_263,PRODUCT_266664,图书音像,外观,外观一般,negative,外观一般
TRAIN_264,PRODUCT_278420,美妆个护,正品,正品放心,positive,正品放心
TRAIN_265,PRODUCT_93768,图书音像,正品,正品放心,positive,正品放心
TRAIN_269,PRODUCT_221657,其他,质量,质量好,positive,质量好
TRAIN_273,PRODUCT_48252,图书音像,正品,正品放心,positive,正品放心
TRAIN_274,PRODUCT_436584,图书音像,包装,包装好,positive,包装好
TRAIN_275,PRODUCT_100023,图书音像,内容,内容不错,positive,内容不错
TRAIN_291,PRODUCT_13376,图书音像,价格,性价比高,positive,性价比高
TRAIN_297,PRODUCT_357397,图书音像,价格,性价比高,positive,性价比高
TRAIN_327,PRODUCT_383137,图书音像,耐用,容易坏,negative,容易坏
TRAIN_328,PRODUCT_204409,手机/数码,质量,质量差,negative,质量差
TRAIN_343,PRODUCT_140870,图书音像,包装,包装好,positive,包装好
TRAIN_349,PRODUCT_168090,美妆个护,质量,质量差,negative,质量差
TRAIN_355,PRODUCT_83322,图书音像,正品,疑似假货,negative,疑似假货
TRAIN_364,PRODUCT_117408,母婴/玩具,质量,质量好,positive,质量好
TRAIN_367,PRODUCT_232108,手机/数码,正品,正品放心,positive,正品放心
TRAIN_369,PRODUCT_337036,图书音像,外观,外观一般,negative,外观一般
TRAIN_375,PRODUCT_171249,图书音像,内容,内容一般,negative,内容一般
TRAIN_391,PRODUCT_416937,家具/家装/建材,质量,质量好,positive,质量好
TRAIN_392,PRODUCT_244139,电脑/办公,质量,质量好,positive,质量好
TRAIN_392,PRODUCT_244139,电脑/办公,包装,包装好,positive,包装好
TRAIN_393,PRODUCT_272440,电脑/办公,正品,正品放心,positive,正品放心
TRAIN_395,PRODUCT_350208,电脑/办公,质量,质量好,positive,质量好
TRAIN_402,PRODUCT_262008,图书音像,质量,质量好,positive,质量好
TRAIN_402,PRODUCT_262008,图书音像,物流,发货快,positive,发货快
TRAIN_408,PRODUCT_376198,电脑/办公,物流,发货快,positive,发货快
TRAIN_418,PRODUCT_210761,图书音像,包装,包装差,negative,包装差
TRAIN_428,PRODUCT_85376,家居生活,价格,性价比高,positive,性价比高
TRAIN_428,PRODUCT_85376,家居生活,耐用,很耐用,positive,很耐用
TRAIN_433,PRODUCT_226154,图书音像,质量,质量好,positive,质量好
TRAIN_434,PRODUCT_132650,图书音像,正品,正品放心,positive,正品放心
TRAIN_435,PRODUCT_484644,家居生活,质量,质量好,positive,质量好
TRAIN_442,PRODUCT_394422,图书音像,质量,质量好,positive,质量好
TRAIN_455,PRODUCT_82177,图书音像,外观,外观好看,positive,外观好看
TRAIN_457,PRODUCT_27332,图书音像,质量,质量差,negative,质量差
TRAIN_459,PRODUCT_294368,电脑/办公,质量,质量好,positive,质量好
TRAIN_460,PRODUCT_8083,图书音像,质量,质量好,positive,质量好
TRAIN_462,PRODUCT_50748,图书音像,质量,质量差,negative,质量差
TRAIN_464,PRODUCT_341044,图书音像,质量,质量好,positive,质量好
TRAIN_477,PRODUCT_311988,手机/数码,正品,正品放心,positive,正品放心
TRAIN_480,PRODUCT_3466,图书音像,物流,发货快,positive,发货快
TRAIN_484,PRODUCT_369893,图书音像,正品,疑似假货,negative,疑似假货
TRAIN_490,PRODUCT_73945,图书音像,质量,质量好,positive,质量好
TRAIN_490,PRODUCT_73945,图书音像,物流,发货快,positive,发货快
TRAIN_490,PRODUCT_73945,图书音像,正品,正品放心,positive,正品放心
TRAIN_494,PRODUCT_376711,图书音像,正品,正品放心,positive,正品放心
TRAIN_504,PRODUCT_128070,图书音像,正品,正品放心,positive,正品放心
TRAIN_504,PRODUCT_128070,图书音像,正品,疑似假货,negative,疑似假货
TRAIN_507,PRODUCT_164669,手机/数码,价格,价格贵,negative,价格贵
TRAIN_508,PRODUCT_442017,家具/家装/建材,质量,质量好,positive,质量好
TRAIN_510,PRODUCT_239344,电脑/办公,屏幕,屏幕差,negative,屏幕差
TRAIN_515,PRODUCT_61273,图书音像,价格,性价比高,positive,性价比高
TRAIN_519,PRODUCT_320981,图书音像,价格,价格贵,negative,价格贵
TRAIN_524,PRODUCT_10474,图书音像,内容,内容不错,positive,内容不错
TRAIN_527,PRODUCT_488359,图书音像,价格,价格贵,negative,价格贵
TRAIN_527,PRODUCT_488359,图书音像,内容,内容一般,negative,内容一般
TRAIN_531,PRODUCT_455791,美妆个护,价格,性价比高,positive,性价比高
TRAIN_532,PRODUCT_190287,母婴/玩具,耐用,很耐用,positive,很耐用
TRAIN_556,PRODUCT_503466,电脑/办公,物流,发货快,positive,发货快
TRAIN_561,PRODUCT_9597,其他,质量,质量差,negative,质量差
TRAIN_562,PRODUCT_83025,食品/保健,味道,味道不错,positive,味道不错
TRAIN_565,PRODUCT_59101,图书音像,耐用,很耐用,positive,很耐用
TRAIN_576,PRODUCT_124242,图书音像,物流,发货快,positive,发货快
TRAIN_579,PRODUCT_439835,美妆个护,味道,味道不错,positive,味道不错
TRAIN_586,PRODUCT_6368,图书音像,价格,性价比高,positive,性价比高
TRAIN_587,PRODUCT_179312,图书音像,正品,正品放心,positive,正品放心
TRAIN_595,PRODUCT_140157,电脑/办公,推荐,会回购,positive,会回购
TRAIN_613,PRODUCT_60142,图书音像,质量,质量好,positive,质量好
TRAIN_621,PRODUCT_439815,电脑/办公,价格,性价比高,positive,性价比高
TRAIN_623,PRODUCT_343322,电脑/办公,正品,正品放心,positive,正品放心
TRAIN_628,PRODUCT_30608,美妆个护,正品,疑似假货,negative,疑似假货
TRAIN_628,PRODUCT_30608,美妆个护,推荐,不推荐,negative,不推荐
TRAIN_638,PRODUCT_356483,图书音像,内容,内容不错,positive,内容不错
TRAIN_648,PRODUCT_473474,图书音像,质量,质量好,positive,质量好
TRAIN_651,PRODUCT_451346,家用电器,外观,外观一般,negative,外观一般
TRAIN_659,PRODUCT_202789,图书音像,质量,质量好,positive,质量好
TRAIN_665,PRODUCT_356582,图书音像,正品,正品放心,positive,正品放心
TRAIN_674,PRODUCT_445505,图书音像,质量,质量好,positive,质量好
TRAIN_675,PRODUCT_260764,图书音像,质量,质量好,positive,质量好
TRAIN_676,PRODUCT_423492,美妆个护,正品,正品放心,positive,正品放心
TRAIN_676,PRODUCT_423492,美妆个护,味道,味道不错,positive,味道不错
TRAIN_678,PRODUCT_12492,图书音像,质量,质量好,positive,质量好
TRAIN_681,PRODUCT_42858,图书音像,正品,正品放心,positive,正品放心
TRAIN_686,PRODUCT_246135,图书音像,包装,包装差,negative,包装差
TRAIN_687,PRODUCT_522014,电脑/办公,正品,正品放心,positive,正品放心
TRAIN_691,PRODUCT_248846,家具/家装/建材,耐用,很耐用,positive,很耐用
TRAIN_696,PRODUCT_2370,图书音像,正品,正品放心,positive,正品放心
TRAIN_700,PRODUCT_248756,图书音像,内容,内容不错,positive,内容不错
TRAIN_711,PRODUCT_325108,家用电器,正品,正品放心,positive,正品放心
TRAIN_718,PRODUCT_94270,图书音像,正品,正品放心,positive,正品放心
TRAIN_720,PRODUCT_391898,图书音像,价格,性价比高,positive,性价比高
TRAIN_723,PRODUCT_427528,图书音像,质量,质量好,positive,质量好
TRAIN_748,PRODUCT_214328,手机/数码,正品,正品放心,positive,正品放心
TRAIN_758,PRODUCT_511977,食品/保健,正品,疑似假货,negative,疑似假货
TRAIN_762,PRODUCT_26394,图书音像,质量,质量好,positive,质量好
TRAIN_762,PRODUCT_26394,图书音像,正品,正品放心,positive,正品放心
TRAIN_764,PRODUCT_107819,家用电器,正品,正品放心,positive,正品放心
TRAIN_766,PRODUCT_513109,图书音像,质量,质量好,positive,质量好
TRAIN_766,PRODUCT_513109,图书音像,正品,正品放心,positive,正品放心
TRAIN_770,PRODUCT_123000,图书音像,内容,内容不错,positive,内容不错
TRAIN_771,PRODUCT_275062,图书音像,物流,发货快,positive,发货快
TRAIN_773,PRODUCT_78811,电脑/办公,续航,续航差,negative,续航差
TRAIN_780,PRODUCT_443795,图书音像,正品,疑似假货,negative,疑似假货
TRAIN_785,PRODUCT_464243,家用电器,质量,质量好,positive,质量好
TRAIN_785,PRODUCT_464243,家用电器,价格,性价比高,positive,性价比高
TRAIN_785,PRODUCT_464243,家用电器,正品,正品放心,positive,正品放心
TRAIN_790,PRODUCT_298334,图书音像,内容,内容不错,positive,内容不错
TRAIN_799,PRODUCT_518480,图书音像,内容,内容不错,positive,内容不错
TRAIN_808,PRODUCT_277341,图书音像,内容,内容不错,positive,内容不错
TRAIN_816,PRODUCT_486755,图书音像,质量,质量好,positive,质量好
TRAIN_821,PRODUCT_524987,图书音像,内容,内容不错,positive,内容不错
TRAIN_830,PRODUCT_299777,家用电器,正品,正品放心,positive,正品放心
TRAIN_835,PRODUCT_243608,图书音像,质量,质量好,positive,质量好
TRAIN_841,PRODUCT_129351,母婴/玩具,耐用,很耐用,positive,很耐用
TRAIN_842,PRODUCT_262226,图书音像,质量,质量好,positive,质量好
TRAIN_843,PRODUCT_168351,家居生活,质量,质量好,positive,质量好
TRAIN_845,PRODUCT_411885,图书音像,耐用,很耐用,positive,很耐用
TRAIN_855,PRODUCT_183488,图书音像,质量,质量好,positive,质量好
TRAIN_863,PRODUCT_522220,图书音像,质量,质量好,positive,质量好
TRAIN_867,PRODUCT_282713,家用电器,价格,性价比高,positive,性价比高
TRAIN_879,PRODUCT_401160,图书音像,正品,疑似假货,negative,疑似假货
TRAIN_887,PRODUCT_287734,图书音像,质量,质量差,negative,质量差
TRAIN_893,PRODUCT_282757,家居生活,物流,物流慢,negative,物流慢
TRAIN_904,PRODUCT_60073,图书音像,外观,外观好看,positive,外观好看
TRAIN_905,PRODUCT_29744,家具/家装/建材,物流,发货快,positive,发货快
TRAIN_911,PRODUCT_509177,图书音像,内容,内容一般,negative,内容一般
TRAIN_913,PRODUCT_166260,图书音像,质量,质量好,positive,质量好
TRAIN_915,PRODUCT_19198,图书音像,内容,内容一般,negative,内容一般
TRAIN_920,PRODUCT_467963,图书音像,价格,性价比高,positive,性价比高
TRAIN_928,PRODUCT_264831,美妆个护,味道,味道不错,positive,味道不错
TRAIN_937,PRODUCT_499045,图书音像,物流,发货快,positive,发货快
TRAIN_939,PRODUCT_473478,图书音像,正品,疑似假货,negative,疑似假货
TRAIN_944,PRODUCT_152453,图书音像,包装,包装好,positive,包装好
TRAIN_946,PRODUCT_366985,图书音像,物流,发货快,positive,发货快
TRAIN_947,PRODUCT_453888,手机/数码,价格,性价比高,positive,性价比高
TRAIN_948,PRODUCT_260776,母婴/玩具,正品,正品放心,positive,正品放心
TRAIN_948,PRODUCT_260776,母婴/玩具,推荐,会回购,positive,会回购
TRAIN_949,PRODUCT_10650,手机/数码,正品,正品放心,positive,正品放心
TRAIN_949,PRODUCT_10650,手机/数码,正品,疑似假货,negative,疑似假货
TRAIN_959,PRODUCT_330648,电脑/办公,正品,正品放心,positive,正品放心
TRAIN_965,PRODUCT_425525,家用电器,价格,性价比高,positive,性价比高
TRAIN_967,PRODUCT_62341,图书音像,质量,质量好,positive,质量好
TRAIN_967,PRODUCT_62341,图书音像,包装,包装好,positive,包装好
TRAIN_970,PRODUCT_26326,图书音像,正品,正品放心,positive,正品放心
TRAIN_970,PRODUCT_26326,图书音像,内容,内容不错,positive,内容不错
TRAIN_975,PRODUCT_123685,图书音像,包装,包装差,negative,包装差
TRAIN_979,PRODUCT_159719,图书音像,内容,内容一般,negative,内容一般
TRAIN_992,PRODUCT_222506,手机/数码,推荐,会回购,positive,会回购
TRAIN_996,PRODUCT_238537,图书音像,推荐,会回购,positive,会回购
TRAIN_1016,PRODUCT_384063,手机/数码,质量,质量差,negative,质量差
TRAIN_1034,PRODUCT_138892,家具/家装/建材,正品,正品放心,positive,正品放心
TRAIN_1035,PRODUCT_12972,图书音像,包装,包装好,positive,包装好
TRAIN_1035,PRODUCT_12972,图书音像,包装,包装差,negative,包装差
TRAIN_1039,PRODUCT_392958,食品/保健,味道,味道不错,positive,味道不错
TRAIN_1041,PRODUCT_265447,图书音像,质量,质量好,positive,质量好
TRAIN_1048,PRODUCT_151554,图书音像,质量,质量好,positive,质量好
TRAIN_1055,PRODUCT_234525,图书音像,物流,发货快,positive,发货快
TRAIN_1062,PRODUCT_143562,电脑/办公,推荐,会回购,positive,会回购
TRAIN_1064,PRODUCT_31481,图书音像,包装,包装差,negative,包装差
TRAIN_1064,PRODUCT_31481,图书音像,耐用,容易坏,negative,容易坏
TRAIN_1071,PRODUCT_283741,图书音像,包装,包装差,negative,包装差
TRAIN_1072,PRODUCT_211170,美妆个护,正品,正品放心,positive,正品放心
TRAIN_1073,PRODUCT_36943,图书音像,正品,疑似假货,negative,疑似假货
TRAIN_1074,PRODUCT_344964,图书音像,质量,质量好,positive,质量好
TRAIN_1082,PRODUCT_237835,图书音像,物流,发货快,positive,发货快
TRAIN_1092,PRODUCT_75197,电脑/办公,质量,质量好,positive,质量好
TRAIN_1092,PRODUCT_75197,电脑/办公,价格,性价比高,positive,性价比高
TRAIN_1097,PRODUCT_178399,图书音像,内容,内容不错,positive,内容不错
TRAIN_1106,PRODUCT_207068,图书音像,正品,正品放心,positive,正品放心
TRAIN_1118,PRODUCT_314022,图书音像,质量,质量好,positive,质量好
TRAIN_1119,PRODUCT_404393,图书音像,推荐,会回购,positive,会回购
TRAIN_1123,PRODUCT_378284,手机/数码,物流,发货快,positive,发货快
TRAIN_1123,PRODUCT_378284,手机/数码,正品,正品放心,positive,正品放心
TRAIN_1124,PRODUCT_499024,图书音像,质量,质量好,positive,质量好
TRAIN_1139,PRODUCT_450586,图书音像,内容,内容不错,positive,内容不错
TRAIN_1144,PRODUCT_218489,图书音像,内容,内容不错,positive,内容不错
TRAIN_1156,PRODUCT_2751,图书音像,正品,疑似假货,negative,疑似假货
TRAIN_1157,PRODUCT_95083,图书音像,质量,质量好,positive,质量好
TRAIN_1164,PRODUCT_134565,图书音像,包装,包装差,negative,包装差
TRAIN_1169,PRODUCT_218571,美妆个护,味道,味道不错,positive,味道不错
TRAIN_1173,PRODUCT_80196,电脑/办公,质量,质量好,positive,质量好
TRAIN_1176,PRODUCT_382788,美妆个护,质量,质量好,positive,质量好
TRAIN_1188,PRODUCT_112731,图书音像,包装,包装好,positive,包装好
TRAIN_1193,PRODUCT_72705,图书音像,价格,性价比高,positive,性价比高
TRAIN_1194,PRODUCT_186612,图书音像,物流,发货快,positive,发货快
TRAIN_1195,PRODUCT_136626,图书音像,质量,质量好,positive,质量好
TRAIN_1202,PRODUCT_228223,图书音像,推荐,会回购,positive,会回购
TRAIN_1203,PRODUCT_56368,图书音像,质量,质量好,positive,质量好
TRAIN_1206,PRODUCT_188071,家具/家装/建材,质量,质量好,positive,质量好
TRAIN_1206,PRODUCT_188071,家具/家装/建材,耐用,很耐用,positive,很耐用
TRAIN_1213,PRODUCT_489373,图书音像,内容,内容不错,positive,内容不错
TRAIN_1218,PRODUCT_98939,图书音像,包装,包装好,positive,包装好
TRAIN_1219,PRODUCT_407138,图书音像,正品,疑似假货,negative,疑似假货
TRAIN_1221,PRODUCT_434453,其他,质量,质量好,positive,质量好
TRAIN_1224,PRODUCT_153629,图书音像,质量,质量好,positive,质量好
TRAIN_1231,PRODUCT_50246,图书音像,内容,内容不错,positive,内容不错
TRAIN_1235,PRODUCT_208098,图书音像,质量,质量好,positive,质量好
TRAIN_1242,PRODUCT_481025,图书音像,包装,包装好,positive,包装好
TRAIN_1249,PRODUCT_448297,图书音像,正品,疑似假货,negative,疑似假货
TRAIN_1267,PRODUCT_445413,家用电器,耐用,容易坏,negative,容易坏
TRAIN_1270,PRODUCT_45118,图书音像,内容,内容不错,positive,内容不错
TRAIN_1272,PRODUCT_487447,图书音像,质量,质量好,positive,质量好
TRAIN_1281,PRODUCT_7523,图书音像,正品,正品放心,positive,正品放心
TRAIN_1282,PRODUCT_366701,家居生活,质量,质量好,positive,质量好
TRAIN_1285,PRODUCT_100244,图书音像,内容,内容不错,positive,内容不错
TRAIN_1297,PRODUCT_32431,其他,质量,质量好,positive,质量好
TRAIN_1297,PRODUCT_32431,其他,价格,性价比高,positive,性价比高
TRAIN_1299,PRODUCT_188553,家用电器,价格,价格贵,negative,价格贵
TRAIN_1303,PRODUCT_383545,图书音像,内容,内容不错,positive,内容不错
TRAIN_1304,PRODUCT_487106,图书音像,推荐,会回购,positive,会回购
TRAIN_1305,PRODUCT_245072,手机/数码,屏幕,屏幕差,negative,屏幕差
TRAIN_1310,PRODUCT_499064,图书音像,正品,正品放心,positive,正品放心
TRAIN_1310,PRODUCT_499064,图书音像,正品,疑似假货,negative,疑似假货
TRAIN_1317,PRODUCT_365676,图书音像,质量,质量好,positive,质量好
TRAIN_1320,PRODUCT_106983,图书音像,质量,质量好,positive,质量好
TRAIN_1321,PRODUCT_45083,家用电器,质量,质量好,positive,质量好
TRAIN_1321,PRODUCT_45083,家用电器,外观,外观好看,positive,外观好看
TRAIN_1323,PRODUCT_72399,美妆个护,味道,味道不错,positive,味道不错
TRAIN_1328,PRODUCT_80657,鞋类箱包,正品,正品放心,positive,正品放心
TRAIN_1329,PRODUCT_424533,图书音像,质量,质量好,positive,质量好
TRAIN_1330,PRODUCT_427528,图书音像,质量,质量好,positive,质量好
TRAIN_1337,PRODUCT_458543,电脑/办公,包装,包装差,negative,包装差
TRAIN_1346,PRODUCT_69232,图书音像,价格,性价比高,positive,性价比高
TRAIN_1352,PRODUCT_424194,电脑/办公,价格,性价比高,positive,性价比高
TRAIN_1354,PRODUCT_487905,家居生活,正品,正品放心,positive,正品放心
TRAIN_1356,PRODUCT_329322,手机/数码,正品,正品放心,positive,正品放心
TRAIN_1358,PRODUCT_342501,图书音像,质量,质量好,positive,质量好
TRAIN_1358,PRODUCT_342501,图书音像,正品,正品放心,positive,正品放心
TRAIN_1362,PRODUCT_147622,美妆个护,味道,味道不错,positive,味道不错
TRAIN_1364,PRODUCT_124428,家居生活,正品,正品放心,positive,正品放心
TRAIN_1370,PRODUCT_177794,图书音像,物流,发货快,positive,发货快
TRAIN_1371,PRODUCT_367157,手机/数码,正品,正品放心,positive,正品放心
TRAIN_1372,PRODUCT_281732,图书音像,物流,发货快,positive,发货快
TRAIN_1376,PRODUCT_476244,手机/数码,价格,性价比高,positive,性价比高
TRAIN_1377,PRODUCT_247884,图书音像,质量,质量好,positive,质量好
TRAIN_1377,PRODUCT_247884,图书音像,外观,外观一般,negative,外观一般
TRAIN_1377,PRODUCT_247884,图书音像,内容,内容不错,positive,内容不错
TRAIN_1378,PRODUCT_143960,图书音像,质量,质量好,positive,质量好
TRAIN_1379,PRODUCT_424731,图书音像,物流,发货快,positive,发货快
TRAIN_1386,PRODUCT_505981,图书音像,包装,包装差,negative,包装差
TRAIN_1388,PRODUCT_351368,图书音像,正品,疑似假货,negative,疑似假货
TRAIN_1390,PRODUCT_399559,图书音像,内容,内容不错,positive,内容不错
TRAIN_1392,PRODUCT_292485,图书音像,质量,质量差,negative,质量差
TRAIN_1396,PRODUCT_73923,图书音像,正品,正品放心,positive,正品放心
TRAIN_1400,PRODUCT_356492,图书音像,物流,发货快,positive,发货快
TRAIN_1402,PRODUCT_130960,美妆个护,味道,味道不错,positive,味道不错
TRAIN_1403,PRODUCT_61128,美妆个护,正品,正品放心,positive,正品放心
TRAIN_1405,PRODUCT_454240,图书音像,质量,质量好,positive,质量好
TRAIN_1409,PRODUCT_201162,图书音像,质量,质量好,positive,质量好
TRAIN_1409,PRODUCT_201162,图书音像,包装,包装好,positive,包装好
TRAIN_1411,PRODUCT_351250,钟表/首饰/眼镜/礼品,物流,发货快,positive,发货快
TRAIN_1411,PRODUCT_351250,钟表/首饰/眼镜/礼品,正品,正品放心,positive,正品放心
TRAIN_1415,PRODUCT_144019,家具/家装/建材,耐用,很耐用,positive,很耐用
TRAIN_1416,PRODUCT_312457,手机/数码,正品,正品放心,positive,正品放心
TRAIN_1435,PRODUCT_300076,食品/保健,耐用,很耐用,positive,很耐用
TRAIN_1438,PRODUCT_443975,美妆个护,正品,正品放心,positive,正品放心
TRAIN_1438,PRODUCT_443975,美妆个护,正品,疑似假货,negative,疑似假货
TRAIN_1451,PRODUCT_241371,家用电器,包装,包装好,positive,包装好
TRAIN_1454,PRODUCT_362829,图书音像,内容,内容不错,positive,内容不错
TRAIN_1457,PRODUCT_89690,图书音像,正品,正品放心,positive,正品放心
TRAIN_1462,PRODUCT_509924,图书音像,质量,质量好,positive,质量好
TRAIN_1469,PRODUCT_276384,图书音像,正品,正品放心,positive,正品放心
TRAIN_1482,PRODUCT_38627,图书音像,质量,质量好,positive,质量好
TRAIN_1483,PRODUCT_340885,家用电器,质量,质量好,positive,质量好
TRAIN_1491,PRODUCT_100921,图书音像,质量,质量好,positive,质量好
TRAIN_1496,PRODUCT_19003,图书音像,价格,价格贵,negative,价格贵
TRAIN_1496,PRODUCT_19003,图书音像,内容,内容一般,negative,内容一般
TRAIN_1511,PRODUCT_318614,图书音像,内容,内容不错,positive,内容不错
TRAIN_1515,PRODUCT_438670,图书音像,正品,疑似假货,negative,疑似假货
TRAIN_1516,PRODUCT_21240,家用电器,物流,发货快,positive,发货快
TRAIN_1522,PRODUCT_430735,美妆个护,正品,正品放心,positive,正品放心
TRAIN_1525,PRODUCT_48164,图书音像,质量,质量差,negative,质量差
TRAIN_1525,PRODUCT_48164,图书音像,正品,正品放心,positive,正品放心
TRAIN_1525,PRODUCT_48164,图书音像,正品,疑似假货,negative,疑似假货
TRAIN_1528,PRODUCT_318181,图书音像,质量,质量好,positive,质量好
TRAIN_1540,PRODUCT_41266,图书音像,正品,正品放心,positive,正品放心
TRAIN_1540,PRODUCT_41266,图书音像,内容,内容一般,negative,内容一般
TRAIN_1552,PRODUCT_45843,图书音像,内容,内容不错,positive,内容不错
TRAIN_1553,PRODUCT_177264,图书音像,质量,质量好,positive,质量好
TRAIN_1555,PRODUCT_305711,图书音像,价格,性价比高,positive,性价比高
TRAIN_1565,PRODUCT_374870,美妆个护,正品,正品放心,positive,正品放心
TRAIN_1566,PRODUCT_34313,电脑/办公,质量,质量差,negative,质量差
TRAIN_1567,PRODUCT_253385,美妆个护,正品,正品放心,positive,正品放心
TRAIN_1571,PRODUCT_189979,图书音像,正品,正品放心,positive,正品放心
TRAIN_1578,PRODUCT_73304,电脑/办公,价格,性价比高,positive,性价比高
TRAIN_1583,PRODUCT_183339,图书音像,质量,质量好,positive,质量好
TRAIN_1583,PRODUCT_183339,图书音像,物流,发货快,positive,发货快
TRAIN_1590,PRODUCT_492398,食品/保健,价格,性价比高,positive,性价比高
TRAIN_1593,PRODUCT_204547,手机/数码,价格,性价比高,positive,性价比高
TRAIN_1593,PRODUCT_204547,手机/数码,耐用,容易坏,negative,容易坏
TRAIN_1596,PRODUCT_176169,电脑/办公,推荐,会回购,positive,会回购
TRAIN_1604,PRODUCT_486998,图书音像,正品,正品放心,positive,正品放心
TRAIN_1620,PRODUCT_189182,家具/家装/建材,耐用,很耐用,positive,很耐用
TRAIN_1623,PRODUCT_172655,家用电器,价格,性价比高,positive,性价比高
TRAIN_1624,PRODUCT_421664,图书音像,内容,内容不错,positive,内容不错
TRAIN_1638,PRODUCT_480396,美妆个护,正品,正品放心,positive,正品放心
TRAIN_1641,PRODUCT_281656,图书音像,正品,正品放心,positive,正品放心
TRAIN_1645,PRODUCT_517065,图书音像,价格,性价比高,positive,性价比高
TRAIN_1651,PRODUCT_212293,钟表/首饰/眼镜/礼品,推荐,不推荐,negative,不推荐
TRAIN_1658,PRODUCT_187568,图书音像,包装,包装差,negative,包装差
TRAIN_1677,PRODUCT_509924,图书音像,质量,质量好,positive,质量好
TRAIN_1689,PRODUCT_438660,图书音像,质量,质量好,positive,质量好
TRAIN_1694,PRODUCT_102837,图书音像,内容,内容一般,negative,内容一般
TRAIN_1696,PRODUCT_83526,食品/保健,正品,正品放心,positive,正品放心
TRAIN_1701,PRODUCT_474898,美妆个护,味道,味道不错,positive,味道不错
TRAIN_1706,PRODUCT_477158,图书音像,推荐,会回购,positive,会回购
TRAIN_1709,PRODUCT_12127,图书音像,包装,包装好,positive,包装好
TRAIN_1712,PRODUCT_196946,图书音像,内容,内容不错,positive,内容不错
TRAIN_1714,PRODUCT_32431,其他,正品,正品放心,positive,正品放心
TRAIN_1717,PRODUCT_49329,手机/数码,包装,包装好,positive,包装好
TRAIN_1724,PRODUCT_482415,图书音像,正品,疑似假货,negative,疑似假货
TRAIN_1724,PRODUCT_482415,图书音像,推荐,不推荐,negative,不推荐
TRAIN_1731,PRODUCT_342021,图书音像,物流,发货快,positive,发货快
TRAIN_1737,PRODUCT_465620,图书音像,推荐,会回购,positive,会回购
TRAIN_1755,PRODUCT_143189,图书音像,包装,包装好,positive,包装好
TRAIN_1759,PRODUCT_342122,图书音像,内容,内容不错,positive,内容不错
TRAIN_1764,PRODUCT_18780,图书音像,价格,性价比高,positive,性价比高
TRAIN_1764,PRODUCT_18780,图书音像,正品,正品放心,positive,正品放心
TRAIN_1765,PRODUCT_109696,电脑/办公,质量,质量差,negative,质量差
TRAIN_1771,PRODUCT_502338,图书音像,质量,质量好,positive,质量好
TRAIN_1772,PRODUCT_49806,家用电器,正品,正品放心,positive,正品放心
TRAIN_1774,PRODUCT_358586,美妆个护,正品,疑似假货,negative,疑似假货
TRAIN_1776,PRODUCT_109143,手机/数码,价格,价格贵,negative,价格贵
TRAIN_1776,PRODUCT_109143,手机/数码,耐用,很耐用,positive,很耐用
TRAIN_1783,PRODUCT_30621,图书音像,质量,质量好,positive,质量好
TRAIN_1783,PRODUCT_30621,图书音像,正品,正品放心,positive,正品放心
TRAIN_1796,PRODUCT_411973,图书音像,正品,正品放心,positive,正品放心
TRAIN_1797,PRODUCT_142876,图书音像,内容,内容一般,negative,内容一般
TRAIN_1799,PRODUCT_31690,图书音像,质量,质量好,positive,质量好
TRAIN_1800,PRODUCT_457344,图书音像,正品,疑似假货,negative,疑似假货
TRAIN_1819,PRODUCT_499248,母婴/玩具,推荐,会回购,positive,会回购
TRAIN_1820,PRODUCT_61117,家用电器,耐用,容易坏,negative,容易坏
TRAIN_1822,PRODUCT_12127,图书音像,质量,质量好,positive,质量好
TRAIN_1825,PRODUCT_137622,电脑/办公,包装,包装好,positive,包装好
TRAIN_1827,PRODUCT_450792,美妆个护,正品,正品放心,positive,正品放心
TRAIN_1829,PRODUCT_37601,图书音像,质量,质量好,positive,质量好
TRAIN_1830,PRODUCT_213759,食品/保健,味道,味道不错,positive,味道不错
TRAIN_1840,PRODUCT_200192,美妆个护,推荐,不推荐,negative,不推荐
TRAIN_1840,PRODUCT_200192,美妆个护,味道,味道不错,positive,味道不错
TRAIN_1859,PRODUCT_403473,图书音像,内容,内容不错,positive,内容不错
TRAIN_1868,PRODUCT_2363,家具/家装/建材,质量,质量差,negative,质量差
TRAIN_1870,PRODUCT_520304,图书音像,物流,发货快,positive,发货快
TRAIN_1870,PRODUCT_520304,图书音像,价格,性价比高,positive,性价比高
TRAIN_1874,PRODUCT_248187,家居生活,质量,质量好,positive,质量好
TRAIN_1878,PRODUCT_396165,图书音像,正品,正品放心,positive,正品放心
TRAIN_1881,PRODUCT_483400,图书音像,质量,质量好,positive,质量好
TRAIN_1885,PRODUCT_249804,图书音像,包装,包装好,positive,包装好
TRAIN_1892,PRODUCT_476202,手机/数码,价格,性价比高,positive,性价比高
TRAIN_1897,PRODUCT_10667,图书音像,正品,正品放心,positive,正品放心
TRAIN_1897,PRODUCT_10667,图书音像,正品,疑似假货,negative,疑似假货
TRAIN_1902,PRODUCT_293930,图书音像,质量,质量好,positive,质量好
TRAIN_1902,PRODUCT_293930,图书音像,外观,外观一般,negative,外观一般
TRAIN_1906,PRODUCT_404457,图书音像,内容,内容不错,positive,内容不错
TRAIN_1918,PRODUCT_95788,美妆个护,物流,发货快,positive,发货快
TRAIN_1918,PRODUCT_95788,美妆个护,味道,味道不错,positive,味道不错
TRAIN_1919,PRODUCT_27035,电脑/办公,质量,质量好,positive,质量好
TRAIN_1919,PRODUCT_27035,电脑/办公,正品,正品放心,positive,正品放心
TRAIN_1919,PRODUCT_27035,电脑/办公,耐用,容易坏,negative,容易坏
TRAIN_1933,PRODUCT_201995,图书音像,质量,质量好,positive,质量好
TRAIN_1933,PRODUCT_201995,图书音像,物流,发货快,positive,发货快
TRAIN_1933,PRODUCT_201995,图书音像,正品,正品放心,positive,正品放心
TRAIN_1938,PRODUCT_155390,鞋类箱包,耐用,很耐用,positive,很耐用
TRAIN_1941,PRODUCT_222790,鞋类箱包,价格,价格贵,negative,价格贵
TRAIN_1953,PRODUCT_159381,家具/家装/建材,质量,质量好,positive,质量好
TRAIN_1998,PRODUCT_172671,家具/家装/建材,正品,正品放心,positive,正品放心
TRAIN_2000,PRODUCT_151014,图书音像,质量,质量好,positive,质量好
TRAIN_2003,PRODUCT_306063,家用电器,质量,质量好,positive,质量好
TRAIN_2009,PRODUCT_356700,钟表/首饰/眼镜/礼品,正品,正品放心,positive,正品放心
TRAIN_2010,PRODUCT_7268,图书音像,价格,性价比高,positive,性价比高
TRAIN_2021,PRODUCT_417272,图书音像,正品,正品放心,positive,正品放心
TRAIN_2031,PRODUCT_160430,美妆个护,价格,性价比高,positive,性价比高
TRAIN_2043,PRODUCT_241313,美妆个护,物流,发货快,positive,发货快
TRAIN_2043,PRODUCT_241313,美妆个护,正品,正品放心,positive,正品放心
TRAIN_2043,PRODUCT_241313,美妆个护,味道,味道不错,positive,味道不错
TRAIN_2047,PRODUCT_172768,图书音像,正品,正品放心,positive,正品放心
TRAIN_2053,PRODUCT_150847,图书音像,质量,质量好,positive,质量好
TRAIN_2055,PRODUCT_243902,图书音像,质量,质量差,negative,质量差
TRAIN_2055,PRODUCT_243902,图书音像,正品,正品放心,positive,正品放心
TRAIN_2055,PRODUCT_243902,图书音像,正品,疑似假货,negative,疑似假货
TRAIN_2067,PRODUCT_190379,家居生活,价格,价格贵,negative,价格贵
TRAIN_2067,PRODUCT_190379,家居生活,耐用,很耐用,positive,很耐用
TRAIN_2073,PRODUCT_249052,图书音像,正品,正品放心,positive,正品放心
TRAIN_2074,PRODUCT_59135,图书音像,推荐,会回购,positive,会回购
TRAIN_2075,PRODUCT_318052,母婴/玩具,价格,性价比高,positive,性价比高
TRAIN_2076,PRODUCT_219054,图书音像,物流,发货快,positive,发货快
TRAIN_2082,PRODUCT_482651,图书音像,耐用,很耐用,positive,很耐用
TRAIN_2085,PRODUCT_378987,图书音像,质量,质量好,positive,质量好
TRAIN_2108,PRODUCT_128521,图书音像,内容,内容不错,positive,内容不错
TRAIN_2113,PRODUCT_321754,图书音像,耐用,很耐用,positive,很耐用
TRAIN_2118,PRODUCT_176067,美妆个护,价格,性价比高,positive,性价比高
TRAIN_2122,PRODUCT_205134,图书音像,正品,正品放心,positive,正品放心
TRAIN_2124,PRODUCT_190476,图书音像,价格,价格贵,negative,价格贵
TRAIN_2128,PRODUCT_148837,图书音像,正品,正品放心,positive,正品放心
TRAIN_2139,PRODUCT_320994,图书音像,正品,正品放心,positive,正品放心
TRAIN_2144,PRODUCT_202005,运动户外,质量,质量好,positive,质量好
TRAIN_2145,PRODUCT_103207,家居生活,质量,质量好,positive,质量好
TRAIN_2150,PRODUCT_43932,图书音像,价格,性价比高,positive,性价比高
TRAIN_2152,PRODUCT_26074,电脑/办公,正品,正品放心,positive,正品放心
TRAIN_2156,PRODUCT_24772,手机/数码,正品,正品放心,positive,正品放心
TRAIN_2156,PRODUCT_24772,手机/数码,耐用,容易坏,negative,容易坏
TRAIN_2173,PRODUCT_284214,图书音像,质量,质量好,positive,质量好
TRAIN_2181,PRODUCT_470820,家用电器,质量,质量差,negative,质量差
TRAIN_2187,PRODUCT_310285,图书音像,包装,包装差,negative,包装差
TRAIN_2187,PRODUCT_310285,图书音像,正品,正品放心,positive,正品放心
TRAIN_2189,PRODUCT_19454,图书音像,质量,质量好,positive,质量好
TRAIN_2192,PRODUCT_412386,家用电器,物流,发货快,positive,发货快
TRAIN_2192,PRODUCT_412386,家用电器,正品,正品放心,positive,正品放心
TRAIN_2192,PRODUCT_412386,家用电器,正品,疑似假货,negative,疑似假货
TRAIN_2206,PRODUCT_132802,图书音像,质量,质量好,positive,质量好
TRAIN_2207,PRODUCT_400485,图书音像,内容,内容不错,positive,内容不错
TRAIN_2209,PRODUCT_80306,母婴/玩具,价格,性价比高,positive,性价比高
TRAIN_2212,PRODUCT_24783,图书音像,推荐,会回购,positive,会回购
TRAIN_2214,PRODUCT_463892,图书音像,推荐,会回购,positive,会回购
TRAIN_2217,PRODUCT_348205,图书音像,内容,内容不错,positive,内容不错
TRAIN_2219,PRODUCT_219477,电脑/办公,正品,正品放心,positive,正品放心
TRAIN_2225,PRODUCT_36679,图书音像,正品,疑似假货,negative,疑似假货
TRAIN_2234,PRODUCT_340885,家用电器,质量,质量好,positive,质量好
TRAIN_2238,PRODUCT_199490,图书音像,内容,内容不错,positive,内容不错
TRAIN_2253,PRODUCT_394991,图书音像,推荐,会回购,positive,会回购
TRAIN_2255,PRODUCT_44736,手机/数码,正品,正品放心,positive,正品放心
TRAIN_2259,PRODUCT_319454,图书音像,质量,质量好,positive,质量好
TRAIN_2260,PRODUCT_486112,图书音像,质量,质量好,positive,质量好
TRAIN_2260,PRODUCT_486112,图书音像,包装,包装好,positive,包装好
TRAIN_2266,PRODUCT_196550,图书音像,包装,包装好,positive,包装好
TRAIN_2289,PRODUCT_434618,图书音像,质量,质量好,positive,质量好
TRAIN_2297,PRODUCT_401850,家具/家装/建材,耐用,容易坏,negative,容易坏
TRAIN_2297,PRODUCT_401850,家具/家装/建材,推荐,会回购,positive,会回购
TRAIN_2300,PRODUCT_432666,图书音像,正品,正品放心,positive,正品放心
TRAIN_2307,PRODUCT_265452,图书音像,价格,性价比高,positive,性价比高
TRAIN_2315,PRODUCT_165448,图书音像,正品,正品放心,positive,正品放心
TRAIN_2315,PRODUCT_165448,图书音像,推荐,会回购,positive,会回购
TRAIN_2334,PRODUCT_49371,图书音像,推荐,会回购,positive,会回购
TRAIN_2337,PRODUCT_357965,图书音像,物流,发货快,positive,发货快
TRAIN_2338,PRODUCT_464890,电脑/办公,耐用,很耐用,positive,很耐用
TRAIN_2345,PRODUCT_497898,图书音像,质量,质量差,negative,质量差
TRAIN_2345,PRODUCT_497898,图书音像,包装,包装差,negative,包装差
TRAIN_2355,PRODUCT_419047,电脑/办公,正品,正品放心,positive,正品放心
TRAIN_2357,PRODUCT_94459,图书音像,推荐,会回购,positive,会回购
TRAIN_2360,PRODUCT_56589,图书音像,正品,正品放心,positive,正品放心
TRAIN_2363,PRODUCT_185136,图书音像,正品,疑似假货,negative,疑似假货
TRAIN_2363,PRODUCT_185136,图书音像,内容,内容一般,negative,内容一般
TRAIN_2365,PRODUCT_45674,图书音像,正品,正品放心,positive,正品放心
TRAIN_2375,PRODUCT_334503,图书音像,质量,质量好,positive,质量好
TRAIN_2375,PRODUCT_334503,图书音像,推荐,会回购,positive,会回购
TRAIN_2384,PRODUCT_236593,图书音像,质量,质量好,positive,质量好
TRAIN_2384,PRODUCT_236593,图书音像,正品,正品放心,positive,正品放心
TRAIN_2387,PRODUCT_458553,电脑/办公,包装,包装好,positive,包装好
TRAIN_2387,PRODUCT_458553,电脑/办公,正品,正品放心,positive,正品放心
TRAIN_2392,PRODUCT_337216,家用电器,质量,质量差,negative,质量差
TRAIN_2393,PRODUCT_498840,图书音像,价格,性价比高,positive,性价比高
TRAIN_2394,PRODUCT_331295,图书音像,正品,正品放心,positive,正品放心
TRAIN_2398,PRODUCT_504489,图书音像,物流,发货快,positive,发货快
TRAIN_2401,PRODUCT_349407,美妆个护,正品,疑似假货,negative,疑似假货
TRAIN_2407,PRODUCT_36848,电脑/办公,质量,质量好,positive,质量好
TRAIN_2407,PRODUCT_36848,电脑/办公,正品,正品放心,positive,正品放心
TRAIN_2408,PRODUCT_372191,手机/数码,质量,质量好,positive,质量好
TRAIN_2408,PRODUCT_372191,手机/数码,正品,正品放心,positive,正品放心
TRAIN_2411,PRODUCT_516976,图书音像,正品,正品放心,positive,正品放心
TRAIN_2412,PRODUCT_482236,图书音像,包装,包装差,negative,包装差
TRAIN_2412,PRODUCT_482236,图书音像,耐用,容易坏,negative,容易坏
TRAIN_2417,PRODUCT_461334,图书音像,价格,价格贵,negative,价格贵
TRAIN_2417,PRODUCT_461334,图书音像,正品,正品放心,positive,正品放心
TRAIN_2422,PRODUCT_219987,图书音像,正品,正品放心,positive,正品放心
TRAIN_2423,PRODUCT_61544,图书音像,正品,疑似假货,negative,疑似假货
TRAIN_2430,PRODUCT_429810,图书音像,物流,发货快,positive,发货快
TRAIN_2438,PRODUCT_456029,图书音像,推荐,会回购,positive,会回购
TRAIN_2439,PRODUCT_161586,图书音像,物流,发货快,positive,发货快
TRAIN_2439,PRODUCT_161586,图书音像,耐用,很耐用,positive,很耐用
TRAIN_2440,PRODUCT_167277,电脑/办公,质量,质量差,negative,质量差
TRAIN_2442,PRODUCT_337550,家具/家装/建材,质量,质量好,positive,质量好
TRAIN_2452,PRODUCT_348342,电脑/办公,质量,质量好,positive,质量好
TRAIN_2455,PRODUCT_158967,图书音像,物流,发货快,positive,发货快
TRAIN_2457,PRODUCT_411046,图书音像,物流,发货快,positive,发货快
TRAIN_2459,PRODUCT_498275,图书音像,正品,正品放心,positive,正品放心
TRAIN_2466,PRODUCT_352003,图书音像,正品,正品放心,positive,正品放心
TRAIN_2467,PRODUCT_481810,图书音像,耐用,容易坏,negative,容易坏
TRAIN_2468,PRODUCT_2652,图书音像,内容,内容一般,negative,内容一般
TRAIN_2470,PRODUCT_122871,图书音像,质量,质量好,positive,质量好
TRAIN_2470,PRODUCT_122871,图书音像,耐用,很耐用,positive,很耐用
TRAIN_2471,PRODUCT_307579,图书音像,价格,性价比高,positive,性价比高
TRAIN_2478,PRODUCT_212025,家居生活,质量,质量好,positive,质量好
TRAIN_2482,PRODUCT_236186,电脑/办公,推荐,不推荐,negative,不推荐
TRAIN_2497,PRODUCT_276099,图书音像,质量,质量差,negative,质量差
TRAIN_2498,PRODUCT_412585,美妆个护,正品,正品放心,positive,正品放心
TRAIN_2498,PRODUCT_412585,美妆个护,正品,疑似假货,negative,疑似假货
TRAIN_2499,PRODUCT_400404,家居生活,质量,质量好,positive,质量好
TRAIN_2500,PRODUCT_295023,图书音像,质量,质量差,negative,质量差
TRAIN_2500,PRODUCT_295023,图书音像,耐用,很耐用,positive,很耐用
TRAIN_2508,PRODUCT_462028,家用电器,物流,发货快,positive,发货快
TRAIN_2512,PRODUCT_426860,图书音像,正品,疑似假货,negative,疑似假货
TRAIN_2515,PRODUCT_515183,图书音像,质量,质量好,positive,质量好
TRAIN_2518,PRODUCT_76307,图书音像,质量,质量好,positive,质量好
TRAIN_2524,PRODUCT_394008,图书音像,质量,质量好,positive,质量好
TRAIN_2525,PRODUCT_283373,电脑/办公,正品,疑似假货,negative,疑似假货
TRAIN_2527,PRODUCT_298806,图书音像,质量,质量好,positive,质量好
TRAIN_2544,PRODUCT_73621,图书音像,质量,质量好,positive,质量好
TRAIN_2546,PRODUCT_101040,图书音像,价格,性价比高,positive,性价比高
TRAIN_2557,PRODUCT_206008,图书音像,正品,正品放心,positive,正品放心
TRAIN_2563,PRODUCT_10525,美妆个护,味道,味道不错,positive,味道不错
TRAIN_2564,PRODUCT_286316,图书音像,内容,内容不错,positive,内容不错
TRAIN_2569,PRODUCT_59257,图书音像,推荐,会回购,positive,会回购
TRAIN_2574,PRODUCT_509924,图书音像,物流,发货快,positive,发货快
TRAIN_2575,PRODUCT_221746,图书音像,质量,质量好,positive,质量好
TRAIN_2582,PRODUCT_170859,图书音像,内容,内容不错,positive,内容不错
TRAIN_2587,PRODUCT_494784,手机/数码,物流,发货快,positive,发货快
TRAIN_2596,PRODUCT_435601,图书音像,质量,质量好,positive,质量好
TRAIN_2596,PRODUCT_435601,图书音像,物流,发货快,positive,发货快
TRAIN_2607,PRODUCT_325251,家用电器,外观,外观好看,positive,外观好看
TRAIN_2607,PRODUCT_325251,家用电器,耐用,很耐用,positive,很耐用
TRAIN_2611,PRODUCT_451319,图书音像,物流,发货快,positive,发货快
TRAIN_2613,PRODUCT_119776,手机/数码,正品,正品放心,positive,正品放心
TRAIN_2615,PRODUCT_307611,鞋类箱包,耐用,很耐用,positive,很耐用
TRAIN_2619,PRODUCT_28673,电脑/办公,耐用,容易坏,negative,容易坏
TRAIN_2627,PRODUCT_113544,美妆个护,味道,味道不错,positive,味道不错
TRAIN_2629,PRODUCT_425556,图书音像,推荐,不推荐,negative,不推荐
TRAIN_2630,PRODUCT_409527,美妆个护,价格,性价比高,positive,性价比高
TRAIN_2632,PRODUCT_318575,美妆个护,正品,正品放心,positive,正品放心
TRAIN_2632,PRODUCT_318575,美妆个护,正品,疑似假货,negative,疑似假货
TRAIN_2635,PRODUCT_293534,图书音像,质量,质量差,negative,质量差
TRAIN_2639,PRODUCT_337317,手机/数码,物流,发货快,positive,发货快
TRAIN_2650,PRODUCT_385463,图书音像,质量,质量好,positive,质量好
TRAIN_2650,PRODUCT_385463,图书音像,推荐,不推荐,negative,不推荐
TRAIN_2653,PRODUCT_386663,图书音像,内容,内容不错,positive,内容不错
TRAIN_2656,PRODUCT_505218,图书音像,质量,质量好,positive,质量好
TRAIN_2661,PRODUCT_106427,图书音像,物流,发货快,positive,发货快
TRAIN_2661,PRODUCT_106427,图书音像,正品,正品放心,positive,正品放心
TRAIN_2669,PRODUCT_406747,电脑/办公,物流,发货快,positive,发货快
TRAIN_2670,PRODUCT_83523,食品/保健,味道,味道不错,positive,味道不错
TRAIN_2678,PRODUCT_241919,家具/家装/建材,物流,发货快,positive,发货快
TRAIN_2680,PRODUCT_436855,电脑/办公,正品,疑似假货,negative,疑似假货
TRAIN_2686,PRODUCT_431520,图书音像,质量,质量好,positive,质量好
TRAIN_2690,PRODUCT_392832,图书音像,质量,质量好,positive,质量好
TRAIN_2691,PRODUCT_446331,电脑/办公,正品,正品放心,positive,正品放心
TRAIN_2691,PRODUCT_446331,电脑/办公,正品,疑似假货,negative,疑似假货
TRAIN_2694,PRODUCT_147622,美妆个护,味道,味道不错,positive,味道不错
TRAIN_2699,PRODUCT_1226,图书音像,推荐,不推荐,negative,不推荐
TRAIN_2702,PRODUCT_420903,图书音像,正品,正品放心,positive,正品放心
TRAIN_2702,PRODUCT_420903,图书音像,内容,内容一般,negative,内容一般
TRAIN_2709,PRODUCT_503986,图书音像,质量,质量好,positive,质量好
TRAIN_2719,PRODUCT_235028,图书音像,正品,疑似假货,negative,疑似假货
TRAIN_2720,PRODUCT_410986,手机/数码,正品,正品放心,positive,正品放心
TRAIN_2723,PRODUCT_163882,图书音像,质量,质量好,positive,质量好
TRAIN_2730,PRODUCT_181374,图书音像,推荐,不推荐,negative,不推荐
TRAIN_2731,PRODUCT_136746,图书音像,质量,质量好,positive,质量好
TRAIN_2734,PRODUCT_137132,图书音像,内容,内容不错,positive,内容不错
TRAIN_2740,PRODUCT_243728,图书音像,正品,正品放心,positive,正品放心
TRAIN_2740,PRODUCT_243728,图书音像,正品,疑似假货,negative,疑似假货
TRAIN_2743,PRODUCT_406720,图书音像,物流,发货快,positive,发货快
TRAIN_2743,PRODUCT_406720,图书音像,包装,包装好,positive,包装好
TRAIN_2746,PRODUCT_113167,图书音像,包装,包装好,positive,包装好
TRAIN_2746,PRODUCT_113167,图书音像,正品,正品放心,positive,正品放心
TRAIN_2757,PRODUCT_148481,图书音像,质量,质量差,negative,质量差
TRAIN_2764,PRODUCT_86266,图书音像,质量,质量好,positive,质量好
TRAIN_2766,PRODUCT_71110,家居生活,正品,正品放心,positive,正品放心
TRAIN_2767,PRODUCT_452433,其他,质量,质量好,positive,质量好
TRAIN_2767,PRODUCT_452433,其他,正品,正品放心,positive,正品放心
TRAIN_2775,PRODUCT_452649,图书音像,内容,内容不错,positive,内容不错
TRAIN_2776,PRODUCT_231614,手机/数码,包装,包装好,positive,包装好
TRAIN_2776,PRODUCT_231614,手机/数码,屏幕,屏幕差,negative,屏幕差
TRAIN_2779,PRODUCT_213360,图书音像,内容,内容不错,positive,内容不错
TRAIN_2791,PRODUCT_123335,图书音像,质量,质量差,negative,质量差
TRAIN_2795,PRODUCT_82998,图书音像,物流,发货快,positive,发货快
TRAIN_2802,PRODUCT_504101,图书音像,物流,发货快,positive,发货快
TRAIN_2807,PRODUCT_184730,图书音像,外观,外观一般,negative,外观一般
TRAIN_2814,PRODUCT_288079,图书音像,正品,正品放心,positive,正品放心
TRAIN_2818,PRODUCT_244110,图书音像,正品,疑似假货,negative,疑似假货
TRAIN_2823,PRODUCT_241391,图书音像,价格,性价比高,positive,性价比高
TRAIN_2828,PRODUCT_162114,图书音像,正品,正品放心,positive,正品放心
TRAIN_2831,PRODUCT_450621,钟表/首饰/眼镜/礼品,正品,正品放心,positive,正品放心
TRAIN_2831,PRODUCT_450621,钟表/首饰/眼镜/礼品,耐用,容易坏,negative,容易坏
TRAIN_2833,PRODUCT_422935,家用电器,质量,质量好,positive,质量好
TRAIN_2833,PRODUCT_422935,家用电器,包装,包装好,positive,包装好
TRAIN_2833,PRODUCT_422935,家用电器,推荐,不推荐,negative,不推荐
TRAIN_2843,PRODUCT_386568,图书音像,质量,质量差,negative,质量差
TRAIN_2844,PRODUCT_219488,图书音像,质量,质量好,positive,质量好
TRAIN_2844,PRODUCT_219488,图书音像,正品,正品放心,positive,正品放心
TRAIN_2874,PRODUCT_153917,图书音像,质量,质量差,negative,质量差
TRAIN_2879,PRODUCT_524107,图书音像,价格,价格贵,negative,价格贵
TRAIN_2888,PRODUCT_128830,图书音像,质量,质量好,positive,质量好
TRAIN_2891,PRODUCT_435365,图书音像,推荐,会回购,positive,会回购
TRAIN_2892,PRODUCT_338091,家用电器,价格,性价比高,positive,性价比高
TRAIN_2894,PRODUCT_121390,手机/数码,质量,质量好,positive,质量好
TRAIN_2900,PRODUCT_219817,电脑/办公,正品,正品放心,positive,正品放心
TRAIN_2901,PRODUCT_395520,图书音像,正品,疑似假货,negative,疑似假货
TRAIN_2910,PRODUCT_318720,图书音像,内容,内容一般,negative,内容一般
TRAIN_2914,PRODUCT_165424,图书音像,正品,正品放心,positive,正品放心
TRAIN_2915,PRODUCT_125563,手机/数码,耐用,容易坏,negative,容易坏
TRAIN_2918,PRODUCT_241364,图书音像,质量,质量好,positive,质量好
TRAIN_2919,PRODUCT_184723,图书音像,价格,性价比高,positive,性价比高
TRAIN_2921,PRODUCT_471384,图书音像,内容,内容不错,positive,内容不错
TRAIN_2922,PRODUCT_219420,图书音像,质量,质量好,positive,质量好
TRAIN_2922,PRODUCT_219420,图书音像,内容,内容不错,positive,内容不错
TRAIN_2927,PRODUCT_71110,家居生活,质量,质量好,positive,质量好
TRAIN_2929,PRODUCT_429880,母婴/玩具,包装,包装好,positive,包装好
TRAIN_2929,PRODUCT_429880,母婴/玩具,正品,正品放心,positive,正品放心
TRAIN_2944,PRODUCT_447076,鞋类箱包,正品,正品放心,positive,正品放心
TRAIN_2953,PRODUCT_218644,美妆个护,价格,性价比高,positive,性价比高
TRAIN_2967,PRODUCT_207535,图书音像,正品,正品放心,positive,正品放心
TRAIN_2992,PRODUCT_258783,食品/保健,味道,味道不错,positive,味道不错
TRAIN_2996,PRODUCT_200073,家居生活,耐用,容易坏,negative,容易坏
TRAIN_2997,PRODUCT_237872,图书音像,内容,内容不错,positive,内容不错
TRAIN_3009,PRODUCT_301260,图书音像,价格,性价比高,positive,性价比高
TRAIN_3011,PRODUCT_53721,图书音像,正品,正品放心,positive,正品放心
TRAIN_3015,PRODUCT_362188,美妆个护,味道,味道不错,positive,味道不错
TRAIN_3016,PRODUCT_346185,图书音像,价格,性价比高,positive,性价比高
TRAIN_3016,PRODUCT_346185,图书音像,内容,内容一般,negative,内容一般
TRAIN_3020,PRODUCT_36848,电脑/办公,正品,正品放心,positive,正品放心
TRAIN_3022,PRODUCT_259197,图书音像,质量,质量好,positive,质量好
TRAIN_3023,PRODUCT_357586,图书音像,质量,质量好,positive,质量好
TRAIN_3043,PRODUCT_51770,图书音像,质量,质量差,negative,质量差
TRAIN_3048,PRODUCT_416303,图书音像,推荐,会回购,positive,会回购
TRAIN_3057,PRODUCT_506618,家具/家装/建材,包装,包装差,negative,包装差
TRAIN_3071,PRODUCT_36848,电脑/办公,正品,正品放心,positive,正品放心
TRAIN_3075,PRODUCT_508369,图书音像,正品,正品放心,positive,正品放心
TRAIN_3090,PRODUCT_220081,家具/家装/建材,正品,正品放心,positive,正品放心
TRAIN_3098,PRODUCT_464451,图书音像,包装,包装好,positive,包装好
TRAIN_3103,PRODUCT_21082,图书音像,质量,质量好,positive,质量好
TRAIN_3105,PRODUCT_111523,图书音像,正品,正品放心,positive,正品放心
TRAIN_3107,PRODUCT_336809,电脑/办公,质量,质量好,positive,质量好
TRAIN_3107,PRODUCT_336809,电脑/办公,价格,性价比高,positive,性价比高
TRAIN_3112,PRODUCT_445045,图书音像,价格,性价比高,positive,性价比高
TRAIN_3113,PRODUCT_429880,母婴/玩具,正品,正品放心,positive,正品放心
TRAIN_3116,PRODUCT_237237,图书音像,正品,正品放心,positive,正品放心
TRAIN_3122,PRODUCT_522328,图书音像,正品,疑似假货,negative,疑似假货
TRAIN_3130,PRODUCT_34210,图书音像,推荐,会回购,positive,会回购
TRAIN_3137,PRODUCT_68960,图书音像,推荐,会回购,positive,会回购
TRAIN_3143,PRODUCT_317932,电脑/办公,耐用,容易坏,negative,容易坏
TRAIN_3144,PRODUCT_377947,电脑/办公,正品,正品放心,positive,正品放心
TRAIN_3146,PRODUCT_523118,图书音像,质量,质量好,positive,质量好
TRAIN_3152,PRODUCT_267184,电脑/办公,物流,发货快,positive,发货快
TRAIN_3155,PRODUCT_413567,电脑/办公,耐用,容易坏,negative,容易坏
TRAIN_3160,PRODUCT_131512,图书音像,价格,性价比高,positive,性价比高
TRAIN_3162,PRODUCT_265954,图书音像,质量,质量好,positive,质量好
TRAIN_3164,PRODUCT_79704,手机/数码,正品,正品放心,positive,正品放心
TRAIN_3164,PRODUCT_79704,手机/数码,耐用,容易坏,negative,容易坏
TRAIN_3174,PRODUCT_90079,图书音像,物流,发货快,positive,发货快
TRAIN_3176,PRODUCT_195237,美妆个护,正品,疑似假货,negative,疑似假货
TRAIN_3176,PRODUCT_195237,美妆个护,味道,味道不错,positive,味道不错
TRAIN_3179,PRODUCT_311156,图书音像,物流,发货快,positive,发货快
TRAIN_3179,PRODUCT_311156,图书音像,正品,正品放心,positive,正品放心
TRAIN_3180,PRODUCT_479226,图书音像,质量,质量好,positive,质量好
TRAIN_3180,PRODUCT_479226,图书音像,物流,发货快,positive,发货快
TRAIN_3180,PRODUCT_479226,图书音像,正品,正品放心,positive,正品放心
TRAIN_3181,PRODUCT_7777,图书音像,质量,质量差,negative,质量差
TRAIN_3183,PRODUCT_123627,图书音像,内容,内容不错,positive,内容不错
TRAIN_3191,PRODUCT_396697,手机/数码,耐用,容易坏,negative,容易坏
TRAIN_3192,PRODUCT_335749,图书音像,质量,质量好,positive,质量好
TRAIN_3197,PRODUCT_341937,图书音像,外观,外观一般,negative,外观一般
TRAIN_3202,PRODUCT_432435,图书音像,包装,包装差,negative,包装差
TRAIN_3217,PRODUCT_441006,图书音像,正品,疑似假货,negative,疑似假货
TRAIN_3220,PRODUCT_406174,手机/数码,质量,质量好,positive,质量好
TRAIN_3230,PRODUCT_266990,图书音像,包装,包装差,negative,包装差
TRAIN_3240,PRODUCT_361854,图书音像,包装,包装好,positive,包装好
TRAIN_3265,PRODUCT_443341,图书音像,内容,内容不错,positive,内容不错
TRAIN_3267,PRODUCT_522457,图书音像,内容,内容不错,positive,内容不错
TRAIN_3271,PRODUCT_298715,图书音像,质量,质量好,positive,质量好
TRAIN_3271,PRODUCT_298715,图书音像,价格,性价比高,positive,性价比高
TRAIN_3288,PRODUCT_200192,美妆个护,味道,味道不错,positive,味道不错
TRAIN_3298,PRODUCT_110719,手机/数码,质量,质量差,negative,质量差
TRAIN_3298,PRODUCT_110719,手机/数码,正品,疑似假货,negative,疑似假货
TRAIN_3300,PRODUCT_88896,图书音像,推荐,会回购,positive,会回购
TRAIN_3301,PRODUCT_213360,图书音像,正品,正品放心,positive,正品放心
TRAIN_3304,PRODUCT_9669,图书音像,质量,质量好,positive,质量好
TRAIN_3305,PRODUCT_84083,图书音像,内容,内容不错,positive,内容不错
TRAIN_3306,PRODUCT_130689,家用电器,质量,质量好,positive,质量好
TRAIN_3306,PRODUCT_130689,家用电器,正品,正品放心,positive,正品放心
TRAIN_3319,PRODUCT_13920,图书音像,正品,正品放心,positive,正品放心
TRAIN_3320,PRODUCT_393755,图书音像,物流,发货快,positive,发货快
TRAIN_3324,PRODUCT_124947,电脑/办公,质量,质量好,positive,质量好
TRAIN_3327,PRODUCT_381606,图书音像,质量,质量差,negative,质量差
TRAIN_3335,PRODUCT_137450,图书音像,耐用,容易坏,negative,容易坏
TRAIN_3336,PRODUCT_121755,母婴/玩具,质量,质量好,positive,质量好
TRAIN_3339,PRODUCT_405399,图书音像,正品,正品放心,positive,正品放心
TRAIN_3342,PRODUCT_121151,图书音像,价格,性价比高,positive,性价比高
TRAIN_3347,PRODUCT_298256,家居生活,外观,外观一般,negative,外观一般
TRAIN_3351,PRODUCT_445317,图书音像,价格,性价比高,positive,性价比高
TRAIN_3354,PRODUCT_345706,图书音像,价格,性价比高,positive,性价比高
TRAIN_3387,PRODUCT_506514,电脑/办公,质量,质量差,negative,质量差
TRAIN_3392,PRODUCT_290390,母婴/玩具,物流,发货快,positive,发货快
TRAIN_3392,PRODUCT_290390,母婴/玩具,正品,正品放心,positive,正品放心
TRAIN_3402,PRODUCT_410576,图书音像,正品,正品放心,positive,正品放心
TRAIN_3410,PRODUCT_168010,电脑/办公,包装,包装好,positive,包装好
TRAIN_3411,PRODUCT_503521,家用电器,物流,发货快,positive,发货快
TRAIN_3414,PRODUCT_58064,图书音像,正品,正品放心,positive,正品放心
TRAIN_3421,PRODUCT_361254,图书音像,质量,质量好,positive,质量好
TRAIN_3421,PRODUCT_361254,图书音像,内容,内容不错,positive,内容不错
TRAIN_3424,PRODUCT_378317,图书音像,质量,质量好,positive,质量好
TRAIN_3425,PRODUCT_195118,图书音像,正品,正品放心,positive,正品放心
TRAIN_3437,PRODUCT_454759,手机/数码,价格,性价比高,positive,性价比高
TRAIN_3438,PRODUCT_448247,图书音像,推荐,会回购,positive,会回购
TRAIN_3454,PRODUCT_168682,手机/数码,正品,正品放心,positive,正品放心
TRAIN_3480,PRODUCT_391425,图书音像,质量,质量好,positive,质量好
TRAIN_3486,PRODUCT_155390,鞋类箱包,价格,性价比高,positive,性价比高
TRAIN_3502,PRODUCT_440984,电脑/办公,正品,正品放心,positive,正品放心
TRAIN_3503,PRODUCT_289313,图书音像,正品,正品放心,positive,正品放心
TRAIN_3507,PRODUCT_304800,图书音像,质量,质量差,negative,质量差
TRAIN_3517,PRODUCT_31549,图书音像,物流,发货快,positive,发货快
TRAIN_3517,PRODUCT_31549,图书音像,正品,正品放心,positive,正品放心
TRAIN_3523,PRODUCT_304595,图书音像,正品,疑似假货,negative,疑似假货
TRAIN_3524,PRODUCT_381842,图书音像,物流,发货快,positive,发货快
TRAIN_3524,PRODUCT_381842,图书音像,包装,包装好,positive,包装好
TRAIN_3546,PRODUCT_262103,手机/数码,质量,质量好,positive,质量好
TRAIN_3555,PRODUCT_250416,图书音像,质量,质量好,positive,质量好
TRAIN_3574,PRODUCT_440800,家居生活,质量,质量好,positive,质量好
TRAIN_3585,PRODUCT_32431,其他,正品,正品放心,positive,正品放心
TRAIN_3589,PRODUCT_353380,图书音像,内容,内容不错,positive,内容不错
TRAIN_3597,PRODUCT_129370,美妆个护,价格,性价比高,positive,性价比高
TRAIN_3599,PRODUCT_335445,图书音像,正品,正品放心,positive,正品放心
TRAIN_3599,PRODUCT_335445,图书音像,内容,内容不错,positive,内容不错
TRAIN_3604,PRODUCT_170102,图书音像,物流,发货快,positive,发货快
TRAIN_3616,PRODUCT_233785,电脑/办公,包装,包装差,negative,包装差
TRAIN_3618,PRODUCT_275175,图书音像,耐用,容易坏,negative,容易坏
TRAIN_3619,PRODUCT_300318,图书音像,价格,性价比高,positive,性价比高
TRAIN_3629,PRODUCT_439815,电脑/办公,包装,包装差,negative,包装差
TRAIN_3630,PRODUCT_154941,运动户外,耐用,很耐用,positive,很耐用
TRAIN_3632,PRODUCT_85887,电脑/办公,耐用,很耐用,positive,很耐用
TRAIN_3636,PRODUCT_154417,图书音像,质量,质量好,positive,质量好
TRAIN_3640,PRODUCT_205424,图书音像,物流,物流慢,negative,物流慢
TRAIN_3642,PRODUCT_384496,家用电器,价格,价格贵,negative,价格贵
TRAIN_3644,PRODUCT_142577,图书音像,包装,包装差,negative,包装差
TRAIN_3661,PRODUCT_106149,图书音像,质量,质量差,negative,质量差
TRAIN_3665,PRODUCT_227001,图书音像,正品,正品放心,positive,正品放心
TRAIN_3666,PRODUCT_391731,图书音像,价格,价格贵,negative,价格贵
TRAIN_3671,PRODUCT_389911,电脑/办公,正品,正品放心,positive,正品放心
TRAIN_3679,PRODUCT_79248,服饰服装,正品,正品放心,positive,正品放心
TRAIN_3680,PRODUCT_441018,图书音像,质量,质量好,positive,质量好
TRAIN_3685,PRODUCT_191540,图书音像,推荐,会回购,positive,会回购
TRAIN_3686,PRODUCT_144421,图书音像,质量,质量好,positive,质量好
TRAIN_3691,PRODUCT_142501,美妆个护,正品,正品放心,positive,正品放心
TRAIN_3705,PRODUCT_333050,图书音像,包装,包装好,positive,包装好
TRAIN_3707,PRODUCT_502357,图书音像,正品,正品放心,positive,正品放心
TRAIN_3708,PRODUCT_231595,图书音像,价格,价格贵,negative,价格贵
TRAIN_3713,PRODUCT_163284,图书音像,内容,内容不错,positive,内容不错
TRAIN_3716,PRODUCT_249058,图书音像,正品,正品放心,positive,正品放心
TRAIN_3719,PRODUCT_47987,图书音像,价格,价格贵,negative,价格贵
TRAIN_3719,PRODUCT_47987,图书音像,正品,正品放心,positive,正品放心
TRAIN_3720,PRODUCT_70861,图书音像,外观,外观一般,negative,外观一般
TRAIN_3726,PRODUCT_159702,美妆个护,味道,味道不错,positive,味道不错
TRAIN_3731,PRODUCT_502338,图书音像,质量,质量好,positive,质量好
TRAIN_3736,PRODUCT_86209,图书音像,价格,性价比高,positive,性价比高
TRAIN_3737,PRODUCT_103536,电脑/办公,物流,发货快,positive,发货快
TRAIN_3740,PRODUCT_33147,图书音像,正品,疑似假货,negative,疑似假货
TRAIN_3753,PRODUCT_357544,图书音像,价格,性价比高,positive,性价比高
TRAIN_3767,PRODUCT_314608,手机/数码,物流,发货快,positive,发货快
TRAIN_3767,PRODUCT_314608,手机/数码,正品,正品放心,positive,正品放心
TRAIN_3778,PRODUCT_363777,图书音像,质量,质量好,positive,质量好
TRAIN_3784,PRODUCT_36768,美妆个护,质量,质量好,positive,质量好
TRAIN_3784,PRODUCT_36768,美妆个护,正品,正品放心,positive,正品放心
TRAIN_3785,PRODUCT_295547,图书音像,质量,质量好,positive,质量好
TRAIN_3790,PRODUCT_497049,图书音像,质量,质量好,positive,质量好
TRAIN_3793,PRODUCT_399267,图书音像,质量,质量差,negative,质量差
TRAIN_3799,PRODUCT_110205,电脑/办公,屏幕,屏幕差,negative,屏幕差
TRAIN_3806,PRODUCT_48786,图书音像,物流,发货快,positive,发货快
TRAIN_3830,PRODUCT_88358,电脑/办公,价格,性价比高,positive,性价比高
TRAIN_3836,PRODUCT_435763,电脑/办公,耐用,容易坏,negative,容易坏
TRAIN_3848,PRODUCT_519699,图书音像,价格,性价比高,positive,性价比高
TRAIN_3860,PRODUCT_188168,图书音像,质量,质量好,positive,质量好
TRAIN_3860,PRODUCT_188168,图书音像,物流,发货快,positive,发货快
TRAIN_3867,PRODUCT_145755,手机/数码,质量,质量好,positive,质量好
TRAIN_3886,PRODUCT_342401,图书音像,质量,质量好,positive,质量好
TRAIN_3891,PRODUCT_266804,钟表/首饰/眼镜/礼品,正品,正品放心,positive,正品放心
TRAIN_3895,PRODUCT_236426,美妆个护,价格,价格贵,negative,价格贵
TRAIN_3903,PRODUCT_499024,图书音像,正品,疑似假货,negative,疑似假货
TRAIN_3903,PRODUCT_499024,图书音像,推荐,不推荐,negative,不推荐
TRAIN_3905,PRODUCT_386924,电脑/办公,价格,价格贵,negative,价格贵
TRAIN_3906,PRODUCT_27697,手机/数码,质量,质量差,negative,质量差
TRAIN_3918,PRODUCT_398829,图书音像,质量,质量好,positive,质量好
TRAIN_3922,PRODUCT_288576,图书音像,质量,质量好,positive,质量好
TRAIN_3922,PRODUCT_288576,图书音像,物流,发货快,positive,发货快
TRAIN_3922,PRODUCT_288576,图书音像,正品,正品放心,positive,正品放心
TRAIN_3925,PRODUCT_312117,图书音像,质量,质量好,positive,质量好
TRAIN_3928,PRODUCT_277329,图书音像,质量,质量好,positive,质量好
TRAIN_3928,PRODUCT_277329,图书音像,物流,发货快,positive,发货快
TRAIN_3936,PRODUCT_489373,图书音像,包装,包装差,negative,包装差
TRAIN_3936,PRODUCT_489373,图书音像,内容,内容不错,positive,内容不错
TRAIN_3958,PRODUCT_144235,电脑/办公,价格,性价比高,positive,性价比高
TRAIN_3961,PRODUCT_345244,图书音像,正品,正品放心,positive,正品放心
TRAIN_3965,PRODUCT_295769,母婴/玩具,正品,正品放心,positive,正品放心
TRAIN_3969,PRODUCT_367058,图书音像,外观,外观一般,negative,外观一般
TRAIN_3969,PRODUCT_367058,图书音像,推荐,不推荐,negative,不推荐
TRAIN_3970,PRODUCT_69068,手机/数码,价格,价格贵,negative,价格贵
TRAIN_3980,PRODUCT_386946,家用电器,耐用,很耐用,positive,很耐用
TRAIN_3984,PRODUCT_329642,图书音像,正品,正品放心,positive,正品放心
TRAIN_3985,PRODUCT_39462,手机/数码,物流,发货快,positive,发货快
TRAIN_3988,PRODUCT_317084,电脑/办公,质量,质量好,positive,质量好
TRAIN_3996,PRODUCT_319079,电脑/办公,正品,正品放心,positive,正品放心
TRAIN_3999,PRODUCT_364449,食品/保健,味道,味道不错,positive,味道不错
TRAIN_4000,PRODUCT_25009,家具/家装/建材,正品,正品放心,positive,正品放心
TRAIN_4000,PRODUCT_25009,家具/家装/建材,耐用,很耐用,positive,很耐用
TRAIN_4001,PRODUCT_59668,图书音像,耐用,容易坏,negative,容易坏
TRAIN_4001,PRODUCT_59668,图书音像,内容,内容不错,positive,内容不错
TRAIN_4015,PRODUCT_24697,母婴/玩具,质量,质量好,positive,质量好
TRAIN_4015,PRODUCT_24697,母婴/玩具,价格,性价比高,positive,性价比高
TRAIN_4018,PRODUCT_234262,图书音像,正品,正品放心,positive,正品放心
TRAIN_4026,PRODUCT_412378,图书音像,物流,发货快,positive,发货快
TRAIN_4034,PRODUCT_143473,手机/数码,价格,性价比高,positive,性价比高
TRAIN_4037,PRODUCT_500196,图书音像,质量,质量好,positive,质量好
TRAIN_4051,PRODUCT_316561,钟表/首饰/眼镜/礼品,正品,疑似假货,negative,疑似假货
TRAIN_4060,PRODUCT_93793,图书音像,正品,正品放心,positive,正品放心
TRAIN_4097,PRODUCT_330575,手机/数码,质量,质量好,positive,质量好
TRAIN_4098,PRODUCT_486041,图书音像,正品,正品放心,positive,正品放心
TRAIN_4099,PRODUCT_204803,图书音像,质量,质量好,positive,质量好
TRAIN_4119,PRODUCT_511083,图书音像,正品,疑似假货,negative,疑似假货
TRAIN_4129,PRODUCT_17097,图书音像,质量,质量好,positive,质量好
TRAIN_4129,PRODUCT_17097,图书音像,包装,包装好,positive,包装好
TRAIN_4130,PRODUCT_59880,图书音像,推荐,会回购,positive,会回购
TRAIN_4136,PRODUCT_318287,图书音像,正品,正品放心,positive,正品放心
TRAIN_4138,PRODUCT_105473,图书音像,内容,内容不错,positive,内容不错
TRAIN_4139,PRODUCT_129618,图书音像,质量,质量好,positive,质量好
TRAIN_4149,PRODUCT_309156,家用电器,正品,正品放心,positive,正品放心
TRAIN_4153,PRODUCT_364435,图书音像,内容,内容不错,positive,内容不错
TRAIN_4159,PRODUCT_456688,图书音像,质量,质量好,positive,质量好
TRAIN_4166,PRODUCT_171952,电脑/办公,包装,包装好,positive,包装好
TRAIN_4167,PRODUCT_441014,电脑/办公,正品,正品放心,positive,正品放心
TRAIN_4168,PRODUCT_49220,电脑/办公,耐用,很耐用,positive,很耐用
TRAIN_4169,PRODUCT_83339,图书音像,价格,性价比高,positive,性价比高
TRAIN_4177,PRODUCT_170735,图书音像,推荐,不推荐,negative,不推荐
TRAIN_4180,PRODUCT_49262,图书音像,质量,质量好,positive,质量好
TRAIN_4184,PRODUCT_129348,美妆个护,味道,味道不错,positive,味道不错
TRAIN_4192,PRODUCT_331513,家具/家装/建材,物流,发货快,positive,发货快
TRAIN_4196,PRODUCT_199775,图书音像,价格,价格贵,negative,价格贵
TRAIN_4207,PRODUCT_122906,图书音像,质量,质量好,positive,质量好
TRAIN_4218,PRODUCT_25112,图书音像,质量,质量好,positive,质量好
TRAIN_4222,PRODUCT_18810,图书音像,正品,正品放心,positive,正品放心
TRAIN_4226,PRODUCT_487966,图书音像,包装,包装差,negative,包装差
TRAIN_4227,PRODUCT_123744,图书音像,内容,内容不错,positive,内容不错
TRAIN_4232,PRODUCT_334955,图书音像,质量,质量差,negative,质量差
TRAIN_4233,PRODUCT_72672,图书音像,质量,质量好,positive,质量好
TRAIN_4248,PRODUCT_114636,电脑/办公,正品,正品放心,positive,正品放心
TRAIN_4257,PRODUCT_366762,电脑/办公,耐用,很耐用,positive,很耐用
TRAIN_4260,PRODUCT_497663,图书音像,正品,正品放心,positive,正品放心
TRAIN_4263,PRODUCT_440984,电脑/办公,正品,正品放心,positive,正品放心
TRAIN_4272,PRODUCT_327421,图书音像,耐用,容易坏,negative,容易坏
TRAIN_4276,PRODUCT_352390,图书音像,价格,性价比高,positive,性价比高
TRAIN_4284,PRODUCT_399532,美妆个护,味道,味道不错,positive,味道不错
TRAIN_4287,PRODUCT_156080,电脑/办公,质量,质量好,positive,质量好
TRAIN_4289,PRODUCT_394001,电脑/办公,续航,续航差,negative,续航差
TRAIN_4293,PRODUCT_215642,手机/数码,耐用,容易坏,negative,容易坏
TRAIN_4300,PRODUCT_136910,图书音像,价格,价格贵,negative,价格贵
TRAIN_4301,PRODUCT_220086,电脑/办公,质量,质量差,negative,质量差
TRAIN_4305,PRODUCT_260581,图书音像,推荐,不推荐,negative,不推荐
TRAIN_4312,PRODUCT_252175,图书音像,价格,性价比高,positive,性价比高
TRAIN_4322,PRODUCT_271904,图书音像,质量,质量好,positive,质量好
TRAIN_4322,PRODUCT_271904,图书音像,物流,发货快,positive,发货快
TRAIN_4326,PRODUCT_376803,电脑/办公,耐用,很耐用,positive,很耐用
TRAIN_4326,PRODUCT_376803,电脑/办公,耐用,容易坏,negative,容易坏
TRAIN_4327,PRODUCT_212189,家居生活,推荐,不推荐,negative,不推荐
TRAIN_4332,PRODUCT_6117,图书音像,耐用,容易坏,negative,容易坏
TRAIN_4334,PRODUCT_144384,图书音像,质量,质量好,positive,质量好
TRAIN_4337,PRODUCT_354789,图书音像,包装,包装差,negative,包装差
TRAIN_4342,PRODUCT_476382,手机/数码,价格,性价比高,positive,性价比高
TRAIN_4348,PRODUCT_473750,图书音像,外观,外观一般,negative,外观一般
TRAIN_4348,PRODUCT_473750,图书音像,内容,内容不错,positive,内容不错
TRAIN_4349,PRODUCT_208317,家具/家装/建材,质量,质量好,positive,质量好
TRAIN_4349,PRODUCT_208317,家具/家装/建材,价格,性价比高,positive,性价比高
TRAIN_4349,PRODUCT_208317,家具/家装/建材,耐用,很耐用,positive,很耐用
TRAIN_4351,PRODUCT_272307,图书音像,质量,质量好,positive,质量好
TRAIN_4351,PRODUCT_272307,图书音像,物流,发货快,positive,发货快
TRAIN_4351,PRODUCT_272307,图书音像,正品,正品放心,positive,正品放心
TRAIN_4352,PRODUCT_48170,图书音像,外观,外观一般,negative,外观一般
TRAIN_4355,PRODUCT_265838,图书音像,推荐,会回购,positive,会回购
TRAIN_4356,PRODUCT_311412,其他,质量,质量好,positive,质量好
TRAIN_4361,PRODUCT_185885,手机/数码,质量,质量好,positive,质量好
TRAIN_4361,PRODUCT_185885,手机/数码,耐用,很耐用,positive,很耐用
TRAIN_4361,PRODUCT_185885,手机/数码,续航,续航久,positive,续航久
TRAIN_4364,PRODUCT_432727,图书音像,内容,内容不错,positive,内容不错
TRAIN_4370,PRODUCT_253385,美妆个护,味道,味道不错,positive,味道不错
TRAIN_4372,PRODUCT_216075,图书音像,价格,性价比高,positive,性价比高
TRAIN_4378,PRODUCT_480500,图书音像,内容,内容不错,positive,内容不错
TRAIN_4387,PRODUCT_195331,电脑/办公,正品,正品放心,positive,正品放心
TRAIN_4390,PRODUCT_384608,电脑/办公,价格,性价比高,positive,性价比高
TRAIN_4400,PRODUCT_390144,家具/家装/建材,质量,质量好,positive,质量好
TRAIN_4418,PRODUCT_381988,家用电器,质量,质量好,positive,质量好
TRAIN_4422,PRODUCT_407428,电脑/办公,正品,疑似假货,negative,疑似假货
TRAIN_4427,PRODUCT_353579,图书音像,正品,正品放心,positive,正品放心
TRAIN_4429,PRODUCT_340376,图书音像,正品,正品放心,positive,正品放心
TRAIN_4433,PRODUCT_213583,电脑/办公,物流,发货快,positive,发货快
TRAIN_4442,PRODUCT_411138,钟表/首饰/眼镜/礼品,正品,正品放心,positive,正品放心
TRAIN_4443,PRODUCT_91952,图书音像,质量,质量好,positive,质量好
TRAIN_4452,PRODUCT_170968,图书音像,正品,正品放心,positive,正品放心
TRAIN_4455,PRODUCT_459553,手机/数码,物流,发货快,positive,发货快
TRAIN_4455,PRODUCT_459553,手机/数码,正品,正品放心,positive,正品放心
TRAIN_4476,PRODUCT_320465,图书音像,推荐,会回购,positive,会回购
TRAIN_4478,PRODUCT_194687,图书音像,质量,质量好,positive,质量好
TRAIN_4479,PRODUCT_510179,美妆个护,质量,质量好,positive,质量好
TRAIN_4479,PRODUCT_510179,美妆个护,味道,味道不错,positive,味道不错
TRAIN_4486,PRODUCT_156270,电脑/办公,正品,正品放心,positive,正品放心
TRAIN_4486,PRODUCT_156270,电脑/办公,正品,疑似假货,negative,疑似假货
TRAIN_4487,PRODUCT_495673,图书音像,正品,正品放心,positive,正品放心
TRAIN_4492,PRODUCT_445777,图书音像,质量,质量好,positive,质量好
TRAIN_4492,PRODUCT_445777,图书音像,正品,正品放心,positive,正品放心
TRAIN_4503,PRODUCT_522858,家居生活,价格,性价比高,positive,性价比高
TRAIN_4504,PRODUCT_503225,图书音像,质量,质量差,negative,质量差
TRAIN_4507,PRODUCT_398063,图书音像,质量,质量好,positive,质量好
TRAIN_4513,PRODUCT_214178,图书音像,内容,内容不错,positive,内容不错
TRAIN_4516,PRODUCT_119997,图书音像,质量,质量好,positive,质量好
TRAIN_4517,PRODUCT_417229,图书音像,质量,质量好,positive,质量好
TRAIN_4520,PRODUCT_2054,图书音像,质量,质量好,positive,质量好
TRAIN_4526,PRODUCT_514873,图书音像,正品,正品放心,positive,正品放心
TRAIN_4530,PRODUCT_499477,图书音像,内容,内容一般,negative,内容一般
TRAIN_4533,PRODUCT_140336,电脑/办公,正品,正品放心,positive,正品放心
TRAIN_4536,PRODUCT_219009,图书音像,价格,性价比高,positive,性价比高
TRAIN_4538,PRODUCT_94318,图书音像,正品,正品放心,positive,正品放心
TRAIN_4548,PRODUCT_147102,图书音像,质量,质量好,positive,质量好
TRAIN_4568,PRODUCT_473920,图书音像,价格,性价比高,positive,性价比高
TRAIN_4596,PRODUCT_473989,图书音像,正品,正品放心,positive,正品放心
TRAIN_4599,PRODUCT_180298,服饰服装,价格,性价比高,positive,性价比高
TRAIN_4599,PRODUCT_180298,服饰服装,正品,正品放心,positive,正品放心
TRAIN_4599,PRODUCT_180298,服饰服装,尺码,尺码合适,positive,尺码合适
TRAIN_4609,PRODUCT_301198,图书音像,质量,质量好,positive,质量好
TRAIN_4618,PRODUCT_114464,图书音像,推荐,不推荐,negative,不推荐
TRAIN_4636,PRODUCT_225714,图书音像,质量,质量好,positive,质量好
TRAIN_4653,PRODUCT_59443,图书音像,正品,疑似假货,negative,疑似假货
TRAIN_4663,PRODUCT_138892,家具/家装/建材,质量,质量好,positive,质量好
TRAIN_4666,PRODUCT_392417,图书音像,价格,性价比高,positive,性价比高
TRAIN_4676,PRODUCT_325958,家居生活,质量,质量好,positive,质量好
TRAIN_4677,PRODUCT_329171,图书音像,价格,性价比高,positive,性价比高
TRAIN_4681,PRODUCT_214192,电脑/办公,正品,正品放心,positive,正品放心
TRAIN_4684,PRODUCT_72588,图书音像,正品,正品放心,positive,正品放心
TRAIN_4692,PRODUCT_466099,手机/数码,价格,价格贵,negative,价格贵
TRAIN_4699,PRODUCT_181865,图书音像,质量,质量好,positive,质量好
TRAIN_4709,PRODUCT_399853,美妆个护,正品,疑似假货,negative,疑似假货
TRAIN_4725,PRODUCT_45023,家用电器,质量,质量好,positive,质量好
TRAIN_4726,PRODUCT_209397,图书音像,正品,正品放心,positive,正品放心
TRAIN_4727,PRODUCT_163971,图书音像,正品,正品放心,positive,正品放心
TRAIN_4727,PRODUCT_163971,图书音像,正品,疑似假货,negative,疑似假货
TRAIN_4732,PRODUCT_281078,图书音像,质量,质量好,positive,质量好
TRAIN_4734,PRODUCT_193625,图书音像,质量,质量好,positive,质量好
TRAIN_4734,PRODUCT_193625,图书音像,正品,正品放心,positive,正品放心
TRAIN_4750,PRODUCT_467553,图书音像,质量,质量好,positive,质量好
TRAIN_4754,PRODUCT_304559,电脑/办公,包装,包装差,negative,包装差
TRAIN_4756,PRODUCT_497776,图书音像,价格,性价比高,positive,性价比高
TRAIN_4760,PRODUCT_100222,家居生活,耐用,容易坏,negative,容易坏
TRAIN_4761,PRODUCT_307789,图书音像,内容,内容一般,negative,内容一般
TRAIN_4763,PRODUCT_509842,图书音像,外观,外观一般,negative,外观一般
TRAIN_4765,PRODUCT_56517,美妆个护,正品,正品放心,positive,正品放心
TRAIN_4767,PRODUCT_391982,图书音像,质量,质量好,positive,质量好
TRAIN_4767,PRODUCT_391982,图书音像,正品,正品放心,positive,正品放心
TRAIN_4777,PRODUCT_307664,图书音像,耐用,容易坏,negative,容易坏
TRAIN_4779,PRODUCT_317988,食品/保健,包装,包装好,positive,包装好
TRAIN_4780,PRODUCT_32469,家居生活,耐用,很耐用,positive,很耐用
TRAIN_4782,PRODUCT_499551,图书音像,推荐,会回购,positive,会回购
TRAIN_4789,PRODUCT_522166,钟表/首饰/眼镜/礼品,质量,质量差,negative,质量差
TRAIN_4796,PRODUCT_102774,图书音像,推荐,会回购,positive,会回购
TRAIN_4797,PRODUCT_355982,图书音像,内容,内容不错,positive,内容不错
TRAIN_4806,PRODUCT_521921,图书音像,质量,质量好,positive,质量好
TRAIN_4806,PRODUCT_521921,图书音像,正品,正品放心,positive,正品放心
TRAIN_4807,PRODUCT_415502,图书音像,正品,正品放心,positive,正品放心
TRAIN_4815,PRODUCT_377345,手机/数码,耐用,很耐用,positive,很耐用
TRAIN_4822,PRODUCT_375572,手机/数码,价格,性价比高,positive,性价比高
TRAIN_4823,PRODUCT_25649,图书音像,正品,正品放心,positive,正品放心
TRAIN_4824,PRODUCT_487580,图书音像,内容,内容不错,positive,内容不错
TRAIN_4834,PRODUCT_275461,图书音像,质量,质量好,positive,质量好
TRAIN_4842,PRODUCT_99811,图书音像,正品,疑似假货,negative,疑似假货
TRAIN_4842,PRODUCT_99811,图书音像,耐用,容易坏,negative,容易坏
TRAIN_4847,PRODUCT_218310,图书音像,内容,内容不错,positive,内容不错
TRAIN_4859,PRODUCT_348686,图书音像,物流,发货快,positive,发货快
TRAIN_4865,PRODUCT_102831,美妆个护,质量,质量好,positive,质量好
TRAIN_4865,PRODUCT_102831,美妆个护,包装,包装好,positive,包装好
TRAIN_4868,PRODUCT_306064,食品/保健,正品,疑似假货,negative,疑似假货
TRAIN_4868,PRODUCT_306064,食品/保健,味道,味道不错,positive,味道不错
TRAIN_4870,PRODUCT_30225,图书音像,质量,质量好,positive,质量好
TRAIN_4871,PRODUCT_339268,电脑/办公,包装,包装差,negative,包装差
TRAIN_4872,PRODUCT_144133,图书音像,耐用,很耐用,positive,很耐用
TRAIN_4872,PRODUCT_144133,图书音像,内容,内容不错,positive,内容不错
TRAIN_4892,PRODUCT_475253,家用电器,价格,性价比高,positive,性价比高
TRAIN_4893,PRODUCT_341696,图书音像,正品,正品放心,positive,正品放心
TRAIN_4896,PRODUCT_291618,手机/数码,推荐,会回购,positive,会回购
TRAIN_4922,PRODUCT_188553,家用电器,质量,质量差,negative,质量差
TRAIN_4924,PRODUCT_406789,图书音像,正品,正品放心,positive,正品放心
TRAIN_4926,PRODUCT_366639,图书音像,物流,发货快,positive,发货快
TRAIN_4927,PRODUCT_498208,图书音像,推荐,不推荐,negative,不推荐
TRAIN_4932,PRODUCT_31005,图书音像,内容,内容不错,positive,内容不错
TRAIN_4939,PRODUCT_461046,图书音像,正品,正品放心,positive,正品放心
TRAIN_4942,PRODUCT_522887,手机/数码,质量,质量好,positive,质量好
TRAIN_4943,PRODUCT_399920,图书音像,质量,质量好,positive,质量好
TRAIN_4945,PRODUCT_346286,食品/保健,味道,味道不错,positive,味道不错
TRAIN_4945,PRODUCT_346286,食品/保健,新鲜,很新鲜,positive,很新鲜
TRAIN_4957,PRODUCT_398798,图书音像,正品,正品放心,positive,正品放心
TRAIN_4963,PRODUCT_95202,家具/家装/建材,耐用,容易坏,negative,容易坏
TRAIN_4970,PRODUCT_260695,图书音像,正品,疑似假货,negative,疑似假货
TRAIN_4976,PRODUCT_226930,图书音像,质量,质量好,positive,质量好
TRAIN_4987,PRODUCT_434453,其他,质量,质量好,positive,质量好
TRAIN_5000,PRODUCT_411808,图书音像,包装,包装好,positive,包装好
TRAIN_5001,PRODUCT_365975,手机/数码,质量,质量好,positive,质量好
TRAIN_5001,PRODUCT_365975,手机/数码,物流,物流慢,negative,物流慢
TRAIN_5009,PRODUCT_79322,图书音像,质量,质量好,positive,质量好
TRAIN_5013,PRODUCT_184161,图书音像,质量,质量好,positive,质量好
TRAIN_5013,PRODUCT_184161,图书音像,价格,性价比高,positive,性价比高
TRAIN_5022,PRODUCT_249493,电脑/办公,推荐,会回购,positive,会回购
TRAIN_5023,PRODUCT_77940,图书音像,正品,疑似假货,negative,疑似假货
TRAIN_5029,PRODUCT_490490,电脑/办公,质量,质量好,positive,质量好
TRAIN_5030,PRODUCT_124947,电脑/办公,价格,性价比高,positive,性价比高
TRAIN_5032,PRODUCT_434619,家用电器,推荐,会回购,positive,会回购
TRAIN_5033,PRODUCT_40359,图书音像,推荐,会回购,positive,会回购
TRAIN_5034,PRODUCT_480118,图书音像,正品,正品放心,positive,正品放心
TRAIN_5036,PRODUCT_494799,家居生活,价格,性价比高,positive,性价比高
TRAIN_5044,PRODUCT_107159,手机/数码,正品,正品放心,positive,正品放心
TRAIN_5049,PRODUCT_356533,图书音像,质量,质量好,positive,质量好
TRAIN_5051,PRODUCT_448770,图书音像,正品,疑似假货,negative,疑似假货
TRAIN_5052,PRODUCT_165108,图书音像,正品,正品放心,positive,正品放心
TRAIN_5053,PRODUCT_468322,图书音像,外观,外观好看,positive,外观好看
TRAIN_5055,PRODUCT_180800,手机/数码,屏幕,屏幕差,negative,屏幕差
TRAIN_5067,PRODUCT_363930,母婴/玩具,正品,疑似假货,negative,疑似假货
TRAIN_5068,PRODUCT_507337,图书音像,外观,外观好看,positive,外观好看
TRAIN_5084,PRODUCT_118231,图书音像,价格,性价比高,positive,性价比高
TRAIN_5087,PRODUCT_58409,手机/数码,质量,质量差,negative,质量差
TRAIN_5088,PRODUCT_444976,图书音像,内容,内容不错,positive,内容不错
TRAIN_5096,PRODUCT_389354,电脑/办公,价格,性价比高,positive,性价比高
TRAIN_5113,PRODUCT_119152,家具/家装/建材,包装,包装差,negative,包装差
TRAIN_5117,PRODUCT_189028,图书音像,包装,包装好,positive,包装好
TRAIN_5117,PRODUCT_189028,图书音像,正品,正品放心,positive,正品放心
TRAIN_5118,PRODUCT_417823,图书音像,物流,发货快,positive,发货快
TRAIN_5121,PRODUCT_401701,图书音像,质量,质量好,positive,质量好
TRAIN_5127,PRODUCT_388393,图书音像,正品,正品放心,positive,正品放心
TRAIN_5128,PRODUCT_284374,电脑/办公,质量,质量好,positive,质量好
TRAIN_5128,PRODUCT_284374,电脑/办公,外观,外观好看,positive,外观好看
TRAIN_5135,PRODUCT_176857,图书音像,质量,质量好,positive,质量好
TRAIN_5135,PRODUCT_176857,图书音像,正品,正品放心,positive,正品放心
TRAIN_5148,PRODUCT_375600,图书音像,物流,发货快,positive,发货快
TRAIN_5148,PRODUCT_375600,图书音像,正品,正品放心,positive,正品放心
TRAIN_5152,PRODUCT_18128,图书音像,质量,质量好,positive,质量好
TRAIN_5158,PRODUCT_432763,图书音像,价格,性价比高,positive,性价比高
TRAIN_5159,PRODUCT_92394,手机/数码,屏幕,屏幕差,negative,屏幕差
TRAIN_5161,PRODUCT_19551,图书音像,包装,包装好,positive,包装好
TRAIN_5162,PRODUCT_202127,图书音像,包装,包装差,negative,包装差
TRAIN_5163,PRODUCT_53118,图书音像,正品,疑似假货,negative,疑似假货
TRAIN_5165,PRODUCT_246405,图书音像,内容,内容不错,positive,内容不错
TRAIN_5171,PRODUCT_270542,图书音像,内容,内容不错,positive,内容不错
TRAIN_5176,PRODUCT_49329,手机/数码,价格,价格贵,negative,价格贵
TRAIN_5180,PRODUCT_193890,图书音像,质量,质量差,negative,质量差
TRAIN_5184,PRODUCT_95083,图书音像,正品,正品放心,positive,正品放心
TRAIN_5185,PRODUCT_96339,电脑/办公,包装,包装好,positive,包装好
TRAIN_5193,PRODUCT_500746,电脑/办公,质量,质量差,negative,质量差
TRAIN_5194,PRODUCT_24119,图书音像,正品,正品放心,positive,正品放心
TRAIN_5197,PRODUCT_154588,家居生活,质量,质量好,positive,质量好
TRAIN_5218,PRODUCT_445517,图书音像,物流,发货快,positive,发货快
TRAIN_5218,PRODUCT_445517,图书音像,正品,正品放心,positive,正品放心
TRAIN_5219,PRODUCT_93202,图书音像,包装,包装好,positive,包装好
TRAIN_5220,PRODUCT_499225,手机/数码,价格,性价比高,positive,性价比高
TRAIN_5224,PRODUCT_429867,图书音像,物流,发货快,positive,发货快
TRAIN_5224,PRODUCT_429867,图书音像,包装,包装差,negative,包装差
TRAIN_5228,PRODUCT_170968,图书音像,物流,发货快,positive,发货快
TRAIN_5228,PRODUCT_170968,图书音像,正品,正品放心,positive,正品放心
TRAIN_5229,PRODUCT_290133,电脑/办公,质量,质量好,positive,质量好
TRAIN_5232,PRODUCT_325251,家用电器,质量,质量好,positive,质量好
TRAIN_5233,PRODUCT_364297,图书音像,耐用,容易坏,negative,容易坏
TRAIN_5251,PRODUCT_177794,图书音像,质量,质量差,negative,质量差
TRAIN_5251,PRODUCT_177794,图书音像,正品,疑似假货,negative,疑似假货
TRAIN_5260,PRODUCT_376091,图书音像,正品,正品放心,positive,正品放心
TRAIN_5268,PRODUCT_401377,手机/数码,正品,正品放心,positive,正品放心
TRAIN_5270,PRODUCT_358741,图书音像,质量,质量好,positive,质量好
TRAIN_5270,PRODUCT_358741,图书音像,物流,发货快,positive,发货快
TRAIN_5275,PRODUCT_82510,图书音像,正品,正品放心,positive,正品放心
TRAIN_5286,PRODUCT_455778,母婴/玩具,正品,正品放心,positive,正品放心
TRAIN_5287,PRODUCT_516351,图书音像,价格,性价比高,positive,性价比高
TRAIN_5288,PRODUCT_453569,图书音像,质量,质量差,negative,质量差
TRAIN_5289,PRODUCT_130203,图书音像,正品,疑似假货,negative,疑似假货
TRAIN_5298,PRODUCT_486112,图书音像,包装,包装差,negative,包装差
TRAIN_5309,PRODUCT_494938,电脑/办公,正品,正品放心,positive,正品放心
TRAIN_5315,PRODUCT_76507,电脑/办公,质量,质量好,positive,质量好
TRAIN_5315,PRODUCT_76507,电脑/办公,推荐,会回购,positive,会回购
TRAIN_5320,PRODUCT_316081,图书音像,正品,疑似假货,negative,疑似假货
TRAIN_5322,PRODUCT_275902,图书音像,推荐,会回购,positive,会回购
TRAIN_5324,PRODUCT_471553,图书音像,价格,性价比高,positive,性价比高
TRAIN_5333,PRODUCT_25066,美妆个护,正品,疑似假货,negative,疑似假货
TRAIN_5336,PRODUCT_439061,家居生活,质量,质量好,positive,质量好
TRAIN_5342,PRODUCT_397753,图书音像,价格,性价比高,positive,性价比高
TRAIN_5346,PRODUCT_336121,图书音像,物流,发货快,positive,发货快
TRAIN_5347,PRODUCT_74933,家具/家装/建材,耐用,很耐用,positive,很耐用
TRAIN_5350,PRODUCT_241544,电脑/办公,物流,发货快,positive,发货快
TRAIN_5352,PRODUCT_390577,图书音像,正品,正品放心,positive,正品放心
TRAIN_5353,PRODUCT_289037,图书音像,质量,质量好,positive,质量好
TRAIN_5358,PRODUCT_411521,图书音像,内容,内容一般,negative,内容一般
TRAIN_5359,PRODUCT_504073,图书音像,质量,质量好,positive,质量好
TRAIN_5359,PRODUCT_504073,图书音像,内容,内容不错,positive,内容不错
TRAIN_5360,PRODUCT_309300,图书音像,正品,正品放心,positive,正品放心
TRAIN_5364,PRODUCT_260702,图书音像,正品,正品放心,positive,正品放心
TRAIN_5367,PRODUCT_281263,图书音像,质量,质量好,positive,质量好
TRAIN_5374,PRODUCT_359215,家居生活,质量,质量好,positive,质量好
TRAIN_5377,PRODUCT_454331,图书音像,质量,质量好,positive,质量好
TRAIN_5377,PRODUCT_454331,图书音像,正品,正品放心,positive,正品放心
TRAIN_5381,PRODUCT_403357,图书音像,价格,价格贵,negative,价格贵
TRAIN_5384,PRODUCT_444114,图书音像,质量,质量好,positive,质量好
TRAIN_5386,PRODUCT_190143,图书音像,物流,物流慢,negative,物流慢
TRAIN_5386,PRODUCT_190143,图书音像,正品,正品放心,positive,正品放心
TRAIN_5389,PRODUCT_20133,图书音像,质量,质量好,positive,质量好
TRAIN_5396,PRODUCT_149098,电脑/办公,正品,正品放心,positive,正品放心
TRAIN_5399,PRODUCT_462979,图书音像,内容,内容不错,positive,内容不错
TRAIN_5403,PRODUCT_430735,美妆个护,味道,味道不错,positive,味道不错
TRAIN_5408,PRODUCT_209315,图书音像,质量,质量好,positive,质量好
TRAIN_5417,PRODUCT_397858,图书音像,质量,质量好,positive,质量好
TRAIN_5418,PRODUCT_168793,图书音像,质量,质量好,positive,质量好
TRAIN_5419,PRODUCT_410148,图书音像,正品,正品放心,positive,正品放心
TRAIN_5421,PRODUCT_251775,图书音像,质量,质量好,positive,质量好
TRAIN_5423,PRODUCT_80759,图书音像,包装,包装好,positive,包装好
TRAIN_5445,PRODUCT_229112,美妆个护,味道,味道不错,positive,味道不错
TRAIN_5448,PRODUCT_317923,图书音像,内容,内容不错,positive,内容不错
TRAIN_5453,PRODUCT_272454,图书音像,质量,质量好,positive,质量好
TRAIN_5453,PRODUCT_272454,图书音像,正品,正品放心,positive,正品放心
TRAIN_5461,PRODUCT_203987,图书音像,推荐,会回购,positive,会回购
TRAIN_5465,PRODUCT_312988,图书音像,内容,内容不错,positive,内容不错
TRAIN_5466,PRODUCT_214812,电脑/办公,价格,性价比高,positive,性价比高
TRAIN_5470,PRODUCT_142094,图书音像,质量,质量好,positive,质量好
TRAIN_5475,PRODUCT_323230,图书音像,正品,疑似假货,negative,疑似假货
TRAIN_5480,PRODUCT_490031,家用电器,推荐,会回购,positive,会回购
TRAIN_5494,PRODUCT_181330,图书音像,正品,疑似假货,negative,疑似假货
TRAIN_5496,PRODUCT_423238,图书音像,价格,性价比高,positive,性价比高
TRAIN_5497,PRODUCT_521600,图书音像,质量,质量好,positive,质量好
TRAIN_5502,PRODUCT_293609,图书音像,质量,质量好,positive,质量好
TRAIN_5508,PRODUCT_189007,图书音像,耐用,很耐用,positive,很耐用
TRAIN_5508,PRODUCT_189007,图书音像,内容,内容不错,positive,内容不错
TRAIN_5521,PRODUCT_423649,图书音像,正品,疑似假货,negative,疑似假货
TRAIN_5524,PRODUCT_261780,手机/数码,耐用,容易坏,negative,容易坏
TRAIN_5526,PRODUCT_119865,图书音像,质量,质量好,positive,质量好
TRAIN_5527,PRODUCT_253625,美妆个护,正品,正品放心,positive,正品放心
TRAIN_5527,PRODUCT_253625,美妆个护,正品,疑似假货,negative,疑似假货
TRAIN_5542,PRODUCT_463638,图书音像,质量,质量差,negative,质量差
TRAIN_5546,PRODUCT_176899,图书音像,物流,物流慢,negative,物流慢
TRAIN_5546,PRODUCT_176899,图书音像,包装,包装差,negative,包装差
TRAIN_5548,PRODUCT_304814,图书音像,价格,性价比高,positive,性价比高
TRAIN_5550,PRODUCT_434217,图书音像,价格,性价比高,positive,性价比高
TRAIN_5556,PRODUCT_243608,图书音像,价格,性价比高,positive,性价比高
TRAIN_5564,PRODUCT_166260,图书音像,质量,质量好,positive,质量好
TRAIN_5577,PRODUCT_102008,手机/数码,耐用,很耐用,positive,很耐用
TRAIN_5578,PRODUCT_215931,图书音像,质量,质量好,positive,质量好
TRAIN_5579,PRODUCT_401254,家居生活,质量,质量好,positive,质量好
TRAIN_5582,PRODUCT_115125,手机/数码,价格,价格贵,negative,价格贵
TRAIN_5583,PRODUCT_458397,美妆个护,味道,味道不错,positive,味道不错
TRAIN_5589,PRODUCT_178912,图书音像,推荐,会回购,positive,会回购
TRAIN_5590,PRODUCT_225765,电脑/办公,耐用,容易坏,negative,容易坏
TRAIN_5593,PRODUCT_157345,图书音像,内容,内容一般,negative,内容一般
TRAIN_5595,PRODUCT_516961,图书音像,质量,质量好,positive,质量好
TRAIN_5596,PRODUCT_290020,家居生活,价格,性价比高,positive,性价比高
TRAIN_5597,PRODUCT_259247,图书音像,内容,内容不错,positive,内容不错
TRAIN_5605,PRODUCT_459424,手机/数码,包装,包装好,positive,包装好
TRAIN_5605,PRODUCT_459424,手机/数码,正品,正品放心,positive,正品放心
TRAIN_5620,PRODUCT_153876,图书音像,包装,包装差,negative,包装差
TRAIN_5624,PRODUCT_200856,电脑/办公,外观,外观好看,positive,外观好看
TRAIN_5630,PRODUCT_364200,图书音像,质量,质量好,positive,质量好
TRAIN_5630,PRODUCT_364200,图书音像,物流,发货快,positive,发货快
TRAIN_5632,PRODUCT_294216,图书音像,物流,发货快,positive,发货快
TRAIN_5638,PRODUCT_429810,图书音像,价格,性价比高,positive,性价比高
TRAIN_5640,PRODUCT_197279,家用电器,客服,客服差,negative,客服差
TRAIN_5640,PRODUCT_197279,家用电器,耐用,容易坏,negative,容易坏
TRAIN_5646,PRODUCT_2465,图书音像,质量,质量差,negative,质量差
TRAIN_5647,PRODUCT_148493,家用电器,质量,质量好,positive,质量好
TRAIN_5649,PRODUCT_510621,图书音像,物流,发货快,positive,发货快
TRAIN_5651,PRODUCT_322068,图书音像,内容,内容不错,positive,内容不错
TRAIN_5653,PRODUCT_170678,美妆个护,味道,味道不错,positive,味道不错
TRAIN_5657,PRODUCT_251974,图书音像,正品,正品放心,positive,正品放心
TRAIN_5667,PRODUCT_316342,图书音像,质量,质量好,positive,质量好
TRAIN_5668,PRODUCT_228351,图书音像,质量,质量好,positive,质量好
TRAIN_5668,PRODUCT_228351,图书音像,正品,正品放心,positive,正品放心
TRAIN_5669,PRODUCT_248846,家具/家装/建材,包装,包装差,negative,包装差
TRAIN_5671,PRODUCT_524701,家居生活,质量,质量好,positive,质量好
TRAIN_5672,PRODUCT_476202,手机/数码,物流,发货快,positive,发货快
TRAIN_5677,PRODUCT_183312,图书音像,正品,正品放心,positive,正品放心
TRAIN_5678,PRODUCT_378671,图书音像,价格,性价比高,positive,性价比高
TRAIN_5689,PRODUCT_127990,电脑/办公,耐用,容易坏,negative,容易坏
TRAIN_5691,PRODUCT_183837,家用电器,正品,疑似假货,negative,疑似假货
TRAIN_5694,PRODUCT_464183,图书音像,包装,包装差,negative,包装差
TRAIN_5702,PRODUCT_240387,图书音像,质量,质量差,negative,质量差
TRAIN_5703,PRODUCT_408739,图书音像,质量,质量好,positive,质量好
TRAIN_5707,PRODUCT_203231,手机/数码,外观,外观好看,positive,外观好看
TRAIN_5709,PRODUCT_119434,电脑/办公,耐用,容易坏,negative,容易坏
TRAIN_5728,PRODUCT_448289,图书音像,质量,质量好,positive,质量好
TRAIN_5731,PRODUCT_254188,图书音像,推荐,会回购,positive,会回购
TRAIN_5735,PRODUCT_407646,手机/数码,质量,质量好,positive,质量好
TRAIN_5737,PRODUCT_55744,手机/数码,价格,性价比高,positive,性价比高
TRAIN_5739,PRODUCT_246148,图书音像,质量,质量好,positive,质量好
TRAIN_5750,PRODUCT_45194,食品/保健,味道,味道不错,positive,味道不错
TRAIN_5752,PRODUCT_463217,图书音像,质量,质量好,positive,质量好
TRAIN_5754,PRODUCT_266263,电脑/办公,推荐,会回购,positive,会回购
TRAIN_5756,PRODUCT_295855,图书音像,质量,质量好,positive,质量好
TRAIN_5758,PRODUCT_202948,电脑/办公,屏幕,屏幕差,negative,屏幕差
TRAIN_5759,PRODUCT_377913,家用电器,耐用,容易坏,negative,容易坏
TRAIN_5766,PRODUCT_147210,图书音像,质量,质量好,positive,质量好
TRAIN_5766,PRODUCT_147210,图书音像,正品,正品放心,positive,正品放心
TRAIN_5767,PRODUCT_488645,图书音像,内容,内容不错,positive,内容不错
TRAIN_5771,PRODUCT_373071,图书音像,内容,内容不错,positive,内容不错
TRAIN_5776,PRODUCT_48611,图书音像,正品,正品放心,positive,正品放心
TRAIN_5786,PRODUCT_210759,图书音像,内容,内容不错,positive,内容不错
TRAIN_5798,PRODUCT_32680,美妆个护,价格,性价比高,positive,性价比高
TRAIN_5798,PRODUCT_32680,美妆个护,正品,正品放心,positive,正品放心
TRAIN_5804,PRODUCT_511783,图书音像,物流,发货快,positive,发货快
TRAIN_5812,PRODUCT_266094,美妆个护,正品,正品放心,positive,正品放心
TRAIN_5816,PRODUCT_224500,图书音像,推荐,会回购,positive,会回购
TRAIN_5820,PRODUCT_98568,图书音像,正品,正品放心,positive,正品放心
TRAIN_5838,PRODUCT_461763,图书音像,内容,内容一般,negative,内容一般
TRAIN_5841,PRODUCT_6977,图书音像,物流,发货快,positive,发货快
TRAIN_5847,PRODUCT_302464,图书音像,推荐,会回购,positive,会回购
TRAIN_5849,PRODUCT_410762,图书音像,推荐,会回购,positive,会回购
TRAIN_5857,PRODUCT_124878,图书音像,正品,正品放心,positive,正品放心
TRAIN_5858,PRODUCT_42696,图书音像,价格,价格贵,negative,价格贵
TRAIN_5861,PRODUCT_194723,图书音像,质量,质量差,negative,质量差
TRAIN_5862,PRODUCT_494291,图书音像,质量,质量差,negative,质量差
TRAIN_5866,PRODUCT_310285,图书音像,推荐,会回购,positive,会回购
TRAIN_5867,PRODUCT_55158,电脑/办公,正品,正品放心,positive,正品放心
TRAIN_5868,PRODUCT_464890,电脑/办公,质量,质量好,positive,质量好
TRAIN_5869,PRODUCT_356259,电脑/办公,包装,包装差,negative,包装差
TRAIN_5872,PRODUCT_32005,图书音像,包装,包装差,negative,包装差
TRAIN_5874,PRODUCT_221557,图书音像,物流,发货快,positive,发货快
TRAIN_5876,PRODUCT_350486,图书音像,价格,价格贵,negative,价格贵
TRAIN_5877,PRODUCT_221495,手机/数码,推荐,会回购,positive,会回购
TRAIN_5880,PRODUCT_471329,家具/家装/建材,包装,包装好,positive,包装好
TRAIN_5895,PRODUCT_41091,图书音像,包装,包装差,negative,包装差
TRAIN_5896,PRODUCT_486455,图书音像,质量,质量好,positive,质量好
TRAIN_5900,PRODUCT_503377,运动户外,价格,性价比高,positive,性价比高
TRAIN_5904,PRODUCT_201710,图书音像,包装,包装好,positive,包装好
TRAIN_5910,PRODUCT_468839,图书音像,包装,包装好,positive,包装好
TRAIN_5924,PRODUCT_463733,母婴/玩具,价格,性价比高,positive,性价比高
TRAIN_5937,PRODUCT_102203,家用电器,推荐,不推荐,negative,不推荐
TRAIN_5941,PRODUCT_211717,图书音像,价格,性价比高,positive,性价比高
TRAIN_5953,PRODUCT_34841,电脑/办公,质量,质量差,negative,质量差
TRAIN_5957,PRODUCT_358014,图书音像,正品,疑似假货,negative,疑似假货
TRAIN_5961,PRODUCT_236067,图书音像,内容,内容不错,positive,内容不错
TRAIN_5982,PRODUCT_100195,图书音像,正品,正品放心,positive,正品放心
TRAIN_5983,PRODUCT_90208,图书音像,正品,疑似假货,negative,疑似假货
TRAIN_5986,PRODUCT_448736,电脑/办公,正品,正品放心,positive,正品放心
TRAIN_5989,PRODUCT_275073,图书音像,物流,发货快,positive,发货快
TRAIN_5999,PRODUCT_284086,家具/家装/建材,耐用,很耐用,positive,很耐用
TRAIN_6000,PRODUCT_375413,图书音像,质量,质量好,positive,质量好
TRAIN_6000,PRODUCT_375413,图书音像,物流,发货快,positive,发货快
TRAIN_6001,PRODUCT_304799,图书音像,质量,质量差,negative,质量差
TRAIN_6002,PRODUCT_267067,电脑/办公,正品,正品放心,positive,正品放心
TRAIN_6003,PRODUCT_246290,图书音像,质量,质量好,positive,质量好
TRAIN_6005,PRODUCT_39536,图书音像,物流,发货快,positive,发货快
TRAIN_6009,PRODUCT_205369,图书音像,正品,疑似假货,negative,疑似假货
TRAIN_6012,PRODUCT_491942,图书音像,正品,正品放心,positive,正品放心
TRAIN_6024,PRODUCT_183052,图书音像,物流,物流慢,negative,物流慢
TRAIN_6026,PRODUCT_232098,图书音像,质量,质量好,positive,质量好
TRAIN_6029,PRODUCT_241489,图书音像,外观,外观一般,negative,外观一般
TRAIN_6032,PRODUCT_183206,电脑/办公,耐用,容易坏,negative,容易坏
TRAIN_6034,PRODUCT_418122,图书音像,正品,正品放心,positive,正品放心
TRAIN_6049,PRODUCT_482220,家用电器,物流,发货快,positive,发货快
TRAIN_6050,PRODUCT_136786,图书音像,正品,正品放心,positive,正品放心
TRAIN_6051,PRODUCT_433698,图书音像,推荐,不推荐,negative,不推荐
TRAIN_6056,PRODUCT_84077,电脑/办公,价格,性价比高,positive,性价比高
TRAIN_6065,PRODUCT_121108,手机/数码,质量,质量好,positive,质量好
TRAIN_6065,PRODUCT_121108,手机/数码,正品,正品放心,positive,正品放心
TRAIN_6071,PRODUCT_154941,运动户外,质量,质量好,positive,质量好
TRAIN_6086,PRODUCT_83611,图书音像,正品,疑似假货,negative,疑似假货
TRAIN_6090,PRODUCT_374676,图书音像,正品,正品放心,positive,正品放心
TRAIN_6098,PRODUCT_329740,图书音像,质量,质量好,positive,质量好
TRAIN_6107,PRODUCT_435763,电脑/办公,正品,正品放心,positive,正品放心
TRAIN_6112,PRODUCT_233762,手机/数码,价格,性价比高,positive,性价比高
TRAIN_6112,PRODUCT_233762,手机/数码,屏幕,屏幕清晰,positive,屏幕清晰
TRAIN_6112,PRODUCT_233762,手机/数码,屏幕,屏幕差,negative,屏幕差
TRAIN_6113,PRODUCT_425299,图书音像,价格,性价比高,positive,性价比高
TRAIN_6114,PRODUCT_470729,家居生活,耐用,很耐用,positive,很耐用
TRAIN_6118,PRODUCT_113443,电脑/办公,耐用,很耐用,positive,很耐用
TRAIN_6120,PRODUCT_260581,图书音像,价格,性价比高,positive,性价比高
TRAIN_6125,PRODUCT_463048,图书音像,价格,性价比高,positive,性价比高
TRAIN_6125,PRODUCT_463048,图书音像,正品,正品放心,positive,正品放心
TRAIN_6134,PRODUCT_137201,图书音像,物流,发货快,positive,发货快
TRAIN_6134,PRODUCT_137201,图书音像,包装,包装好,positive,包装好
TRAIN_6140,PRODUCT_337962,图书音像,价格,性价比高,positive,性价比高
TRAIN_6153,PRODUCT_226867,手机/数码,质量,质量好,positive,质量好
TRAIN_6155,PRODUCT_131073,母婴/玩具,物流,发货快,positive,发货快
TRAIN_6156,PRODUCT_120326,图书音像,物流,发货快,positive,发货快
TRAIN_6156,PRODUCT_120326,图书音像,正品,正品放心,positive,正品放心
TRAIN_6163,PRODUCT_143207,图书音像,质量,质量好,positive,质量好
TRAIN_6163,PRODUCT_143207,图书音像,物流,发货快,positive,发货快
TRAIN_6168,PRODUCT_103525,图书音像,包装,包装差,negative,包装差
TRAIN_6180,PRODUCT_14865,运动户外,外观,外观一般,negative,外观一般
TRAIN_6182,PRODUCT_204803,图书音像,质量,质量好,positive,质量好
TRAIN_6186,PRODUCT_147622,美妆个护,味道,味道不错,positive,味道不错
TRAIN_6192,PRODUCT_230778,美妆个护,价格,性价比高,positive,性价比高
TRAIN_6195,PRODUCT_417759,图书音像,正品,正品放心,positive,正品放心
TRAIN_6196,PRODUCT_433629,食品/保健,味道,味道不错,positive,味道不错
TRAIN_6204,PRODUCT_514688,图书音像,价格,性价比高,positive,性价比高
TRAIN_6205,PRODUCT_77554,图书音像,质量,质量好,positive,质量好
TRAIN_6215,PRODUCT_155622,图书音像,推荐,会回购,positive,会回购
TRAIN_6232,PRODUCT_471362,图书音像,质量,质量差,negative,质量差
TRAIN_6232,PRODUCT_471362,图书音像,外观,外观一般,negative,外观一般
TRAIN_6234,PRODUCT_271798,图书音像,正品,疑似假货,negative,疑似假货
TRAIN_6242,PRODUCT_149047,图书音像,正品,正品放心,positive,正品放心
TRAIN_6243,PRODUCT_455779,家用电器,价格,性价比高,positive,性价比高
TRAIN_6245,PRODUCT_166893,家用电器,价格,性价比高,positive,性价比高
TRAIN_6247,PRODUCT_408748,电脑/办公,耐用,容易坏,negative,容易坏
TRAIN_6253,PRODUCT_357993,图书音像,质量,质量好,positive,质量好
TRAIN_6260,PRODUCT_369881,图书音像,包装,包装好,positive,包装好
TRAIN_6260,PRODUCT_369881,图书音像,正品,正品放心,positive,正品放心
TRAIN_6262,PRODUCT_176081,图书音像,质量,质量好,positive,质量好
TRAIN_6265,PRODUCT_115676,电脑/办公,耐用,容易坏,negative,容易坏
TRAIN_6271,PRODUCT_197187,电脑/办公,物流,发货快,positive,发货快
TRAIN_6271,PRODUCT_197187,电脑/办公,价格,性价比高,positive,性价比高
TRAIN_6272,PRODUCT_234389,图书音像,包装,包装差,negative,包装差
TRAIN_6286,PRODUCT_4763,食品/保健,正品,正品放心,positive,正品放心
TRAIN_6291,PRODUCT_28833,手机/数码,耐用,容易坏,negative,容易坏
TRAIN_6295,PRODUCT_102378,家居生活,质量,质量差,negative,质量差
TRAIN_6313,PRODUCT_211926,电脑/办公,包装,包装好,positive,包装好
TRAIN_6314,PRODUCT_478030,电脑/办公,屏幕,屏幕清晰,positive,屏幕清晰
TRAIN_6315,PRODUCT_418065,图书音像,内容,内容不错,positive,内容不错
TRAIN_6321,PRODUCT_166137,图书音像,包装,包装好,positive,包装好
TRAIN_6321,PRODUCT_166137,图书音像,正品,正品放心,positive,正品放心
TRAIN_6323,PRODUCT_97751,图书音像,质量,质量好,positive,质量好
TRAIN_6325,PRODUCT_353519,图书音像,正品,正品放心,positive,正品放心
TRAIN_6327,PRODUCT_218217,图书音像,正品,正品放心,positive,正品放心
TRAIN_6330,PRODUCT_73397,图书音像,价格,价格贵,negative,价格贵
TRAIN_6335,PRODUCT_66263,手机/数码,正品,正品放心,positive,正品放心
TRAIN_6347,PRODUCT_482989,图书音像,推荐,会回购,positive,会回购
TRAIN_6356,PRODUCT_339186,图书音像,推荐,不推荐,negative,不推荐
TRAIN_6359,PRODUCT_112645,电脑/办公,正品,正品放心,positive,正品放心
TRAIN_6360,PRODUCT_300382,图书音像,正品,正品放心,positive,正品放心
TRAIN_6384,PRODUCT_119452,图书音像,质量,质量好,positive,质量好
TRAIN_6384,PRODUCT_119452,图书音像,内容,内容不错,positive,内容不错
TRAIN_6387,PRODUCT_386758,图书音像,质量,质量好,positive,质量好
TRAIN_6387,PRODUCT_386758,图书音像,正品,正品放心,positive,正品放心
TRAIN_6394,PRODUCT_423860,图书音像,质量,质量好,positive,质量好
TRAIN_6397,PRODUCT_345244,图书音像,质量,质量好,positive,质量好
TRAIN_6400,PRODUCT_407428,电脑/办公,物流,发货快,positive,发货快
TRAIN_6402,PRODUCT_289601,食品/保健,价格,性价比高,positive,性价比高
TRAIN_6402,PRODUCT_289601,食品/保健,味道,味道不错,positive,味道不错
TRAIN_6403,PRODUCT_188892,美妆个护,正品,疑似假货,negative,疑似假货
TRAIN_6409,PRODUCT_277419,图书音像,质量,质量差,negative,质量差
TRAIN_6409,PRODUCT_277419,图书音像,正品,疑似假货,negative,疑似假货
TRAIN_6417,PRODUCT_86253,电脑/办公,价格,性价比高,positive,性价比高
TRAIN_6417,PRODUCT_86253,电脑/办公,推荐,会回购,positive,会回购
TRAIN_6419,PRODUCT_155593,电脑/办公,包装,包装好,positive,包装好
TRAIN_6423,PRODUCT_121157,电脑/办公,耐用,很耐用,positive,很耐用
TRAIN_6427,PRODUCT_452941,图书音像,质量,质量好,positive,质量好
TRAIN_6447,PRODUCT_359911,家居生活,质量,质量好,positive,质量好
TRAIN_6447,PRODUCT_359911,家居生活,价格,性价比高,positive,性价比高
TRAIN_6448,PRODUCT_57892,图书音像,质量,质量差,negative,质量差
TRAIN_6450,PRODUCT_259457,手机/数码,包装,包装好,positive,包装好
TRAIN_6451,PRODUCT_249521,手机/数码,包装,包装好,positive,包装好
TRAIN_6459,PRODUCT_490490,电脑/办公,正品,疑似假货,negative,疑似假货
TRAIN_6461,PRODUCT_181704,图书音像,正品,正品放心,positive,正品放心
TRAIN_6465,PRODUCT_187906,母婴/玩具,质量,质量好,positive,质量好
TRAIN_6482,PRODUCT_411456,图书音像,质量,质量好,positive,质量好
TRAIN_6486,PRODUCT_16967,图书音像,内容,内容不错,positive,内容不错
TRAIN_6492,PRODUCT_67979,图书音像,质量,质量好,positive,质量好
TRAIN_6498,PRODUCT_155498,电脑/办公,耐用,很耐用,positive,很耐用
TRAIN_6503,PRODUCT_98589,图书音像,质量,质量好,positive,质量好
TRAIN_6511,PRODUCT_402767,图书音像,物流,发货快,positive,发货快
TRAIN_6519,PRODUCT_348378,图书音像,包装,包装差,negative,包装差
TRAIN_6523,PRODUCT_145796,图书音像,包装,包装好,positive,包装好
TRAIN_6525,PRODUCT_411208,图书音像,质量,质量好,positive,质量好
TRAIN_6530,PRODUCT_495955,图书音像,质量,质量好,positive,质量好
TRAIN_6535,PRODUCT_468426,家用电器,质量,质量好,positive,质量好
TRAIN_6535,PRODUCT_468426,家用电器,价格,性价比高,positive,性价比高
TRAIN_6536,PRODUCT_335762,电脑/办公,价格,性价比高,positive,性价比高
TRAIN_6552,PRODUCT_393640,美妆个护,味道,味道不错,positive,味道不错
TRAIN_6559,PRODUCT_96173,图书音像,内容,内容不错,positive,内容不错
TRAIN_6560,PRODUCT_445649,图书音像,正品,正品放心,positive,正品放心
TRAIN_6583,PRODUCT_115228,家具/家装/建材,物流,发货快,positive,发货快
TRAIN_6583,PRODUCT_115228,家具/家装/建材,耐用,很耐用,positive,很耐用
TRAIN_6584,PRODUCT_443212,图书音像,价格,性价比高,positive,性价比高
TRAIN_6587,PRODUCT_459449,图书音像,质量,质量好,positive,质量好
TRAIN_6597,PRODUCT_307348,食品/保健,味道,味道不错,positive,味道不错
TRAIN_6599,PRODUCT_509096,图书音像,包装,包装差,negative,包装差
TRAIN_6607,PRODUCT_294697,图书音像,正品,疑似假货,negative,疑似假货
TRAIN_6612,PRODUCT_109075,图书音像,质量,质量好,positive,质量好
TRAIN_6612,PRODUCT_109075,图书音像,内容,内容不错,positive,内容不错
TRAIN_6619,PRODUCT_9896,其他,质量,质量好,positive,质量好
TRAIN_6630,PRODUCT_328938,家用电器,质量,质量好,positive,质量好
TRAIN_6636,PRODUCT_331086,图书音像,正品,正品放心,positive,正品放心
TRAIN_6636,PRODUCT_331086,图书音像,推荐,会回购,positive,会回购
TRAIN_6644,PRODUCT_413117,图书音像,正品,疑似假货,negative,疑似假货
TRAIN_6646,PRODUCT_423145,图书音像,推荐,会回购,positive,会回购
TRAIN_6650,PRODUCT_388462,图书音像,内容,内容不错,positive,内容不错
TRAIN_6654,PRODUCT_400404,家居生活,价格,价格贵,negative,价格贵
TRAIN_6656,PRODUCT_206975,手机/数码,正品,正品放心,positive,正品放心
TRAIN_6661,PRODUCT_467869,图书音像,外观,外观一般,negative,外观一般
TRAIN_6663,PRODUCT_518452,手机/数码,价格,性价比高,positive,性价比高
TRAIN_6682,PRODUCT_153121,图书音像,质量,质量好,positive,质量好
TRAIN_6688,PRODUCT_77804,电脑/办公,价格,性价比高,positive,性价比高
TRAIN_6689,PRODUCT_413617,美妆个护,味道,味道不错,positive,味道不错
TRAIN_6691,PRODUCT_505763,运动户外,尺码,尺码不准,negative,尺码不准
TRAIN_6692,PRODUCT_147558,图书音像,质量,质量好,positive,质量好
TRAIN_6694,PRODUCT_321532,图书音像,正品,正品放心,positive,正品放心
TRAIN_6695,PRODUCT_273190,手机/数码,物流,发货快,positive,发货快
TRAIN_6695,PRODUCT_273190,手机/数码,包装,包装好,positive,包装好
TRAIN_6696,PRODUCT_152108,图书音像,正品,正品放心,positive,正品放心
TRAIN_6703,PRODUCT_423668,家用电器,价格,性价比高,positive,性价比高
TRAIN_6709,PRODUCT_345121,美妆个护,正品,正品放心,positive,正品放心
TRAIN_6710,PRODUCT_470552,图书音像,正品,正品放心,positive,正品放心
TRAIN_6712,PRODUCT_233785,电脑/办公,正品,正品放心,positive,正品放心
TRAIN_6713,PRODUCT_359901,图书音像,质量,质量好,positive,质量好
TRAIN_6714,PRODUCT_171079,图书音像,推荐,会回购,positive,会回购
TRAIN_6719,PRODUCT_36761,美妆个护,味道,味道不错,positive,味道不错
TRAIN_6722,PRODUCT_132874,图书音像,正品,疑似假货,negative,疑似假货
TRAIN_6734,PRODUCT_320205,图书音像,质量,质量好,positive,质量好
TRAIN_6734,PRODUCT_320205,图书音像,包装,包装好,positive,包装好
TRAIN_6736,PRODUCT_515770,图书音像,质量,质量好,positive,质量好
TRAIN_6751,PRODUCT_23892,图书音像,正品,正品放心,positive,正品放心
TRAIN_6762,PRODUCT_313896,图书音像,包装,包装好,positive,包装好
TRAIN_6762,PRODUCT_313896,图书音像,内容,内容不错,positive,内容不错
TRAIN_6773,PRODUCT_291114,家用电器,质量,质量好,positive,质量好
TRAIN_6773,PRODUCT_291114,家用电器,物流,发货快,positive,发货快
TRAIN_6778,PRODUCT_375311,食品/保健,正品,正品放心,positive,正品放心
TRAIN_6780,PRODUCT_42633,电脑/办公,质量,质量好,positive,质量好
TRAIN_6780,PRODUCT_42633,电脑/办公,正品,正品放心,positive,正品放心
TRAIN_6781,PRODUCT_125160,图书音像,内容,内容不错,positive,内容不错
TRAIN_6783,PRODUCT_524800,手机/数码,质量,质量差,negative,质量差
TRAIN_6783,PRODUCT_524800,手机/数码,耐用,容易坏,negative,容易坏
TRAIN_6793,PRODUCT_373268,图书音像,正品,疑似假货,negative,疑似假货
TRAIN_6794,PRODUCT_193371,电脑/办公,价格,性价比高,positive,性价比高
TRAIN_6796,PRODUCT_388509,电脑/办公,价格,性价比高,positive,性价比高
TRAIN_6800,PRODUCT_493427,家用电器,耐用,容易坏,negative,容易坏
TRAIN_6804,PRODUCT_480286,图书音像,质量,质量好,positive,质量好
TRAIN_6813,PRODUCT_203425,家用电器,质量,质量好,positive,质量好
TRAIN_6813,PRODUCT_203425,家用电器,价格,性价比高,positive,性价比高
TRAIN_6817,PRODUCT_118729,图书音像,质量,质量好,positive,质量好
TRAIN_6817,PRODUCT_118729,图书音像,正品,正品放心,positive,正品放心
TRAIN_6825,PRODUCT_322211,图书音像,正品,正品放心,positive,正品放心
TRAIN_6829,PRODUCT_166560,图书音像,外观,外观一般,negative,外观一般
TRAIN_6850,PRODUCT_373268,图书音像,正品,正品放心,positive,正品放心
TRAIN_6852,PRODUCT_102190,图书音像,质量,质量好,positive,质量好
TRAIN_6852,PRODUCT_102190,图书音像,价格,性价比高,positive,性价比高
TRAIN_6852,PRODUCT_102190,图书音像,内容,内容一般,negative,内容一般
TRAIN_6855,PRODUCT_369239,图书音像,质量,质量好,positive,质量好
TRAIN_6866,PRODUCT_167574,钟表/首饰/眼镜/礼品,质量,质量好,positive,质量好
TRAIN_6876,PRODUCT_14811,图书音像,质量,质量好,positive,质量好
TRAIN_6876,PRODUCT_14811,图书音像,正品,正品放心,positive,正品放心
TRAIN_6884,PRODUCT_107115,图书音像,质量,质量好,positive,质量好
TRAIN_6887,PRODUCT_157415,电脑/办公,价格,性价比高,positive,性价比高
TRAIN_6888,PRODUCT_225775,电脑/办公,价格,价格贵,negative,价格贵
TRAIN_6889,PRODUCT_517954,图书音像,正品,正品放心,positive,正品放心
TRAIN_6893,PRODUCT_497913,图书音像,正品,正品放心,positive,正品放心
TRAIN_6894,PRODUCT_291114,家用电器,价格,性价比高,positive,性价比高
TRAIN_6894,PRODUCT_291114,家用电器,外观,外观一般,negative,外观一般
TRAIN_6896,PRODUCT_92261,电脑/办公,物流,发货快,positive,发货快
TRAIN_6896,PRODUCT_92261,电脑/办公,正品,正品放心,positive,正品放心
TRAIN_6903,PRODUCT_61026,家具/家装/建材,耐用,很耐用,positive,很耐用
TRAIN_6904,PRODUCT_453801,电脑/办公,包装,包装好,positive,包装好
TRAIN_6910,PRODUCT_406747,电脑/办公,价格,性价比高,positive,性价比高
TRAIN_6913,PRODUCT_230273,图书音像,外观,外观一般,negative,外观一般
TRAIN_6922,PRODUCT_190615,图书音像,内容,内容不错,positive,内容不错
TRAIN_6929,PRODUCT_37915,美妆个护,价格,性价比高,positive,性价比高
TRAIN_6931,PRODUCT_344152,美妆个护,价格,性价比高,positive,性价比高
TRAIN_6943,PRODUCT_279872,食品/保健,新鲜,很新鲜,positive,很新鲜
TRAIN_6947,PRODUCT_486172,图书音像,内容,内容不错,positive,内容不错
TRAIN_6950,PRODUCT_342078,手机/数码,推荐,不推荐,negative,不推荐
TRAIN_6965,PRODUCT_201403,美妆个护,正品,正品放心,positive,正品放心
TRAIN_6986,PRODUCT_375326,图书音像,质量,质量差,negative,质量差
TRAIN_7011,PRODUCT_428372,电脑/办公,物流,发货快,positive,发货快
TRAIN_7012,PRODUCT_466524,图书音像,质量,质量好,positive,质量好
TRAIN_7012,PRODUCT_466524,图书音像,包装,包装好,positive,包装好
TRAIN_7012,PRODUCT_466524,图书音像,包装,包装差,negative,包装差
TRAIN_7014,PRODUCT_32431,其他,包装,包装好,positive,包装好
TRAIN_7015,PRODUCT_122156,图书音像,正品,正品放心,positive,正品放心
TRAIN_7029,PRODUCT_145361,手机/数码,正品,正品放心,positive,正品放心
TRAIN_7034,PRODUCT_390757,钟表/首饰/眼镜/礼品,正品,疑似假货,negative,疑似假货
TRAIN_7045,PRODUCT_275023,图书音像,物流,发货快,positive,发货快
TRAIN_7047,PRODUCT_395508,图书音像,质量,质量好,positive,质量好
TRAIN_7048,PRODUCT_89401,图书音像,推荐,不推荐,negative,不推荐
TRAIN_7058,PRODUCT_259360,母婴/玩具,正品,正品放心,positive,正品放心
TRAIN_7061,PRODUCT_230160,图书音像,正品,正品放心,positive,正品放心
TRAIN_7062,PRODUCT_44488,图书音像,质量,质量差,negative,质量差
TRAIN_7068,PRODUCT_478398,图书音像,质量,质量好,positive,质量好
TRAIN_7068,PRODUCT_478398,图书音像,物流,发货快,positive,发货快
TRAIN_7069,PRODUCT_366639,图书音像,质量,质量差,negative,质量差
TRAIN_7069,PRODUCT_366639,图书音像,内容,内容一般,negative,内容一般
TRAIN_7090,PRODUCT_136126,钟表/首饰/眼镜/礼品,价格,性价比高,positive,性价比高
TRAIN_7091,PRODUCT_165447,美妆个护,味道,味道不错,positive,味道不错
TRAIN_7094,PRODUCT_317919,图书音像,质量,质量好,positive,质量好
TRAIN_7094,PRODUCT_317919,图书音像,正品,正品放心,positive,正品放心
TRAIN_7095,PRODUCT_220787,钟表/首饰/眼镜/礼品,耐用,容易坏,negative,容易坏
TRAIN_7097,PRODUCT_13788,家居生活,质量,质量好,positive,质量好
TRAIN_7097,PRODUCT_13788,家居生活,物流,发货快,positive,发货快
TRAIN_7098,PRODUCT_444434,图书音像,内容,内容不错,positive,内容不错
TRAIN_7102,PRODUCT_218831,美妆个护,物流,发货快,positive,发货快
TRAIN_7107,PRODUCT_395517,鞋类箱包,质量,质量好,positive,质量好
TRAIN_7108,PRODUCT_324205,图书音像,质量,质量好,positive,质量好
TRAIN_7121,PRODUCT_505565,电脑/办公,正品,正品放心,positive,正品放心
TRAIN_7123,PRODUCT_154711,手机/数码,正品,正品放心,positive,正品放心
TRAIN_7129,PRODUCT_267193,家用电器,外观,外观好看,positive,外观好看
TRAIN_7133,PRODUCT_188892,美妆个护,味道,味道不错,positive,味道不错
TRAIN_7135,PRODUCT_213360,图书音像,包装,包装好,positive,包装好
TRAIN_7137,PRODUCT_509551,家用电器,价格,性价比高,positive,性价比高
TRAIN_7138,PRODUCT_91912,图书音像,正品,正品放心,positive,正品放心
TRAIN_7149,PRODUCT_503521,家用电器,耐用,容易坏,negative,容易坏
TRAIN_7152,PRODUCT_53282,图书音像,质量,质量好,positive,质量好
TRAIN_7155,PRODUCT_5830,图书音像,质量,质量差,negative,质量差
TRAIN_7155,PRODUCT_5830,图书音像,正品,疑似假货,negative,疑似假货
TRAIN_7158,PRODUCT_241956,图书音像,价格,性价比高,positive,性价比高
TRAIN_7171,PRODUCT_304139,图书音像,价格,性价比高,positive,性价比高
TRAIN_7172,PRODUCT_432433,图书音像,正品,正品放心,positive,正品放心
TRAIN_7175,PRODUCT_45083,家用电器,正品,正品放心,positive,正品放心
TRAIN_7175,PRODUCT_45083,家用电器,正品,疑似假货,negative,疑似假货
TRAIN_7177,PRODUCT_335780,钟表/首饰/眼镜/礼品,质量,质量好,positive,质量好
TRAIN_7177,PRODUCT_335780,钟表/首饰/眼镜/礼品,物流,发货快,positive,发货快
TRAIN_7180,PRODUCT_304649,图书音像,质量,质量好,positive,质量好
TRAIN_7182,PRODUCT_341239,图书音像,价格,性价比高,positive,性价比高
TRAIN_7189,PRODUCT_66010,图书音像,推荐,不推荐,negative,不推荐
TRAIN_7197,PRODUCT_178664,食品/保健,物流,物流慢,negative,物流慢
TRAIN_7197,PRODUCT_178664,食品/保健,包装,包装差,negative,包装差
TRAIN_7207,PRODUCT_331097,图书音像,质量,质量好,positive,质量好
TRAIN_7207,PRODUCT_331097,图书音像,推荐,会回购,positive,会回购
TRAIN_7213,PRODUCT_99832,图书音像,质量,质量好,positive,质量好
TRAIN_7213,PRODUCT_99832,图书音像,正品,正品放心,positive,正品放心
TRAIN_7214,PRODUCT_283134,其他,质量,质量差,negative,质量差
TRAIN_7222,PRODUCT_95171,图书音像,推荐,不推荐,negative,不推荐
TRAIN_7222,PRODUCT_95171,图书音像,内容,内容不错,positive,内容不错
TRAIN_7231,PRODUCT_395895,图书音像,正品,正品放心,positive,正品放心
TRAIN_7232,PRODUCT_301984,图书音像,质量,质量好,positive,质量好
TRAIN_7232,PRODUCT_301984,图书音像,正品,正品放心,positive,正品放心
TRAIN_7237,PRODUCT_412046,图书音像,质量,质量差,negative,质量差
TRAIN_7240,PRODUCT_194368,图书音像,外观,外观一般,negative,外观一般
TRAIN_7240,PRODUCT_194368,图书音像,推荐,不推荐,negative,不推荐
TRAIN_7246,PRODUCT_181521,美妆个护,正品,正品放心,positive,正品放心
TRAIN_7246,PRODUCT_181521,美妆个护,味道,味道不错,positive,味道不错
TRAIN_7251,PRODUCT_219477,电脑/办公,质量,质量好,positive,质量好
TRAIN_7256,PRODUCT_231047,家具/家装/建材,质量,质量好,positive,质量好
TRAIN_7256,PRODUCT_231047,家具/家装/建材,正品,正品放心,positive,正品放心
TRAIN_7261,PRODUCT_118780,图书音像,质量,质量好,positive,质量好
TRAIN_7261,PRODUCT_118780,图书音像,推荐,会回购,positive,会回购
TRAIN_7266,PRODUCT_142795,图书音像,质量,质量好,positive,质量好
TRAIN_7266,PRODUCT_142795,图书音像,正品,正品放心,positive,正品放心
TRAIN_7268,PRODUCT_485820,图书音像,包装,包装好,positive,包装好
TRAIN_7277,PRODUCT_217866,图书音像,正品,正品放心,positive,正品放心
TRAIN_7279,PRODUCT_393637,手机/数码,价格,性价比高,positive,性价比高
TRAIN_7296,PRODUCT_171770,图书音像,质量,质量好,positive,质量好
TRAIN_7306,PRODUCT_13484,美妆个护,味道,味道不错,positive,味道不错
TRAIN_7313,PRODUCT_75187,图书音像,外观,外观一般,negative,外观一般
TRAIN_7317,PRODUCT_183989,图书音像,质量,质量好,positive,质量好
TRAIN_7319,PRODUCT_272165,图书音像,质量,质量好,positive,质量好
TRAIN_7322,PRODUCT_142055,图书音像,正品,正品放心,positive,正品放心
TRAIN_7323,PRODUCT_65475,图书音像,正品,正品放心,positive,正品放心
TRAIN_7325,PRODUCT_500013,家居生活,质量,质量好,positive,质量好
TRAIN_7326,PRODUCT_300786,图书音像,包装,包装好,positive,包装好
TRAIN_7334,PRODUCT_187827,图书音像,质量,质量好,positive,质量好
TRAIN_7336,PRODUCT_314492,图书音像,质量,质量差,negative,质量差
TRAIN_7351,PRODUCT_96623,图书音像,推荐,会回购,positive,会回购
TRAIN_7352,PRODUCT_277345,图书音像,价格,性价比高,positive,性价比高
TRAIN_7361,PRODUCT_482166,食品/保健,味道,味道不错,positive,味道不错
TRAIN_7386,PRODUCT_366407,运动户外,质量,质量好,positive,质量好
TRAIN_7389,PRODUCT_83739,图书音像,包装,包装好,positive,包装好
TRAIN_7391,PRODUCT_467963,图书音像,价格,性价比高,positive,性价比高
TRAIN_7392,PRODUCT_10266,图书音像,推荐,会回购,positive,会回购
TRAIN_7393,PRODUCT_486112,图书音像,质量,质量好,positive,质量好
TRAIN_7396,PRODUCT_329322,手机/数码,正品,正品放心,positive,正品放心
TRAIN_7398,PRODUCT_7682,图书音像,价格,价格贵,negative,价格贵
TRAIN_7404,PRODUCT_137969,图书音像,内容,内容不错,positive,内容不错
TRAIN_7415,PRODUCT_138492,图书音像,推荐,会回购,positive,会回购
TRAIN_7417,PRODUCT_131224,图书音像,内容,内容不错,positive,内容不错
TRAIN_7423,PRODUCT_490913,图书音像,质量,质量好,positive,质量好
TRAIN_7424,PRODUCT_171009,图书音像,正品,正品放心,positive,正品放心
TRAIN_7433,PRODUCT_504129,电脑/办公,物流,发货快,positive,发货快
TRAIN_7434,PRODUCT_316694,手机/数码,耐用,容易坏,negative,容易坏
TRAIN_7443,PRODUCT_86832,图书音像,价格,性价比高,positive,性价比高
TRAIN_7454,PRODUCT_37747,图书音像,正品,正品放心,positive,正品放心
TRAIN_7455,PRODUCT_351803,手机/数码,正品,正品放心,positive,正品放心
TRAIN_7475,PRODUCT_67283,家居生活,质量,质量好,positive,质量好
TRAIN_7480,PRODUCT_423287,图书音像,正品,疑似假货,negative,疑似假货
TRAIN_7483,PRODUCT_308205,手机/数码,正品,正品放心,positive,正品放心
TRAIN_7492,PRODUCT_221495,手机/数码,质量,质量好,positive,质量好
TRAIN_7492,PRODUCT_221495,手机/数码,价格,性价比高,positive,性价比高
TRAIN_7498,PRODUCT_325923,图书音像,质量,质量好,positive,质量好
TRAIN_7502,PRODUCT_224891,图书音像,正品,正品放心,positive,正品放心
TRAIN_7504,PRODUCT_333173,图书音像,正品,正品放心,positive,正品放心
TRAIN_7511,PRODUCT_74065,图书音像,推荐,不推荐,negative,不推荐
TRAIN_7524,PRODUCT_187791,图书音像,质量,质量好,positive,质量好
TRAIN_7526,PRODUCT_457344,图书音像,质量,质量好,positive,质量好
TRAIN_7533,PRODUCT_348686,图书音像,质量,质量好,positive,质量好
TRAIN_7542,PRODUCT_150802,图书音像,价格,性价比高,positive,性价比高
TRAIN_7557,PRODUCT_69560,图书音像,质量,质量好,positive,质量好
TRAIN_7557,PRODUCT_69560,图书音像,正品,正品放心,positive,正品放心
TRAIN_7558,PRODUCT_473851,图书音像,包装,包装差,negative,包装差
TRAIN_7560,PRODUCT_317227,家用电器,正品,正品放心,positive,正品放心
TRAIN_7564,PRODUCT_119152,家具/家装/建材,质量,质量好,positive,质量好
TRAIN_7564,PRODUCT_119152,家具/家装/建材,价格,性价比高,positive,性价比高
TRAIN_7572,PRODUCT_434246,图书音像,正品,正品放心,positive,正品放心
TRAIN_7574,PRODUCT_159312,美妆个护,价格,价格贵,negative,价格贵
TRAIN_7575,PRODUCT_457861,图书音像,质量,质量好,positive,质量好
TRAIN_7586,PRODUCT_97634,图书音像,价格,性价比高,positive,性价比高
TRAIN_7590,PRODUCT_68165,图书音像,内容,内容不错,positive,内容不错
TRAIN_7594,PRODUCT_280840,图书音像,正品,正品放心,positive,正品放心
TRAIN_7606,PRODUCT_39536,图书音像,内容,内容一般,negative,内容一般
TRAIN_7611,PRODUCT_454264,美妆个护,正品,正品放心,positive,正品放心
TRAIN_7611,PRODUCT_454264,美妆个护,味道,味道不错,positive,味道不错
TRAIN_7615,PRODUCT_499309,钟表/首饰/眼镜/礼品,包装,包装好,positive,包装好
TRAIN_7618,PRODUCT_413172,图书音像,正品,正品放心,positive,正品放心
TRAIN_7625,PRODUCT_179287,电脑/办公,推荐,会回购,positive,会回购
TRAIN_7626,PRODUCT_24001,图书音像,内容,内容不错,positive,内容不错
TRAIN_7627,PRODUCT_294216,图书音像,正品,疑似假货,negative,疑似假货
TRAIN_7629,PRODUCT_313819,家居生活,正品,正品放心,positive,正品放心
TRAIN_7647,PRODUCT_470820,家用电器,正品,正品放心,positive,正品放心
TRAIN_7652,PRODUCT_12403,家居生活,耐用,很耐用,positive,很耐用
TRAIN_7655,PRODUCT_371526,图书音像,质量,质量好,positive,质量好
TRAIN_7659,PRODUCT_14199,图书音像,正品,正品放心,positive,正品放心
TRAIN_7660,PRODUCT_45083,家用电器,价格,性价比高,positive,性价比高
TRAIN_7662,PRODUCT_220452,图书音像,质量,质量好,positive,质量好
TRAIN_7665,PRODUCT_511272,图书音像,推荐,会回购,positive,会回购
TRAIN_7670,PRODUCT_505218,图书音像,质量,质量差,negative,质量差
TRAIN_7670,PRODUCT_505218,图书音像,推荐,不推荐,negative,不推荐
TRAIN_7676,PRODUCT_290156,图书音像,内容,内容不错,positive,内容不错
TRAIN_7677,PRODUCT_511649,食品/保健,价格,性价比高,positive,性价比高
TRAIN_7686,PRODUCT_400189,图书音像,质量,质量好,positive,质量好
TRAIN_7688,PRODUCT_256325,食品/保健,味道,味道不错,positive,味道不错
TRAIN_7688,PRODUCT_256325,食品/保健,新鲜,很新鲜,positive,很新鲜
TRAIN_7690,PRODUCT_164585,图书音像,质量,质量好,positive,质量好
TRAIN_7691,PRODUCT_509812,图书音像,内容,内容不错,positive,内容不错
TRAIN_7695,PRODUCT_493793,家用电器,质量,质量好,positive,质量好
TRAIN_7709,PRODUCT_297570,图书音像,物流,发货快,positive,发货快
TRAIN_7709,PRODUCT_297570,图书音像,正品,正品放心,positive,正品放心
TRAIN_7714,PRODUCT_44106,手机/数码,质量,质量好,positive,质量好
TRAIN_7735,PRODUCT_58631,美妆个护,外观,外观一般,negative,外观一般
TRAIN_7744,PRODUCT_98335,美妆个护,味道,味道不错,positive,味道不错
TRAIN_7746,PRODUCT_449078,图书音像,质量,质量好,positive,质量好
TRAIN_7750,PRODUCT_100023,图书音像,物流,物流慢,negative,物流慢
TRAIN_7753,PRODUCT_40290,手机/数码,价格,性价比高,positive,性价比高
TRAIN_7756,PRODUCT_103843,母婴/玩具,价格,性价比高,positive,性价比高
TRAIN_7758,PRODUCT_7326,图书音像,质量,质量好,positive,质量好
TRAIN_7762,PRODUCT_490031,家用电器,质量,质量好,positive,质量好
TRAIN_7762,PRODUCT_490031,家用电器,价格,价格贵,negative,价格贵
TRAIN_7770,PRODUCT_408773,图书音像,质量,质量好,positive,质量好
TRAIN_7793,PRODUCT_69854,家居生活,质量,质量好,positive,质量好
TRAIN_7796,PRODUCT_439418,家居生活,正品,正品放心,positive,正品放心
TRAIN_7797,PRODUCT_170206,图书音像,价格,性价比高,positive,性价比高
TRAIN_7798,PRODUCT_457344,图书音像,质量,质量好,positive,质量好
TRAIN_7802,PRODUCT_33933,鞋类箱包,质量,质量好,positive,质量好
TRAIN_7805,PRODUCT_385777,图书音像,正品,正品放心,positive,正品放心
TRAIN_7809,PRODUCT_204615,图书音像,质量,质量好,positive,质量好
TRAIN_7814,PRODUCT_445750,图书音像,正品,疑似假货,negative,疑似假货
TRAIN_7826,PRODUCT_465538,图书音像,价格,性价比高,positive,性价比高
TRAIN_7829,PRODUCT_385504,图书音像,质量,质量好,positive,质量好
TRAIN_7832,PRODUCT_37230,美妆个护,价格,性价比高,positive,性价比高
TRAIN_7834,PRODUCT_212715,电脑/办公,正品,正品放心,positive,正品放心
TRAIN_7835,PRODUCT_490598,图书音像,正品,疑似假货,negative,疑似假货
TRAIN_7836,PRODUCT_82433,图书音像,价格,性价比高,positive,性价比高
TRAIN_7838,PRODUCT_316582,电脑/办公,包装,包装好,positive,包装好
TRAIN_7840,PRODUCT_452900,图书音像,正品,正品放心,positive,正品放心
TRAIN_7845,PRODUCT_351216,图书音像,包装,包装差,negative,包装差
TRAIN_7848,PRODUCT_379085,图书音像,价格,性价比高,positive,性价比高
TRAIN_7852,PRODUCT_481563,图书音像,正品,正品放心,positive,正品放心
TRAIN_7858,PRODUCT_187393,图书音像,包装,包装差,negative,包装差
TRAIN_7861,PRODUCT_341290,图书音像,内容,内容一般,negative,内容一般
TRAIN_7868,PRODUCT_232246,其他,正品,正品放心,positive,正品放心
TRAIN_7869,PRODUCT_32431,其他,物流,发货快,positive,发货快
TRAIN_7875,PRODUCT_164353,图书音像,质量,质量好,positive,质量好
TRAIN_7878,PRODUCT_507323,电脑/办公,价格,性价比高,positive,性价比高
TRAIN_7881,PRODUCT_248147,家居生活,外观,外观好看,positive,外观好看
TRAIN_7887,PRODUCT_228270,手机/数码,耐用,很耐用,positive,很耐用
TRAIN_7889,PRODUCT_190272,家用电器,耐用,容易坏,negative,容易坏
TRAIN_7890,PRODUCT_463099,图书音像,价格,性价比高,positive,性价比高
TRAIN_7892,PRODUCT_136932,图书音像,正品,疑似假货,negative,疑似假货
TRAIN_7894,PRODUCT_439211,图书音像,质量,质量好,positive,质量好
TRAIN_7896,PRODUCT_283568,手机/数码,质量,质量好,positive,质量好
TRAIN_7898,PRODUCT_521063,电脑/办公,质量,质量好,positive,质量好
TRAIN_7902,PRODUCT_403473,图书音像,质量,质量差,negative,质量差
TRAIN_7902,PRODUCT_403473,图书音像,正品,正品放心,positive,正品放心
TRAIN_7914,PRODUCT_137799,美妆个护,正品,正品放心,positive,正品放心
TRAIN_7920,PRODUCT_232100,图书音像,正品,正品放心,positive,正品放心
TRAIN_7930,PRODUCT_39863,图书音像,包装,包装好,positive,包装好
TRAIN_7932,PRODUCT_341696,图书音像,质量,质量好,positive,质量好
TRAIN_7933,PRODUCT_324542,图书音像,包装,包装好,positive,包装好
TRAIN_7944,PRODUCT_40918,电脑/办公,价格,性价比高,positive,性价比高
TRAIN_7945,PRODUCT_174049,电脑/办公,正品,正品放心,positive,正品放心
TRAIN_7946,PRODUCT_277135,图书音像,质量,质量好,positive,质量好
TRAIN_7949,PRODUCT_49088,钟表/首饰/眼镜/礼品,正品,正品放心,positive,正品放心
TRAIN_7961,PRODUCT_51359,其他,价格,价格贵,negative,价格贵
TRAIN_7964,PRODUCT_103578,图书音像,质量,质量差,negative,质量差
TRAIN_7964,PRODUCT_103578,图书音像,正品,疑似假货,negative,疑似假货
TRAIN_7968,PRODUCT_180423,电脑/办公,耐用,容易坏,negative,容易坏
TRAIN_7970,PRODUCT_145290,图书音像,价格,性价比高,positive,性价比高
TRAIN_7970,PRODUCT_145290,图书音像,价格,价格贵,negative,价格贵
TRAIN_7973,PRODUCT_19663,图书音像,外观,外观一般,negative,外观一般
TRAIN_7977,PRODUCT_522457,图书音像,质量,质量好,positive,质量好
TRAIN_7977,PRODUCT_522457,图书音像,正品,正品放心,positive,正品放心
TRAIN_7994,PRODUCT_454582,图书音像,正品,疑似假货,negative,疑似假货
TRAIN_7995,PRODUCT_217086,家用电器,质量,质量差,negative,质量差
TRAIN_7995,PRODUCT_217086,家用电器,正品,正品放心,positive,正品放心
TRAIN_7999,PRODUCT_178657,图书音像,质量,质量好,positive,质量好
TRAIN_8005,PRODUCT_404626,食品/保健,味道,味道不错,positive,味道不错
TRAIN_8007,PRODUCT_8116,图书音像,内容,内容不错,positive,内容不错
TRAIN_8017,PRODUCT_182502,图书音像,包装,包装好,positive,包装好
TRAIN_8018,PRODUCT_226097,图书音像,推荐,会回购,positive,会回购
TRAIN_8022,PRODUCT_183343,图书音像,内容,内容不错,positive,内容不错
TRAIN_8025,PRODUCT_504534,图书音像,内容,内容一般,negative,内容一般
TRAIN_8030,PRODUCT_31258,家用电器,耐用,很耐用,positive,很耐用
TRAIN_8031,PRODUCT_188892,美妆个护,推荐,会回购,positive,会回购
TRAIN_8038,PRODUCT_371335,家具/家装/建材,耐用,容易坏,negative,容易坏
TRAIN_8041,PRODUCT_50152,图书音像,推荐,不推荐,negative,不推荐
TRAIN_8046,PRODUCT_56556,美妆个护,价格,性价比高,positive,性价比高
TRAIN_8051,PRODUCT_301966,图书音像,质量,质量差,negative,质量差
TRAIN_8053,PRODUCT_431290,电脑/办公,包装,包装好,positive,包装好
TRAIN_8057,PRODUCT_361599,图书音像,质量,质量好,positive,质量好
TRAIN_8057,PRODUCT_361599,图书音像,正品,正品放心,positive,正品放心
TRAIN_8065,PRODUCT_394925,图书音像,质量,质量差,negative,质量差
TRAIN_8065,PRODUCT_394925,图书音像,耐用,容易坏,negative,容易坏
TRAIN_8070,PRODUCT_486883,图书音像,包装,包装差,negative,包装差
TRAIN_8077,PRODUCT_336925,图书音像,质量,质量好,positive,质量好
TRAIN_8077,PRODUCT_336925,图书音像,内容,内容不错,positive,内容不错
TRAIN_8079,PRODUCT_473782,图书音像,质量,质量好,positive,质量好
TRAIN_8080,PRODUCT_379985,图书音像,内容,内容不错,positive,内容不错
TRAIN_8083,PRODUCT_395408,家用电器,耐用,很耐用,positive,很耐用
TRAIN_8086,PRODUCT_407428,电脑/办公,价格,性价比高,positive,性价比高
TRAIN_8088,PRODUCT_302441,图书音像,质量,质量差,negative,质量差
TRAIN_8090,PRODUCT_76789,图书音像,物流,发货快,positive,发货快
TRAIN_8090,PRODUCT_76789,图书音像,包装,包装好,positive,包装好
TRAIN_8091,PRODUCT_394430,手机/数码,价格,性价比高,positive,性价比高
TRAIN_8092,PRODUCT_507761,美妆个护,外观,外观一般,negative,外观一般
TRAIN_8094,PRODUCT_337730,图书音像,包装,包装差,negative,包装差
TRAIN_8095,PRODUCT_2146,图书音像,正品,正品放心,positive,正品放心
TRAIN_8096,PRODUCT_335303,其他,价格,性价比高,positive,性价比高
TRAIN_8096,PRODUCT_335303,其他,正品,正品放心,positive,正品放心
TRAIN_8104,PRODUCT_365683,家用电器,推荐,不推荐,negative,不推荐
TRAIN_8106,PRODUCT_45243,手机/数码,耐用,容易坏,negative,容易坏
TRAIN_8107,PRODUCT_243804,手机/数码,正品,正品放心,positive,正品放心
TRAIN_8111,PRODUCT_191195,电脑/办公,正品,正品放心,positive,正品放心
TRAIN_8122,PRODUCT_319292,图书音像,正品,正品放心,positive,正品放心
TRAIN_8127,PRODUCT_310114,图书音像,质量,质量差,negative,质量差
TRAIN_8136,PRODUCT_142907,图书音像,质量,质量好,positive,质量好
TRAIN_8139,PRODUCT_489463,手机/数码,正品,正品放心,positive,正品放心
TRAIN_8146,PRODUCT_392618,图书音像,质量,质量好,positive,质量好
TRAIN_8152,PRODUCT_434016,家居生活,耐用,容易坏,negative,容易坏
TRAIN_8154,PRODUCT_499098,图书音像,内容,内容不错,positive,内容不错
TRAIN_8164,PRODUCT_477486,手机/数码,质量,质量差,negative,质量差
TRAIN_8164,PRODUCT_477486,手机/数码,推荐,不推荐,negative,不推荐
TRAIN_8175,PRODUCT_220472,图书音像,正品,疑似假货,negative,疑似假货
TRAIN_8183,PRODUCT_347244,图书音像,耐用,容易坏,negative,容易坏
TRAIN_8184,PRODUCT_466870,图书音像,质量,质量好,positive,质量好
TRAIN_8199,PRODUCT_329222,电脑/办公,正品,疑似假货,negative,疑似假货
TRAIN_8205,PRODUCT_497692,图书音像,质量,质量好,positive,质量好
TRAIN_8210,PRODUCT_434790,图书音像,质量,质量好,positive,质量好
TRAIN_8211,PRODUCT_186085,图书音像,质量,质量好,positive,质量好
TRAIN_8220,PRODUCT_66070,图书音像,耐用,很耐用,positive,很耐用
TRAIN_8224,PRODUCT_328262,图书音像,正品,正品放心,positive,正品放心
TRAIN_8226,PRODUCT_98275,图书音像,内容,内容不错,positive,内容不错
TRAIN_8227,PRODUCT_443381,图书音像,正品,正品放心,positive,正品放心
TRAIN_8229,PRODUCT_481419,图书音像,质量,质量好,positive,质量好
TRAIN_8230,PRODUCT_276646,家用电器,价格,性价比高,positive,性价比高
TRAIN_8231,PRODUCT_340926,图书音像,正品,正品放心,positive,正品放心
TRAIN_8231,PRODUCT_340926,图书音像,正品,疑似假货,negative,疑似假货
TRAIN_8232,PRODUCT_522278,图书音像,质量,质量好,positive,质量好
TRAIN_8236,PRODUCT_172655,家用电器,价格,性价比高,positive,性价比高
TRAIN_8236,PRODUCT_172655,家用电器,推荐,会回购,positive,会回购
TRAIN_8251,PRODUCT_272521,图书音像,物流,发货快,positive,发货快
TRAIN_8252,PRODUCT_133519,图书音像,包装,包装差,negative,包装差
TRAIN_8254,PRODUCT_32431,其他,耐用,容易坏,negative,容易坏
TRAIN_8258,PRODUCT_405911,图书音像,正品,疑似假货,negative,疑似假货
TRAIN_8265,PRODUCT_3576,图书音像,价格,性价比高,positive,性价比高
TRAIN_8268,PRODUCT_176062,手机/数码,耐用,很耐用,positive,很耐用
TRAIN_8273,PRODUCT_245500,图书音像,正品,正品放心,positive,正品放心
TRAIN_8276,PRODUCT_318870,母婴/玩具,质量,质量好,positive,质量好
TRAIN_8287,PRODUCT_311917,图书音像,质量,质量差,negative,质量差
TRAIN_8291,PRODUCT_222436,图书音像,推荐,不推荐,negative,不推荐
TRAIN_8304,PRODUCT_342021,图书音像,正品,正品放心,positive,正品放心
TRAIN_8316,PRODUCT_43510,美妆个护,正品,正品放心,positive,正品放心
TRAIN_8316,PRODUCT_43510,美妆个护,味道,味道不错,positive,味道不错
TRAIN_8326,PRODUCT_105940,图书音像,包装,包装好,positive,包装好
TRAIN_8326,PRODUCT_105940,图书音像,包装,包装差,negative,包装差
TRAIN_8333,PRODUCT_130121,图书音像,正品,正品放心,positive,正品放心
TRAIN_8336,PRODUCT_171952,电脑/办公,价格,性价比高,positive,性价比高
TRAIN_8337,PRODUCT_12186,图书音像,正品,疑似假货,negative,疑似假货
TRAIN_8348,PRODUCT_127618,家具/家装/建材,价格,性价比高,positive,性价比高
TRAIN_8348,PRODUCT_127618,家具/家装/建材,耐用,很耐用,positive,很耐用
TRAIN_8367,PRODUCT_100941,图书音像,内容,内容不错,positive,内容不错
TRAIN_8374,PRODUCT_423684,图书音像,内容,内容不错,positive,内容不错
TRAIN_8379,PRODUCT_132423,图书音像,内容,内容不错,positive,内容不错
TRAIN_8381,PRODUCT_125095,图书音像,质量,质量好,positive,质量好
TRAIN_8391,PRODUCT_259457,手机/数码,正品,正品放心,positive,正品放心
TRAIN_8392,PRODUCT_186204,图书音像,正品,正品放心,positive,正品放心
TRAIN_8404,PRODUCT_143207,图书音像,物流,发货快,positive,发货快
TRAIN_8408,PRODUCT_281394,图书音像,正品,正品放心,positive,正品放心
TRAIN_8410,PRODUCT_167053,图书音像,质量,质量好,positive,质量好
TRAIN_8412,PRODUCT_341531,图书音像,正品,正品放心,positive,正品放心
TRAIN_8413,PRODUCT_237183,图书音像,内容,内容不错,positive,内容不错
TRAIN_8419,PRODUCT_436387,手机/数码,质量,质量好,positive,质量好
TRAIN_8435,PRODUCT_307512,美妆个护,正品,疑似假货,negative,疑似假货
TRAIN_8440,PRODUCT_108875,图书音像,推荐,会回购,positive,会回购
TRAIN_8451,PRODUCT_422306,图书音像,正品,疑似假货,negative,疑似假货
TRAIN_8452,PRODUCT_395903,电脑/办公,价格,性价比高,positive,性价比高
TRAIN_8452,PRODUCT_395903,电脑/办公,推荐,会回购,positive,会回购
TRAIN_8462,PRODUCT_424174,图书音像,正品,疑似假货,negative,疑似假货
TRAIN_8475,PRODUCT_401582,家居生活,质量,质量好,positive,质量好
TRAIN_8478,PRODUCT_352003,图书音像,推荐,会回购,positive,会回购
TRAIN_8478,PRODUCT_352003,图书音像,内容,内容不错,positive,内容不错
TRAIN_8501,PRODUCT_166984,母婴/玩具,正品,正品放心,positive,正品放心
TRAIN_8503,PRODUCT_319661,图书音像,质量,质量好,positive,质量好
TRAIN_8503,PRODUCT_319661,图书音像,内容,内容不错,positive,内容不错
TRAIN_8508,PRODUCT_519794,钟表/首饰/眼镜/礼品,正品,正品放心,positive,正品放心
TRAIN_8509,PRODUCT_387816,图书音像,质量,质量好,positive,质量好
TRAIN_8511,PRODUCT_144688,图书音像,价格,性价比高,positive,性价比高
TRAIN_8511,PRODUCT_144688,图书音像,正品,正品放心,positive,正品放心
TRAIN_8513,PRODUCT_380338,图书音像,质量,质量差,negative,质量差
TRAIN_8520,PRODUCT_495744,手机/数码,耐用,很耐用,positive,很耐用
TRAIN_8525,PRODUCT_391061,图书音像,物流,发货快,positive,发货快
TRAIN_8528,PRODUCT_30180,图书音像,物流,发货快,positive,发货快
TRAIN_8528,PRODUCT_30180,图书音像,包装,包装好,positive,包装好
TRAIN_8538,PRODUCT_144662,电脑/办公,价格,性价比高,positive,性价比高
TRAIN_8540,PRODUCT_453625,其他,质量,质量好,positive,质量好
TRAIN_8550,PRODUCT_119898,图书音像,正品,正品放心,positive,正品放心
TRAIN_8551,PRODUCT_48802,图书音像,正品,疑似假货,negative,疑似假货
TRAIN_8554,PRODUCT_63040,图书音像,质量,质量好,positive,质量好
TRAIN_8556,PRODUCT_438136,图书音像,质量,质量好,positive,质量好
TRAIN_8565,PRODUCT_43599,图书音像,物流,发货快,positive,发货快
TRAIN_8574,PRODUCT_241313,美妆个护,味道,味道不错,positive,味道不错
TRAIN_8578,PRODUCT_230417,图书音像,质量,质量好,positive,质量好
TRAIN_8580,PRODUCT_510018,食品/保健,物流,发货快,positive,发货快
TRAIN_8580,PRODUCT_510018,食品/保健,味道,味道不错,positive,味道不错
TRAIN_8592,PRODUCT_517255,家具/家装/建材,外观,外观好看,positive,外观好看
TRAIN_8597,PRODUCT_15025,图书音像,内容,内容不错,positive,内容不错
TRAIN_8600,PRODUCT_205178,美妆个护,正品,正品放心,positive,正品放心
TRAIN_8604,PRODUCT_17097,图书音像,物流,发货快,positive,发货快
TRAIN_8604,PRODUCT_17097,图书音像,正品,正品放心,positive,正品放心
TRAIN_8605,PRODUCT_97733,图书音像,质量,质量好,positive,质量好
TRAIN_8607,PRODUCT_127634,电脑/办公,正品,正品放心,positive,正品放心
TRAIN_8618,PRODUCT_18766,图书音像,推荐,会回购,positive,会回购
TRAIN_8621,PRODUCT_446345,图书音像,价格,价格贵,negative,价格贵
TRAIN_8623,PRODUCT_417295,图书音像,质量,质量好,positive,质量好
TRAIN_8623,PRODUCT_417295,图书音像,正品,正品放心,positive,正品放心
TRAIN_8624,PRODUCT_24509,美妆个护,味道,味道不错,positive,味道不错
TRAIN_8628,PRODUCT_399666,图书音像,正品,正品放心,positive,正品放心
TRAIN_8631,PRODUCT_346347,电脑/办公,物流,发货快,positive,发货快
TRAIN_8636,PRODUCT_157135,图书音像,物流,发货快,positive,发货快
TRAIN_8647,PRODUCT_159005,家居生活,价格,性价比高,positive,性价比高
TRAIN_8648,PRODUCT_220115,图书音像,价格,性价比高,positive,性价比高
TRAIN_8648,PRODUCT_220115,图书音像,内容,内容不错,positive,内容不错
TRAIN_8654,PRODUCT_520126,图书音像,内容,内容一般,negative,内容一般
TRAIN_8656,PRODUCT_398335,手机/数码,正品,正品放心,positive,正品放心
TRAIN_8656,PRODUCT_398335,手机/数码,推荐,会回购,positive,会回购
TRAIN_8658,PRODUCT_154948,图书音像,正品,正品放心,positive,正品放心
TRAIN_8664,PRODUCT_218644,美妆个护,耐用,很耐用,positive,很耐用
TRAIN_8673,PRODUCT_470546,手机/数码,耐用,很耐用,positive,很耐用
TRAIN_8673,PRODUCT_470546,手机/数码,耐用,容易坏,negative,容易坏
TRAIN_8675,PRODUCT_43233,图书音像,推荐,不推荐,negative,不推荐
TRAIN_8676,PRODUCT_469799,图书音像,内容,内容不错,positive,内容不错
TRAIN_8685,PRODUCT_301602,图书音像,内容,内容一般,negative,内容一般
TRAIN_8689,PRODUCT_495140,图书音像,推荐,会回购,positive,会回购
TRAIN_8701,PRODUCT_180334,电脑/办公,耐用,很耐用,positive,很耐用
TRAIN_8705,PRODUCT_193635,母婴/玩具,质量,质量好,positive,质量好
TRAIN_8706,PRODUCT_11880,图书音像,价格,性价比高,positive,性价比高
TRAIN_8711,PRODUCT_184188,电脑/办公,耐用,容易坏,negative,容易坏
TRAIN_8715,PRODUCT_246985,电脑/办公,价格,性价比高,positive,性价比高
TRAIN_8715,PRODUCT_246985,电脑/办公,耐用,容易坏,negative,容易坏
TRAIN_8716,PRODUCT_319974,图书音像,推荐,会回购,positive,会回购
TRAIN_8718,PRODUCT_285475,图书音像,质量,质量差,negative,质量差
TRAIN_8719,PRODUCT_333012,图书音像,正品,正品放心,positive,正品放心
TRAIN_8730,PRODUCT_44831,图书音像,正品,疑似假货,negative,疑似假货
TRAIN_8731,PRODUCT_200528,图书音像,内容,内容不错,positive,内容不错
TRAIN_8732,PRODUCT_299650,图书音像,质量,质量好,positive,质量好
TRAIN_8732,PRODUCT_299650,图书音像,正品,疑似假货,negative,疑似假货
TRAIN_8733,PRODUCT_74681,图书音像,正品,正品放心,positive,正品放心
TRAIN_8745,PRODUCT_103850,图书音像,包装,包装差,negative,包装差
TRAIN_8746,PRODUCT_112645,电脑/办公,正品,正品放心,positive,正品放心
TRAIN_8750,PRODUCT_367147,图书音像,质量,质量好,positive,质量好
TRAIN_8754,PRODUCT_74065,图书音像,质量,质量好,positive,质量好
TRAIN_8761,PRODUCT_86606,图书音像,质量,质量好,positive,质量好
TRAIN_8767,PRODUCT_222271,图书音像,价格,性价比高,positive,性价比高
TRAIN_8781,PRODUCT_413969,图书音像,质量,质量差,negative,质量差
TRAIN_8793,PRODUCT_369879,图书音像,正品,疑似假货,negative,疑似假货
TRAIN_8794,PRODUCT_80446,鞋类箱包,价格,性价比高,positive,性价比高
TRAIN_8805,PRODUCT_509416,家居生活,价格,性价比高,positive,性价比高
TRAIN_8808,PRODUCT_395998,图书音像,质量,质量好,positive,质量好
TRAIN_8809,PRODUCT_47655,图书音像,正品,正品放心,positive,正品放心
TRAIN_8812,PRODUCT_525054,图书音像,质量,质量好,positive,质量好
TRAIN_8812,PRODUCT_525054,图书音像,包装,包装好,positive,包装好
TRAIN_8818,PRODUCT_467718,家具/家装/建材,正品,正品放心,positive,正品放心
TRAIN_8826,PRODUCT_215207,图书音像,内容,内容不错,positive,内容不错
TRAIN_8829,PRODUCT_511649,食品/保健,耐用,容易坏,negative,容易坏
TRAIN_8835,PRODUCT_10266,图书音像,质量,质量好,positive,质量好
TRAIN_8843,PRODUCT_510317,图书音像,质量,质量好,positive,质量好
TRAIN_8856,PRODUCT_8300,运动户外,质量,质量差,negative,质量差
TRAIN_8860,PRODUCT_112122,图书音像,推荐,会回购,positive,会回购
TRAIN_8865,PRODUCT_217362,图书音像,物流,发货快,positive,发货快
TRAIN_8873,PRODUCT_314569,其他,正品,正品放心,positive,正品放心
TRAIN_8889,PRODUCT_411357,图书音像,包装,包装差,negative,包装差
TRAIN_8897,PRODUCT_150504,鞋类箱包,质量,质量好,positive,质量好
TRAIN_8900,PRODUCT_493007,图书音像,正品,正品放心,positive,正品放心
TRAIN_8908,PRODUCT_214035,电脑/办公,质量,质量好,positive,质量好
TRAIN_8912,PRODUCT_249842,图书音像,包装,包装好,positive,包装好
TRAIN_8915,PRODUCT_430013,图书音像,正品,正品放心,positive,正品放心
TRAIN_8929,PRODUCT_114746,电脑/办公,耐用,很耐用,positive,很耐用
TRAIN_8929,PRODUCT_114746,电脑/办公,续航,续航差,negative,续航差
TRAIN_8938,PRODUCT_26382,图书音像,价格,性价比高,positive,性价比高
TRAIN_8940,PRODUCT_162247,图书音像,推荐,不推荐,negative,不推荐
TRAIN_8942,PRODUCT_376149,家用电器,物流,发货快,positive,发货快
TRAIN_8942,PRODUCT_376149,家用电器,价格,性价比高,positive,性价比高
TRAIN_8944,PRODUCT_496331,手机/数码,物流,发货快,positive,发货快
TRAIN_8945,PRODUCT_358586,美妆个护,正品,疑似假货,negative,疑似假货
TRAIN_8946,PRODUCT_517776,图书音像,正品,正品放心,positive,正品放心
TRAIN_8951,PRODUCT_405444,图书音像,价格,性价比高,positive,性价比高
TRAIN_8951,PRODUCT_405444,图书音像,正品,正品放心,positive,正品放心
TRAIN_8954,PRODUCT_340980,图书音像,质量,质量好,positive,质量好
TRAIN_8954,PRODUCT_340980,图书音像,内容,内容不错,positive,内容不错
TRAIN_8962,PRODUCT_516242,图书音像,正品,正品放心,positive,正品放心
TRAIN_8969,PRODUCT_148267,家居生活,物流,发货快,positive,发货快
TRAIN_8969,PRODUCT_148267,家居生活,包装,包装好,positive,包装好
TRAIN_8970,PRODUCT_275928,家居生活,正品,正品放心,positive,正品放心
TRAIN_8976,PRODUCT_48956,图书音像,物流,物流慢,negative,物流慢
TRAIN_8977,PRODUCT_26683,家用电器,正品,疑似假货,negative,疑似假货
TRAIN_8979,PRODUCT_258863,图书音像,内容,内容不错,positive,内容不错
TRAIN_8990,PRODUCT_35442,图书音像,推荐,不推荐,negative,不推荐
TRAIN_8994,PRODUCT_361207,电脑/办公,价格,性价比高,positive,性价比高
TRAIN_8997,PRODUCT_332711,图书音像,质量,质量差,negative,质量差
TRAIN_8998,PRODUCT_356582,图书音像,质量,质量差,negative,质量差
TRAIN_9000,PRODUCT_336520,图书音像,内容,内容不错,positive,内容不错
TRAIN_9001,PRODUCT_188332,图书音像,内容,内容不错,positive,内容不错
TRAIN_9007,PRODUCT_483684,图书音像,正品,正品放心,positive,正品放心
TRAIN_9008,PRODUCT_188163,图书音像,推荐,不推荐,negative,不推荐
TRAIN_9018,PRODUCT_194752,家用电器,物流,发货快,positive,发货快
TRAIN_9018,PRODUCT_194752,家用电器,价格,性价比高,positive,性价比高
TRAIN_9020,PRODUCT_423638,手机/数码,质量,质量好,positive,质量好
TRAIN_9024,PRODUCT_269720,图书音像,质量,质量好,positive,质量好
TRAIN_9028,PRODUCT_219947,电脑/办公,正品,正品放心,positive,正品放心
TRAIN_9030,PRODUCT_12328,美妆个护,正品,疑似假货,negative,疑似假货
TRAIN_9030,PRODUCT_12328,美妆个护,耐用,很耐用,positive,很耐用
TRAIN_9034,PRODUCT_447554,图书音像,质量,质量好,positive,质量好
TRAIN_9036,PRODUCT_183206,电脑/办公,正品,正品放心,positive,正品放心
TRAIN_9044,PRODUCT_399938,图书音像,质量,质量好,positive,质量好
TRAIN_9044,PRODUCT_399938,图书音像,物流,发货快,positive,发货快
TRAIN_9047,PRODUCT_89633,图书音像,内容,内容不错,positive,内容不错
TRAIN_9048,PRODUCT_218644,美妆个护,正品,正品放心,positive,正品放心
TRAIN_9056,PRODUCT_434145,图书音像,正品,正品放心,positive,正品放心
TRAIN_9057,PRODUCT_90742,家用电器,质量,质量好,positive,质量好
TRAIN_9057,PRODUCT_90742,家用电器,耐用,很耐用,positive,很耐用
TRAIN_9061,PRODUCT_469204,图书音像,质量,质量差,negative,质量差
TRAIN_9061,PRODUCT_469204,图书音像,内容,内容一般,negative,内容一般
TRAIN_9075,PRODUCT_115122,其他,物流,发货快,positive,发货快
TRAIN_9075,PRODUCT_115122,其他,包装,包装好,positive,包装好
TRAIN_9079,PRODUCT_51827,图书音像,质量,质量好,positive,质量好
TRAIN_9086,PRODUCT_397828,图书音像,物流,发货快,positive,发货快
TRAIN_9088,PRODUCT_393717,图书音像,质量,质量好,positive,质量好
TRAIN_9088,PRODUCT_393717,图书音像,正品,正品放心,positive,正品放心
TRAIN_9104,PRODUCT_350725,电脑/办公,外观,外观好看,positive,外观好看
TRAIN_9113,PRODUCT_73746,图书音像,物流,发货快,positive,发货快
TRAIN_9118,PRODUCT_93793,图书音像,物流,发货快,positive,发货快
TRAIN_9124,PRODUCT_8258,图书音像,质量,质量好,positive,质量好
TRAIN_9124,PRODUCT_8258,图书音像,正品,正品放心,positive,正品放心
TRAIN_9127,PRODUCT_61773,图书音像,正品,正品放心,positive,正品放心
TRAIN_9129,PRODUCT_185119,图书音像,推荐,不推荐,negative,不推荐
TRAIN_9142,PRODUCT_149212,美妆个护,味道,味道不错,positive,味道不错
TRAIN_9148,PRODUCT_470261,图书音像,价格,性价比高,positive,性价比高
TRAIN_9149,PRODUCT_264661,家居生活,质量,质量好,positive,质量好
TRAIN_9149,PRODUCT_264661,家居生活,正品,正品放心,positive,正品放心
TRAIN_9154,PRODUCT_176247,图书音像,质量,质量好,positive,质量好
TRAIN_9168,PRODUCT_48358,图书音像,内容,内容不错,positive,内容不错
TRAIN_9184,PRODUCT_298209,图书音像,内容,内容不错,positive,内容不错
TRAIN_9189,PRODUCT_445902,电脑/办公,价格,性价比高,positive,性价比高
TRAIN_9190,PRODUCT_358657,图书音像,价格,性价比高,positive,性价比高
TRAIN_9194,PRODUCT_479220,图书音像,包装,包装好,positive,包装好
TRAIN_9195,PRODUCT_166626,图书音像,耐用,很耐用,positive,很耐用
TRAIN_9199,PRODUCT_273122,美妆个护,物流,物流慢,negative,物流慢
TRAIN_9199,PRODUCT_273122,美妆个护,包装,包装好,positive,包装好
TRAIN_9199,PRODUCT_273122,美妆个护,正品,正品放心,positive,正品放心
TRAIN_9200,PRODUCT_203231,手机/数码,价格,价格贵,negative,价格贵
TRAIN_9209,PRODUCT_137774,美妆个护,正品,疑似假货,negative,疑似假货
TRAIN_9217,PRODUCT_41266,图书音像,质量,质量差,negative,质量差
TRAIN_9217,PRODUCT_41266,图书音像,内容,内容一般,negative,内容一般
TRAIN_9238,PRODUCT_66049,图书音像,价格,性价比高,positive,性价比高
TRAIN_9246,PRODUCT_147540,美妆个护,味道,味道不错,positive,味道不错
TRAIN_9249,PRODUCT_513971,图书音像,质量,质量好,positive,质量好
TRAIN_9261,PRODUCT_193921,图书音像,质量,质量差,negative,质量差
TRAIN_9286,PRODUCT_118198,图书音像,正品,正品放心,positive,正品放心
TRAIN_9287,PRODUCT_499269,美妆个护,物流,发货快,positive,发货快
TRAIN_9287,PRODUCT_499269,美妆个护,正品,正品放心,positive,正品放心
TRAIN_9290,PRODUCT_242478,电脑/办公,质量,质量好,positive,质量好
TRAIN_9304,PRODUCT_10266,图书音像,内容,内容不错,positive,内容不错
TRAIN_9309,PRODUCT_10839,家用电器,质量,质量好,positive,质量好
TRAIN_9309,PRODUCT_10839,家用电器,价格,性价比高,positive,性价比高
TRAIN_9313,PRODUCT_392730,图书音像,正品,正品放心,positive,正品放心
TRAIN_9318,PRODUCT_1839,家用电器,推荐,不推荐,negative,不推荐
TRAIN_9325,PRODUCT_499848,家用电器,质量,质量好,positive,质量好
TRAIN_9326,PRODUCT_24609,家用电器,物流,发货快,positive,发货快
TRAIN_9332,PRODUCT_28575,图书音像,质量,质量好,positive,质量好
TRAIN_9332,PRODUCT_28575,图书音像,正品,正品放心,positive,正品放心
TRAIN_9338,PRODUCT_352769,图书音像,正品,正品放心,positive,正品放心
TRAIN_9342,PRODUCT_255363,图书音像,质量,质量好,positive,质量好
TRAIN_9344,PRODUCT_80791,图书音像,物流,发货快,positive,发货快
TRAIN_9345,PRODUCT_469896,家用电器,包装,包装差,negative,包装差
TRAIN_9346,PRODUCT_146810,美妆个护,正品,疑似假货,negative,疑似假货
TRAIN_9347,PRODUCT_439418,家居生活,价格,性价比高,positive,性价比高
TRAIN_9350,PRODUCT_489887,图书音像,内容,内容不错,positive,内容不错
TRAIN_9353,PRODUCT_24609,家用电器,物流,发货快,positive,发货快
TRAIN_9353,PRODUCT_24609,家用电器,价格,性价比高,positive,性价比高
TRAIN_9356,PRODUCT_468397,美妆个护,味道,味道不错,positive,味道不错
TRAIN_9358,PRODUCT_13960,图书音像,正品,正品放心,positive,正品放心
TRAIN_9361,PRODUCT_263740,图书音像,质量,质量好,positive,质量好
TRAIN_9362,PRODUCT_15807,图书音像,价格,性价比高,positive,性价比高
TRAIN_9365,PRODUCT_463453,图书音像,质量,质量好,positive,质量好
TRAIN_9377,PRODUCT_423514,美妆个护,价格,价格贵,negative,价格贵
TRAIN_9380,PRODUCT_168259,家具/家装/建材,质量,质量好,positive,质量好
TRAIN_9384,PRODUCT_274305,图书音像,内容,内容不错,positive,内容不错
TRAIN_9385,PRODUCT_298066,图书音像,质量,质量差,negative,质量差
TRAIN_9385,PRODUCT_298066,图书音像,正品,正品放心,positive,正品放心
TRAIN_9387,PRODUCT_52216,图书音像,推荐,会回购,positive,会回购
TRAIN_9387,PRODUCT_52216,图书音像,推荐,不推荐,negative,不推荐
TRAIN_9391,PRODUCT_151195,图书音像,推荐,会回购,positive,会回购
TRAIN_9392,PRODUCT_421645,图书音像,价格,性价比高,positive,性价比高
TRAIN_9396,PRODUCT_370126,图书音像,推荐,会回购,positive,会回购
TRAIN_9398,PRODUCT_65256,图书音像,推荐,会回购,positive,会回购
TRAIN_9398,PRODUCT_65256,图书音像,内容,内容不错,positive,内容不错
TRAIN_9409,PRODUCT_12820,图书音像,质量,质量好,positive,质量好
TRAIN_9410,PRODUCT_477175,电脑/办公,物流,发货快,positive,发货快
TRAIN_9426,PRODUCT_43119,食品/保健,味道,味道不错,positive,味道不错
TRAIN_9435,PRODUCT_207475,图书音像,内容,内容不错,positive,内容不错
TRAIN_9437,PRODUCT_432727,图书音像,质量,质量好,positive,质量好
TRAIN_9447,PRODUCT_308103,图书音像,包装,包装好,positive,包装好
TRAIN_9453,PRODUCT_252151,图书音像,内容,内容不错,positive,内容不错
TRAIN_9456,PRODUCT_110355,手机/数码,质量,质量好,positive,质量好
TRAIN_9461,PRODUCT_388018,运动户外,价格,性价比高,positive,性价比高
TRAIN_9463,PRODUCT_382684,美妆个护,味道,味道不错,positive,味道不错
TRAIN_9477,PRODUCT_329949,图书音像,质量,质量好,positive,质量好
TRAIN_9479,PRODUCT_326580,图书音像,正品,正品放心,positive,正品放心
TRAIN_9480,PRODUCT_3607,手机/数码,推荐,会回购,positive,会回购
TRAIN_9484,PRODUCT_480719,图书音像,物流,发货快,positive,发货快
TRAIN_9484,PRODUCT_480719,图书音像,正品,正品放心,positive,正品放心
TRAIN_9486,PRODUCT_92480,手机/数码,正品,正品放心,positive,正品放心
TRAIN_9489,PRODUCT_141565,家用电器,价格,性价比高,positive,性价比高
TRAIN_9492,PRODUCT_329468,家具/家装/建材,价格,性价比高,positive,性价比高
TRAIN_9502,PRODUCT_336939,家用电器,质量,质量差,negative,质量差
TRAIN_9502,PRODUCT_336939,家用电器,耐用,容易坏,negative,容易坏
TRAIN_9506,PRODUCT_325251,家用电器,价格,性价比高,positive,性价比高
TRAIN_9512,PRODUCT_33623,手机/数码,推荐,会回购,positive,会回购
TRAIN_9516,PRODUCT_467460,图书音像,价格,价格贵,negative,价格贵
TRAIN_9518,PRODUCT_160077,图书音像,包装,包装好,positive,包装好
TRAIN_9519,PRODUCT_124242,图书音像,正品,正品放心,positive,正品放心
TRAIN_9520,PRODUCT_465683,手机/数码,推荐,会回购,positive,会回购
TRAIN_9523,PRODUCT_189601,电脑/办公,耐用,容易坏,negative,容易坏
TRAIN_9529,PRODUCT_364734,图书音像,正品,正品放心,positive,正品放心
TRAIN_9532,PRODUCT_262112,图书音像,内容,内容不错,positive,内容不错
TRAIN_9536,PRODUCT_425283,电脑/办公,物流,发货快,positive,发货快
TRAIN_9541,PRODUCT_86266,图书音像,正品,正品放心,positive,正品放心
TRAIN_9551,PRODUCT_343974,图书音像,质量,质量好,positive,质量好
TRAIN_9552,PRODUCT_236918,图书音像,包装,包装差,negative,包装差
TRAIN_9557,PRODUCT_222539,图书音像,质量,质量好,positive,质量好
TRAIN_9567,PRODUCT_53371,图书音像,正品,疑似假货,negative,疑似假货
TRAIN_9572,PRODUCT_304614,家居生活,正品,正品放心,positive,正品放心
TRAIN_9585,PRODUCT_84077,电脑/办公,价格,性价比高,positive,性价比高
TRAIN_9589,PRODUCT_525029,图书音像,内容,内容不错,positive,内容不错
TRAIN_9595,PRODUCT_336101,电脑/办公,价格,性价比高,positive,性价比高
TRAIN_9595,PRODUCT_336101,电脑/办公,正品,正品放心,positive,正品放心
TRAIN_9596,PRODUCT_138375,电脑/办公,价格,性价比高,positive,性价比高
TRAIN_9598,PRODUCT_100789,电脑/办公,正品,正品放心,positive,正品放心
TRAIN_9603,PRODUCT_224625,图书音像,物流,发货快,positive,发货快
TRAIN_9604,PRODUCT_36325,图书音像,内容,内容一般,negative,内容一般
TRAIN_9605,PRODUCT_341915,电脑/办公,质量,质量好,positive,质量好
TRAIN_9612,PRODUCT_77940,图书音像,质量,质量差,negative,质量差
TRAIN_9613,PRODUCT_290260,图书音像,正品,正品放心,positive,正品放心
TRAIN_9616,PRODUCT_235534,图书音像,质量,质量好,positive,质量好
TRAIN_9617,PRODUCT_111523,图书音像,质量,质量好,positive,质量好
TRAIN_9618,PRODUCT_58978,图书音像,正品,疑似假货,negative,疑似假货
TRAIN_9624,PRODUCT_341183,美妆个护,味道,味道不错,positive,味道不错
TRAIN_9625,PRODUCT_488744,图书音像,质量,质量好,positive,质量好
TRAIN_9628,PRODUCT_470247,图书音像,正品,正品放心,positive,正品放心
TRAIN_9630,PRODUCT_369341,图书音像,正品,正品放心,positive,正品放心
TRAIN_9631,PRODUCT_138396,图书音像,质量,质量好,positive,质量好
TRAIN_9634,PRODUCT_348644,电脑/办公,质量,质量好,positive,质量好
TRAIN_9640,PRODUCT_462347,其他,物流,发货快,positive,发货快
TRAIN_9640,PRODUCT_462347,其他,正品,正品放心,positive,正品放心
TRAIN_9643,PRODUCT_206298,图书音像,推荐,会回购,positive,会回购
TRAIN_9645,PRODUCT_247884,图书音像,质量,质量好,positive,质量好
TRAIN_9651,PRODUCT_492372,图书音像,质量,质量好,positive,质量好
TRAIN_9654,PRODUCT_12166,图书音像,质量,质量好,positive,质量好
TRAIN_9663,PRODUCT_317932,电脑/办公,正品,疑似假货,negative,疑似假货
TRAIN_9664,PRODUCT_161376,图书音像,正品,正品放心,positive,正品放心
TRAIN_9667,PRODUCT_161935,手机/数码,物流,物流慢,negative,物流慢
TRAIN_9671,PRODUCT_434744,机票/充值/票务/虚拟,外观,外观一般,negative,外观一般
TRAIN_9672,PRODUCT_156051,图书音像,质量,质量好,positive,质量好
TRAIN_9675,PRODUCT_36848,电脑/办公,正品,正品放心,positive,正品放心
TRAIN_9676,PRODUCT_76876,图书音像,正品,疑似假货,negative,疑似假货
TRAIN_9682,PRODUCT_273761,图书音像,质量,质量好,positive,质量好
TRAIN_9685,PRODUCT_514686,图书音像,质量,质量差,negative,质量差
TRAIN_9686,PRODUCT_53589,图书音像,质量,质量好,positive,质量好
TRAIN_9688,PRODUCT_15070,图书音像,推荐,不推荐,negative,不推荐
TRAIN_9694,PRODUCT_382487,图书音像,物流,发货快,positive,发货快
TRAIN_9695,PRODUCT_490031,家用电器,价格,性价比高,positive,性价比高
TRAIN_9708,PRODUCT_31014,图书音像,价格,性价比高,positive,性价比高
TRAIN_9710,PRODUCT_86512,钟表/首饰/眼镜/礼品,价格,性价比高,positive,性价比高
TRAIN_9713,PRODUCT_412633,食品/保健,味道,味道不错,positive,味道不错
TRAIN_9714,PRODUCT_440158,图书音像,正品,正品放心,positive,正品放心
TRAIN_9717,PRODUCT_230417,图书音像,正品,疑似假货,negative,疑似假货
TRAIN_9720,PRODUCT_364319,美妆个护,正品,正品放心,positive,正品放心
TRAIN_9722,PRODUCT_439418,家居生活,物流,发货快,positive,发货快
TRAIN_9724,PRODUCT_500692,手机/数码,耐用,容易坏,negative,容易坏
TRAIN_9728,PRODUCT_107909,家居生活,质量,质量好,positive,质量好
TRAIN_9733,PRODUCT_424306,图书音像,正品,疑似假货,negative,疑似假货
TRAIN_9733,PRODUCT_424306,图书音像,内容,内容一般,negative,内容一般
TRAIN_9734,PRODUCT_183304,手机/数码,屏幕,屏幕差,negative,屏幕差
TRAIN_9736,PRODUCT_142032,图书音像,质量,质量好,positive,质量好
TRAIN_9736,PRODUCT_142032,图书音像,正品,正品放心,positive,正品放心
TRAIN_9739,PRODUCT_74749,图书音像,物流,发货快,positive,发货快
TRAIN_9739,PRODUCT_74749,图书音像,价格,性价比高,positive,性价比高
TRAIN_9743,PRODUCT_96035,图书音像,质量,质量好,positive,质量好
TRAIN_9749,PRODUCT_521205,图书音像,正品,正品放心,positive,正品放心
TRAIN_9750,PRODUCT_412094,图书音像,正品,正品放心,positive,正品放心
TRAIN_9754,PRODUCT_334585,母婴/玩具,质量,质量差,negative,质量差
TRAIN_9762,PRODUCT_32451,母婴/玩具,质量,质量好,positive,质量好
TRAIN_9762,PRODUCT_32451,母婴/玩具,价格,性价比高,positive,性价比高
TRAIN_9764,PRODUCT_293742,图书音像,价格,价格贵,negative,价格贵
TRAIN_9775,PRODUCT_517924,图书音像,价格,性价比高,positive,性价比高
TRAIN_9783,PRODUCT_462176,电脑/办公,质量,质量好,positive,质量好
TRAIN_9787,PRODUCT_184389,电脑/办公,耐用,很耐用,positive,很耐用
TRAIN_9794,PRODUCT_141962,食品/保健,味道,味道不错,positive,味道不错
TRAIN_9809,PRODUCT_294282,图书音像,推荐,会回购,positive,会回购
TRAIN_9810,PRODUCT_281479,母婴/玩具,质量,质量好,positive,质量好
TRAIN_9816,PRODUCT_450080,图书音像,质量,质量好,positive,质量好
TRAIN_9817,PRODUCT_223932,家用电器,质量,质量好,positive,质量好
TRAIN_9817,PRODUCT_223932,家用电器,正品,正品放心,positive,正品放心
TRAIN_9821,PRODUCT_401835,电脑/办公,耐用,很耐用,positive,很耐用
TRAIN_9832,PRODUCT_421892,图书音像,质量,质量好,positive,质量好
TRAIN_9835,PRODUCT_334347,家用电器,质量,质量差,negative,质量差
TRAIN_9838,PRODUCT_33933,鞋类箱包,物流,发货快,positive,发货快
TRAIN_9840,PRODUCT_388789,图书音像,物流,物流慢,negative,物流慢
TRAIN_9841,PRODUCT_422036,图书音像,正品,正品放心,positive,正品放心
TRAIN_9842,PRODUCT_365401,图书音像,质量,质量好,positive,质量好
TRAIN_9844,PRODUCT_453801,电脑/办公,物流,发货快,positive,发货快
TRAIN_9849,PRODUCT_263508,图书音像,物流,发货快,positive,发货快
TRAIN_9850,PRODUCT_439176,图书音像,质量,质量好,positive,质量好
TRAIN_9853,PRODUCT_248358,电脑/办公,价格,性价比高,positive,性价比高
TRAIN_9853,PRODUCT_248358,电脑/办公,正品,正品放心,positive,正品放心
TRAIN_9853,PRODUCT_248358,电脑/办公,推荐,会回购,positive,会回购
TRAIN_9860,PRODUCT_367028,图书音像,质量,质量好,positive,质量好
TRAIN_9863,PRODUCT_364311,图书音像,包装,包装差,negative,包装差
TRAIN_9869,PRODUCT_90019,图书音像,包装,包装差,negative,包装差
TRAIN_9873,PRODUCT_219144,图书音像,推荐,会回购,positive,会回购
TRAIN_9887,PRODUCT_227827,家用电器,物流,发货快,positive,发货快
TRAIN_9889,PRODUCT_49220,电脑/办公,质量,质量好,positive,质量好
TRAIN_9898,PRODUCT_22755,图书音像,质量,质量好,positive,质量好
TRAIN_9898,PRODUCT_22755,图书音像,正品,正品放心,positive,正品放心
TRAIN_9905,PRODUCT_61117,家用电器,价格,价格贵,negative,价格贵
TRAIN_9906,PRODUCT_203027,图书音像,物流,发货快,positive,发货快
TRAIN_9906,PRODUCT_203027,图书音像,正品,正品放心,positive,正品放心
TRAIN_9910,PRODUCT_313946,鞋类箱包,推荐,会回购,positive,会回购
TRAIN_9913,PRODUCT_71162,图书音像,耐用,容易坏,negative,容易坏
TRAIN_9916,PRODUCT_434487,图书音像,物流,发货快,positive,发货快
TRAIN_9921,PRODUCT_207096,图书音像,质量,质量好,positive,质量好
TRAIN_9931,PRODUCT_511722,手机/数码,包装,包装好,positive,包装好
TRAIN_9940,PRODUCT_145631,图书音像,质量,质量好,positive,质量好
TRAIN_9941,PRODUCT_464016,电脑/办公,质量,质量差,negative,质量差
TRAIN_9954,PRODUCT_340885,家用电器,价格,性价比高,positive,性价比高
TRAIN_9962,PRODUCT_184723,图书音像,价格,性价比高,positive,性价比高
TRAIN_9966,PRODUCT_196846,图书音像,质量,质量差,negative,质量差
TRAIN_9975,PRODUCT_178539,图书音像,推荐,会回购,positive,会回购
TRAIN_9979,PRODUCT_2652,图书音像,内容,内容一般,negative,内容一般
TRAIN_9980,PRODUCT_82433,图书音像,价格,性价比高,positive,性价比高
TRAIN_9981,PRODUCT_480193,电脑/办公,耐用,容易坏,negative,容易坏
TRAIN_9985,PRODUCT_500305,图书音像,耐用,容易坏,negative,容易坏
TRAIN_9993,PRODUCT_411622,图书音像,推荐,会回购,positive,会回购
TRAIN_9997,PRODUCT_343677,图书音像,推荐,会回购,positive,会回购
TRAIN_10001,PRODUCT_293655,图书音像,价格,性价比高,positive,性价比高
TRAIN_10003,PRODUCT_310038,美妆个护,正品,疑似假货,negative,疑似假货
TRAIN_10005,PRODUCT_167378,图书音像,包装,包装差,negative,包装差
TRAIN_10014,PRODUCT_145112,电脑/办公,质量,质量差,negative,质量差
TRAIN_10023,PRODUCT_275290,图书音像,正品,正品放心,positive,正品放心
TRAIN_10023,PRODUCT_275290,图书音像,正品,疑似假货,negative,疑似假货
TRAIN_10028,PRODUCT_505128,图书音像,价格,价格贵,negative,价格贵
TRAIN_10032,PRODUCT_170910,图书音像,质量,质量好,positive,质量好
TRAIN_10038,PRODUCT_131774,图书音像,价格,性价比高,positive,性价比高
TRAIN_10048,PRODUCT_397753,图书音像,质量,质量差,negative,质量差
TRAIN_10059,PRODUCT_354616,图书音像,包装,包装差,negative,包装差
TRAIN_10067,PRODUCT_260308,美妆个护,正品,正品放心,positive,正品放心
TRAIN_10068,PRODUCT_492545,图书音像,正品,正品放心,positive,正品放心
TRAIN_10071,PRODUCT_321282,图书音像,质量,质量好,positive,质量好
TRAIN_10072,PRODUCT_267722,图书音像,内容,内容不错,positive,内容不错
TRAIN_10084,PRODUCT_60064,图书音像,质量,质量好,positive,质量好
TRAIN_10086,PRODUCT_63029,图书音像,包装,包装好,positive,包装好
TRAIN_10087,PRODUCT_312238,图书音像,正品,正品放心,positive,正品放心
TRAIN_10088,PRODUCT_30571,图书音像,内容,内容不错,positive,内容不错
TRAIN_10093,PRODUCT_292028,机票/充值/票务/虚拟,推荐,不推荐,negative,不推荐
TRAIN_10100,PRODUCT_219295,图书音像,推荐,会回购,positive,会回购
TRAIN_10101,PRODUCT_233514,图书音像,质量,质量好,positive,质量好
TRAIN_10110,PRODUCT_509104,图书音像,正品,正品放心,positive,正品放心
TRAIN_10111,PRODUCT_182919,图书音像,质量,质量好,positive,质量好
TRAIN_10111,PRODUCT_182919,图书音像,物流,发货快,positive,发货快
TRAIN_10118,PRODUCT_320994,图书音像,价格,性价比高,positive,性价比高
TRAIN_10119,PRODUCT_494726,手机/数码,正品,正品放心,positive,正品放心
TRAIN_10120,PRODUCT_335749,图书音像,质量,质量好,positive,质量好
TRAIN_10123,PRODUCT_212439,美妆个护,正品,正品放心,positive,正品放心
TRAIN_10125,PRODUCT_215718,手机/数码,包装,包装差,negative,包装差
TRAIN_10128,PRODUCT_280715,美妆个护,价格,性价比高,positive,性价比高
TRAIN_10134,PRODUCT_516663,图书音像,内容,内容不错,positive,内容不错
TRAIN_10140,PRODUCT_21826,其他,正品,正品放心,positive,正品放心
TRAIN_10144,PRODUCT_465159,家用电器,质量,质量差,negative,质量差
TRAIN_10147,PRODUCT_172983,食品/保健,味道,味道不错,positive,味道不错
TRAIN_10169,PRODUCT_137686,电脑/办公,价格,性价比高,positive,性价比高
TRAIN_10173,PRODUCT_70657,图书音像,质量,质量差,negative,质量差
TRAIN_10188,PRODUCT_268003,图书音像,内容,内容不错,positive,内容不错
TRAIN_10190,PRODUCT_381949,美妆个护,质量,质量差,negative,质量差
TRAIN_10191,PRODUCT_33294,图书音像,物流,发货快,positive,发货快
TRAIN_10191,PRODUCT_33294,图书音像,推荐,会回购,positive,会回购
TRAIN_10208,PRODUCT_170598,美妆个护,正品,正品放心,positive,正品放心
TRAIN_10209,PRODUCT_142064,图书音像,质量,质量差,negative,质量差
TRAIN_10212,PRODUCT_95451,图书音像,正品,正品放心,positive,正品放心
TRAIN_10216,PRODUCT_270594,电脑/办公,客服,客服好,positive,客服好
TRAIN_10218,PRODUCT_456688,图书音像,外观,外观一般,negative,外观一般
TRAIN_10219,PRODUCT_266670,手机/数码,价格,价格贵,negative,价格贵
TRAIN_10227,PRODUCT_447861,母婴/玩具,质量,质量好,positive,质量好
TRAIN_10238,PRODUCT_184511,钟表/首饰/眼镜/礼品,正品,正品放心,positive,正品放心
TRAIN_10238,PRODUCT_184511,钟表/首饰/眼镜/礼品,耐用,容易坏,negative,容易坏
TRAIN_10240,PRODUCT_119903,图书音像,正品,正品放心,positive,正品放心
TRAIN_10247,PRODUCT_340729,电脑/办公,正品,正品放心,positive,正品放心
TRAIN_10254,PRODUCT_118794,图书音像,正品,正品放心,positive,正品放心
TRAIN_10261,PRODUCT_138413,图书音像,内容,内容不错,positive,内容不错
TRAIN_10272,PRODUCT_294697,图书音像,价格,性价比高,positive,性价比高
TRAIN_10272,PRODUCT_294697,图书音像,正品,正品放心,positive,正品放心
TRAIN_10279,PRODUCT_282655,图书音像,推荐,会回购,positive,会回购
TRAIN_10297,PRODUCT_452073,其他,正品,正品放心,positive,正品放心
TRAIN_10300,PRODUCT_328964,图书音像,价格,性价比高,positive,性价比高
TRAIN_10301,PRODUCT_168406,美妆个护,正品,正品放心,positive,正品放心
TRAIN_10308,PRODUCT_205341,图书音像,质量,质量差,negative,质量差
TRAIN_10308,PRODUCT_205341,图书音像,正品,疑似假货,negative,疑似假货
TRAIN_10310,PRODUCT_428050,图书音像,价格,价格贵,negative,价格贵
TRAIN_10310,PRODUCT_428050,图书音像,推荐,会回购,positive,会回购
TRAIN_10311,PRODUCT_179386,手机/数码,价格,性价比高,positive,性价比高
TRAIN_10314,PRODUCT_306064,食品/保健,味道,味道不错,positive,味道不错
TRAIN_10322,PRODUCT_42953,图书音像,正品,正品放心,positive,正品放心
TRAIN_10325,PRODUCT_400804,图书音像,质量,质量好,positive,质量好
TRAIN_10367,PRODUCT_163162,手机/数码,推荐,会回购,positive,会回购
TRAIN_10388,PRODUCT_50246,图书音像,质量,质量好,positive,质量好
TRAIN_10388,PRODUCT_50246,图书音像,正品,正品放心,positive,正品放心
TRAIN_10392,PRODUCT_376968,图书音像,推荐,会回购,positive,会回购
TRAIN_10393,PRODUCT_242971,图书音像,内容,内容不错,positive,内容不错
TRAIN_10395,PRODUCT_275304,图书音像,内容,内容不错,positive,内容不错
TRAIN_10405,PRODUCT_191495,图书音像,内容,内容不错,positive,内容不错
TRAIN_10408,PRODUCT_168287,图书音像,包装,包装好,positive,包装好
TRAIN_10408,PRODUCT_168287,图书音像,包装,包装差,negative,包装差
TRAIN_10410,PRODUCT_475254,手机/数码,外观,外观一般,negative,外观一般
TRAIN_10419,PRODUCT_247863,图书音像,内容,内容不错,positive,内容不错
TRAIN_10420,PRODUCT_214192,电脑/办公,外观,外观好看,positive,外观好看
TRAIN_10421,PRODUCT_102081,家具/家装/建材,耐用,容易坏,negative,容易坏
TRAIN_10430,PRODUCT_400404,家居生活,质量,质量好,positive,质量好
TRAIN_10438,PRODUCT_7331,图书音像,质量,质量好,positive,质量好
TRAIN_10439,PRODUCT_490031,家用电器,正品,正品放心,positive,正品放心
TRAIN_10444,PRODUCT_358323,图书音像,物流,发货快,positive,发货快
TRAIN_10447,PRODUCT_396777,图书音像,内容,内容不错,positive,内容不错
TRAIN_10453,PRODUCT_501246,电脑/办公,价格,价格贵,negative,价格贵
TRAIN_10453,PRODUCT_501246,电脑/办公,耐用,很耐用,positive,很耐用
TRAIN_10457,PRODUCT_95616,图书音像,质量,质量差,negative,质量差
TRAIN_10467,PRODUCT_208036,图书音像,内容,内容不错,positive,内容不错
TRAIN_10469,PRODUCT_493523,图书音像,包装,包装好,positive,包装好
TRAIN_10472,PRODUCT_440156,图书音像,质量,质量好,positive,质量好
TRAIN_10479,PRODUCT_142836,美妆个护,正品,正品放心,positive,正品放心
TRAIN_10479,PRODUCT_142836,美妆个护,推荐,会回购,positive,会回购
TRAIN_10491,PRODUCT_148160,图书音像,正品,正品放心,positive,正品放心
TRAIN_10493,PRODUCT_394989,图书音像,质量,质量好,positive,质量好
TRAIN_10494,PRODUCT_507239,家居生活,质量,质量好,positive,质量好
TRAIN_10502,PRODUCT_422699,图书音像,价格,性价比高,positive,性价比高
TRAIN_10507,PRODUCT_66263,手机/数码,正品,正品放心,positive,正品放心
TRAIN_10515,PRODUCT_347768,图书音像,质量,质量差,negative,质量差
TRAIN_10516,PRODUCT_152217,图书音像,价格,性价比高,positive,性价比高
TRAIN_10522,PRODUCT_154560,图书音像,内容,内容不错,positive,内容不错
TRAIN_10529,PRODUCT_9669,图书音像,包装,包装好,positive,包装好
TRAIN_10529,PRODUCT_9669,图书音像,正品,正品放心,positive,正品放心
TRAIN_10542,PRODUCT_413138,图书音像,内容,内容不错,positive,内容不错
TRAIN_10549,PRODUCT_381452,图书音像,质量,质量好,positive,质量好
TRAIN_10550,PRODUCT_160597,图书音像,正品,正品放心,positive,正品放心
TRAIN_10551,PRODUCT_4165,鞋类箱包,质量,质量好,positive,质量好
TRAIN_10552,PRODUCT_334129,图书音像,质量,质量好,positive,质量好
TRAIN_10559,PRODUCT_83611,图书音像,正品,正品放心,positive,正品放心
TRAIN_10564,PRODUCT_316753,其他,物流,发货快,positive,发货快
TRAIN_10571,PRODUCT_475353,美妆个护,正品,正品放心,positive,正品放心
TRAIN_10572,PRODUCT_451634,美妆个护,正品,疑似假货,negative,疑似假货
TRAIN_10579,PRODUCT_324807,图书音像,内容,内容一般,negative,内容一般
TRAIN_10584,PRODUCT_219434,电脑/办公,正品,正品放心,positive,正品放心
TRAIN_10585,PRODUCT_62848,运动户外,质量,质量好,positive,质量好
TRAIN_10591,PRODUCT_376857,图书音像,包装,包装好,positive,包装好
TRAIN_10603,PRODUCT_60890,美妆个护,正品,疑似假货,negative,疑似假货
TRAIN_10609,PRODUCT_364505,图书音像,内容,内容不错,positive,内容不错
TRAIN_10612,PRODUCT_348565,电脑/办公,价格,性价比高,positive,性价比高
TRAIN_10612,PRODUCT_348565,电脑/办公,价格,价格贵,negative,价格贵
TRAIN_10613,PRODUCT_121514,家具/家装/建材,质量,质量好,positive,质量好
TRAIN_10615,PRODUCT_489332,母婴/玩具,价格,性价比高,positive,性价比高
TRAIN_10626,PRODUCT_387174,美妆个护,推荐,会回购,positive,会回购
TRAIN_10636,PRODUCT_462294,图书音像,正品,正品放心,positive,正品放心
TRAIN_10636,PRODUCT_462294,图书音像,正品,疑似假货,negative,疑似假货
TRAIN_10649,PRODUCT_500109,图书音像,质量,质量好,positive,质量好
TRAIN_10651,PRODUCT_210572,图书音像,正品,疑似假货,negative,疑似假货
TRAIN_10653,PRODUCT_59221,美妆个护,正品,正品放心,positive,正品放心
TRAIN_10681,PRODUCT_149356,美妆个护,包装,包装好,positive,包装好
TRAIN_10681,PRODUCT_149356,美妆个护,正品,正品放心,positive,正品放心
TRAIN_10682,PRODUCT_1128,图书音像,耐用,容易坏,negative,容易坏
TRAIN_10683,PRODUCT_42720,图书音像,正品,正品放心,positive,正品放心
TRAIN_10694,PRODUCT_502939,图书音像,正品,正品放心,positive,正品放心
TRAIN_10698,PRODUCT_89922,图书音像,包装,包装好,positive,包装好
TRAIN_10702,PRODUCT_365062,图书音像,质量,质量好,positive,质量好
TRAIN_10703,PRODUCT_58915,图书音像,包装,包装好,positive,包装好
TRAIN_10704,PRODUCT_149688,图书音像,正品,正品放心,positive,正品放心
TRAIN_10722,PRODUCT_7887,图书音像,质量,质量好,positive,质量好
TRAIN_10726,PRODUCT_218404,图书音像,推荐,会回购,positive,会回购
TRAIN_10742,PRODUCT_136437,图书音像,正品,正品放心,positive,正品放心
TRAIN_10745,PRODUCT_305518,图书音像,正品,疑似假货,negative,疑似假货
TRAIN_10753,PRODUCT_514288,图书音像,正品,疑似假货,negative,疑似假货
TRAIN_10762,PRODUCT_429939,电脑/办公,推荐,会回购,positive,会回购
TRAIN_10763,PRODUCT_516351,图书音像,价格,性价比高,positive,性价比高
TRAIN_10765,PRODUCT_45209,食品/保健,味道,味道不错,positive,味道不错
TRAIN_10776,PRODUCT_448725,电脑/办公,正品,正品放心,positive,正品放心
TRAIN_10781,PRODUCT_150802,图书音像,正品,正品放心,positive,正品放心
TRAIN_10795,PRODUCT_48775,图书音像,质量,质量好,positive,质量好
TRAIN_10802,PRODUCT_430065,图书音像,正品,正品放心,positive,正品放心
TRAIN_10803,PRODUCT_275419,图书音像,外观,外观一般,negative,外观一般
TRAIN_10806,PRODUCT_239344,电脑/办公,正品,正品放心,positive,正品放心
TRAIN_10807,PRODUCT_69023,图书音像,外观,外观一般,negative,外观一般
TRAIN_10810,PRODUCT_130578,图书音像,包装,包装差,negative,包装差
TRAIN_10810,PRODUCT_130578,图书音像,正品,正品放心,positive,正品放心
TRAIN_10817,PRODUCT_83624,图书音像,正品,正品放心,positive,正品放心
TRAIN_10821,PRODUCT_148526,图书音像,内容,内容一般,negative,内容一般
TRAIN_10832,PRODUCT_200192,美妆个护,味道,味道不错,positive,味道不错
TRAIN_10838,PRODUCT_290641,手机/数码,正品,正品放心,positive,正品放心
TRAIN_10842,PRODUCT_137540,运动户外,质量,质量差,negative,质量差
TRAIN_10843,PRODUCT_308349,图书音像,物流,发货快,positive,发货快
TRAIN_10845,PRODUCT_121319,电脑/办公,耐用,容易坏,negative,容易坏
TRAIN_10849,PRODUCT_363480,图书音像,包装,包装好,positive,包装好
TRAIN_10851,PRODUCT_293814,图书音像,正品,正品放心,positive,正品放心
TRAIN_10858,PRODUCT_189182,家具/家装/建材,耐用,很耐用,positive,很耐用
TRAIN_10863,PRODUCT_206987,图书音像,质量,质量好,positive,质量好
TRAIN_10873,PRODUCT_367072,图书音像,包装,包装好,positive,包装好
TRAIN_10873,PRODUCT_367072,图书音像,推荐,会回购,positive,会回购
TRAIN_10876,PRODUCT_91068,电脑/办公,耐用,很耐用,positive,很耐用
TRAIN_10877,PRODUCT_276102,鞋类箱包,物流,物流慢,negative,物流慢
TRAIN_10877,PRODUCT_276102,鞋类箱包,包装,包装好,positive,包装好
TRAIN_10877,PRODUCT_276102,鞋类箱包,正品,正品放心,positive,正品放心
TRAIN_10881,PRODUCT_425896,图书音像,质量,质量好,positive,质量好
TRAIN_10881,PRODUCT_425896,图书音像,正品,正品放心,positive,正品放心
TRAIN_10890,PRODUCT_213547,图书音像,内容,内容不错,positive,内容不错
TRAIN_10892,PRODUCT_180537,手机/数码,正品,正品放心,positive,正品放心
TRAIN_10902,PRODUCT_135608,图书音像,推荐,会回购,positive,会回购
TRAIN_10908,PRODUCT_370784,图书音像,物流,发货快,positive,发货快
TRAIN_10908,PRODUCT_370784,图书音像,正品,正品放心,positive,正品放心
TRAIN_10911,PRODUCT_96094,图书音像,质量,质量好,positive,质量好
TRAIN_10911,PRODUCT_96094,图书音像,正品,正品放心,positive,正品放心
TRAIN_10918,PRODUCT_521108,图书音像,质量,质量好,positive,质量好
TRAIN_10924,PRODUCT_315427,图书音像,价格,性价比高,positive,性价比高
TRAIN_10928,PRODUCT_125678,美妆个护,味道,味道不错,positive,味道不错
TRAIN_10933,PRODUCT_137538,图书音像,内容,内容不错,positive,内容不错
TRAIN_10946,PRODUCT_305918,美妆个护,价格,性价比高,positive,性价比高
TRAIN_10955,PRODUCT_325209,电脑/办公,耐用,很耐用,positive,很耐用
TRAIN_10956,PRODUCT_387888,图书音像,推荐,会回购,positive,会回购
TRAIN_10957,PRODUCT_499208,图书音像,内容,内容一般,negative,内容一般
TRAIN_10977,PRODUCT_125160,图书音像,内容,内容不错,positive,内容不错
TRAIN_10998,PRODUCT_307941,电脑/办公,价格,性价比高,positive,性价比高
TRAIN_11000,PRODUCT_42632,电脑/办公,正品,正品放心,positive,正品放心
TRAIN_11002,PRODUCT_96352,食品/保健,味道,味道不错,positive,味道不错
TRAIN_11005,PRODUCT_499168,图书音像,质量,质量好,positive,质量好
TRAIN_11010,PRODUCT_2469,家用电器,价格,性价比高,positive,性价比高
TRAIN_11023,PRODUCT_520732,电脑/办公,耐用,很耐用,positive,很耐用
TRAIN_11026,PRODUCT_107671,图书音像,正品,正品放心,positive,正品放心
TRAIN_11027,PRODUCT_523893,图书音像,质量,质量好,positive,质量好
TRAIN_11027,PRODUCT_523893,图书音像,价格,性价比高,positive,性价比高
TRAIN_11027,PRODUCT_523893,图书音像,正品,正品放心,positive,正品放心
TRAIN_11033,PRODUCT_237664,电脑/办公,价格,性价比高,positive,性价比高
TRAIN_11033,PRODUCT_237664,电脑/办公,正品,正品放心,positive,正品放心
TRAIN_11054,PRODUCT_521814,家居生活,包装,包装差,negative,包装差
TRAIN_11054,PRODUCT_521814,家居生活,耐用,容易坏,negative,容易坏
TRAIN_11058,PRODUCT_295303,其他,正品,正品放心,positive,正品放心
TRAIN_11065,PRODUCT_498623,图书音像,价格,性价比高,positive,性价比高
TRAIN_11071,PRODUCT_334367,图书音像,内容,内容不错,positive,内容不错
TRAIN_11072,PRODUCT_15027,图书音像,质量,质量好,positive,质量好
TRAIN_11076,PRODUCT_188303,钟表/首饰/眼镜/礼品,质量,质量差,negative,质量差
TRAIN_11076,PRODUCT_188303,钟表/首饰/眼镜/礼品,耐用,很耐用,positive,很耐用
TRAIN_11078,PRODUCT_463066,图书音像,正品,正品放心,positive,正品放心
TRAIN_11085,PRODUCT_20317,图书音像,包装,包装好,positive,包装好
TRAIN_11087,PRODUCT_218644,美妆个护,价格,性价比高,positive,性价比高
TRAIN_11101,PRODUCT_162747,图书音像,质量,质量好,positive,质量好
TRAIN_11102,PRODUCT_163882,图书音像,正品,疑似假货,negative,疑似假货
TRAIN_11107,PRODUCT_336035,图书音像,推荐,会回购,positive,会回购
TRAIN_11119,PRODUCT_25980,美妆个护,味道,味道不错,positive,味道不错
TRAIN_11121,PRODUCT_177595,图书音像,物流,发货快,positive,发货快
TRAIN_11123,PRODUCT_184037,钟表/首饰/眼镜/礼品,物流,发货快,positive,发货快
TRAIN_11123,PRODUCT_184037,钟表/首饰/眼镜/礼品,包装,包装差,negative,包装差
TRAIN_11126,PRODUCT_151052,图书音像,质量,质量好,positive,质量好
TRAIN_11128,PRODUCT_32360,食品/保健,新鲜,很新鲜,positive,很新鲜
TRAIN_11130,PRODUCT_184523,美妆个护,正品,正品放心,positive,正品放心
TRAIN_11132,PRODUCT_466475,图书音像,包装,包装差,negative,包装差
TRAIN_11135,PRODUCT_218644,美妆个护,包装,包装好,positive,包装好
TRAIN_11136,PRODUCT_237329,美妆个护,味道,味道不错,positive,味道不错
TRAIN_11137,PRODUCT_411397,电脑/办公,耐用,容易坏,negative,容易坏
TRAIN_11140,PRODUCT_24983,家居生活,质量,质量好,positive,质量好
TRAIN_11146,PRODUCT_371197,图书音像,质量,质量好,positive,质量好
TRAIN_11147,PRODUCT_278385,其他,外观,外观一般,negative,外观一般
TRAIN_11148,PRODUCT_244589,图书音像,质量,质量好,positive,质量好
TRAIN_11158,PRODUCT_37250,食品/保健,正品,正品放心,positive,正品放心
TRAIN_11163,PRODUCT_493095,手机/数码,物流,发货快,positive,发货快
TRAIN_11165,PRODUCT_124602,图书音像,质量,质量差,negative,质量差
TRAIN_11169,PRODUCT_510018,食品/保健,味道,味道不错,positive,味道不错
TRAIN_11172,PRODUCT_329454,图书音像,质量,质量好,positive,质量好
TRAIN_11176,PRODUCT_167039,手机/数码,质量,质量差,negative,质量差
TRAIN_11177,PRODUCT_33423,图书音像,质量,质量好,positive,质量好
TRAIN_11180,PRODUCT_339819,图书音像,内容,内容不错,positive,内容不错
TRAIN_11182,PRODUCT_263510,图书音像,正品,疑似假货,negative,疑似假货
TRAIN_11185,PRODUCT_50692,家用电器,质量,质量好,positive,质量好
TRAIN_11193,PRODUCT_504173,图书音像,推荐,不推荐,negative,不推荐
TRAIN_11196,PRODUCT_118814,图书音像,质量,质量好,positive,质量好
TRAIN_11196,PRODUCT_118814,图书音像,正品,正品放心,positive,正品放心
TRAIN_11204,PRODUCT_243075,家用电器,物流,发货快,positive,发货快
TRAIN_11205,PRODUCT_178766,图书音像,内容,内容不错,positive,内容不错
TRAIN_11209,PRODUCT_370161,图书音像,质量,质量差,negative,质量差
TRAIN_11212,PRODUCT_161382,美妆个护,耐用,很耐用,positive,很耐用
TRAIN_11214,PRODUCT_107409,图书音像,包装,包装好,positive,包装好
TRAIN_11219,PRODUCT_521645,图书音像,物流,发货快,positive,发货快
TRAIN_11219,PRODUCT_521645,图书音像,正品,正品放心,positive,正品放心
TRAIN_11229,PRODUCT_78608,家用电器,质量,质量好,positive,质量好
TRAIN_11229,PRODUCT_78608,家用电器,物流,发货快,positive,发货快
TRAIN_11231,PRODUCT_511700,图书音像,物流,发货快,positive,发货快
TRAIN_11235,PRODUCT_316717,图书音像,内容,内容不错,positive,内容不错
TRAIN_11239,PRODUCT_493161,图书音像,质量,质量好,positive,质量好
TRAIN_11249,PRODUCT_37514,图书音像,包装,包装好,positive,包装好
TRAIN_11261,PRODUCT_265598,图书音像,正品,正品放心,positive,正品放心
TRAIN_11278,PRODUCT_485170,图书音像,质量,质量差,negative,质量差
TRAIN_11278,PRODUCT_485170,图书音像,推荐,不推荐,negative,不推荐
TRAIN_11279,PRODUCT_34841,电脑/办公,价格,性价比高,positive,性价比高
TRAIN_11281,PRODUCT_27861,手机/数码,价格,价格贵,negative,价格贵
TRAIN_11295,PRODUCT_247051,图书音像,质量,质量好,positive,质量好
TRAIN_11295,PRODUCT_247051,图书音像,正品,正品放心,positive,正品放心
TRAIN_11303,PRODUCT_500151,图书音像,正品,正品放心,positive,正品放心
TRAIN_11309,PRODUCT_45990,家用电器,质量,质量好,positive,质量好
TRAIN_11309,PRODUCT_45990,家用电器,价格,性价比高,positive,性价比高
TRAIN_11315,PRODUCT_244840,图书音像,质量,质量好,positive,质量好
TRAIN_11318,PRODUCT_171946,家用电器,物流,发货快,positive,发货快
TRAIN_11318,PRODUCT_171946,家用电器,正品,正品放心,positive,正品放心
TRAIN_11329,PRODUCT_249116,图书音像,质量,质量好,positive,质量好
TRAIN_11330,PRODUCT_303339,图书音像,质量,质量好,positive,质量好
TRAIN_11332,PRODUCT_290652,图书音像,正品,正品放心,positive,正品放心
TRAIN_11334,PRODUCT_421511,图书音像,质量,质量好,positive,质量好
TRAIN_11345,PRODUCT_392530,图书音像,价格,性价比高,positive,性价比高
TRAIN_11345,PRODUCT_392530,图书音像,内容,内容不错,positive,内容不错
TRAIN_11351,PRODUCT_156992,图书音像,耐用,容易坏,negative,容易坏
TRAIN_11355,PRODUCT_445708,图书音像,内容,内容不错,positive,内容不错
TRAIN_11358,PRODUCT_477527,手机/数码,正品,正品放心,positive,正品放心
TRAIN_11363,PRODUCT_208365,图书音像,质量,质量好,positive,质量好
TRAIN_11363,PRODUCT_208365,图书音像,推荐,会回购,positive,会回购
TRAIN_11367,PRODUCT_286611,图书音像,质量,质量差,negative,质量差
TRAIN_11367,PRODUCT_286611,图书音像,推荐,不推荐,negative,不推荐
TRAIN_11373,PRODUCT_298665,图书音像,价格,性价比高,positive,性价比高
TRAIN_11375,PRODUCT_242594,手机/数码,质量,质量好,positive,质量好
TRAIN_11375,PRODUCT_242594,手机/数码,价格,性价比高,positive,性价比高
TRAIN_11381,PRODUCT_474898,美妆个护,正品,疑似假货,negative,疑似假货
TRAIN_11381,PRODUCT_474898,美妆个护,味道,味道不错,positive,味道不错
TRAIN_11392,PRODUCT_13417,图书音像,质量,质量好,positive,质量好
TRAIN_11394,PRODUCT_340129,图书音像,内容,内容一般,negative,内容一般
TRAIN_11395,PRODUCT_318340,图书音像,内容,内容不错,positive,内容不错
TRAIN_11397,PRODUCT_32431,其他,正品,正品放心,positive,正品放心
TRAIN_11411,PRODUCT_71939,图书音像,质量,质量好,positive,质量好
TRAIN_11413,PRODUCT_497365,家用电器,质量,质量差,negative,质量差
TRAIN_11421,PRODUCT_54263,食品/保健,味道,味道不错,positive,味道不错
TRAIN_11422,PRODUCT_62387,图书音像,质量,质量好,positive,质量好
TRAIN_11423,PRODUCT_54601,图书音像,质量,质量好,positive,质量好
TRAIN_11423,PRODUCT_54601,图书音像,物流,发货快,positive,发货快
TRAIN_11424,PRODUCT_299493,图书音像,内容,内容不错,positive,内容不错
TRAIN_11426,PRODUCT_327113,手机/数码,正品,正品放心,positive,正品放心
TRAIN_11428,PRODUCT_403808,图书音像,正品,正品放心,positive,正品放心
TRAIN_11435,PRODUCT_220387,手机/数码,价格,性价比高,positive,性价比高
TRAIN_11436,PRODUCT_394848,图书音像,物流,发货快,positive,发货快
TRAIN_11442,PRODUCT_283568,手机/数码,正品,正品放心,positive,正品放心
TRAIN_11443,PRODUCT_160093,图书音像,质量,质量好,positive,质量好
TRAIN_11456,PRODUCT_442186,图书音像,正品,正品放心,positive,正品放心
TRAIN_11458,PRODUCT_304693,图书音像,质量,质量好,positive,质量好
TRAIN_11458,PRODUCT_304693,图书音像,物流,发货快,positive,发货快
TRAIN_11464,PRODUCT_364311,图书音像,质量,质量好,positive,质量好
TRAIN_11470,PRODUCT_450231,图书音像,正品,疑似假货,negative,疑似假货
TRAIN_11475,PRODUCT_371581,图书音像,质量,质量好,positive,质量好
TRAIN_11480,PRODUCT_35421,图书音像,价格,性价比高,positive,性价比高
TRAIN_11493,PRODUCT_336578,图书音像,推荐,会回购,positive,会回购
TRAIN_11494,PRODUCT_400404,家居生活,耐用,很耐用,positive,很耐用
TRAIN_11495,PRODUCT_434474,钟表/首饰/眼镜/礼品,质量,质量差,negative,质量差
TRAIN_11497,PRODUCT_138892,家具/家装/建材,价格,性价比高,positive,性价比高
TRAIN_11505,PRODUCT_122001,图书音像,价格,价格贵,negative,价格贵
TRAIN_11506,PRODUCT_181081,电脑/办公,正品,正品放心,positive,正品放心
TRAIN_11511,PRODUCT_163970,其他,价格,价格贵,negative,价格贵
TRAIN_11522,PRODUCT_460030,图书音像,包装,包装好,positive,包装好
TRAIN_11527,PRODUCT_183041,图书音像,物流,发货快,positive,发货快
TRAIN_11542,PRODUCT_516645,图书音像,物流,发货快,positive,发货快
TRAIN_11544,PRODUCT_283373,电脑/办公,正品,正品放心,positive,正品放心
TRAIN_11546,PRODUCT_41012,图书音像,内容,内容不错,positive,内容不错
TRAIN_11550,PRODUCT_242098,图书音像,质量,质量好,positive,质量好
TRAIN_11554,PRODUCT_400854,手机/数码,质量,质量差,negative,质量差
TRAIN_11568,PRODUCT_226682,图书音像,推荐,会回购,positive,会回购
TRAIN_11572,PRODUCT_375814,图书音像,质量,质量好,positive,质量好
TRAIN_11573,PRODUCT_6383,图书音像,物流,发货快,positive,发货快
TRAIN_11577,PRODUCT_453974,电脑/办公,价格,性价比高,positive,性价比高
TRAIN_11580,PRODUCT_375602,图书音像,质量,质量好,positive,质量好
TRAIN_11580,PRODUCT_375602,图书音像,价格,性价比高,positive,性价比高
TRAIN_11580,PRODUCT_375602,图书音像,内容,内容不错,positive,内容不错
TRAIN_11582,PRODUCT_138649,图书音像,物流,发货快,positive,发货快
TRAIN_11582,PRODUCT_138649,图书音像,包装,包装好,positive,包装好
TRAIN_11582,PRODUCT_138649,图书音像,正品,正品放心,positive,正品放心
TRAIN_11589,PRODUCT_158610,图书音像,价格,性价比高,positive,性价比高
TRAIN_11601,PRODUCT_260776,母婴/玩具,包装,包装好,positive,包装好
TRAIN_11601,PRODUCT_260776,母婴/玩具,正品,正品放心,positive,正品放心
TRAIN_11604,PRODUCT_409965,图书音像,物流,发货快,positive,发货快
TRAIN_11613,PRODUCT_121108,手机/数码,价格,价格贵,negative,价格贵
TRAIN_11618,PRODUCT_286808,图书音像,正品,正品放心,positive,正品放心
TRAIN_11633,PRODUCT_429051,图书音像,正品,正品放心,positive,正品放心
TRAIN_11646,PRODUCT_153622,图书音像,内容,内容不错,positive,内容不错
TRAIN_11648,PRODUCT_429880,母婴/玩具,推荐,会回购,positive,会回购
TRAIN_11652,PRODUCT_464159,图书音像,推荐,会回购,positive,会回购
TRAIN_11657,PRODUCT_491894,美妆个护,正品,正品放心,positive,正品放心
TRAIN_11660,PRODUCT_378200,手机/数码,质量,质量差,negative,质量差
TRAIN_11686,PRODUCT_349351,食品/保健,味道,味道不错,positive,味道不错
TRAIN_11696,PRODUCT_18360,图书音像,价格,性价比高,positive,性价比高
TRAIN_11699,PRODUCT_309810,图书音像,正品,疑似假货,negative,疑似假货
TRAIN_11700,PRODUCT_283415,电脑/办公,质量,质量好,positive,质量好
TRAIN_11702,PRODUCT_172768,图书音像,包装,包装差,negative,包装差
TRAIN_11704,PRODUCT_294282,图书音像,价格,价格贵,negative,价格贵
TRAIN_11707,PRODUCT_446477,手机/数码,质量,质量差,negative,质量差
TRAIN_11711,PRODUCT_21391,手机/数码,耐用,容易坏,negative,容易坏
TRAIN_11711,PRODUCT_21391,手机/数码,续航,续航差,negative,续航差
TRAIN_11733,PRODUCT_347893,图书音像,价格,性价比高,positive,性价比高
TRAIN_11733,PRODUCT_347893,图书音像,内容,内容不错,positive,内容不错
TRAIN_11737,PRODUCT_353380,图书音像,物流,发货快,positive,发货快
TRAIN_11737,PRODUCT_353380,图书音像,正品,正品放心,positive,正品放心
TRAIN_11738,PRODUCT_218390,食品/保健,味道,味道不错,positive,味道不错
TRAIN_11742,PRODUCT_440532,图书音像,质量,质量好,positive,质量好
TRAIN_11748,PRODUCT_228109,图书音像,外观,外观好看,positive,外观好看
TRAIN_11759,PRODUCT_115206,图书音像,正品,正品放心,positive,正品放心
TRAIN_11762,PRODUCT_492348,图书音像,正品,正品放心,positive,正品放心
TRAIN_11762,PRODUCT_492348,图书音像,正品,疑似假货,negative,疑似假货
TRAIN_11763,PRODUCT_263189,手机/数码,正品,正品放心,positive,正品放心
TRAIN_11770,PRODUCT_417537,电脑/办公,质量,质量好,positive,质量好
TRAIN_11771,PRODUCT_300578,手机/数码,价格,性价比高,positive,性价比高
TRAIN_11772,PRODUCT_53465,图书音像,内容,内容不错,positive,内容不错
TRAIN_11779,PRODUCT_504104,图书音像,正品,正品放心,positive,正品放心
TRAIN_11784,PRODUCT_327806,图书音像,耐用,容易坏,negative,容易坏
TRAIN_11785,PRODUCT_430446,图书音像,包装,包装差,negative,包装差
TRAIN_11790,PRODUCT_75315,手机/数码,推荐,会回购,positive,会回购
TRAIN_11794,PRODUCT_168240,图书音像,质量,质量好,positive,质量好
TRAIN_11800,PRODUCT_2897,图书音像,物流,发货快,positive,发货快
TRAIN_11805,PRODUCT_43359,图书音像,推荐,不推荐,negative,不推荐
TRAIN_11808,PRODUCT_85367,图书音像,质量,质量好,positive,质量好
TRAIN_11809,PRODUCT_193276,图书音像,正品,正品放心,positive,正品放心
TRAIN_11819,PRODUCT_19215,钟表/首饰/眼镜/礼品,物流,发货快,positive,发货快
TRAIN_11829,PRODUCT_88465,美妆个护,正品,正品放心,positive,正品放心
TRAIN_11831,PRODUCT_344079,图书音像,质量,质量好,positive,质量好
TRAIN_11841,PRODUCT_480254,图书音像,推荐,会回购,positive,会回购
TRAIN_11858,PRODUCT_143904,电脑/办公,质量,质量好,positive,质量好
TRAIN_11866,PRODUCT_416643,图书音像,正品,正品放心,positive,正品放心
TRAIN_11866,PRODUCT_416643,图书音像,推荐,会回购,positive,会回购
TRAIN_11869,PRODUCT_432827,图书音像,正品,正品放心,positive,正品放心
TRAIN_11879,PRODUCT_394133,美妆个护,正品,正品放心,positive,正品放心
TRAIN_11879,PRODUCT_394133,美妆个护,味道,味道不错,positive,味道不错
TRAIN_11885,PRODUCT_435587,图书音像,内容,内容不错,positive,内容不错
TRAIN_11888,PRODUCT_55718,图书音像,正品,正品放心,positive,正品放心
TRAIN_11893,PRODUCT_226350,图书音像,质量,质量好,positive,质量好
TRAIN_11897,PRODUCT_109357,家用电器,正品,正品放心,positive,正品放心
TRAIN_11899,PRODUCT_394599,图书音像,质量,质量好,positive,质量好
TRAIN_11899,PRODUCT_394599,图书音像,物流,发货快,positive,发货快
TRAIN_11901,PRODUCT_130680,图书音像,价格,性价比高,positive,性价比高
TRAIN_11907,PRODUCT_12459,其他,正品,正品放心,positive,正品放心
TRAIN_11907,PRODUCT_12459,其他,耐用,容易坏,negative,容易坏
TRAIN_11908,PRODUCT_314608,手机/数码,物流,发货快,positive,发货快
TRAIN_11908,PRODUCT_314608,手机/数码,价格,性价比高,positive,性价比高
TRAIN_11910,PRODUCT_128937,图书音像,价格,性价比高,positive,性价比高
TRAIN_11916,PRODUCT_351689,图书音像,正品,正品放心,positive,正品放心
TRAIN_11920,PRODUCT_248201,图书音像,耐用,容易坏,negative,容易坏
TRAIN_11920,PRODUCT_248201,图书音像,内容,内容一般,negative,内容一般
TRAIN_11921,PRODUCT_421892,图书音像,质量,质量好,positive,质量好
TRAIN_11930,PRODUCT_492719,家居生活,价格,性价比高,positive,性价比高
TRAIN_11931,PRODUCT_140628,图书音像,质量,质量好,positive,质量好
TRAIN_11951,PRODUCT_446331,电脑/办公,物流,发货快,positive,发货快
TRAIN_11955,PRODUCT_281338,图书音像,质量,质量好,positive,质量好
TRAIN_11955,PRODUCT_281338,图书音像,价格,性价比高,positive,性价比高
TRAIN_11958,PRODUCT_459534,手机/数码,质量,质量好,positive,质量好
TRAIN_11976,PRODUCT_319131,图书音像,推荐,会回购,positive,会回购
TRAIN_11980,PRODUCT_51698,家用电器,质量,质量差,negative,质量差
TRAIN_11981,PRODUCT_57346,图书音像,内容,内容一般,negative,内容一般
TRAIN_11990,PRODUCT_509262,图书音像,质量,质量好,positive,质量好
TRAIN_11990,PRODUCT_509262,图书音像,正品,正品放心,positive,正品放心
TRAIN_11999,PRODUCT_249683,电脑/办公,质量,质量好,positive,质量好
TRAIN_12003,PRODUCT_66508,图书音像,质量,质量好,positive,质量好
TRAIN_12006,PRODUCT_189614,图书音像,价格,价格贵,negative,价格贵
TRAIN_12007,PRODUCT_146336,图书音像,正品,正品放心,positive,正品放心
TRAIN_12009,PRODUCT_11550,电脑/办公,质量,质量差,negative,质量差
TRAIN_12016,PRODUCT_353721,图书音像,质量,质量好,positive,质量好
TRAIN_12028,PRODUCT_412006,电脑/办公,正品,正品放心,positive,正品放心
TRAIN_12030,PRODUCT_19139,图书音像,正品,正品放心,positive,正品放心
TRAIN_12036,PRODUCT_61469,电脑/办公,物流,发货快,positive,发货快
TRAIN_12037,PRODUCT_165555,图书音像,正品,正品放心,positive,正品放心
TRAIN_12038,PRODUCT_511711,家居生活,质量,质量好,positive,质量好
TRAIN_12043,PRODUCT_102506,电脑/办公,耐用,容易坏,negative,容易坏
TRAIN_12061,PRODUCT_96035,图书音像,质量,质量好,positive,质量好
TRAIN_12061,PRODUCT_96035,图书音像,正品,正品放心,positive,正品放心
TRAIN_12061,PRODUCT_96035,图书音像,正品,疑似假货,negative,疑似假货
TRAIN_12064,PRODUCT_12784,母婴/玩具,价格,价格贵,negative,价格贵
TRAIN_12076,PRODUCT_48099,图书音像,质量,质量好,positive,质量好
TRAIN_12079,PRODUCT_345096,图书音像,价格,性价比高,positive,性价比高
TRAIN_12080,PRODUCT_330203,图书音像,包装,包装好,positive,包装好
TRAIN_12092,PRODUCT_476242,美妆个护,价格,性价比高,positive,性价比高
TRAIN_12093,PRODUCT_260981,图书音像,外观,外观一般,negative,外观一般
TRAIN_12101,PRODUCT_13924,家居生活,质量,质量好,positive,质量好
TRAIN_12102,PRODUCT_66525,美妆个护,包装,包装好,positive,包装好
TRAIN_12107,PRODUCT_14476,家居生活,物流,发货快,positive,发货快
TRAIN_12115,PRODUCT_36848,电脑/办公,价格,性价比高,positive,性价比高
TRAIN_12118,PRODUCT_90845,图书音像,内容,内容不错,positive,内容不错
TRAIN_12120,PRODUCT_73224,图书音像,内容,内容一般,negative,内容一般
TRAIN_12136,PRODUCT_136865,图书音像,客服,客服好,positive,客服好
TRAIN_12140,PRODUCT_122225,图书音像,质量,质量好,positive,质量好
TRAIN_12140,PRODUCT_122225,图书音像,价格,性价比高,positive,性价比高
TRAIN_12144,PRODUCT_354651,图书音像,质量,质量好,positive,质量好
TRAIN_12144,PRODUCT_354651,图书音像,物流,发货快,positive,发货快
TRAIN_12151,PRODUCT_243075,家用电器,质量,质量好,positive,质量好
TRAIN_12157,PRODUCT_208871,图书音像,物流,发货快,positive,发货快
TRAIN_12157,PRODUCT_208871,图书音像,正品,正品放心,positive,正品放心
TRAIN_12160,PRODUCT_229560,食品/保健,味道,味道不错,positive,味道不错
TRAIN_12165,PRODUCT_201174,图书音像,包装,包装差,negative,包装差
TRAIN_12166,PRODUCT_219422,图书音像,内容,内容不错,positive,内容不错
TRAIN_12167,PRODUCT_125497,图书音像,质量,质量好,positive,质量好
TRAIN_12172,PRODUCT_267178,鞋类箱包,质量,质量好,positive,质量好
TRAIN_12175,PRODUCT_159200,美妆个护,味道,味道不错,positive,味道不错
TRAIN_12177,PRODUCT_301444,图书音像,包装,包装好,positive,包装好
TRAIN_12190,PRODUCT_299507,图书音像,正品,疑似假货,negative,疑似假货
TRAIN_12208,PRODUCT_276789,图书音像,物流,发货快,positive,发货快
TRAIN_12212,PRODUCT_343162,家居生活,质量,质量好,positive,质量好
TRAIN_12212,PRODUCT_343162,家居生活,物流,发货快,positive,发货快
TRAIN_12213,PRODUCT_232598,图书音像,物流,发货快,positive,发货快
TRAIN_12215,PRODUCT_243556,钟表/首饰/眼镜/礼品,质量,质量好,positive,质量好
TRAIN_12221,PRODUCT_383789,其他,物流,发货快,positive,发货快
TRAIN_12221,PRODUCT_383789,其他,价格,性价比高,positive,性价比高
TRAIN_12226,PRODUCT_452513,家居生活,质量,质量差,negative,质量差
TRAIN_12241,PRODUCT_219092,手机/数码,价格,性价比高,positive,性价比高
TRAIN_12243,PRODUCT_458529,运动户外,质量,质量好,positive,质量好
TRAIN_12243,PRODUCT_458529,运动户外,耐用,很耐用,positive,很耐用
TRAIN_12247,PRODUCT_500305,图书音像,物流,发货快,positive,发货快
TRAIN_12251,PRODUCT_496973,图书音像,物流,发货快,positive,发货快
TRAIN_12253,PRODUCT_143380,家用电器,价格,性价比高,positive,性价比高
TRAIN_12254,PRODUCT_302838,图书音像,推荐,不推荐,negative,不推荐
TRAIN_12260,PRODUCT_324007,美妆个护,正品,正品放心,positive,正品放心
TRAIN_12265,PRODUCT_218718,美妆个护,价格,性价比高,positive,性价比高
TRAIN_12274,PRODUCT_399623,美妆个护,价格,性价比高,positive,性价比高
TRAIN_12274,PRODUCT_399623,美妆个护,正品,正品放心,positive,正品放心
TRAIN_12275,PRODUCT_480426,图书音像,质量,质量好,positive,质量好
TRAIN_12278,PRODUCT_143845,图书音像,价格,性价比高,positive,性价比高
TRAIN_12292,PRODUCT_354508,图书音像,质量,质量好,positive,质量好
TRAIN_12297,PRODUCT_304967,图书音像,价格,价格贵,negative,价格贵
TRAIN_12300,PRODUCT_523948,电脑/办公,正品,疑似假货,negative,疑似假货
TRAIN_12303,PRODUCT_231245,图书音像,包装,包装好,positive,包装好
TRAIN_12307,PRODUCT_188553,家用电器,物流,发货快,positive,发货快
TRAIN_12310,PRODUCT_423046,图书音像,外观,外观一般,negative,外观一般
TRAIN_12311,PRODUCT_520344,家用电器,价格,性价比高,positive,性价比高
TRAIN_12312,PRODUCT_24609,家用电器,包装,包装好,positive,包装好
TRAIN_12313,PRODUCT_324845,图书音像,价格,性价比高,positive,性价比高
TRAIN_12325,PRODUCT_58631,美妆个护,正品,正品放心,positive,正品放心
TRAIN_12330,PRODUCT_383468,图书音像,质量,质量好,positive,质量好
TRAIN_12336,PRODUCT_418638,电脑/办公,质量,质量好,positive,质量好
TRAIN_12339,PRODUCT_438491,图书音像,推荐,会回购,positive,会回购
TRAIN_12341,PRODUCT_97452,家用电器,质量,质量差,negative,质量差
TRAIN_12343,PRODUCT_90176,图书音像,质量,质量好,positive,质量好
TRAIN_12345,PRODUCT_122980,图书音像,质量,质量好,positive,质量好
TRAIN_12345,PRODUCT_122980,图书音像,价格,性价比高,positive,性价比高
TRAIN_12351,PRODUCT_343155,手机/数码,包装,包装好,positive,包装好
TRAIN_12355,PRODUCT_438861,图书音像,质量,质量差,negative,质量差
TRAIN_12355,PRODUCT_438861,图书音像,正品,疑似假货,negative,疑似假货
TRAIN_12360,PRODUCT_201629,图书音像,质量,质量好,positive,质量好
TRAIN_12364,PRODUCT_119152,家具/家装/建材,质量,质量好,positive,质量好
TRAIN_12366,PRODUCT_36880,图书音像,正品,正品放心,positive,正品放心
TRAIN_12368,PRODUCT_423047,图书音像,物流,发货快,positive,发货快
TRAIN_12369,PRODUCT_101362,运动户外,质量,质量好,positive,质量好
TRAIN_12377,PRODUCT_213891,电脑/办公,质量,质量好,positive,质量好
TRAIN_12379,PRODUCT_321434,手机/数码,耐用,容易坏,negative,容易坏
TRAIN_12382,PRODUCT_447129,图书音像,正品,正品放心,positive,正品放心
TRAIN_12390,PRODUCT_328831,图书音像,内容,内容不错,positive,内容不错
TRAIN_12391,PRODUCT_368672,图书音像,正品,正品放心,positive,正品放心
TRAIN_12409,PRODUCT_336830,图书音像,包装,包装差,negative,包装差
TRAIN_12410,PRODUCT_285117,美妆个护,味道,味道不错,positive,味道不错
TRAIN_12411,PRODUCT_185888,鞋类箱包,耐用,很耐用,positive,很耐用
TRAIN_12418,PRODUCT_324952,图书音像,质量,质量好,positive,质量好
TRAIN_12429,PRODUCT_478837,其他,正品,正品放心,positive,正品放心
TRAIN_12447,PRODUCT_480254,图书音像,正品,疑似假货,negative,疑似假货
TRAIN_12452,PRODUCT_219351,电脑/办公,质量,质量好,positive,质量好
TRAIN_12454,PRODUCT_276022,美妆个护,正品,正品放心,positive,正品放心
TRAIN_12463,PRODUCT_95083,图书音像,质量,质量好,positive,质量好
TRAIN_12463,PRODUCT_95083,图书音像,正品,正品放心,positive,正品放心
TRAIN_12463,PRODUCT_95083,图书音像,推荐,会回购,positive,会回购
TRAIN_12466,PRODUCT_504129,电脑/办公,质量,质量差,negative,质量差
TRAIN_12478,PRODUCT_188981,图书音像,质量,质量好,positive,质量好
TRAIN_12478,PRODUCT_188981,图书音像,正品,正品放心,positive,正品放心
TRAIN_12483,PRODUCT_152062,图书音像,价格,性价比高,positive,性价比高
TRAIN_12489,PRODUCT_51698,家用电器,耐用,容易坏,negative,容易坏
TRAIN_12491,PRODUCT_265079,美妆个护,味道,味道不错,positive,味道不错
TRAIN_12494,PRODUCT_201955,图书音像,质量,质量好,positive,质量好
TRAIN_12498,PRODUCT_492002,家用电器,价格,性价比高,positive,性价比高
TRAIN_12499,PRODUCT_270594,电脑/办公,耐用,容易坏,negative,容易坏
TRAIN_12500,PRODUCT_31232,图书音像,推荐,不推荐,negative,不推荐
TRAIN_12508,PRODUCT_288576,图书音像,物流,发货快,positive,发货快
TRAIN_12511,PRODUCT_137147,图书音像,质量,质量好,positive,质量好
TRAIN_12513,PRODUCT_317546,图书音像,质量,质量好,positive,质量好
TRAIN_12516,PRODUCT_339926,图书音像,正品,正品放心,positive,正品放心
TRAIN_12517,PRODUCT_328782,图书音像,质量,质量好,positive,质量好
TRAIN_12519,PRODUCT_255875,运动户外,质量,质量好,positive,质量好
TRAIN_12528,PRODUCT_36556,母婴/玩具,正品,疑似假货,negative,疑似假货
TRAIN_12531,PRODUCT_423772,图书音像,价格,性价比高,positive,性价比高
TRAIN_12531,PRODUCT_423772,图书音像,推荐,会回购,positive,会回购
TRAIN_12537,PRODUCT_25958,图书音像,正品,正品放心,positive,正品放心
TRAIN_12538,PRODUCT_7911,图书音像,质量,质量好,positive,质量好
TRAIN_12538,PRODUCT_7911,图书音像,物流,发货快,positive,发货快
TRAIN_12538,PRODUCT_7911,图书音像,正品,正品放心,positive,正品放心
TRAIN_12541,PRODUCT_383074,电脑/办公,耐用,容易坏,negative,容易坏
TRAIN_12544,PRODUCT_375600,图书音像,质量,质量好,positive,质量好
TRAIN_12544,PRODUCT_375600,图书音像,物流,发货快,positive,发货快
TRAIN_12544,PRODUCT_375600,图书音像,正品,正品放心,positive,正品放心
TRAIN_12545,PRODUCT_184020,运动户外,质量,质量好,positive,质量好
TRAIN_12546,PRODUCT_399938,图书音像,包装,包装好,positive,包装好
TRAIN_12554,PRODUCT_291114,家用电器,物流,发货快,positive,发货快
TRAIN_12557,PRODUCT_222671,图书音像,价格,价格贵,negative,价格贵
TRAIN_12559,PRODUCT_365279,图书音像,推荐,会回购,positive,会回购
TRAIN_12565,PRODUCT_403808,图书音像,质量,质量好,positive,质量好
TRAIN_12565,PRODUCT_403808,图书音像,正品,正品放心,positive,正品放心
TRAIN_12566,PRODUCT_161648,图书音像,内容,内容不错,positive,内容不错
TRAIN_12568,PRODUCT_118231,图书音像,推荐,会回购,positive,会回购
TRAIN_12569,PRODUCT_325570,图书音像,质量,质量好,positive,质量好
TRAIN_12571,PRODUCT_150354,图书音像,正品,正品放心,positive,正品放心
TRAIN_12576,PRODUCT_57643,手机/数码,价格,性价比高,positive,性价比高
TRAIN_12579,PRODUCT_319779,电脑/办公,价格,性价比高,positive,性价比高
TRAIN_12584,PRODUCT_444976,图书音像,价格,性价比高,positive,性价比高
TRAIN_12590,PRODUCT_439176,图书音像,正品,正品放心,positive,正品放心
TRAIN_12596,PRODUCT_421982,图书音像,外观,外观一般,negative,外观一般
TRAIN_12599,PRODUCT_140002,图书音像,正品,疑似假货,negative,疑似假货
TRAIN_12601,PRODUCT_240218,图书音像,内容,内容一般,negative,内容一般
TRAIN_12606,PRODUCT_132109,图书音像,正品,正品放心,positive,正品放心
TRAIN_12606,PRODUCT_132109,图书音像,正品,疑似假货,negative,疑似假货
TRAIN_12613,PRODUCT_4656,家用电器,质量,质量好,positive,质量好
TRAIN_12616,PRODUCT_418412,图书音像,耐用,容易坏,negative,容易坏
TRAIN_12619,PRODUCT_277616,图书音像,价格,价格贵,negative,价格贵
TRAIN_12624,PRODUCT_475219,图书音像,推荐,会回购,positive,会回购
TRAIN_12629,PRODUCT_488167,图书音像,物流,发货快,positive,发货快
TRAIN_12630,PRODUCT_477025,图书音像,正品,正品放心,positive,正品放心
TRAIN_12634,PRODUCT_50246,图书音像,内容,内容不错,positive,内容不错
TRAIN_12635,PRODUCT_155432,图书音像,包装,包装差,negative,包装差
TRAIN_12637,PRODUCT_201125,美妆个护,包装,包装好,positive,包装好
TRAIN_12638,PRODUCT_448452,电脑/办公,推荐,会回购,positive,会回购
TRAIN_12638,PRODUCT_448452,电脑/办公,推荐,不推荐,negative,不推荐
TRAIN_12641,PRODUCT_260602,电脑/办公,正品,正品放心,positive,正品放心
TRAIN_12643,PRODUCT_498642,家居生活,质量,质量好,positive,质量好
TRAIN_12652,PRODUCT_280616,图书音像,推荐,会回购,positive,会回购
TRAIN_12669,PRODUCT_32431,其他,耐用,容易坏,negative,容易坏
TRAIN_12672,PRODUCT_282696,图书音像,质量,质量好,positive,质量好
TRAIN_12672,PRODUCT_282696,图书音像,价格,性价比高,positive,性价比高
TRAIN_12678,PRODUCT_132109,图书音像,价格,性价比高,positive,性价比高
TRAIN_12680,PRODUCT_41898,图书音像,物流,发货快,positive,发货快
TRAIN_12681,PRODUCT_440984,电脑/办公,正品,正品放心,positive,正品放心
TRAIN_12685,PRODUCT_36819,图书音像,价格,性价比高,positive,性价比高
TRAIN_12690,PRODUCT_310763,图书音像,质量,质量好,positive,质量好
TRAIN_12693,PRODUCT_417656,图书音像,质量,质量好,positive,质量好
TRAIN_12697,PRODUCT_502981,图书音像,价格,性价比高,positive,性价比高
TRAIN_12704,PRODUCT_440984,电脑/办公,外观,外观好看,positive,外观好看
TRAIN_12706,PRODUCT_285324,图书音像,内容,内容不错,positive,内容不错
TRAIN_12714,PRODUCT_96512,图书音像,价格,性价比高,positive,性价比高
TRAIN_12715,PRODUCT_511649,食品/保健,味道,味道不错,positive,味道不错
TRAIN_12717,PRODUCT_302405,电脑/办公,价格,性价比高,positive,性价比高
TRAIN_12718,PRODUCT_148525,图书音像,质量,质量好,positive,质量好
TRAIN_12719,PRODUCT_162886,电脑/办公,质量,质量好,positive,质量好
TRAIN_12725,PRODUCT_366454,图书音像,物流,发货快,positive,发货快
TRAIN_12730,PRODUCT_397391,图书音像,价格,性价比高,positive,性价比高
TRAIN_12736,PRODUCT_71184,家用电器,正品,疑似假货,negative,疑似假货
TRAIN_12736,PRODUCT_71184,家用电器,推荐,会回购,positive,会回购
TRAIN_12748,PRODUCT_19713,图书音像,正品,正品放心,positive,正品放心
TRAIN_12749,PRODUCT_521395,图书音像,正品,正品放心,positive,正品放心
TRAIN_12752,PRODUCT_416506,美妆个护,正品,正品放心,positive,正品放心
TRAIN_12755,PRODUCT_220807,手机/数码,耐用,很耐用,positive,很耐用
TRAIN_12761,PRODUCT_442042,图书音像,质量,质量好,positive,质量好
TRAIN_12761,PRODUCT_442042,图书音像,包装,包装差,negative,包装差
TRAIN_12766,PRODUCT_25199,电脑/办公,包装,包装好,positive,包装好
TRAIN_12767,PRODUCT_174013,家用电器,质量,质量好,positive,质量好
TRAIN_12769,PRODUCT_289014,食品/保健,味道,味道不错,positive,味道不错
TRAIN_12772,PRODUCT_325923,图书音像,正品,正品放心,positive,正品放心
TRAIN_12773,PRODUCT_39536,图书音像,正品,正品放心,positive,正品放心
TRAIN_12773,PRODUCT_39536,图书音像,正品,疑似假货,negative,疑似假货
TRAIN_12773,PRODUCT_39536,图书音像,内容,内容不错,positive,内容不错
TRAIN_12776,PRODUCT_263736,食品/保健,物流,发货快,positive,发货快
TRAIN_12789,PRODUCT_351760,美妆个护,味道,味道不错,positive,味道不错
TRAIN_12793,PRODUCT_48974,家居生活,价格,性价比高,positive,性价比高
TRAIN_12801,PRODUCT_358762,图书音像,正品,正品放心,positive,正品放心
TRAIN_12811,PRODUCT_401605,图书音像,内容,内容不错,positive,内容不错
TRAIN_12821,PRODUCT_134030,电脑/办公,物流,发货快,positive,发货快
TRAIN_12829,PRODUCT_25331,家具/家装/建材,外观,外观好看,positive,外观好看
TRAIN_12840,PRODUCT_454582,图书音像,正品,疑似假货,negative,疑似假货
TRAIN_12849,PRODUCT_378284,手机/数码,正品,正品放心,positive,正品放心
TRAIN_12858,PRODUCT_507761,美妆个护,价格,性价比高,positive,性价比高
TRAIN_12858,PRODUCT_507761,美妆个护,正品,正品放心,positive,正品放心
TRAIN_12861,PRODUCT_141957,食品/保健,味道,味道不错,positive,味道不错
TRAIN_12869,PRODUCT_431191,图书音像,内容,内容不错,positive,内容不错
TRAIN_12871,PRODUCT_374305,图书音像,包装,包装好,positive,包装好
TRAIN_12873,PRODUCT_92377,手机/数码,质量,质量好,positive,质量好
TRAIN_12878,PRODUCT_213394,图书音像,物流,物流慢,negative,物流慢
TRAIN_12879,PRODUCT_143475,图书音像,质量,质量好,positive,质量好
TRAIN_12880,PRODUCT_199769,图书音像,质量,质量好,positive,质量好
TRAIN_12881,PRODUCT_476829,手机/数码,正品,正品放心,positive,正品放心
TRAIN_12881,PRODUCT_476829,手机/数码,推荐,会回购,positive,会回购
TRAIN_12883,PRODUCT_514006,图书音像,价格,价格贵,negative,价格贵
TRAIN_12886,PRODUCT_440984,电脑/办公,物流,物流慢,negative,物流慢
TRAIN_12886,PRODUCT_440984,电脑/办公,正品,正品放心,positive,正品放心
TRAIN_12891,PRODUCT_121126,图书音像,正品,正品放心,positive,正品放心
TRAIN_12892,PRODUCT_441014,电脑/办公,物流,发货快,positive,发货快
TRAIN_12894,PRODUCT_287048,图书音像,内容,内容不错,positive,内容不错
TRAIN_12907,PRODUCT_480229,美妆个护,味道,味道不错,positive,味道不错
TRAIN_12909,PRODUCT_78000,图书音像,包装,包装好,positive,包装好
TRAIN_12911,PRODUCT_283085,美妆个护,味道,味道不错,positive,味道不错
TRAIN_12913,PRODUCT_229141,图书音像,推荐,会回购,positive,会回购
TRAIN_12924,PRODUCT_82638,图书音像,质量,质量差,negative,质量差
TRAIN_12924,PRODUCT_82638,图书音像,正品,疑似假货,negative,疑似假货
TRAIN_12930,PRODUCT_524698,电脑/办公,正品,正品放心,positive,正品放心
TRAIN_12931,PRODUCT_265598,图书音像,正品,正品放心,positive,正品放心
TRAIN_12935,PRODUCT_377585,电脑/办公,包装,包装好,positive,包装好
TRAIN_12939,PRODUCT_287901,食品/保健,味道,味道不错,positive,味道不错
TRAIN_12942,PRODUCT_324157,图书音像,正品,疑似假货,negative,疑似假货
TRAIN_12944,PRODUCT_487250,图书音像,正品,疑似假货,negative,疑似假货
TRAIN_12945,PRODUCT_504808,母婴/玩具,正品,正品放心,positive,正品放心
TRAIN_12946,PRODUCT_89425,图书音像,正品,正品放心,positive,正品放心
TRAIN_12958,PRODUCT_112970,家用电器,耐用,很耐用,positive,很耐用
TRAIN_12962,PRODUCT_99076,图书音像,质量,质量好,positive,质量好
TRAIN_12966,PRODUCT_128070,图书音像,价格,价格贵,negative,价格贵
TRAIN_12968,PRODUCT_191540,图书音像,质量,质量好,positive,质量好
TRAIN_12969,PRODUCT_320332,图书音像,包装,包装好,positive,包装好
TRAIN_12974,PRODUCT_397297,图书音像,质量,质量差,negative,质量差
TRAIN_12976,PRODUCT_253385,美妆个护,味道,味道不错,positive,味道不错
TRAIN_12977,PRODUCT_474439,图书音像,物流,发货快,positive,发货快
TRAIN_12985,PRODUCT_463321,图书音像,质量,质量好,positive,质量好
TRAIN_12985,PRODUCT_463321,图书音像,包装,包装差,negative,包装差
TRAIN_12994,PRODUCT_334976,图书音像,正品,正品放心,positive,正品放心
TRAIN_13002,PRODUCT_43607,手机/数码,物流,发货快,positive,发货快
TRAIN_13007,PRODUCT_404307,手机/数码,耐用,很耐用,positive,很耐用
TRAIN_13007,PRODUCT_404307,手机/数码,耐用,容易坏,negative,容易坏
TRAIN_13011,PRODUCT_262440,母婴/玩具,耐用,很耐用,positive,很耐用
TRAIN_13014,PRODUCT_173367,钟表/首饰/眼镜/礼品,质量,质量差,negative,质量差
TRAIN_13017,PRODUCT_467539,电脑/办公,正品,正品放心,positive,正品放心
TRAIN_13023,PRODUCT_369459,图书音像,正品,正品放心,positive,正品放心
TRAIN_13024,PRODUCT_411369,图书音像,质量,质量好,positive,质量好
TRAIN_13032,PRODUCT_126746,图书音像,质量,质量好,positive,质量好
TRAIN_13034,PRODUCT_353329,图书音像,正品,正品放心,positive,正品放心
TRAIN_13040,PRODUCT_145448,图书音像,正品,正品放心,positive,正品放心
TRAIN_13044,PRODUCT_185398,电脑/办公,正品,正品放心,positive,正品放心
TRAIN_13045,PRODUCT_312508,图书音像,正品,正品放心,positive,正品放心
TRAIN_13046,PRODUCT_110392,手机/数码,耐用,很耐用,positive,很耐用
TRAIN_13048,PRODUCT_37895,图书音像,质量,质量好,positive,质量好
TRAIN_13052,PRODUCT_153386,图书音像,内容,内容不错,positive,内容不错
TRAIN_13053,PRODUCT_294749,图书音像,质量,质量好,positive,质量好
TRAIN_13056,PRODUCT_460768,美妆个护,正品,疑似假货,negative,疑似假货
TRAIN_13069,PRODUCT_28795,图书音像,质量,质量好,positive,质量好
TRAIN_13081,PRODUCT_473503,家用电器,物流,发货快,positive,发货快
TRAIN_13084,PRODUCT_152603,美妆个护,味道,味道不错,positive,味道不错
TRAIN_13093,PRODUCT_292746,图书音像,质量,质量好,positive,质量好
TRAIN_13107,PRODUCT_134787,美妆个护,正品,正品放心,positive,正品放心
TRAIN_13107,PRODUCT_134787,美妆个护,正品,疑似假货,negative,疑似假货
TRAIN_13108,PRODUCT_14437,图书音像,正品,疑似假货,negative,疑似假货
TRAIN_13110,PRODUCT_354866,家用电器,推荐,会回购,positive,会回购
TRAIN_13121,PRODUCT_121467,图书音像,物流,发货快,positive,发货快
TRAIN_13128,PRODUCT_90781,其他,耐用,容易坏,negative,容易坏
TRAIN_13134,PRODUCT_84958,图书音像,正品,正品放心,positive,正品放心
TRAIN_13136,PRODUCT_98190,手机/数码,质量,质量好,positive,质量好
TRAIN_13143,PRODUCT_453390,食品/保健,包装,包装差,negative,包装差
TRAIN_13146,PRODUCT_347156,图书音像,推荐,会回购,positive,会回购
TRAIN_13149,PRODUCT_112421,图书音像,内容,内容不错,positive,内容不错
TRAIN_13150,PRODUCT_42256,图书音像,内容,内容不错,positive,内容不错
TRAIN_13152,PRODUCT_410787,图书音像,价格,性价比高,positive,性价比高
TRAIN_13170,PRODUCT_80884,图书音像,质量,质量好,positive,质量好
TRAIN_13171,PRODUCT_87546,图书音像,质量,质量好,positive,质量好
TRAIN_13173,PRODUCT_433241,图书音像,质量,质量差,negative,质量差
TRAIN_13180,PRODUCT_126252,鞋类箱包,物流,发货快,positive,发货快
TRAIN_13180,PRODUCT_126252,鞋类箱包,包装,包装好,positive,包装好
TRAIN_13189,PRODUCT_158526,图书音像,内容,内容不错,positive,内容不错
TRAIN_13194,PRODUCT_280891,图书音像,推荐,会回购,positive,会回购
TRAIN_13196,PRODUCT_482309,食品/保健,味道,味道不错,positive,味道不错
TRAIN_13198,PRODUCT_108113,图书音像,正品,疑似假货,negative,疑似假货
TRAIN_13201,PRODUCT_160437,家居生活,质量,质量好,positive,质量好
TRAIN_13212,PRODUCT_161439,食品/保健,味道,味道不错,positive,味道不错
TRAIN_13215,PRODUCT_281394,图书音像,物流,发货快,positive,发货快
TRAIN_13217,PRODUCT_148791,电脑/办公,推荐,会回购,positive,会回购
TRAIN_13219,PRODUCT_223611,图书音像,价格,性价比高,positive,性价比高
TRAIN_13225,PRODUCT_70817,图书音像,正品,正品放心,positive,正品放心
TRAIN_13232,PRODUCT_472339,电脑/办公,价格,性价比高,positive,性价比高
TRAIN_13244,PRODUCT_151758,图书音像,价格,性价比高,positive,性价比高
TRAIN_13248,PRODUCT_494811,其他,质量,质量好,positive,质量好
TRAIN_13249,PRODUCT_348005,图书音像,包装,包装差,negative,包装差
TRAIN_13259,PRODUCT_407428,电脑/办公,耐用,容易坏,negative,容易坏
TRAIN_13260,PRODUCT_208138,家用电器,质量,质量好,positive,质量好
TRAIN_13260,PRODUCT_208138,家用电器,质量,质量差,negative,质量差
TRAIN_13262,PRODUCT_353150,图书音像,质量,质量好,positive,质量好
TRAIN_13265,PRODUCT_32407,图书音像,质量,质量好,positive,质量好
TRAIN_13273,PRODUCT_185008,手机/数码,价格,价格贵,negative,价格贵
TRAIN_13275,PRODUCT_464244,电脑/办公,质量,质量好,positive,质量好
TRAIN_13279,PRODUCT_419260,钟表/首饰/眼镜/礼品,价格,性价比高,positive,性价比高
TRAIN_13281,PRODUCT_365025,图书音像,内容,内容不错,positive,内容不错
TRAIN_13283,PRODUCT_408897,图书音像,正品,正品放心,positive,正品放心
TRAIN_13285,PRODUCT_439211,图书音像,质量,质量好,positive,质量好
TRAIN_13285,PRODUCT_439211,图书音像,价格,性价比高,positive,性价比高
TRAIN_13292,PRODUCT_12887,图书音像,推荐,会回购,positive,会回购
TRAIN_13293,PRODUCT_362417,图书音像,质量,质量好,positive,质量好
TRAIN_13294,PRODUCT_275788,家具/家装/建材,价格,性价比高,positive,性价比高
TRAIN_13298,PRODUCT_267496,电脑/办公,物流,发货快,positive,发货快
TRAIN_13298,PRODUCT_267496,电脑/办公,包装,包装好,positive,包装好
TRAIN_13315,PRODUCT_466664,图书音像,包装,包装好,positive,包装好
TRAIN_13315,PRODUCT_466664,图书音像,正品,正品放心,positive,正品放心
TRAIN_13322,PRODUCT_298079,图书音像,正品,疑似假货,negative,疑似假货
TRAIN_13325,PRODUCT_404552,图书音像,物流,发货快,positive,发货快
TRAIN_13329,PRODUCT_340843,电脑/办公,正品,正品放心,positive,正品放心
TRAIN_13334,PRODUCT_389573,图书音像,质量,质量好,positive,质量好
TRAIN_13343,PRODUCT_100462,电脑/办公,价格,价格贵,negative,价格贵
TRAIN_13344,PRODUCT_211805,图书音像,正品,疑似假货,negative,疑似假货
TRAIN_13344,PRODUCT_211805,图书音像,内容,内容不错,positive,内容不错
TRAIN_13350,PRODUCT_465513,手机/数码,耐用,很耐用,positive,很耐用
TRAIN_13352,PRODUCT_377793,家具/家装/建材,耐用,很耐用,positive,很耐用
TRAIN_13355,PRODUCT_450205,图书音像,物流,发货快,positive,发货快
TRAIN_13355,PRODUCT_450205,图书音像,正品,正品放心,positive,正品放心
TRAIN_13358,PRODUCT_241374,图书音像,价格,性价比高,positive,性价比高
TRAIN_13358,PRODUCT_241374,图书音像,正品,正品放心,positive,正品放心
TRAIN_13378,PRODUCT_10650,手机/数码,价格,性价比高,positive,性价比高
TRAIN_13385,PRODUCT_487567,图书音像,价格,性价比高,positive,性价比高
TRAIN_13399,PRODUCT_303505,图书音像,包装,包装好,positive,包装好
TRAIN_13403,PRODUCT_365426,图书音像,物流,物流慢,negative,物流慢
TRAIN_13404,PRODUCT_243187,手机/数码,质量,质量好,positive,质量好
TRAIN_13407,PRODUCT_13661,图书音像,质量,质量好,positive,质量好
TRAIN_13413,PRODUCT_259099,电脑/办公,质量,质量好,positive,质量好
TRAIN_13415,PRODUCT_309964,图书音像,正品,疑似假货,negative,疑似假货
TRAIN_13417,PRODUCT_205178,美妆个护,包装,包装好,positive,包装好
TRAIN_13417,PRODUCT_205178,美妆个护,正品,正品放心,positive,正品放心
TRAIN_13423,PRODUCT_490965,电脑/办公,外观,外观好看,positive,外观好看
TRAIN_13425,PRODUCT_316579,母婴/玩具,质量,质量好,positive,质量好
TRAIN_13430,PRODUCT_189760,图书音像,物流,发货快,positive,发货快
TRAIN_13433,PRODUCT_327698,图书音像,推荐,不推荐,negative,不推荐
TRAIN_13433,PRODUCT_327698,图书音像,内容,内容一般,negative,内容一般
TRAIN_13442,PRODUCT_453935,食品/保健,包装,包装好,positive,包装好
TRAIN_13444,PRODUCT_417675,图书音像,价格,性价比高,positive,性价比高
TRAIN_13444,PRODUCT_417675,图书音像,推荐,会回购,positive,会回购
TRAIN_13453,PRODUCT_505565,电脑/办公,质量,质量好,positive,质量好
TRAIN_13455,PRODUCT_208110,图书音像,质量,质量好,positive,质量好
TRAIN_13455,PRODUCT_208110,图书音像,推荐,会回购,positive,会回购
TRAIN_13456,PRODUCT_296119,家用电器,质量,质量好,positive,质量好
TRAIN_13475,PRODUCT_452420,图书音像,质量,质量好,positive,质量好
TRAIN_13475,PRODUCT_452420,图书音像,正品,正品放心,positive,正品放心
TRAIN_13479,PRODUCT_493984,图书音像,质量,质量好,positive,质量好
TRAIN_13481,PRODUCT_329503,图书音像,正品,疑似假货,negative,疑似假货
TRAIN_13481,PRODUCT_329503,图书音像,外观,外观一般,negative,外观一般
TRAIN_13488,PRODUCT_402137,手机/数码,耐用,很耐用,positive,很耐用
TRAIN_13496,PRODUCT_139298,图书音像,质量,质量好,positive,质量好
TRAIN_13496,PRODUCT_139298,图书音像,价格,性价比高,positive,性价比高
TRAIN_13501,PRODUCT_107609,图书音像,内容,内容不错,positive,内容不错
TRAIN_13504,PRODUCT_958,图书音像,内容,内容不错,positive,内容不错
TRAIN_13507,PRODUCT_300557,图书音像,价格,性价比高,positive,性价比高
TRAIN_13511,PRODUCT_310285,图书音像,正品,正品放心,positive,正品放心
TRAIN_13518,PRODUCT_87039,手机/数码,屏幕,屏幕清晰,positive,屏幕清晰
TRAIN_13529,PRODUCT_106276,图书音像,外观,外观一般,negative,外观一般
TRAIN_13530,PRODUCT_163020,图书音像,正品,正品放心,positive,正品放心
TRAIN_13535,PRODUCT_53961,图书音像,正品,正品放心,positive,正品放心
TRAIN_13536,PRODUCT_467672,图书音像,物流,发货快,positive,发货快
TRAIN_13536,PRODUCT_467672,图书音像,正品,正品放心,positive,正品放心
TRAIN_13537,PRODUCT_457344,图书音像,质量,质量好,positive,质量好
TRAIN_13538,PRODUCT_349085,机票/充值/票务/虚拟,正品,正品放心,positive,正品放心
TRAIN_13539,PRODUCT_221495,手机/数码,质量,质量差,negative,质量差
TRAIN_13550,PRODUCT_61448,服饰服装,外观,外观一般,negative,外观一般
TRAIN_13551,PRODUCT_256069,图书音像,价格,性价比高,positive,性价比高
TRAIN_13560,PRODUCT_391930,图书音像,内容,内容一般,negative,内容一般
TRAIN_13583,PRODUCT_20264,图书音像,物流,发货快,positive,发货快
TRAIN_13587,PRODUCT_338497,电脑/办公,正品,正品放心,positive,正品放心
TRAIN_13595,PRODUCT_416947,鞋类箱包,质量,质量好,positive,质量好
TRAIN_13601,PRODUCT_48648,图书音像,正品,正品放心,positive,正品放心
TRAIN_13613,PRODUCT_238793,家用电器,包装,包装差,negative,包装差
TRAIN_13613,PRODUCT_238793,家用电器,耐用,容易坏,negative,容易坏
TRAIN_13615,PRODUCT_188896,图书音像,包装,包装好,positive,包装好
TRAIN_13621,PRODUCT_314011,家居生活,包装,包装差,negative,包装差
TRAIN_13621,PRODUCT_314011,家居生活,价格,性价比高,positive,性价比高
TRAIN_13627,PRODUCT_212227,图书音像,质量,质量差,negative,质量差
TRAIN_13632,PRODUCT_450820,图书音像,质量,质量好,positive,质量好
TRAIN_13633,PRODUCT_258773,食品/保健,价格,性价比高,positive,性价比高
TRAIN_13633,PRODUCT_258773,食品/保健,味道,味道不错,positive,味道不错
TRAIN_13642,PRODUCT_40290,手机/数码,正品,疑似假货,negative,疑似假货
TRAIN_13646,PRODUCT_76501,家具/家装/建材,质量,质量好,positive,质量好
TRAIN_13646,PRODUCT_76501,家具/家装/建材,耐用,很耐用,positive,很耐用
TRAIN_13649,PRODUCT_137149,美妆个护,包装,包装好,positive,包装好
TRAIN_13679,PRODUCT_145694,手机/数码,正品,正品放心,positive,正品放心
TRAIN_13679,PRODUCT_145694,手机/数码,正品,疑似假货,negative,疑似假货
TRAIN_13687,PRODUCT_55668,图书音像,质量,质量差,negative,质量差
TRAIN_13687,PRODUCT_55668,图书音像,包装,包装差,negative,包装差
TRAIN_13691,PRODUCT_172768,图书音像,价格,价格贵,negative,价格贵
TRAIN_13691,PRODUCT_172768,图书音像,正品,正品放心,positive,正品放心
TRAIN_13691,PRODUCT_172768,图书音像,外观,外观一般,negative,外观一般
TRAIN_13695,PRODUCT_11404,图书音像,质量,质量好,positive,质量好
TRAIN_13712,PRODUCT_287901,食品/保健,物流,发货快,positive,发货快
TRAIN_13712,PRODUCT_287901,食品/保健,正品,疑似假货,negative,疑似假货
TRAIN_13712,PRODUCT_287901,食品/保健,味道,味道不错,positive,味道不错
TRAIN_13719,PRODUCT_41772,图书音像,正品,正品放心,positive,正品放心
TRAIN_13719,PRODUCT_41772,图书音像,正品,疑似假货,negative,疑似假货
TRAIN_13721,PRODUCT_334925,美妆个护,正品,正品放心,positive,正品放心
TRAIN_13723,PRODUCT_504129,电脑/办公,正品,正品放心,positive,正品放心
TRAIN_13726,PRODUCT_61924,手机/数码,质量,质量好,positive,质量好
TRAIN_13730,PRODUCT_446591,图书音像,价格,性价比高,positive,性价比高
TRAIN_13738,PRODUCT_480254,图书音像,包装,包装好,positive,包装好
TRAIN_13742,PRODUCT_35580,图书音像,价格,性价比高,positive,性价比高
TRAIN_13749,PRODUCT_352769,图书音像,质量,质量好,positive,质量好
TRAIN_13752,PRODUCT_361141,图书音像,物流,发货快,positive,发货快
TRAIN_13753,PRODUCT_20228,家居生活,价格,性价比高,positive,性价比高
TRAIN_13754,PRODUCT_323582,图书音像,质量,质量差,negative,质量差
TRAIN_13756,PRODUCT_508228,图书音像,正品,疑似假货,negative,疑似假货
TRAIN_13759,PRODUCT_507706,电脑/办公,耐用,很耐用,positive,很耐用
TRAIN_13761,PRODUCT_128681,图书音像,物流,发货快,positive,发货快
TRAIN_13762,PRODUCT_50849,手机/数码,耐用,容易坏,negative,容易坏
TRAIN_13770,PRODUCT_19183,图书音像,质量,质量好,positive,质量好
TRAIN_13774,PRODUCT_432291,美妆个护,价格,性价比高,positive,性价比高
TRAIN_13774,PRODUCT_432291,美妆个护,正品,疑似假货,negative,疑似假货
TRAIN_13796,PRODUCT_279409,图书音像,推荐,会回购,positive,会回购
TRAIN_13800,PRODUCT_138476,食品/保健,新鲜,很新鲜,positive,很新鲜
TRAIN_13804,PRODUCT_100159,图书音像,质量,质量好,positive,质量好
TRAIN_13804,PRODUCT_100159,图书音像,物流,发货快,positive,发货快
TRAIN_13813,PRODUCT_298194,图书音像,质量,质量好,positive,质量好
TRAIN_13815,PRODUCT_288251,图书音像,内容,内容不错,positive,内容不错
TRAIN_13819,PRODUCT_143028,图书音像,正品,正品放心,positive,正品放心
TRAIN_13830,PRODUCT_153889,图书音像,质量,质量好,positive,质量好
TRAIN_13830,PRODUCT_153889,图书音像,包装,包装好,positive,包装好
TRAIN_13835,PRODUCT_270684,美妆个护,正品,正品放心,positive,正品放心
TRAIN_13840,PRODUCT_272435,图书音像,价格,价格贵,negative,价格贵
TRAIN_13847,PRODUCT_178554,图书音像,价格,价格贵,negative,价格贵
TRAIN_13850,PRODUCT_381341,美妆个护,味道,味道不错,positive,味道不错
TRAIN_13862,PRODUCT_15345,图书音像,正品,正品放心,positive,正品放心
TRAIN_13864,PRODUCT_374581,电脑/办公,正品,正品放心,positive,正品放心
TRAIN_13866,PRODUCT_288487,图书音像,质量,质量好,positive,质量好
TRAIN_13867,PRODUCT_422955,钟表/首饰/眼镜/礼品,质量,质量好,positive,质量好
TRAIN_13867,PRODUCT_422955,钟表/首饰/眼镜/礼品,包装,包装好,positive,包装好
TRAIN_13882,PRODUCT_463110,食品/保健,正品,正品放心,positive,正品放心
TRAIN_13890,PRODUCT_206031,图书音像,质量,质量差,negative,质量差
TRAIN_13890,PRODUCT_206031,图书音像,正品,正品放心,positive,正品放心
TRAIN_13892,PRODUCT_375371,电脑/办公,正品,正品放心,positive,正品放心
TRAIN_13902,PRODUCT_134040,手机/数码,价格,性价比高,positive,性价比高
TRAIN_13908,PRODUCT_184570,图书音像,物流,发货快,positive,发货快
TRAIN_13911,PRODUCT_88701,图书音像,正品,正品放心,positive,正品放心
TRAIN_13911,PRODUCT_88701,图书音像,正品,疑似假货,negative,疑似假货
TRAIN_13927,PRODUCT_345450,图书音像,质量,质量好,positive,质量好
TRAIN_13929,PRODUCT_25649,图书音像,质量,质量好,positive,质量好
TRAIN_13929,PRODUCT_25649,图书音像,物流,发货快,positive,发货快
TRAIN_13930,PRODUCT_398377,图书音像,正品,正品放心,positive,正品放心
TRAIN_13936,PRODUCT_305601,图书音像,正品,疑似假货,negative,疑似假货
TRAIN_13938,PRODUCT_435384,电脑/办公,包装,包装差,negative,包装差
TRAIN_13940,PRODUCT_281059,图书音像,内容,内容不错,positive,内容不错
TRAIN_13941,PRODUCT_149613,美妆个护,味道,味道不错,positive,味道不错
TRAIN_13943,PRODUCT_258818,美妆个护,质量,质量好,positive,质量好
TRAIN_13945,PRODUCT_353150,图书音像,质量,质量好,positive,质量好
TRAIN_13966,PRODUCT_503336,图书音像,质量,质量好,positive,质量好
TRAIN_13968,PRODUCT_153836,图书音像,推荐,会回购,positive,会回购
TRAIN_13972,PRODUCT_2627,图书音像,内容,内容不错,positive,内容不错
TRAIN_13979,PRODUCT_166859,美妆个护,味道,味道不错,positive,味道不错
TRAIN_13980,PRODUCT_257405,图书音像,推荐,会回购,positive,会回购
TRAIN_13981,PRODUCT_158967,图书音像,质量,质量好,positive,质量好
TRAIN_13984,PRODUCT_78446,家用电器,正品,正品放心,positive,正品放心
TRAIN_13995,PRODUCT_61605,美妆个护,味道,味道不错,positive,味道不错
TRAIN_13996,PRODUCT_318234,图书音像,价格,性价比高,positive,性价比高
TRAIN_14014,PRODUCT_476942,电脑/办公,耐用,很耐用,positive,很耐用
TRAIN_14014,PRODUCT_476942,电脑/办公,续航,续航差,negative,续航差
TRAIN_14020,PRODUCT_277135,图书音像,物流,发货快,positive,发货快
TRAIN_14022,PRODUCT_400404,家居生活,价格,性价比高,positive,性价比高
TRAIN_14032,PRODUCT_132998,图书音像,质量,质量好,positive,质量好
TRAIN_14032,PRODUCT_132998,图书音像,内容,内容不错,positive,内容不错
TRAIN_14040,PRODUCT_239919,图书音像,质量,质量差,negative,质量差
TRAIN_14050,PRODUCT_472825,图书音像,内容,内容不错,positive,内容不错
TRAIN_14055,PRODUCT_326317,手机/数码,质量,质量差,negative,质量差
TRAIN_14061,PRODUCT_100921,图书音像,正品,正品放心,positive,正品放心
TRAIN_14064,PRODUCT_365550,图书音像,质量,质量好,positive,质量好
TRAIN_14067,PRODUCT_123990,图书音像,质量,质量差,negative,质量差
TRAIN_14077,PRODUCT_389547,美妆个护,物流,发货快,positive,发货快
TRAIN_14077,PRODUCT_389547,美妆个护,味道,味道不错,positive,味道不错
TRAIN_14078,PRODUCT_321058,图书音像,正品,正品放心,positive,正品放心
TRAIN_14098,PRODUCT_76966,图书音像,质量,质量好,positive,质量好
TRAIN_14101,PRODUCT_352690,图书音像,质量,质量好,positive,质量好
TRAIN_14106,PRODUCT_7326,图书音像,正品,正品放心,positive,正品放心
TRAIN_14108,PRODUCT_419348,图书音像,正品,正品放心,positive,正品放心
TRAIN_14113,PRODUCT_500760,电脑/办公,物流,发货快,positive,发货快
TRAIN_14123,PRODUCT_345500,图书音像,质量,质量好,positive,质量好
TRAIN_14125,PRODUCT_36848,电脑/办公,正品,正品放心,positive,正品放心
TRAIN_14129,PRODUCT_55683,电脑/办公,物流,发货快,positive,发货快
TRAIN_14137,PRODUCT_94009,图书音像,质量,质量好,positive,质量好
TRAIN_14140,PRODUCT_179287,电脑/办公,推荐,会回购,positive,会回购
TRAIN_14146,PRODUCT_39370,图书音像,质量,质量好,positive,质量好
TRAIN_14158,PRODUCT_92690,图书音像,质量,质量差,negative,质量差
TRAIN_14165,PRODUCT_474412,图书音像,质量,质量好,positive,质量好
TRAIN_14165,PRODUCT_474412,图书音像,正品,疑似假货,negative,疑似假货
TRAIN_14167,PRODUCT_158319,图书音像,质量,质量好,positive,质量好
TRAIN_14167,PRODUCT_158319,图书音像,正品,疑似假货,negative,疑似假货
TRAIN_14187,PRODUCT_314288,手机/数码,正品,正品放心,positive,正品放心
TRAIN_14188,PRODUCT_477381,图书音像,质量,质量好,positive,质量好
TRAIN_14190,PRODUCT_230509,手机/数码,屏幕,屏幕差,negative,屏幕差
TRAIN_14193,PRODUCT_137685,电脑/办公,正品,正品放心,positive,正品放心
TRAIN_14194,PRODUCT_342242,图书音像,内容,内容一般,negative,内容一般
TRAIN_14196,PRODUCT_305041,图书音像,内容,内容不错,positive,内容不错
TRAIN_14197,PRODUCT_122156,图书音像,内容,内容不错,positive,内容不错
TRAIN_14200,PRODUCT_349791,图书音像,价格,性价比高,positive,性价比高
TRAIN_14203,PRODUCT_125975,图书音像,内容,内容不错,positive,内容不错
TRAIN_14208,PRODUCT_143781,家居生活,外观,外观好看,positive,外观好看
TRAIN_14229,PRODUCT_322555,图书音像,包装,包装差,negative,包装差
TRAIN_14231,PRODUCT_16712,电脑/办公,质量,质量好,positive,质量好
TRAIN_14235,PRODUCT_242764,图书音像,内容,内容不错,positive,内容不错
TRAIN_14237,PRODUCT_516378,图书音像,质量,质量好,positive,质量好
TRAIN_14240,PRODUCT_378680,家用电器,价格,性价比高,positive,性价比高
TRAIN_14247,PRODUCT_383389,家用电器,价格,性价比高,positive,性价比高
TRAIN_14248,PRODUCT_468663,图书音像,价格,性价比高,positive,性价比高
TRAIN_14249,PRODUCT_134795,图书音像,质量,质量好,positive,质量好
TRAIN_14262,PRODUCT_326892,图书音像,质量,质量好,positive,质量好
TRAIN_14262,PRODUCT_326892,图书音像,物流,发货快,positive,发货快
TRAIN_14267,PRODUCT_421287,图书音像,质量,质量好,positive,质量好
TRAIN_14269,PRODUCT_443413,图书音像,质量,质量好,positive,质量好
TRAIN_14278,PRODUCT_492122,钟表/首饰/眼镜/礼品,质量,质量好,positive,质量好
TRAIN_14281,PRODUCT_203849,手机/数码,包装,包装好,positive,包装好
TRAIN_14284,PRODUCT_250137,家居生活,耐用,容易坏,negative,容易坏
TRAIN_14289,PRODUCT_148022,图书音像,质量,质量好,positive,质量好
TRAIN_14309,PRODUCT_359424,图书音像,质量,质量好,positive,质量好
TRAIN_14312,PRODUCT_505404,电脑/办公,物流,发货快,positive,发货快
TRAIN_14324,PRODUCT_504501,家居生活,质量,质量好,positive,质量好
TRAIN_14324,PRODUCT_504501,家居生活,正品,正品放心,positive,正品放心
TRAIN_14333,PRODUCT_307611,鞋类箱包,价格,性价比高,positive,性价比高
TRAIN_14340,PRODUCT_19832,图书音像,物流,发货快,positive,发货快
TRAIN_14359,PRODUCT_156954,服饰服装,尺码,尺码不准,negative,尺码不准
TRAIN_14360,PRODUCT_131093,图书音像,质量,质量好,positive,质量好
TRAIN_14367,PRODUCT_308595,图书音像,内容,内容不错,positive,内容不错
TRAIN_14370,PRODUCT_440158,图书音像,正品,正品放心,positive,正品放心
TRAIN_14377,PRODUCT_430332,鞋类箱包,物流,发货快,positive,发货快
TRAIN_14385,PRODUCT_493590,图书音像,质量,质量好,positive,质量好
TRAIN_14388,PRODUCT_513971,图书音像,包装,包装差,negative,包装差
TRAIN_14397,PRODUCT_190024,其他,质量,质量好,positive,质量好
TRAIN_14397,PRODUCT_190024,其他,物流,发货快,positive,发货快
TRAIN_14404,PRODUCT_236142,图书音像,质量,质量好,positive,质量好
TRAIN_14408,PRODUCT_12166,图书音像,物流,发货快,positive,发货快
TRAIN_14409,PRODUCT_474509,图书音像,质量,质量差,negative,质量差
TRAIN_14409,PRODUCT_474509,图书音像,正品,疑似假货,negative,疑似假货
TRAIN_14413,PRODUCT_442115,图书音像,质量,质量差,negative,质量差
TRAIN_14415,PRODUCT_522887,手机/数码,质量,质量好,positive,质量好
TRAIN_14417,PRODUCT_60723,家居生活,正品,正品放心,positive,正品放心
TRAIN_14419,PRODUCT_247609,图书音像,内容,内容不错,positive,内容不错
TRAIN_14421,PRODUCT_108865,图书音像,质量,质量好,positive,质量好
TRAIN_14421,PRODUCT_108865,图书音像,物流,发货快,positive,发货快
TRAIN_14422,PRODUCT_307499,图书音像,物流,发货快,positive,发货快
TRAIN_14429,PRODUCT_512730,图书音像,价格,性价比高,positive,性价比高
TRAIN_14442,PRODUCT_458548,图书音像,物流,发货快,positive,发货快
TRAIN_14442,PRODUCT_458548,图书音像,包装,包装差,negative,包装差
TRAIN_14447,PRODUCT_328514,图书音像,正品,正品放心,positive,正品放心
TRAIN_14448,PRODUCT_201589,图书音像,质量,质量好,positive,质量好
TRAIN_14451,PRODUCT_330648,电脑/办公,推荐,会回购,positive,会回购
TRAIN_14452,PRODUCT_451339,美妆个护,味道,味道不错,positive,味道不错
TRAIN_14460,PRODUCT_443977,美妆个护,正品,正品放心,positive,正品放心
TRAIN_14468,PRODUCT_291441,电脑/办公,质量,质量差,negative,质量差
TRAIN_14471,PRODUCT_266105,图书音像,正品,正品放心,positive,正品放心
TRAIN_14471,PRODUCT_266105,图书音像,内容,内容不错,positive,内容不错
TRAIN_14477,PRODUCT_453869,图书音像,包装,包装差,negative,包装差
TRAIN_14482,PRODUCT_427451,图书音像,内容,内容不错,positive,内容不错
TRAIN_14483,PRODUCT_50482,图书音像,包装,包装差,negative,包装差
TRAIN_14483,PRODUCT_50482,图书音像,耐用,容易坏,negative,容易坏
TRAIN_14495,PRODUCT_222300,图书音像,质量,质量好,positive,质量好
TRAIN_14497,PRODUCT_367436,图书音像,质量,质量好,positive,质量好
TRAIN_14499,PRODUCT_299510,美妆个护,味道,味道不错,positive,味道不错
TRAIN_14503,PRODUCT_397858,图书音像,正品,正品放心,positive,正品放心
TRAIN_14505,PRODUCT_209397,图书音像,正品,正品放心,positive,正品放心
TRAIN_14507,PRODUCT_417660,家用电器,质量,质量好,positive,质量好
TRAIN_14518,PRODUCT_135062,图书音像,包装,包装差,negative,包装差
TRAIN_14544,PRODUCT_228381,手机/数码,质量,质量差,negative,质量差
TRAIN_14544,PRODUCT_228381,手机/数码,包装,包装差,negative,包装差
TRAIN_14550,PRODUCT_336450,母婴/玩具,价格,性价比高,positive,性价比高
TRAIN_14556,PRODUCT_439677,图书音像,物流,发货快,positive,发货快
TRAIN_14561,PRODUCT_241611,家居生活,包装,包装好,positive,包装好
TRAIN_14561,PRODUCT_241611,家居生活,正品,正品放心,positive,正品放心
TRAIN_14569,PRODUCT_375272,电脑/办公,耐用,很耐用,positive,很耐用
TRAIN_14575,PRODUCT_505565,电脑/办公,正品,正品放心,positive,正品放心
TRAIN_14575,PRODUCT_505565,电脑/办公,正品,疑似假货,negative,疑似假货
TRAIN_14578,PRODUCT_385702,电脑/办公,正品,正品放心,positive,正品放心
TRAIN_14578,PRODUCT_385702,电脑/办公,耐用,容易坏,negative,容易坏
TRAIN_14581,PRODUCT_50818,图书音像,质量,质量好,positive,质量好
TRAIN_14599,PRODUCT_359542,手机/数码,正品,正品放心,positive,正品放心
TRAIN_14599,PRODUCT_359542,手机/数码,正品,疑似假货,negative,疑似假货
TRAIN_14603,PRODUCT_238555,图书音像,正品,正品放心,positive,正品放心
TRAIN_14603,PRODUCT_238555,图书音像,正品,疑似假货,negative,疑似假货
TRAIN_14604,PRODUCT_237661,图书音像,质量,质量好,positive,质量好
TRAIN_14610,PRODUCT_466099,手机/数码,正品,正品放心,positive,正品放心
TRAIN_14612,PRODUCT_494386,图书音像,质量,质量好,positive,质量好
TRAIN_14613,PRODUCT_394095,电脑/办公,质量,质量好,positive,质量好
TRAIN_14623,PRODUCT_169026,图书音像,正品,正品放心,positive,正品放心
TRAIN_14631,PRODUCT_349613,图书音像,正品,疑似假货,negative,疑似假货
TRAIN_14639,PRODUCT_238301,图书音像,包装,包装差,negative,包装差
TRAIN_14639,PRODUCT_238301,图书音像,价格,性价比高,positive,性价比高
TRAIN_14644,PRODUCT_38934,图书音像,内容,内容不错,positive,内容不错
TRAIN_14646,PRODUCT_217058,图书音像,质量,质量好,positive,质量好
TRAIN_14646,PRODUCT_217058,图书音像,物流,发货快,positive,发货快
TRAIN_14646,PRODUCT_217058,图书音像,正品,正品放心,positive,正品放心
TRAIN_14647,PRODUCT_189978,图书音像,包装,包装差,negative,包装差
TRAIN_14649,PRODUCT_101997,图书音像,质量,质量好,positive,质量好
TRAIN_14656,PRODUCT_317321,美妆个护,味道,味道不错,positive,味道不错
TRAIN_14658,PRODUCT_62287,图书音像,内容,内容不错,positive,内容不错
TRAIN_14661,PRODUCT_209524,图书音像,内容,内容不错,positive,内容不错
TRAIN_14662,PRODUCT_173879,家用电器,价格,性价比高,positive,性价比高
TRAIN_14665,PRODUCT_272575,电脑/办公,续航,续航差,negative,续航差
TRAIN_14667,PRODUCT_266670,手机/数码,物流,发货快,positive,发货快
TRAIN_14677,PRODUCT_407755,手机/数码,包装,包装好,positive,包装好
TRAIN_14682,PRODUCT_15966,图书音像,包装,包装差,negative,包装差
TRAIN_14689,PRODUCT_55022,家用电器,价格,价格贵,negative,价格贵
TRAIN_14708,PRODUCT_12329,图书音像,包装,包装好,positive,包装好
TRAIN_14718,PRODUCT_263470,图书音像,价格,性价比高,positive,性价比高
TRAIN_14721,PRODUCT_189020,家用电器,耐用,容易坏,negative,容易坏
TRAIN_14723,PRODUCT_475314,图书音像,正品,正品放心,positive,正品放心
TRAIN_14731,PRODUCT_432395,图书音像,正品,正品放心,positive,正品放心
TRAIN_14741,PRODUCT_62738,美妆个护,质量,质量好,positive,质量好
TRAIN_14742,PRODUCT_40280,手机/数码,质量,质量好,positive,质量好
TRAIN_14743,PRODUCT_300928,图书音像,正品,正品放心,positive,正品放心
TRAIN_14744,PRODUCT_490031,家用电器,正品,正品放心,positive,正品放心
TRAIN_14745,PRODUCT_278463,图书音像,正品,正品放心,positive,正品放心
TRAIN_14748,PRODUCT_9669,图书音像,价格,价格贵,negative,价格贵
TRAIN_14754,PRODUCT_89177,图书音像,质量,质量差,negative,质量差
TRAIN_14758,PRODUCT_271839,图书音像,推荐,会回购,positive,会回购
TRAIN_14758,PRODUCT_271839,图书音像,内容,内容不错,positive,内容不错
TRAIN_14761,PRODUCT_403808,图书音像,包装,包装好,positive,包装好
TRAIN_14761,PRODUCT_403808,图书音像,内容,内容不错,positive,内容不错
TRAIN_14766,PRODUCT_420834,图书音像,价格,性价比高,positive,性价比高
TRAIN_14768,PRODUCT_229343,图书音像,价格,性价比高,positive,性价比高
TRAIN_14770,PRODUCT_283216,图书音像,价格,性价比高,positive,性价比高
TRAIN_14776,PRODUCT_465538,图书音像,正品,正品放心,positive,正品放心
TRAIN_14778,PRODUCT_365522,图书音像,内容,内容一般,negative,内容一般
TRAIN_14788,PRODUCT_338319,图书音像,正品,正品放心,positive,正品放心
TRAIN_14795,PRODUCT_231209,美妆个护,正品,正品放心,positive,正品放心
TRAIN_14800,PRODUCT_59100,图书音像,质量,质量差,negative,质量差
TRAIN_14800,PRODUCT_59100,图书音像,正品,正品放心,positive,正品放心
TRAIN_14800,PRODUCT_59100,图书音像,正品,疑似假货,negative,疑似假货
TRAIN_14800,PRODUCT_59100,图书音像,推荐,不推荐,negative,不推荐
TRAIN_14801,PRODUCT_423973,家居生活,外观,外观好看,positive,外观好看
TRAIN_14810,PRODUCT_32988,图书音像,正品,正品放心,positive,正品放心
TRAIN_14819,PRODUCT_404655,图书音像,推荐,会回购,positive,会回购
TRAIN_14824,PRODUCT_129434,图书音像,正品,正品放心,positive,正品放心
TRAIN_14825,PRODUCT_143548,图书音像,正品,疑似假货,negative,疑似假货
TRAIN_14826,PRODUCT_387752,图书音像,价格,性价比高,positive,性价比高
TRAIN_14828,PRODUCT_168793,图书音像,质量,质量好,positive,质量好
TRAIN_14842,PRODUCT_324111,图书音像,客服,客服好,positive,客服好
TRAIN_14843,PRODUCT_357364,图书音像,包装,包装好,positive,包装好
TRAIN_14847,PRODUCT_335553,图书音像,推荐,会回购,positive,会回购
TRAIN_14849,PRODUCT_480113,图书音像,物流,发货快,positive,发货快
TRAIN_14851,PRODUCT_502338,图书音像,质量,质量好,positive,质量好
TRAIN_14851,PRODUCT_502338,图书音像,推荐,会回购,positive,会回购
TRAIN_14853,PRODUCT_336135,图书音像,物流,发货快,positive,发货快
TRAIN_14853,PRODUCT_336135,图书音像,包装,包装好,positive,包装好
TRAIN_14856,PRODUCT_261461,母婴/玩具,正品,疑似假货,negative,疑似假货
TRAIN_14866,PRODUCT_231098,图书音像,质量,质量好,positive,质量好
TRAIN_14869,PRODUCT_387367,图书音像,正品,疑似假货,negative,疑似假货
TRAIN_14870,PRODUCT_127437,手机/数码,价格,性价比高,positive,性价比高
TRAIN_14878,PRODUCT_445971,图书音像,正品,正品放心,positive,正品放心
TRAIN_14880,PRODUCT_284460,图书音像,内容,内容不错,positive,内容不错
TRAIN_14890,PRODUCT_92690,图书音像,正品,正品放心,positive,正品放心
TRAIN_14894,PRODUCT_41239,图书音像,价格,性价比高,positive,性价比高
TRAIN_14895,PRODUCT_458778,图书音像,物流,发货快,positive,发货快
TRAIN_14901,PRODUCT_516768,图书音像,内容,内容一般,negative,内容一般
TRAIN_14903,PRODUCT_16460,图书音像,正品,疑似假货,negative,疑似假货
TRAIN_14903,PRODUCT_16460,图书音像,内容,内容不错,positive,内容不错
TRAIN_14904,PRODUCT_31241,家具/家装/建材,质量,质量好,positive,质量好
TRAIN_14909,PRODUCT_18727,图书音像,质量,质量好,positive,质量好
TRAIN_14910,PRODUCT_493765,图书音像,物流,发货快,positive,发货快
TRAIN_14912,PRODUCT_378214,图书音像,质量,质量好,positive,质量好
TRAIN_14913,PRODUCT_120628,手机/数码,正品,正品放心,positive,正品放心
TRAIN_14915,PRODUCT_434246,图书音像,正品,正品放心,positive,正品放心
TRAIN_14919,PRODUCT_522027,食品/保健,味道,味道不错,positive,味道不错
TRAIN_14922,PRODUCT_275037,图书音像,正品,疑似假货,negative,疑似假货
TRAIN_14926,PRODUCT_353721,图书音像,正品,疑似假货,negative,疑似假货
TRAIN_14928,PRODUCT_423835,食品/保健,味道,味道不错,positive,味道不错
TRAIN_14929,PRODUCT_397763,图书音像,正品,正品放心,positive,正品放心
TRAIN_14931,PRODUCT_30601,图书音像,质量,质量好,positive,质量好
TRAIN_14932,PRODUCT_395544,图书音像,质量,质量好,positive,质量好
TRAIN_14936,PRODUCT_120464,图书音像,质量,质量好,positive,质量好
TRAIN_14940,PRODUCT_400336,母婴/玩具,包装,包装好,positive,包装好
TRAIN_14956,PRODUCT_513285,电脑/办公,正品,疑似假货,negative,疑似假货
TRAIN_14959,PRODUCT_424395,图书音像,质量,质量好,positive,质量好
TRAIN_14960,PRODUCT_387430,美妆个护,正品,疑似假货,negative,疑似假货
TRAIN_14961,PRODUCT_299493,图书音像,质量,质量好,positive,质量好
TRAIN_14966,PRODUCT_467334,图书音像,正品,疑似假货,negative,疑似假货
TRAIN_14972,PRODUCT_73189,图书音像,正品,正品放心,positive,正品放心
TRAIN_14976,PRODUCT_347769,图书音像,包装,包装好,positive,包装好
TRAIN_14977,PRODUCT_511272,图书音像,正品,正品放心,positive,正品放心
TRAIN_14977,PRODUCT_511272,图书音像,正品,疑似假货,negative,疑似假货
TRAIN_14977,PRODUCT_511272,图书音像,内容,内容不错,positive,内容不错
TRAIN_14980,PRODUCT_296016,图书音像,正品,正品放心,positive,正品放心
TRAIN_14991,PRODUCT_393388,图书音像,内容,内容一般,negative,内容一般
TRAIN_15002,PRODUCT_491709,家用电器,质量,质量差,negative,质量差
TRAIN_15008,PRODUCT_50246,图书音像,质量,质量好,positive,质量好
TRAIN_15018,PRODUCT_172508,美妆个护,包装,包装差,negative,包装差
TRAIN_15018,PRODUCT_172508,美妆个护,正品,正品放心,positive,正品放心
TRAIN_15018,PRODUCT_172508,美妆个护,耐用,容易坏,negative,容易坏
TRAIN_15021,PRODUCT_480904,图书音像,物流,发货快,positive,发货快
TRAIN_15027,PRODUCT_367157,手机/数码,正品,正品放心,positive,正品放心
TRAIN_15029,PRODUCT_249007,图书音像,价格,价格贵,negative,价格贵
TRAIN_15044,PRODUCT_462468,母婴/玩具,质量,质量差,negative,质量差
TRAIN_15046,PRODUCT_201024,手机/数码,耐用,容易坏,negative,容易坏
TRAIN_15049,PRODUCT_143475,图书音像,内容,内容不错,positive,内容不错
TRAIN_15051,PRODUCT_292583,电脑/办公,质量,质量差,negative,质量差
TRAIN_15053,PRODUCT_522900,图书音像,正品,正品放心,positive,正品放心
TRAIN_15056,PRODUCT_212102,手机/数码,物流,发货快,positive,发货快
TRAIN_15056,PRODUCT_212102,手机/数码,正品,正品放心,positive,正品放心
TRAIN_15057,PRODUCT_92471,手机/数码,包装,包装好,positive,包装好
TRAIN_15057,PRODUCT_92471,手机/数码,正品,正品放心,positive,正品放心
TRAIN_15058,PRODUCT_78755,家居生活,质量,质量差,negative,质量差
TRAIN_15065,PRODUCT_160352,图书音像,推荐,不推荐,negative,不推荐
TRAIN_15067,PRODUCT_318181,图书音像,质量,质量好,positive,质量好
TRAIN_15069,PRODUCT_498623,图书音像,质量,质量好,positive,质量好
TRAIN_15069,PRODUCT_498623,图书音像,正品,疑似假货,negative,疑似假货
TRAIN_15078,PRODUCT_233569,手机/数码,正品,正品放心,positive,正品放心
TRAIN_15081,PRODUCT_193617,图书音像,正品,正品放心,positive,正品放心
TRAIN_15087,PRODUCT_33933,鞋类箱包,物流,发货快,positive,发货快
TRAIN_15100,PRODUCT_99051,图书音像,正品,正品放心,positive,正品放心
TRAIN_15109,PRODUCT_443557,图书音像,包装,包装差,negative,包装差
TRAIN_15116,PRODUCT_290667,图书音像,内容,内容不错,positive,内容不错
TRAIN_15117,PRODUCT_242082,图书音像,物流,发货快,positive,发货快
TRAIN_15141,PRODUCT_494191,图书音像,正品,正品放心,positive,正品放心
TRAIN_15150,PRODUCT_230922,电脑/办公,正品,正品放心,positive,正品放心
TRAIN_15150,PRODUCT_230922,电脑/办公,正品,疑似假货,negative,疑似假货
TRAIN_15154,PRODUCT_423899,钟表/首饰/眼镜/礼品,包装,包装好,positive,包装好
TRAIN_15170,PRODUCT_430033,手机/数码,正品,正品放心,positive,正品放心
TRAIN_15172,PRODUCT_389179,家具/家装/建材,质量,质量好,positive,质量好
TRAIN_15176,PRODUCT_289014,食品/保健,味道,味道不错,positive,味道不错
TRAIN_15181,PRODUCT_294337,图书音像,内容,内容不错,positive,内容不错
TRAIN_15182,PRODUCT_67135,图书音像,耐用,容易坏,negative,容易坏
TRAIN_15183,PRODUCT_61851,图书音像,质量,质量好,positive,质量好
TRAIN_15183,PRODUCT_61851,图书音像,物流,发货快,positive,发货快
TRAIN_15185,PRODUCT_231222,图书音像,包装,包装好,positive,包装好
TRAIN_15188,PRODUCT_442252,手机/数码,物流,发货快,positive,发货快
TRAIN_15194,PRODUCT_291735,图书音像,质量,质量好,positive,质量好
TRAIN_15198,PRODUCT_428934,图书音像,正品,疑似假货,negative,疑似假货
TRAIN_15204,PRODUCT_444807,图书音像,价格,性价比高,positive,性价比高
TRAIN_15205,PRODUCT_65475,图书音像,内容,内容不错,positive,内容不错
TRAIN_15218,PRODUCT_24728,电脑/办公,耐用,容易坏,negative,容易坏
TRAIN_15220,PRODUCT_520398,图书音像,正品,疑似假货,negative,疑似假货
TRAIN_15229,PRODUCT_407454,图书音像,正品,疑似假货,negative,疑似假货
TRAIN_15230,PRODUCT_10839,家用电器,质量,质量差,negative,质量差
TRAIN_15231,PRODUCT_435232,图书音像,价格,性价比高,positive,性价比高
TRAIN_15231,PRODUCT_435232,图书音像,内容,内容一般,negative,内容一般
TRAIN_15233,PRODUCT_208885,图书音像,质量,质量好,positive,质量好
TRAIN_15236,PRODUCT_82820,图书音像,价格,性价比高,positive,性价比高
TRAIN_15238,PRODUCT_194306,图书音像,质量,质量差,negative,质量差
TRAIN_15243,PRODUCT_465128,家用电器,耐用,容易坏,negative,容易坏
TRAIN_15254,PRODUCT_424897,电脑/办公,质量,质量好,positive,质量好
TRAIN_15258,PRODUCT_439521,电脑/办公,质量,质量差,negative,质量差
TRAIN_15258,PRODUCT_439521,电脑/办公,耐用,容易坏,negative,容易坏
TRAIN_15260,PRODUCT_82443,图书音像,推荐,会回购,positive,会回购
TRAIN_15261,PRODUCT_304866,图书音像,质量,质量好,positive,质量好
TRAIN_15261,PRODUCT_304866,图书音像,物流,发货快,positive,发货快
TRAIN_15265,PRODUCT_385614,图书音像,质量,质量差,negative,质量差
TRAIN_15270,PRODUCT_93,手机/数码,物流,发货快,positive,发货快
TRAIN_15270,PRODUCT_93,手机/数码,包装,包装好,positive,包装好
TRAIN_15272,PRODUCT_429672,家用电器,质量,质量好,positive,质量好
TRAIN_15272,PRODUCT_429672,家用电器,价格,价格贵,negative,价格贵
TRAIN_15276,PRODUCT_436855,电脑/办公,屏幕,屏幕清晰,positive,屏幕清晰
TRAIN_15278,PRODUCT_32529,运动户外,质量,质量好,positive,质量好
TRAIN_15278,PRODUCT_32529,运动户外,耐用,很耐用,positive,很耐用
TRAIN_15280,PRODUCT_73790,图书音像,包装,包装差,negative,包装差
TRAIN_15280,PRODUCT_73790,图书音像,正品,正品放心,positive,正品放心
TRAIN_15281,PRODUCT_420116,电脑/办公,质量,质量差,negative,质量差
TRAIN_15282,PRODUCT_15292,图书音像,包装,包装差,negative,包装差
TRAIN_15284,PRODUCT_220472,图书音像,包装,包装好,positive,包装好
TRAIN_15287,PRODUCT_265449,图书音像,质量,质量好,positive,质量好
TRAIN_15289,PRODUCT_467543,电脑/办公,包装,包装好,positive,包装好
TRAIN_15300,PRODUCT_93220,运动户外,质量,质量好,positive,质量好
TRAIN_15300,PRODUCT_93220,运动户外,价格,性价比高,positive,性价比高
TRAIN_15305,PRODUCT_263179,美妆个护,价格,性价比高,positive,性价比高
TRAIN_15309,PRODUCT_103178,图书音像,质量,质量好,positive,质量好
TRAIN_15309,PRODUCT_103178,图书音像,价格,性价比高,positive,性价比高
TRAIN_15314,PRODUCT_441150,图书音像,内容,内容一般,negative,内容一般
TRAIN_15321,PRODUCT_164088,美妆个护,正品,正品放心,positive,正品放心
TRAIN_15327,PRODUCT_415354,食品/保健,质量,质量好,positive,质量好
TRAIN_15342,PRODUCT_376405,图书音像,质量,质量好,positive,质量好
TRAIN_15343,PRODUCT_231857,电脑/办公,耐用,容易坏,negative,容易坏
TRAIN_15352,PRODUCT_392820,图书音像,价格,性价比高,positive,性价比高
TRAIN_15352,PRODUCT_392820,图书音像,正品,正品放心,positive,正品放心
TRAIN_15368,PRODUCT_460768,美妆个护,正品,疑似假货,negative,疑似假货
TRAIN_15374,PRODUCT_157877,图书音像,内容,内容不错,positive,内容不错
TRAIN_15387,PRODUCT_138580,图书音像,正品,正品放心,positive,正品放心
TRAIN_15388,PRODUCT_459095,家用电器,物流,发货快,positive,发货快
TRAIN_15413,PRODUCT_368909,图书音像,质量,质量好,positive,质量好
TRAIN_15439,PRODUCT_50739,图书音像,价格,性价比高,positive,性价比高
TRAIN_15443,PRODUCT_463601,图书音像,包装,包装差,negative,包装差
TRAIN_15450,PRODUCT_44074,图书音像,正品,正品放心,positive,正品放心
TRAIN_15457,PRODUCT_149116,图书音像,质量,质量好,positive,质量好
TRAIN_15458,PRODUCT_481843,图书音像,推荐,会回购,positive,会回购
TRAIN_15458,PRODUCT_481843,图书音像,推荐,不推荐,negative,不推荐
TRAIN_15459,PRODUCT_107643,图书音像,正品,正品放心,positive,正品放心
TRAIN_15463,PRODUCT_477840,手机/数码,价格,性价比高,positive,性价比高
TRAIN_15466,PRODUCT_39166,电脑/办公,物流,发货快,positive,发货快
TRAIN_15468,PRODUCT_162114,图书音像,内容,内容不错,positive,内容不错
TRAIN_15470,PRODUCT_464451,图书音像,外观,外观好看,positive,外观好看
TRAIN_15471,PRODUCT_376897,图书音像,包装,包装好,positive,包装好
TRAIN_15474,PRODUCT_473505,家用电器,物流,发货快,positive,发货快
TRAIN_15483,PRODUCT_226715,家用电器,质量,质量差,negative,质量差
TRAIN_15484,PRODUCT_323797,图书音像,质量,质量好,positive,质量好
TRAIN_15492,PRODUCT_376711,图书音像,质量,质量好,positive,质量好
TRAIN_15494,PRODUCT_220144,家居生活,质量,质量好,positive,质量好
TRAIN_15504,PRODUCT_48786,图书音像,正品,正品放心,positive,正品放心
TRAIN_15505,PRODUCT_213665,图书音像,内容,内容不错,positive,内容不错
TRAIN_15506,PRODUCT_70213,手机/数码,价格,性价比高,positive,性价比高
TRAIN_15508,PRODUCT_473503,家用电器,价格,性价比高,positive,性价比高
TRAIN_15514,PRODUCT_129742,图书音像,质量,质量好,positive,质量好
TRAIN_15515,PRODUCT_482707,鞋类箱包,质量,质量好,positive,质量好
TRAIN_15516,PRODUCT_271624,图书音像,价格,性价比高,positive,性价比高
TRAIN_15516,PRODUCT_271624,图书音像,内容,内容不错,positive,内容不错
TRAIN_15526,PRODUCT_253827,图书音像,质量,质量好,positive,质量好
TRAIN_15539,PRODUCT_490646,图书音像,质量,质量好,positive,质量好
TRAIN_15549,PRODUCT_138826,图书音像,内容,内容不错,positive,内容不错
TRAIN_15550,PRODUCT_399559,图书音像,物流,发货快,positive,发货快
TRAIN_15553,PRODUCT_171825,电脑/办公,质量,质量好,positive,质量好
TRAIN_15560,PRODUCT_367600,手机/数码,物流,发货快,positive,发货快
TRAIN_15564,PRODUCT_447502,图书音像,质量,质量好,positive,质量好
TRAIN_15567,PRODUCT_420487,图书音像,推荐,会回购,positive,会回购
TRAIN_15571,PRODUCT_211923,美妆个护,味道,味道不错,positive,味道不错
TRAIN_15576,PRODUCT_317401,手机/数码,质量,质量好,positive,质量好
TRAIN_15577,PRODUCT_153167,图书音像,质量,质量好,positive,质量好
TRAIN_15579,PRODUCT_489031,电脑/办公,物流,发货快,positive,发货快
TRAIN_15579,PRODUCT_489031,电脑/办公,价格,性价比高,positive,性价比高
TRAIN_15590,PRODUCT_461499,钟表/首饰/眼镜/礼品,外观,外观一般,negative,外观一般
TRAIN_15592,PRODUCT_107909,家居生活,质量,质量好,positive,质量好
TRAIN_15596,PRODUCT_288179,图书音像,包装,包装好,positive,包装好
TRAIN_15596,PRODUCT_288179,图书音像,正品,正品放心,positive,正品放心
TRAIN_15598,PRODUCT_95258,图书音像,质量,质量好,positive,质量好
TRAIN_15606,PRODUCT_20764,图书音像,质量,质量好,positive,质量好
TRAIN_15609,PRODUCT_179281,电脑/办公,耐用,很耐用,positive,很耐用
TRAIN_15609,PRODUCT_179281,电脑/办公,续航,续航差,negative,续航差
TRAIN_15617,PRODUCT_85448,家用电器,质量,质量好,positive,质量好
TRAIN_15619,PRODUCT_124842,图书音像,正品,正品放心,positive,正品放心
TRAIN_15621,PRODUCT_365904,图书音像,正品,正品放心,positive,正品放心
TRAIN_15630,PRODUCT_156270,电脑/办公,正品,正品放心,positive,正品放心
TRAIN_15630,PRODUCT_156270,电脑/办公,正品,疑似假货,negative,疑似假货
TRAIN_15647,PRODUCT_371489,图书音像,质量,质量好,positive,质量好
TRAIN_15647,PRODUCT_371489,图书音像,物流,发货快,positive,发货快
TRAIN_15649,PRODUCT_384381,钟表/首饰/眼镜/礼品,正品,正品放心,positive,正品放心
TRAIN_15652,PRODUCT_48218,图书音像,质量,质量好,positive,质量好
TRAIN_15652,PRODUCT_48218,图书音像,物流,发货快,positive,发货快
TRAIN_15668,PRODUCT_158807,美妆个护,正品,正品放心,positive,正品放心
TRAIN_15668,PRODUCT_158807,美妆个护,正品,疑似假货,negative,疑似假货
TRAIN_15671,PRODUCT_410348,美妆个护,味道,味道不错,positive,味道不错
TRAIN_15673,PRODUCT_518420,美妆个护,质量,质量好,positive,质量好
TRAIN_15677,PRODUCT_128115,图书音像,包装,包装好,positive,包装好
TRAIN_15680,PRODUCT_522715,电脑/办公,物流,发货快,positive,发货快
TRAIN_15680,PRODUCT_522715,电脑/办公,正品,正品放心,positive,正品放心
TRAIN_15687,PRODUCT_417331,图书音像,物流,发货快,positive,发货快
TRAIN_15687,PRODUCT_417331,图书音像,正品,正品放心,positive,正品放心
TRAIN_15689,PRODUCT_7856,图书音像,正品,疑似假货,negative,疑似假货
TRAIN_15700,PRODUCT_336160,钟表/首饰/眼镜/礼品,正品,正品放心,positive,正品放心
TRAIN_15700,PRODUCT_336160,钟表/首饰/眼镜/礼品,正品,疑似假货,negative,疑似假货
TRAIN_15712,PRODUCT_327018,图书音像,内容,内容不错,positive,内容不错
TRAIN_15713,PRODUCT_369825,家用电器,价格,价格贵,negative,价格贵
TRAIN_15721,PRODUCT_116178,图书音像,内容,内容不错,positive,内容不错
TRAIN_15727,PRODUCT_7277,图书音像,内容,内容不错,positive,内容不错
TRAIN_15730,PRODUCT_371898,图书音像,内容,内容不错,positive,内容不错
TRAIN_15731,PRODUCT_517924,图书音像,质量,质量好,positive,质量好
TRAIN_15731,PRODUCT_517924,图书音像,正品,正品放心,positive,正品放心
TRAIN_15732,PRODUCT_40359,图书音像,正品,正品放心,positive,正品放心
TRAIN_15739,PRODUCT_305435,图书音像,质量,质量好,positive,质量好
TRAIN_15742,PRODUCT_83130,图书音像,正品,正品放心,positive,正品放心
TRAIN_15753,PRODUCT_64720,美妆个护,推荐,会回购,positive,会回购
TRAIN_15754,PRODUCT_38822,电脑/办公,耐用,容易坏,negative,容易坏
TRAIN_15754,PRODUCT_38822,电脑/办公,屏幕,屏幕清晰,positive,屏幕清晰
TRAIN_15754,PRODUCT_38822,电脑/办公,屏幕,屏幕差,negative,屏幕差
TRAIN_15769,PRODUCT_469974,图书音像,内容,内容不错,positive,内容不错
TRAIN_15774,PRODUCT_390194,图书音像,包装,包装好,positive,包装好
TRAIN_15778,PRODUCT_108865,图书音像,物流,发货快,positive,发货快
TRAIN_15778,PRODUCT_108865,图书音像,正品,正品放心,positive,正品放心
TRAIN_15778,PRODUCT_108865,图书音像,推荐,会回购,positive,会回购
TRAIN_15785,PRODUCT_423063,电脑/办公,包装,包装好,positive,包装好
TRAIN_15785,PRODUCT_423063,电脑/办公,正品,正品放心,positive,正品放心
TRAIN_15785,PRODUCT_423063,电脑/办公,耐用,很耐用,positive,很耐用
TRAIN_15791,PRODUCT_481967,图书音像,价格,价格贵,negative,价格贵
TRAIN_15792,PRODUCT_424880,图书音像,物流,发货快,positive,发货快
TRAIN_15792,PRODUCT_424880,图书音像,包装,包装好,positive,包装好
TRAIN_15795,PRODUCT_43038,图书音像,外观,外观一般,negative,外观一般
TRAIN_15795,PRODUCT_43038,图书音像,内容,内容不错,positive,内容不错
TRAIN_15798,PRODUCT_486837,图书音像,正品,正品放心,positive,正品放心
TRAIN_15800,PRODUCT_306548,图书音像,内容,内容不错,positive,内容不错
TRAIN_15801,PRODUCT_207595,图书音像,质量,质量好,positive,质量好
TRAIN_15805,PRODUCT_198480,图书音像,物流,发货快,positive,发货快
TRAIN_15813,PRODUCT_40372,图书音像,正品,正品放心,positive,正品放心
TRAIN_15815,PRODUCT_405399,图书音像,包装,包装差,negative,包装差
TRAIN_15820,PRODUCT_485657,图书音像,质量,质量好,positive,质量好
TRAIN_15820,PRODUCT_485657,图书音像,物流,发货快,positive,发货快
TRAIN_15839,PRODUCT_191751,图书音像,推荐,不推荐,negative,不推荐
TRAIN_15845,PRODUCT_368683,图书音像,内容,内容不错,positive,内容不错
TRAIN_15846,PRODUCT_343634,图书音像,内容,内容不错,positive,内容不错
TRAIN_15848,PRODUCT_238295,图书音像,质量,质量好,positive,质量好
TRAIN_15852,PRODUCT_122871,图书音像,质量,质量好,positive,质量好
TRAIN_15858,PRODUCT_66592,手机/数码,质量,质量好,positive,质量好
TRAIN_15858,PRODUCT_66592,手机/数码,价格,性价比高,positive,性价比高
TRAIN_15867,PRODUCT_297124,手机/数码,耐用,很耐用,positive,很耐用
TRAIN_15870,PRODUCT_58528,图书音像,质量,质量好,positive,质量好
TRAIN_15870,PRODUCT_58528,图书音像,物流,发货快,positive,发货快
TRAIN_15876,PRODUCT_464890,电脑/办公,价格,性价比高,positive,性价比高
TRAIN_15887,PRODUCT_89812,其他,质量,质量好,positive,质量好
TRAIN_15890,PRODUCT_143339,美妆个护,味道,味道不错,positive,味道不错
TRAIN_15899,PRODUCT_204382,图书音像,正品,正品放心,positive,正品放心
TRAIN_15909,PRODUCT_112731,图书音像,质量,质量好,positive,质量好
TRAIN_15913,PRODUCT_269934,图书音像,正品,正品放心,positive,正品放心
TRAIN_15937,PRODUCT_100724,图书音像,包装,包装好,positive,包装好
TRAIN_15937,PRODUCT_100724,图书音像,包装,包装差,negative,包装差
TRAIN_15962,PRODUCT_203230,图书音像,质量,质量好,positive,质量好
TRAIN_15979,PRODUCT_311890,图书音像,价格,价格贵,negative,价格贵
TRAIN_15987,PRODUCT_235563,家用电器,推荐,会回购,positive,会回购
TRAIN_15994,PRODUCT_351306,图书音像,价格,价格贵,negative,价格贵
TRAIN_15999,PRODUCT_430143,图书音像,推荐,会回购,positive,会回购
TRAIN_16001,PRODUCT_438936,图书音像,质量,质量好,positive,质量好
TRAIN_16006,PRODUCT_7580,图书音像,正品,正品放心,positive,正品放心
TRAIN_16018,PRODUCT_311445,图书音像,内容,内容不错,positive,内容不错
TRAIN_16022,PRODUCT_254001,手机/数码,质量,质量差,negative,质量差
TRAIN_16025,PRODUCT_82177,图书音像,价格,性价比高,positive,性价比高
TRAIN_16031,PRODUCT_36081,图书音像,客服,客服差,negative,客服差
TRAIN_16033,PRODUCT_230508,钟表/首饰/眼镜/礼品,质量,质量好,positive,质量好
TRAIN_16034,PRODUCT_125563,手机/数码,质量,质量差,negative,质量差
TRAIN_16034,PRODUCT_125563,手机/数码,正品,疑似假货,negative,疑似假货
TRAIN_16036,PRODUCT_328319,图书音像,质量,质量好,positive,质量好
TRAIN_16036,PRODUCT_328319,图书音像,物流,发货快,positive,发货快
TRAIN_16039,PRODUCT_386561,图书音像,正品,疑似假货,negative,疑似假货
TRAIN_16055,PRODUCT_218442,家用电器,正品,正品放心,positive,正品放心
TRAIN_16056,PRODUCT_88465,美妆个护,物流,发货快,positive,发货快
TRAIN_16057,PRODUCT_226491,图书音像,推荐,不推荐,negative,不推荐
TRAIN_16062,PRODUCT_207495,图书音像,包装,包装好,positive,包装好
TRAIN_16062,PRODUCT_207495,图书音像,正品,正品放心,positive,正品放心
TRAIN_16070,PRODUCT_276102,鞋类箱包,质量,质量好,positive,质量好
TRAIN_16086,PRODUCT_115417,图书音像,正品,正品放心,positive,正品放心
TRAIN_16091,PRODUCT_137686,电脑/办公,物流,发货快,positive,发货快
TRAIN_16092,PRODUCT_331097,图书音像,质量,质量好,positive,质量好
TRAIN_16100,PRODUCT_75404,图书音像,物流,发货快,positive,发货快
TRAIN_16104,PRODUCT_503430,图书音像,质量,质量好,positive,质量好
TRAIN_16121,PRODUCT_256415,手机/数码,包装,包装好,positive,包装好
TRAIN_16130,PRODUCT_2084,图书音像,物流,发货快,positive,发货快
TRAIN_16133,PRODUCT_34419,家居生活,物流,发货快,positive,发货快
TRAIN_16144,PRODUCT_125146,图书音像,质量,质量好,positive,质量好
TRAIN_16153,PRODUCT_49438,图书音像,质量,质量好,positive,质量好
TRAIN_16188,PRODUCT_430013,图书音像,物流,发货快,positive,发货快
TRAIN_16201,PRODUCT_415079,图书音像,正品,正品放心,positive,正品放心
TRAIN_16207,PRODUCT_517114,图书音像,质量,质量好,positive,质量好
TRAIN_16215,PRODUCT_96715,图书音像,质量,质量好,positive,质量好
TRAIN_16216,PRODUCT_432666,图书音像,物流,发货快,positive,发货快
TRAIN_16216,PRODUCT_432666,图书音像,正品,正品放心,positive,正品放心
TRAIN_16219,PRODUCT_256755,电脑/办公,正品,正品放心,positive,正品放心
TRAIN_16223,PRODUCT_142046,图书音像,正品,正品放心,positive,正品放心
TRAIN_16224,PRODUCT_346944,图书音像,质量,质量好,positive,质量好
TRAIN_16241,PRODUCT_233329,鞋类箱包,物流,发货快,positive,发货快
TRAIN_16245,PRODUCT_342837,图书音像,正品,正品放心,positive,正品放心
TRAIN_16249,PRODUCT_492122,钟表/首饰/眼镜/礼品,包装,包装好,positive,包装好
TRAIN_16249,PRODUCT_492122,钟表/首饰/眼镜/礼品,正品,正品放心,positive,正品放心
TRAIN_16249,PRODUCT_492122,钟表/首饰/眼镜/礼品,正品,疑似假货,negative,疑似假货
TRAIN_16258,PRODUCT_152426,图书音像,正品,正品放心,positive,正品放心
TRAIN_16265,PRODUCT_24119,图书音像,包装,包装差,negative,包装差
TRAIN_16272,PRODUCT_129639,图书音像,内容,内容不错,positive,内容不错
TRAIN_16273,PRODUCT_317208,图书音像,正品,正品放心,positive,正品放心
TRAIN_16277,PRODUCT_509924,图书音像,内容,内容不错,positive,内容不错
TRAIN_16280,PRODUCT_284373,图书音像,内容,内容不错,positive,内容不错
TRAIN_16288,PRODUCT_206928,家居生活,质量,质量好,positive,质量好
TRAIN_16295,PRODUCT_198057,图书音像,包装,包装差,negative,包装差
TRAIN_16295,PRODUCT_198057,图书音像,内容,内容不错,positive,内容不错
TRAIN_16306,PRODUCT_357550,图书音像,质量,质量差,negative,质量差
TRAIN_16315,PRODUCT_441728,图书音像,质量,质量好,positive,质量好
TRAIN_16316,PRODUCT_418862,电脑/办公,包装,包装好,positive,包装好
TRAIN_16317,PRODUCT_393388,图书音像,质量,质量好,positive,质量好
TRAIN_16319,PRODUCT_284561,图书音像,正品,正品放心,positive,正品放心
TRAIN_16322,PRODUCT_418870,图书音像,正品,正品放心,positive,正品放心
TRAIN_16326,PRODUCT_210459,图书音像,物流,物流慢,negative,物流慢
TRAIN_16331,PRODUCT_360420,家具/家装/建材,包装,包装差,negative,包装差
TRAIN_16337,PRODUCT_188464,电脑/办公,价格,性价比高,positive,性价比高
TRAIN_16344,PRODUCT_92418,食品/保健,味道,味道不错,positive,味道不错
TRAIN_16360,PRODUCT_429054,运动户外,物流,发货快,positive,发货快
TRAIN_16366,PRODUCT_50935,电脑/办公,包装,包装差,negative,包装差
TRAIN_16366,PRODUCT_50935,电脑/办公,耐用,容易坏,negative,容易坏
TRAIN_16367,PRODUCT_283878,电脑/办公,正品,正品放心,positive,正品放心
TRAIN_16367,PRODUCT_283878,电脑/办公,正品,疑似假货,negative,疑似假货
TRAIN_16368,PRODUCT_503842,图书音像,质量,质量好,positive,质量好
TRAIN_16377,PRODUCT_522887,手机/数码,耐用,很耐用,positive,很耐用
TRAIN_16382,PRODUCT_371138,图书音像,推荐,会回购,positive,会回购
TRAIN_16384,PRODUCT_203589,鞋类箱包,正品,正品放心,positive,正品放心
TRAIN_16385,PRODUCT_219947,电脑/办公,正品,正品放心,positive,正品放心
TRAIN_16402,PRODUCT_306064,食品/保健,味道,味道不错,positive,味道不错
TRAIN_16404,PRODUCT_148071,电脑/办公,价格,价格贵,negative,价格贵
TRAIN_16406,PRODUCT_232605,电脑/办公,价格,性价比高,positive,性价比高
TRAIN_16407,PRODUCT_160993,家具/家装/建材,价格,价格贵,negative,价格贵
TRAIN_16415,PRODUCT_130259,图书音像,正品,正品放心,positive,正品放心
TRAIN_16424,PRODUCT_107141,图书音像,物流,发货快,positive,发货快
TRAIN_16425,PRODUCT_397528,图书音像,物流,物流慢,negative,物流慢
TRAIN_16426,PRODUCT_195085,图书音像,价格,性价比高,positive,性价比高
TRAIN_16432,PRODUCT_197281,家居生活,质量,质量好,positive,质量好
TRAIN_16434,PRODUCT_102109,图书音像,质量,质量好,positive,质量好
TRAIN_16434,PRODUCT_102109,图书音像,正品,正品放心,positive,正品放心
TRAIN_16436,PRODUCT_212252,图书音像,质量,质量好,positive,质量好
TRAIN_16436,PRODUCT_212252,图书音像,内容,内容不错,positive,内容不错
TRAIN_16437,PRODUCT_207123,图书音像,正品,正品放心,positive,正品放心
TRAIN_16439,PRODUCT_184273,图书音像,质量,质量好,positive,质量好
TRAIN_16445,PRODUCT_10529,手机/数码,耐用,容易坏,negative,容易坏
TRAIN_16455,PRODUCT_336578,图书音像,质量,质量好,positive,质量好
TRAIN_16459,PRODUCT_23384,图书音像,质量,质量好,positive,质量好
TRAIN_16466,PRODUCT_63321,家用电器,物流,发货快,positive,发货快
TRAIN_16481,PRODUCT_480515,图书音像,物流,发货快,positive,发货快
TRAIN_16491,PRODUCT_245168,图书音像,正品,正品放心,positive,正品放心
TRAIN_16492,PRODUCT_374704,图书音像,质量,质量好,positive,质量好
TRAIN_16494,PRODUCT_467733,图书音像,推荐,不推荐,negative,不推荐
TRAIN_16497,PRODUCT_285807,图书音像,推荐,会回购,positive,会回购
TRAIN_16498,PRODUCT_433190,图书音像,质量,质量差,negative,质量差
TRAIN_16507,PRODUCT_6339,图书音像,正品,疑似假货,negative,疑似假货
TRAIN_16509,PRODUCT_168796,电脑/办公,价格,性价比高,positive,性价比高
TRAIN_16512,PRODUCT_388688,图书音像,内容,内容不错,positive,内容不错
TRAIN_16514,PRODUCT_486492,图书音像,质量,质量好,positive,质量好
TRAIN_16517,PRODUCT_28434,手机/数码,物流,发货快,positive,发货快
TRAIN_16517,PRODUCT_28434,手机/数码,正品,正品放心,positive,正品放心
TRAIN_16524,PRODUCT_305835,图书音像,质量,质量好,positive,质量好
TRAIN_16526,PRODUCT_308606,美妆个护,味道,味道不错,positive,味道不错
TRAIN_16528,PRODUCT_153139,图书音像,内容,内容不错,positive,内容不错
TRAIN_16530,PRODUCT_376386,图书音像,客服,客服好,positive,客服好
TRAIN_16545,PRODUCT_253982,图书音像,正品,疑似假货,negative,疑似假货
TRAIN_16550,PRODUCT_438436,美妆个护,物流,发货快,positive,发货快
TRAIN_16550,PRODUCT_438436,美妆个护,价格,性价比高,positive,性价比高
TRAIN_16550,PRODUCT_438436,美妆个护,味道,味道不错,positive,味道不错
TRAIN_16552,PRODUCT_488488,家居生活,价格,性价比高,positive,性价比高
TRAIN_16555,PRODUCT_403766,图书音像,质量,质量好,positive,质量好
TRAIN_16555,PRODUCT_403766,图书音像,正品,疑似假货,negative,疑似假货
TRAIN_16568,PRODUCT_338425,家用电器,推荐,会回购,positive,会回购
TRAIN_16570,PRODUCT_40668,图书音像,内容,内容不错,positive,内容不错
TRAIN_16573,PRODUCT_171915,图书音像,价格,性价比高,positive,性价比高
TRAIN_16578,PRODUCT_109289,家居生活,价格,价格贵,negative,价格贵
TRAIN_16578,PRODUCT_109289,家居生活,外观,外观一般,negative,外观一般
TRAIN_16582,PRODUCT_247199,图书音像,物流,物流慢,negative,物流慢
TRAIN_16589,PRODUCT_370040,图书音像,价格,性价比高,positive,性价比高
TRAIN_16589,PRODUCT_370040,图书音像,正品,正品放心,positive,正品放心
TRAIN_16600,PRODUCT_7915,图书音像,质量,质量好,positive,质量好
TRAIN_16600,PRODUCT_7915,图书音像,正品,正品放心,positive,正品放心
TRAIN_16613,PRODUCT_66412,图书音像,价格,性价比高,positive,性价比高
TRAIN_16613,PRODUCT_66412,图书音像,内容,内容不错,positive,内容不错
TRAIN_16616,PRODUCT_41942,图书音像,正品,正品放心,positive,正品放心
TRAIN_16629,PRODUCT_486808,图书音像,质量,质量好,positive,质量好
TRAIN_16630,PRODUCT_268139,手机/数码,正品,正品放心,positive,正品放心
TRAIN_16630,PRODUCT_268139,手机/数码,耐用,容易坏,negative,容易坏
TRAIN_16638,PRODUCT_95171,图书音像,质量,质量好,positive,质量好
TRAIN_16650,PRODUCT_468238,图书音像,内容,内容不错,positive,内容不错
TRAIN_16652,PRODUCT_135588,图书音像,推荐,会回购,positive,会回购
TRAIN_16656,PRODUCT_24609,家用电器,外观,外观好看,positive,外观好看
TRAIN_16658,PRODUCT_359264,图书音像,物流,发货快,positive,发货快
TRAIN_16658,PRODUCT_359264,图书音像,正品,正品放心,positive,正品放心
TRAIN_16661,PRODUCT_191519,手机/数码,质量,质量好,positive,质量好
TRAIN_16666,PRODUCT_510733,手机/数码,耐用,很耐用,positive,很耐用
TRAIN_16666,PRODUCT_510733,手机/数码,续航,续航差,negative,续航差
TRAIN_16671,PRODUCT_59351,图书音像,物流,发货快,positive,发货快
TRAIN_16684,PRODUCT_524774,图书音像,物流,物流慢,negative,物流慢
TRAIN_16689,PRODUCT_333923,图书音像,正品,正品放心,positive,正品放心
TRAIN_16692,PRODUCT_262314,图书音像,内容,内容不错,positive,内容不错
TRAIN_16699,PRODUCT_271953,图书音像,质量,质量好,positive,质量好
TRAIN_16700,PRODUCT_115627,电脑/办公,质量,质量好,positive,质量好
TRAIN_16709,PRODUCT_12105,图书音像,包装,包装差,negative,包装差
TRAIN_16709,PRODUCT_12105,图书音像,内容,内容不错,positive,内容不错
TRAIN_16711,PRODUCT_298584,图书音像,质量,质量好,positive,质量好
TRAIN_16713,PRODUCT_336306,母婴/玩具,质量,质量好,positive,质量好
TRAIN_16715,PRODUCT_266973,手机/数码,质量,质量好,positive,质量好
TRAIN_16717,PRODUCT_399702,图书音像,质量,质量差,negative,质量差
TRAIN_16718,PRODUCT_444157,图书音像,物流,发货快,positive,发货快
TRAIN_16723,PRODUCT_448264,美妆个护,正品,正品放心,positive,正品放心
TRAIN_16740,PRODUCT_215413,鞋类箱包,质量,质量好,positive,质量好
TRAIN_16744,PRODUCT_188892,美妆个护,正品,正品放心,positive,正品放心
TRAIN_16746,PRODUCT_429880,母婴/玩具,正品,疑似假货,negative,疑似假货
TRAIN_16754,PRODUCT_218615,图书音像,物流,发货快,positive,发货快
TRAIN_16761,PRODUCT_333923,图书音像,内容,内容不错,positive,内容不错
TRAIN_16762,PRODUCT_44229,食品/保健,味道,味道不错,positive,味道不错
TRAIN_16784,PRODUCT_497559,图书音像,质量,质量差,negative,质量差
TRAIN_16798,PRODUCT_140628,图书音像,质量,质量好,positive,质量好
TRAIN_16807,PRODUCT_445477,图书音像,正品,正品放心,positive,正品放心
TRAIN_16808,PRODUCT_498366,图书音像,质量,质量好,positive,质量好
TRAIN_16813,PRODUCT_405959,图书音像,价格,价格贵,negative,价格贵
TRAIN_16813,PRODUCT_405959,图书音像,内容,内容不错,positive,内容不错
TRAIN_16824,PRODUCT_441014,电脑/办公,物流,发货快,positive,发货快
TRAIN_16835,PRODUCT_387929,图书音像,质量,质量好,positive,质量好
TRAIN_16836,PRODUCT_387340,电脑/办公,正品,正品放心,positive,正品放心
TRAIN_16841,PRODUCT_328915,图书音像,质量,质量好,positive,质量好
TRAIN_16841,PRODUCT_328915,图书音像,正品,正品放心,positive,正品放心
TRAIN_16845,PRODUCT_444434,图书音像,推荐,会回购,positive,会回购
TRAIN_16848,PRODUCT_440984,电脑/办公,正品,正品放心,positive,正品放心
TRAIN_16849,PRODUCT_13869,图书音像,物流,物流慢,negative,物流慢
TRAIN_16857,PRODUCT_397858,图书音像,质量,质量好,positive,质量好
TRAIN_16864,PRODUCT_400503,图书音像,质量,质量好,positive,质量好
TRAIN_16887,PRODUCT_175355,其他,物流,发货快,positive,发货快
TRAIN_16888,PRODUCT_325943,图书音像,推荐,不推荐,negative,不推荐
TRAIN_16911,PRODUCT_389635,家具/家装/建材,质量,质量好,positive,质量好
TRAIN_16914,PRODUCT_143475,图书音像,质量,质量差,negative,质量差
TRAIN_16917,PRODUCT_220290,手机/数码,屏幕,屏幕清晰,positive,屏幕清晰
TRAIN_16921,PRODUCT_212993,图书音像,正品,正品放心,positive,正品放心
TRAIN_16921,PRODUCT_212993,图书音像,耐用,很耐用,positive,很耐用
TRAIN_16936,PRODUCT_178698,图书音像,包装,包装好,positive,包装好
TRAIN_16941,PRODUCT_200161,家用电器,价格,价格贵,negative,价格贵
TRAIN_16942,PRODUCT_315881,图书音像,质量,质量好,positive,质量好
TRAIN_16942,PRODUCT_315881,图书音像,包装,包装差,negative,包装差
TRAIN_16942,PRODUCT_315881,图书音像,内容,内容不错,positive,内容不错
TRAIN_16943,PRODUCT_474018,图书音像,质量,质量好,positive,质量好
TRAIN_16945,PRODUCT_340933,图书音像,正品,正品放心,positive,正品放心
TRAIN_16952,PRODUCT_31626,美妆个护,耐用,容易坏,negative,容易坏
TRAIN_16955,PRODUCT_439705,手机/数码,正品,正品放心,positive,正品放心
TRAIN_16959,PRODUCT_467646,图书音像,质量,质量差,negative,质量差
TRAIN_16962,PRODUCT_186612,图书音像,质量,质量好,positive,质量好
TRAIN_16978,PRODUCT_275290,图书音像,包装,包装好,positive,包装好
TRAIN_16980,PRODUCT_381999,家用电器,外观,外观好看,positive,外观好看
TRAIN_16981,PRODUCT_416539,图书音像,包装,包装好,positive,包装好
TRAIN_16985,PRODUCT_395546,电脑/办公,正品,正品放心,positive,正品放心
TRAIN_16990,PRODUCT_279204,图书音像,物流,发货快,positive,发货快
TRAIN_16993,PRODUCT_92603,电脑/办公,物流,发货快,positive,发货快
TRAIN_17004,PRODUCT_158359,图书音像,正品,正品放心,positive,正品放心
TRAIN_17007,PRODUCT_463280,图书音像,质量,质量好,positive,质量好
TRAIN_17017,PRODUCT_345450,图书音像,正品,正品放心,positive,正品放心
TRAIN_17019,PRODUCT_189182,家具/家装/建材,质量,质量好,positive,质量好
TRAIN_17019,PRODUCT_189182,家具/家装/建材,耐用,很耐用,positive,很耐用
TRAIN_17021,PRODUCT_98759,手机/数码,价格,性价比高,positive,性价比高
TRAIN_17034,PRODUCT_298079,图书音像,质量,质量差,negative,质量差
TRAIN_17034,PRODUCT_298079,图书音像,价格,价格贵,negative,价格贵
TRAIN_17037,PRODUCT_333990,图书音像,内容,内容一般,negative,内容一般
TRAIN_17041,PRODUCT_428629,图书音像,质量,质量好,positive,质量好
TRAIN_17041,PRODUCT_428629,图书音像,正品,正品放心,positive,正品放心
TRAIN_17044,PRODUCT_257950,图书音像,质量,质量好,positive,质量好
TRAIN_17044,PRODUCT_257950,图书音像,物流,发货快,positive,发货快
TRAIN_17063,PRODUCT_41002,家用电器,包装,包装好,positive,包装好
TRAIN_17066,PRODUCT_44209,图书音像,质量,质量差,negative,质量差
TRAIN_17078,PRODUCT_333229,图书音像,质量,质量好,positive,质量好
TRAIN_17079,PRODUCT_520304,图书音像,物流,发货快,positive,发货快
TRAIN_17096,PRODUCT_156216,图书音像,正品,正品放心,positive,正品放心
TRAIN_17098,PRODUCT_190204,图书音像,质量,质量好,positive,质量好
TRAIN_17102,PRODUCT_109195,电脑/办公,正品,正品放心,positive,正品放心
TRAIN_17105,PRODUCT_453756,电脑/办公,正品,正品放心,positive,正品放心
TRAIN_17105,PRODUCT_453756,电脑/办公,正品,疑似假货,negative,疑似假货
TRAIN_17107,PRODUCT_262289,图书音像,内容,内容不错,positive,内容不错
TRAIN_17114,PRODUCT_175355,其他,包装,包装差,negative,包装差
TRAIN_17127,PRODUCT_255186,食品/保健,味道,味道不错,positive,味道不错
TRAIN_17131,PRODUCT_490490,电脑/办公,质量,质量好,positive,质量好
TRAIN_17132,PRODUCT_107576,美妆个护,味道,味道不错,positive,味道不错
TRAIN_17137,PRODUCT_454572,图书音像,包装,包装好,positive,包装好
TRAIN_17142,PRODUCT_37500,图书音像,质量,质量好,positive,质量好
TRAIN_17144,PRODUCT_249943,图书音像,包装,包装差,negative,包装差
TRAIN_17147,PRODUCT_25421,图书音像,质量,质量好,positive,质量好
TRAIN_17157,PRODUCT_40289,图书音像,推荐,会回购,positive,会回购
TRAIN_17167,PRODUCT_381865,美妆个护,正品,正品放心,positive,正品放心
TRAIN_17177,PRODUCT_15327,图书音像,质量,质量好,positive,质量好
TRAIN_17182,PRODUCT_296240,图书音像,质量,质量好,positive,质量好
TRAIN_17185,PRODUCT_519862,图书音像,质量,质量好,positive,质量好
TRAIN_17193,PRODUCT_416481,图书音像,内容,内容不错,positive,内容不错
TRAIN_17197,PRODUCT_238572,图书音像,质量,质量好,positive,质量好
TRAIN_17198,PRODUCT_331022,图书音像,耐用,很耐用,positive,很耐用
TRAIN_17201,PRODUCT_219024,图书音像,包装,包装差,negative,包装差
TRAIN_17206,PRODUCT_62907,电脑/办公,质量,质量好,positive,质量好
TRAIN_17207,PRODUCT_474292,图书音像,内容,内容不错,positive,内容不错
TRAIN_17212,PRODUCT_159315,家具/家装/建材,包装,包装好,positive,包装好
TRAIN_17216,PRODUCT_270594,电脑/办公,价格,性价比高,positive,性价比高
TRAIN_17228,PRODUCT_409882,图书音像,内容,内容一般,negative,内容一般
TRAIN_17233,PRODUCT_358555,电脑/办公,价格,性价比高,positive,性价比高
TRAIN_17236,PRODUCT_447621,图书音像,物流,发货快,positive,发货快
TRAIN_17237,PRODUCT_296796,其他,价格,性价比高,positive,性价比高
TRAIN_17247,PRODUCT_55232,图书音像,推荐,会回购,positive,会回购
TRAIN_17249,PRODUCT_203231,手机/数码,价格,价格贵,negative,价格贵
TRAIN_17253,PRODUCT_83523,食品/保健,味道,味道不错,positive,味道不错
TRAIN_17260,PRODUCT_254070,图书音像,物流,发货快,positive,发货快
TRAIN_17261,PRODUCT_191236,图书音像,正品,疑似假货,negative,疑似假货
TRAIN_17264,PRODUCT_524499,图书音像,质量,质量好,positive,质量好
TRAIN_17268,PRODUCT_132837,母婴/玩具,质量,质量好,positive,质量好
TRAIN_17279,PRODUCT_192005,手机/数码,价格,性价比高,positive,性价比高
TRAIN_17282,PRODUCT_282874,图书音像,正品,正品放心,positive,正品放心
TRAIN_17287,PRODUCT_458750,图书音像,质量,质量好,positive,质量好
TRAIN_17293,PRODUCT_146848,图书音像,价格,性价比高,positive,性价比高
TRAIN_17296,PRODUCT_137213,图书音像,内容,内容不错,positive,内容不错
TRAIN_17297,PRODUCT_33897,电脑/办公,物流,发货快,positive,发货快
TRAIN_17297,PRODUCT_33897,电脑/办公,外观,外观好看,positive,外观好看
TRAIN_17300,PRODUCT_47113,家具/家装/建材,正品,正品放心,positive,正品放心
TRAIN_17308,PRODUCT_271037,图书音像,质量,质量好,positive,质量好
TRAIN_17311,PRODUCT_162232,图书音像,推荐,会回购,positive,会回购
TRAIN_17317,PRODUCT_66508,图书音像,正品,正品放心,positive,正品放心
TRAIN_17319,PRODUCT_483112,图书音像,价格,性价比高,positive,性价比高
TRAIN_17325,PRODUCT_448718,电脑/办公,正品,正品放心,positive,正品放心
TRAIN_17329,PRODUCT_488645,图书音像,包装,包装好,positive,包装好
TRAIN_17333,PRODUCT_500655,电脑/办公,耐用,容易坏,negative,容易坏
TRAIN_17342,PRODUCT_305321,图书音像,正品,疑似假货,negative,疑似假货
TRAIN_17355,PRODUCT_298562,图书音像,价格,性价比高,positive,性价比高
TRAIN_17356,PRODUCT_412272,食品/保健,味道,味道不错,positive,味道不错
TRAIN_17359,PRODUCT_127709,图书音像,价格,性价比高,positive,性价比高
TRAIN_17377,PRODUCT_322155,图书音像,正品,正品放心,positive,正品放心
TRAIN_17382,PRODUCT_208083,手机/数码,正品,疑似假货,negative,疑似假货
TRAIN_17386,PRODUCT_380152,电脑/办公,包装,包装好,positive,包装好
TRAIN_17390,PRODUCT_208714,图书音像,质量,质量差,negative,质量差
TRAIN_17390,PRODUCT_208714,图书音像,正品,疑似假货,negative,疑似假货
TRAIN_17392,PRODUCT_422828,家居生活,价格,价格贵,negative,价格贵
TRAIN_17393,PRODUCT_288045,美妆个护,味道,味道不错,positive,味道不错
TRAIN_17395,PRODUCT_247796,电脑/办公,质量,质量好,positive,质量好
TRAIN_17400,PRODUCT_159564,图书音像,质量,质量好,positive,质量好
TRAIN_17402,PRODUCT_395244,图书音像,质量,质量好,positive,质量好
TRAIN_17414,PRODUCT_108050,图书音像,正品,正品放心,positive,正品放心
TRAIN_17415,PRODUCT_165265,图书音像,物流,发货快,positive,发货快
TRAIN_17416,PRODUCT_367892,图书音像,质量,质量好,positive,质量好
TRAIN_17418,PRODUCT_329059,美妆个护,味道,味道不错,positive,味道不错
TRAIN_17432,PRODUCT_278343,图书音像,内容,内容不错,positive,内容不错
TRAIN_17439,PRODUCT_98892,图书音像,价格,性价比高,positive,性价比高
TRAIN_17439,PRODUCT_98892,图书音像,正品,正品放心,positive,正品放心
TRAIN_17445,PRODUCT_291618,手机/数码,耐用,很耐用,positive,很耐用
TRAIN_17445,PRODUCT_291618,手机/数码,续航,续航久,positive,续航久
TRAIN_17447,PRODUCT_26353,图书音像,正品,疑似假货,negative,疑似假货
TRAIN_17450,PRODUCT_115122,其他,价格,性价比高,positive,性价比高
TRAIN_17454,PRODUCT_487755,图书音像,质量,质量好,positive,质量好
TRAIN_17470,PRODUCT_37233,图书音像,正品,正品放心,positive,正品放心
TRAIN_17471,PRODUCT_430717,手机/数码,质量,质量好,positive,质量好
TRAIN_17471,PRODUCT_430717,手机/数码,推荐,会回购,positive,会回购
TRAIN_17472,PRODUCT_280718,美妆个护,正品,正品放心,positive,正品放心
TRAIN_17474,PRODUCT_248408,图书音像,正品,疑似假货,negative,疑似假货
TRAIN_17479,PRODUCT_481956,电脑/办公,物流,发货快,positive,发货快
TRAIN_17482,PRODUCT_259457,手机/数码,正品,正品放心,positive,正品放心
TRAIN_17489,PRODUCT_106793,图书音像,正品,正品放心,positive,正品放心
TRAIN_17489,PRODUCT_106793,图书音像,正品,疑似假货,negative,疑似假货
TRAIN_17491,PRODUCT_436387,手机/数码,质量,质量好,positive,质量好
TRAIN_17499,PRODUCT_199245,图书音像,价格,性价比高,positive,性价比高
TRAIN_17501,PRODUCT_46075,手机/数码,物流,发货快,positive,发货快
TRAIN_17503,PRODUCT_12384,图书音像,内容,内容不错,positive,内容不错
TRAIN_17507,PRODUCT_147102,图书音像,内容,内容不错,positive,内容不错
TRAIN_17510,PRODUCT_279872,食品/保健,正品,正品放心,positive,正品放心
TRAIN_17514,PRODUCT_236142,图书音像,价格,价格贵,negative,价格贵
TRAIN_17534,PRODUCT_238510,手机/数码,耐用,很耐用,positive,很耐用
TRAIN_17538,PRODUCT_341044,图书音像,推荐,会回购,positive,会回购
TRAIN_17543,PRODUCT_4045,食品/保健,质量,质量差,negative,质量差
TRAIN_17547,PRODUCT_266118,电脑/办公,耐用,很耐用,positive,很耐用
TRAIN_17551,PRODUCT_423585,图书音像,价格,价格贵,negative,价格贵
TRAIN_17559,PRODUCT_336322,图书音像,正品,正品放心,positive,正品放心
TRAIN_17562,PRODUCT_469909,手机/数码,质量,质量差,negative,质量差
TRAIN_17562,PRODUCT_469909,手机/数码,正品,疑似假货,negative,疑似假货
TRAIN_17564,PRODUCT_128937,图书音像,质量,质量好,positive,质量好
TRAIN_17566,PRODUCT_440984,电脑/办公,质量,质量好,positive,质量好
TRAIN_17566,PRODUCT_440984,电脑/办公,正品,正品放心,positive,正品放心
TRAIN_17574,PRODUCT_504104,图书音像,包装,包装差,negative,包装差
TRAIN_17574,PRODUCT_504104,图书音像,正品,正品放心,positive,正品放心
TRAIN_17577,PRODUCT_422059,图书音像,质量,质量好,positive,质量好
TRAIN_17578,PRODUCT_23676,图书音像,正品,正品放心,positive,正品放心
TRAIN_17578,PRODUCT_23676,图书音像,正品,疑似假货,negative,疑似假货
TRAIN_17592,PRODUCT_156723,电脑/办公,推荐,会回购,positive,会回购
TRAIN_17608,PRODUCT_39174,家用电器,价格,性价比高,positive,性价比高
TRAIN_17609,PRODUCT_387825,图书音像,包装,包装好,positive,包装好
TRAIN_17612,PRODUCT_9711,家具/家装/建材,耐用,很耐用,positive,很耐用
TRAIN_17616,PRODUCT_421671,图书音像,内容,内容一般,negative,内容一般
TRAIN_17623,PRODUCT_426743,手机/数码,质量,质量差,negative,质量差
TRAIN_17623,PRODUCT_426743,手机/数码,耐用,容易坏,negative,容易坏
TRAIN_17625,PRODUCT_35248,母婴/玩具,耐用,很耐用,positive,很耐用
TRAIN_17627,PRODUCT_519572,图书音像,质量,质量好,positive,质量好
TRAIN_17627,PRODUCT_519572,图书音像,物流,发货快,positive,发货快
TRAIN_17631,PRODUCT_353500,图书音像,正品,疑似假货,negative,疑似假货
TRAIN_17632,PRODUCT_515137,图书音像,质量,质量好,positive,质量好
TRAIN_17632,PRODUCT_515137,图书音像,物流,发货快,positive,发货快
TRAIN_17638,PRODUCT_56619,图书音像,物流,发货快,positive,发货快
TRAIN_17638,PRODUCT_56619,图书音像,内容,内容不错,positive,内容不错
TRAIN_17659,PRODUCT_509995,食品/保健,味道,味道不错,positive,味道不错
TRAIN_17660,PRODUCT_503466,电脑/办公,价格,性价比高,positive,性价比高
TRAIN_17661,PRODUCT_311963,图书音像,质量,质量好,positive,质量好
TRAIN_17661,PRODUCT_311963,图书音像,物流,发货快,positive,发货快
TRAIN_17671,PRODUCT_122475,图书音像,正品,正品放心,positive,正品放心
TRAIN_17674,PRODUCT_425525,家用电器,价格,价格贵,negative,价格贵
TRAIN_17685,PRODUCT_70687,图书音像,内容,内容不错,positive,内容不错
TRAIN_17692,PRODUCT_388596,图书音像,正品,正品放心,positive,正品放心
TRAIN_17693,PRODUCT_276420,图书音像,质量,质量好,positive,质量好
TRAIN_17696,PRODUCT_224242,图书音像,价格,性价比高,positive,性价比高
TRAIN_17709,PRODUCT_298562,图书音像,包装,包装差,negative,包装差
TRAIN_17717,PRODUCT_58336,图书音像,价格,性价比高,positive,性价比高
TRAIN_17720,PRODUCT_243075,家用电器,耐用,很耐用,positive,很耐用
TRAIN_17727,PRODUCT_6589,图书音像,正品,正品放心,positive,正品放心
TRAIN_17728,PRODUCT_450581,图书音像,价格,性价比高,positive,性价比高
TRAIN_17735,PRODUCT_475086,图书音像,包装,包装差,negative,包装差
TRAIN_17754,PRODUCT_82820,图书音像,质量,质量好,positive,质量好
TRAIN_17756,PRODUCT_319779,电脑/办公,质量,质量好,positive,质量好
TRAIN_17759,PRODUCT_495532,图书音像,质量,质量好,positive,质量好
TRAIN_17762,PRODUCT_45242,家用电器,客服,客服好,positive,客服好
TRAIN_17762,PRODUCT_45242,家用电器,正品,正品放心,positive,正品放心
TRAIN_17763,PRODUCT_201218,食品/保健,味道,味道不错,positive,味道不错
TRAIN_17768,PRODUCT_82396,母婴/玩具,质量,质量好,positive,质量好
TRAIN_17773,PRODUCT_55751,电脑/办公,质量,质量差,negative,质量差
TRAIN_17789,PRODUCT_390612,图书音像,正品,正品放心,positive,正品放心
TRAIN_17790,PRODUCT_394939,美妆个护,物流,发货快,positive,发货快
TRAIN_17792,PRODUCT_220807,手机/数码,质量,质量好,positive,质量好
TRAIN_17795,PRODUCT_312942,手机/数码,正品,正品放心,positive,正品放心
TRAIN_17797,PRODUCT_313910,图书音像,内容,内容不错,positive,内容不错
TRAIN_17799,PRODUCT_154477,图书音像,质量,质量好,positive,质量好
TRAIN_17804,PRODUCT_110355,手机/数码,价格,性价比高,positive,性价比高
TRAIN_17815,PRODUCT_183203,图书音像,质量,质量好,positive,质量好
TRAIN_17815,PRODUCT_183203,图书音像,客服,客服好,positive,客服好
TRAIN_17822,PRODUCT_60870,图书音像,物流,发货快,positive,发货快
TRAIN_17823,PRODUCT_11497,图书音像,正品,正品放心,positive,正品放心
TRAIN_17824,PRODUCT_464451,图书音像,正品,正品放心,positive,正品放心
TRAIN_17831,PRODUCT_158181,图书音像,质量,质量好,positive,质量好
TRAIN_17833,PRODUCT_69514,手机/数码,正品,正品放心,positive,正品放心
TRAIN_17853,PRODUCT_398666,图书音像,价格,性价比高,positive,性价比高
TRAIN_17867,PRODUCT_418902,图书音像,质量,质量好,positive,质量好
TRAIN_17880,PRODUCT_96035,图书音像,质量,质量好,positive,质量好
TRAIN_17881,PRODUCT_166893,家用电器,质量,质量好,positive,质量好
TRAIN_17881,PRODUCT_166893,家用电器,物流,发货快,positive,发货快
TRAIN_17885,PRODUCT_410864,图书音像,价格,价格贵,negative,价格贵
TRAIN_17886,PRODUCT_36206,图书音像,内容,内容不错,positive,内容不错
TRAIN_17895,PRODUCT_368834,图书音像,质量,质量好,positive,质量好
TRAIN_17896,PRODUCT_505291,图书音像,质量,质量好,positive,质量好
TRAIN_17909,PRODUCT_286316,图书音像,质量,质量好,positive,质量好
TRAIN_17910,PRODUCT_24340,图书音像,价格,性价比高,positive,性价比高
TRAIN_17915,PRODUCT_336013,图书音像,价格,性价比高,positive,性价比高
TRAIN_17917,PRODUCT_269914,图书音像,质量,质量好,positive,质量好
TRAIN_17917,PRODUCT_269914,图书音像,正品,正品放心,positive,正品放心
TRAIN_17921,PRODUCT_422027,其他,包装,包装好,positive,包装好
TRAIN_17921,PRODUCT_422027,其他,正品,正品放心,positive,正品放心
TRAIN_17923,PRODUCT_470820,家用电器,价格,价格贵,negative,价格贵
TRAIN_17927,PRODUCT_446331,电脑/办公,正品,正品放心,positive,正品放心
TRAIN_17942,PRODUCT_105641,图书音像,质量,质量差,negative,质量差
TRAIN_17946,PRODUCT_463165,图书音像,质量,质量好,positive,质量好
TRAIN_17953,PRODUCT_165163,图书音像,包装,包装好,positive,包装好
TRAIN_17954,PRODUCT_411397,电脑/办公,物流,发货快,positive,发货快
TRAIN_17960,PRODUCT_462920,图书音像,质量,质量好,positive,质量好
TRAIN_17962,PRODUCT_206298,图书音像,质量,质量好,positive,质量好
TRAIN_17962,PRODUCT_206298,图书音像,正品,正品放心,positive,正品放心
TRAIN_17967,PRODUCT_10094,家用电器,价格,性价比高,positive,性价比高
TRAIN_17968,PRODUCT_289780,家居生活,价格,性价比高,positive,性价比高
TRAIN_17982,PRODUCT_153876,图书音像,质量,质量好,positive,质量好
TRAIN_17983,PRODUCT_244067,家用电器,质量,质量差,negative,质量差
TRAIN_17983,PRODUCT_244067,家用电器,耐用,容易坏,negative,容易坏
TRAIN_17986,PRODUCT_340843,电脑/办公,质量,质量好,positive,质量好
TRAIN_17990,PRODUCT_488672,图书音像,正品,正品放心,positive,正品放心
TRAIN_17994,PRODUCT_179717,手机/数码,价格,价格贵,negative,价格贵
TRAIN_17995,PRODUCT_471464,图书音像,内容,内容不错,positive,内容不错
TRAIN_17998,PRODUCT_474283,图书音像,正品,正品放心,positive,正品放心
TRAIN_17999,PRODUCT_212925,图书音像,内容,内容不错,positive,内容不错
TRAIN_18001,PRODUCT_480826,图书音像,价格,性价比高,positive,性价比高
TRAIN_18010,PRODUCT_372936,图书音像,质量,质量好,positive,质量好
TRAIN_18020,PRODUCT_212607,运动户外,质量,质量好,positive,质量好
TRAIN_18032,PRODUCT_382514,图书音像,正品,正品放心,positive,正品放心
TRAIN_18039,PRODUCT_253917,图书音像,内容,内容不错,positive,内容不错
TRAIN_18043,PRODUCT_40763,图书音像,质量,质量差,negative,质量差
TRAIN_18051,PRODUCT_218350,母婴/玩具,包装,包装差,negative,包装差
TRAIN_18052,PRODUCT_151523,图书音像,内容,内容一般,negative,内容一般
TRAIN_18057,PRODUCT_24119,图书音像,正品,正品放心,positive,正品放心
TRAIN_18059,PRODUCT_122822,图书音像,价格,价格贵,negative,价格贵
TRAIN_18062,PRODUCT_134589,图书音像,正品,疑似假货,negative,疑似假货
TRAIN_18067,PRODUCT_310984,图书音像,质量,质量好,positive,质量好
TRAIN_18090,PRODUCT_264936,其他,质量,质量好,positive,质量好
TRAIN_18099,PRODUCT_394508,图书音像,正品,正品放心,positive,正品放心
TRAIN_18101,PRODUCT_22437,图书音像,质量,质量好,positive,质量好
TRAIN_18113,PRODUCT_203543,家居生活,价格,性价比高,positive,性价比高
TRAIN_18115,PRODUCT_504723,图书音像,价格,价格贵,negative,价格贵
TRAIN_18117,PRODUCT_41604,图书音像,正品,正品放心,positive,正品放心
TRAIN_18120,PRODUCT_121688,电脑/办公,质量,质量好,positive,质量好
TRAIN_18122,PRODUCT_160024,电脑/办公,质量,质量好,positive,质量好
TRAIN_18131,PRODUCT_213236,图书音像,质量,质量好,positive,质量好
TRAIN_18133,PRODUCT_498056,图书音像,包装,包装差,negative,包装差
TRAIN_18140,PRODUCT_9480,图书音像,内容,内容不错,positive,内容不错
TRAIN_18142,PRODUCT_481843,图书音像,价格,性价比高,positive,性价比高
TRAIN_18142,PRODUCT_481843,图书音像,正品,正品放心,positive,正品放心
TRAIN_18151,PRODUCT_463638,图书音像,质量,质量好,positive,质量好
TRAIN_18152,PRODUCT_179884,钟表/首饰/眼镜/礼品,正品,正品放心,positive,正品放心
TRAIN_18154,PRODUCT_425885,手机/数码,屏幕,屏幕差,negative,屏幕差
TRAIN_18155,PRODUCT_388532,电脑/办公,质量,质量好,positive,质量好
TRAIN_18157,PRODUCT_147903,图书音像,价格,性价比高,positive,性价比高
TRAIN_18164,PRODUCT_135176,图书音像,内容,内容不错,positive,内容不错
TRAIN_18167,PRODUCT_72489,家用电器,正品,正品放心,positive,正品放心
TRAIN_18167,PRODUCT_72489,家用电器,正品,疑似假货,negative,疑似假货
TRAIN_18168,PRODUCT_127437,手机/数码,客服,客服好,positive,客服好
TRAIN_18168,PRODUCT_127437,手机/数码,屏幕,屏幕差,negative,屏幕差
TRAIN_18174,PRODUCT_10529,手机/数码,价格,性价比高,positive,性价比高
TRAIN_18177,PRODUCT_183206,电脑/办公,耐用,容易坏,negative,容易坏
TRAIN_18178,PRODUCT_181346,图书音像,质量,质量好,positive,质量好
TRAIN_18183,PRODUCT_516285,图书音像,外观,外观一般,negative,外观一般
TRAIN_18191,PRODUCT_399255,图书音像,质量,质量好,positive,质量好
TRAIN_18197,PRODUCT_21826,其他,质量,质量好,positive,质量好
TRAIN_18204,PRODUCT_447959,图书音像,质量,质量差,negative,质量差
TRAIN_18207,PRODUCT_377721,图书音像,内容,内容不错,positive,内容不错
TRAIN_18211,PRODUCT_452321,食品/保健,味道,味道不错,positive,味道不错
TRAIN_18212,PRODUCT_407428,电脑/办公,正品,疑似假货,negative,疑似假货
TRAIN_18222,PRODUCT_331460,图书音像,价格,性价比高,positive,性价比高
TRAIN_18225,PRODUCT_4301,图书音像,正品,正品放心,positive,正品放心
TRAIN_18239,PRODUCT_799,图书音像,质量,质量好,positive,质量好
TRAIN_18244,PRODUCT_306064,食品/保健,味道,味道不错,positive,味道不错
TRAIN_18248,PRODUCT_497274,图书音像,质量,质量好,positive,质量好
TRAIN_18249,PRODUCT_429939,电脑/办公,价格,性价比高,positive,性价比高
TRAIN_18252,PRODUCT_62807,美妆个护,正品,正品放心,positive,正品放心
TRAIN_18257,PRODUCT_522615,电脑/办公,价格,性价比高,positive,性价比高
TRAIN_18258,PRODUCT_265221,图书音像,推荐,会回购,positive,会回购
TRAIN_18260,PRODUCT_335052,图书音像,包装,包装差,negative,包装差
TRAIN_18262,PRODUCT_314607,手机/数码,正品,正品放心,positive,正品放心
TRAIN_18262,PRODUCT_314607,手机/数码,外观,外观好看,positive,外观好看
TRAIN_18272,PRODUCT_333173,图书音像,质量,质量好,positive,质量好
TRAIN_18278,PRODUCT_141201,电脑/办公,质量,质量好,positive,质量好
TRAIN_18286,PRODUCT_475334,图书音像,正品,疑似假货,negative,疑似假货
TRAIN_18287,PRODUCT_19365,图书音像,质量,质量好,positive,质量好
TRAIN_18289,PRODUCT_371160,电脑/办公,耐用,容易坏,negative,容易坏
TRAIN_18297,PRODUCT_397810,图书音像,质量,质量好,positive,质量好
TRAIN_18297,PRODUCT_397810,图书音像,物流,发货快,positive,发货快
TRAIN_18297,PRODUCT_397810,图书音像,正品,正品放心,positive,正品放心
TRAIN_18298,PRODUCT_468397,美妆个护,味道,味道不错,positive,味道不错
TRAIN_18309,PRODUCT_96589,美妆个护,味道,味道不错,positive,味道不错
TRAIN_18312,PRODUCT_223256,图书音像,质量,质量差,negative,质量差
TRAIN_18312,PRODUCT_223256,图书音像,正品,疑似假货,negative,疑似假货
TRAIN_18316,PRODUCT_468617,图书音像,质量,质量好,positive,质量好
TRAIN_18320,PRODUCT_213776,图书音像,耐用,容易坏,negative,容易坏
TRAIN_18326,PRODUCT_357168,图书音像,物流,物流慢,negative,物流慢
TRAIN_18331,PRODUCT_201562,食品/保健,味道,味道不错,positive,味道不错
TRAIN_18341,PRODUCT_100789,电脑/办公,耐用,容易坏,negative,容易坏
TRAIN_18353,PRODUCT_399681,图书音像,正品,正品放心,positive,正品放心
TRAIN_18353,PRODUCT_399681,图书音像,正品,疑似假货,negative,疑似假货
TRAIN_18360,PRODUCT_359289,图书音像,物流,发货快,positive,发货快
TRAIN_18360,PRODUCT_359289,图书音像,包装,包装好,positive,包装好
TRAIN_18361,PRODUCT_137200,美妆个护,物流,发货快,positive,发货快
TRAIN_18361,PRODUCT_137200,美妆个护,包装,包装好,positive,包装好
TRAIN_18361,PRODUCT_137200,美妆个护,味道,味道不错,positive,味道不错
TRAIN_18362,PRODUCT_77346,图书音像,正品,正品放心,positive,正品放心
TRAIN_18364,PRODUCT_296414,食品/保健,味道,味道不错,positive,味道不错
TRAIN_18367,PRODUCT_374113,图书音像,质量,质量好,positive,质量好
TRAIN_18372,PRODUCT_26646,图书音像,正品,疑似假货,negative,疑似假货
TRAIN_18379,PRODUCT_433739,钟表/首饰/眼镜/礼品,质量,质量好,positive,质量好
TRAIN_18385,PRODUCT_504549,美妆个护,正品,正品放心,positive,正品放心
TRAIN_18388,PRODUCT_503175,图书音像,正品,正品放心,positive,正品放心
TRAIN_18393,PRODUCT_15304,食品/保健,味道,味道不错,positive,味道不错
TRAIN_18394,PRODUCT_102081,家具/家装/建材,质量,质量好,positive,质量好
TRAIN_18397,PRODUCT_361834,图书音像,耐用,容易坏,negative,容易坏
TRAIN_18401,PRODUCT_415741,图书音像,内容,内容不错,positive,内容不错
TRAIN_18406,PRODUCT_201589,图书音像,正品,正品放心,positive,正品放心
TRAIN_18410,PRODUCT_370739,图书音像,质量,质量好,positive,质量好
TRAIN_18415,PRODUCT_234240,图书音像,价格,性价比高,positive,性价比高
TRAIN_18415,PRODUCT_234240,图书音像,内容,内容一般,negative,内容一般
TRAIN_18418,PRODUCT_84834,食品/保健,价格,性价比高,positive,性价比高
TRAIN_18418,PRODUCT_84834,食品/保健,味道,味道不错,positive,味道不错
TRAIN_18423,PRODUCT_223904,图书音像,质量,质量好,positive,质量好
TRAIN_18426,PRODUCT_516811,电脑/办公,正品,正品放心,positive,正品放心
TRAIN_18429,PRODUCT_423624,图书音像,推荐,会回购,positive,会回购
TRAIN_18437,PRODUCT_412729,图书音像,质量,质量好,positive,质量好
TRAIN_18437,PRODUCT_412729,图书音像,正品,正品放心,positive,正品放心
TRAIN_18438,PRODUCT_241519,图书音像,质量,质量好,positive,质量好
TRAIN_18439,PRODUCT_331068,电脑/办公,耐用,容易坏,negative,容易坏
TRAIN_18446,PRODUCT_334367,图书音像,质量,质量好,positive,质量好
TRAIN_18447,PRODUCT_331460,图书音像,物流,发货快,positive,发货快
TRAIN_18452,PRODUCT_406579,图书音像,物流,发货快,positive,发货快
TRAIN_18461,PRODUCT_522601,图书音像,价格,性价比高,positive,性价比高
TRAIN_18466,PRODUCT_327421,图书音像,价格,性价比高,positive,性价比高
TRAIN_18475,PRODUCT_213007,手机/数码,耐用,很耐用,positive,很耐用
TRAIN_18481,PRODUCT_126960,图书音像,质量,质量好,positive,质量好
TRAIN_18483,PRODUCT_254485,图书音像,价格,性价比高,positive,性价比高
TRAIN_18494,PRODUCT_382143,家用电器,客服,客服差,negative,客服差
TRAIN_18497,PRODUCT_289662,电脑/办公,外观,外观好看,positive,外观好看
TRAIN_18498,PRODUCT_116399,图书音像,内容,内容不错,positive,内容不错
TRAIN_18503,PRODUCT_126386,图书音像,正品,正品放心,positive,正品放心
TRAIN_18507,PRODUCT_218264,图书音像,质量,质量好,positive,质量好
TRAIN_18517,PRODUCT_323780,电脑/办公,价格,性价比高,positive,性价比高
TRAIN_18518,PRODUCT_446969,图书音像,质量,质量好,positive,质量好
TRAIN_18536,PRODUCT_27811,图书音像,质量,质量好,positive,质量好
TRAIN_18542,PRODUCT_124832,美妆个护,正品,正品放心,positive,正品放心
TRAIN_18542,PRODUCT_124832,美妆个护,正品,疑似假货,negative,疑似假货
TRAIN_18546,PRODUCT_47873,图书音像,质量,质量差,negative,质量差
TRAIN_18549,PRODUCT_450189,图书音像,正品,正品放心,positive,正品放心
TRAIN_18553,PRODUCT_125219,图书音像,质量,质量好,positive,质量好
TRAIN_18553,PRODUCT_125219,图书音像,物流,发货快,positive,发货快
TRAIN_18557,PRODUCT_409799,图书音像,内容,内容不错,positive,内容不错
TRAIN_18562,PRODUCT_421382,家居生活,正品,正品放心,positive,正品放心
TRAIN_18565,PRODUCT_406455,其他,物流,发货快,positive,发货快
TRAIN_18570,PRODUCT_310243,图书音像,物流,发货快,positive,发货快
TRAIN_18582,PRODUCT_299783,家居生活,质量,质量好,positive,质量好
TRAIN_18582,PRODUCT_299783,家居生活,价格,性价比高,positive,性价比高
TRAIN_18583,PRODUCT_447417,图书音像,质量,质量好,positive,质量好
TRAIN_18584,PRODUCT_152320,图书音像,质量,质量好,positive,质量好
TRAIN_18584,PRODUCT_152320,图书音像,包装,包装好,positive,包装好
TRAIN_18585,PRODUCT_388887,家用电器,物流,发货快,positive,发货快
TRAIN_18585,PRODUCT_388887,家用电器,推荐,会回购,positive,会回购
TRAIN_18592,PRODUCT_239344,电脑/办公,物流,物流慢,negative,物流慢
TRAIN_18598,PRODUCT_12699,图书音像,质量,质量好,positive,质量好
TRAIN_18600,PRODUCT_345450,图书音像,包装,包装好,positive,包装好
TRAIN_18603,PRODUCT_483444,图书音像,质量,质量差,negative,质量差
TRAIN_18609,PRODUCT_109412,其他,包装,包装好,positive,包装好
TRAIN_18617,PRODUCT_150371,美妆个护,味道,味道不错,positive,味道不错
TRAIN_18620,PRODUCT_100789,电脑/办公,耐用,很耐用,positive,很耐用
TRAIN_18621,PRODUCT_160241,图书音像,价格,性价比高,positive,性价比高
TRAIN_18629,PRODUCT_76394,图书音像,价格,性价比高,positive,性价比高
TRAIN_18630,PRODUCT_282188,美妆个护,味道,味道不错,positive,味道不错
TRAIN_18643,PRODUCT_150504,鞋类箱包,质量,质量好,positive,质量好
TRAIN_18647,PRODUCT_521516,图书音像,质量,质量好,positive,质量好
TRAIN_18652,PRODUCT_204401,家居生活,质量,质量差,negative,质量差
TRAIN_18657,PRODUCT_435135,图书音像,价格,性价比高,positive,性价比高
TRAIN_18658,PRODUCT_383389,家用电器,质量,质量好,positive,质量好
TRAIN_18658,PRODUCT_383389,家用电器,物流,发货快,positive,发货快
TRAIN_18658,PRODUCT_383389,家用电器,价格,性价比高,positive,性价比高
TRAIN_18668,PRODUCT_1024,图书音像,正品,正品放心,positive,正品放心
TRAIN_18670,PRODUCT_500655,电脑/办公,价格,性价比高,positive,性价比高
TRAIN_18678,PRODUCT_114095,图书音像,质量,质量好,positive,质量好
TRAIN_18684,PRODUCT_510616,图书音像,质量,质量好,positive,质量好
TRAIN_18685,PRODUCT_156270,电脑/办公,正品,正品放心,positive,正品放心
TRAIN_18695,PRODUCT_86432,图书音像,正品,正品放心,positive,正品放心
TRAIN_18697,PRODUCT_409707,图书音像,价格,性价比高,positive,性价比高
TRAIN_18698,PRODUCT_208357,图书音像,包装,包装差,negative,包装差
TRAIN_18698,PRODUCT_208357,图书音像,耐用,容易坏,negative,容易坏
TRAIN_18699,PRODUCT_435284,图书音像,物流,发货快,positive,发货快
TRAIN_18703,PRODUCT_313896,图书音像,质量,质量好,positive,质量好
TRAIN_18703,PRODUCT_313896,图书音像,正品,正品放心,positive,正品放心
TRAIN_18709,PRODUCT_92094,图书音像,质量,质量好,positive,质量好
TRAIN_18709,PRODUCT_92094,图书音像,内容,内容不错,positive,内容不错
TRAIN_18716,PRODUCT_481641,图书音像,物流,发货快,positive,发货快
TRAIN_18722,PRODUCT_305239,家用电器,价格,性价比高,positive,性价比高
TRAIN_18725,PRODUCT_265571,图书音像,质量,质量好,positive,质量好
TRAIN_18727,PRODUCT_312457,手机/数码,价格,性价比高,positive,性价比高
TRAIN_18728,PRODUCT_301983,电脑/办公,物流,发货快,positive,发货快
TRAIN_18731,PRODUCT_67891,图书音像,质量,质量好,positive,质量好
TRAIN_18734,PRODUCT_465997,图书音像,内容,内容不错,positive,内容不错
TRAIN_18741,PRODUCT_80248,图书音像,质量,质量差,negative,质量差
TRAIN_18756,PRODUCT_294041,美妆个护,味道,味道不错,positive,味道不错
TRAIN_18761,PRODUCT_28463,图书音像,物流,发货快,positive,发货快
TRAIN_18762,PRODUCT_156270,电脑/办公,正品,正品放心,positive,正品放心
TRAIN_18766,PRODUCT_443795,图书音像,价格,性价比高,positive,性价比高
TRAIN_18777,PRODUCT_3592,图书音像,物流,发货快,positive,发货快
TRAIN_18777,PRODUCT_3592,图书音像,正品,正品放心,positive,正品放心
TRAIN_18777,PRODUCT_3592,图书音像,耐用,很耐用,positive,很耐用
TRAIN_18782,PRODUCT_94408,图书音像,正品,疑似假货,negative,疑似假货
TRAIN_18783,PRODUCT_79678,图书音像,正品,正品放心,positive,正品放心
TRAIN_18788,PRODUCT_452423,美妆个护,正品,正品放心,positive,正品放心
TRAIN_18789,PRODUCT_98190,手机/数码,耐用,很耐用,positive,很耐用
TRAIN_18793,PRODUCT_465825,图书音像,质量,质量好,positive,质量好
TRAIN_18803,PRODUCT_76693,图书音像,内容,内容一般,negative,内容一般
TRAIN_18808,PRODUCT_228423,图书音像,正品,正品放心,positive,正品放心
TRAIN_18812,PRODUCT_89844,美妆个护,味道,味道不错,positive,味道不错
TRAIN_18816,PRODUCT_407640,手机/数码,质量,质量好,positive,质量好
TRAIN_18816,PRODUCT_407640,手机/数码,正品,正品放心,positive,正品放心
TRAIN_18816,PRODUCT_407640,手机/数码,耐用,很耐用,positive,很耐用
TRAIN_18817,PRODUCT_9743,电脑/办公,耐用,很耐用,positive,很耐用
TRAIN_18839,PRODUCT_117554,图书音像,物流,物流慢,negative,物流慢
TRAIN_18846,PRODUCT_159630,图书音像,内容,内容不错,positive,内容不错
TRAIN_18848,PRODUCT_308146,图书音像,外观,外观好看,positive,外观好看
TRAIN_18851,PRODUCT_457344,图书音像,质量,质量好,positive,质量好
TRAIN_18860,PRODUCT_440476,图书音像,价格,性价比高,positive,性价比高
TRAIN_18862,PRODUCT_503466,电脑/办公,质量,质量好,positive,质量好
TRAIN_18866,PRODUCT_15472,服饰服装,客服,客服好,positive,客服好
TRAIN_18868,PRODUCT_492760,美妆个护,正品,正品放心,positive,正品放心
TRAIN_18875,PRODUCT_511386,图书音像,正品,正品放心,positive,正品放心
TRAIN_18876,PRODUCT_124206,母婴/玩具,价格,价格贵,negative,价格贵
TRAIN_18888,PRODUCT_384857,电脑/办公,正品,正品放心,positive,正品放心
TRAIN_18899,PRODUCT_264989,图书音像,质量,质量好,positive,质量好
TRAIN_18899,PRODUCT_264989,图书音像,物流,发货快,positive,发货快
TRAIN_18905,PRODUCT_395546,电脑/办公,价格,性价比高,positive,性价比高
TRAIN_18906,PRODUCT_471068,图书音像,正品,正品放心,positive,正品放心
TRAIN_18912,PRODUCT_507323,电脑/办公,价格,性价比高,positive,性价比高
TRAIN_18914,PRODUCT_194611,图书音像,质量,质量差,negative,质量差
TRAIN_18917,PRODUCT_409530,美妆个护,正品,正品放心,positive,正品放心
TRAIN_18921,PRODUCT_105943,图书音像,价格,性价比高,positive,性价比高
TRAIN_18923,PRODUCT_160306,图书音像,物流,发货快,positive,发货快
TRAIN_18923,PRODUCT_160306,图书音像,价格,性价比高,positive,性价比高
TRAIN_18923,PRODUCT_160306,图书音像,客服,客服好,positive,客服好
TRAIN_18924,PRODUCT_115122,其他,质量,质量好,positive,质量好
TRAIN_18925,PRODUCT_10266,图书音像,正品,正品放心,positive,正品放心
TRAIN_18925,PRODUCT_10266,图书音像,推荐,会回购,positive,会回购
TRAIN_18925,PRODUCT_10266,图书音像,内容,内容不错,positive,内容不错
TRAIN_18929,PRODUCT_236973,家用电器,质量,质量好,positive,质量好
TRAIN_18930,PRODUCT_126130,家具/家装/建材,耐用,很耐用,positive,很耐用
TRAIN_18935,PRODUCT_92377,手机/数码,外观,外观好看,positive,外观好看
TRAIN_18937,PRODUCT_253464,图书音像,正品,正品放心,positive,正品放心
TRAIN_18945,PRODUCT_348686,图书音像,正品,正品放心,positive,正品放心
TRAIN_18954,PRODUCT_207074,图书音像,推荐,会回购,positive,会回购
TRAIN_18957,PRODUCT_153688,美妆个护,正品,正品放心,positive,正品放心
TRAIN_18967,PRODUCT_393179,图书音像,内容,内容不错,positive,内容不错
TRAIN_18975,PRODUCT_185008,手机/数码,正品,正品放心,positive,正品放心
TRAIN_18981,PRODUCT_117404,美妆个护,正品,疑似假货,negative,疑似假货
TRAIN_18982,PRODUCT_38282,图书音像,质量,质量好,positive,质量好
TRAIN_18987,PRODUCT_497359,图书音像,质量,质量好,positive,质量好
TRAIN_19005,PRODUCT_228943,图书音像,质量,质量好,positive,质量好
TRAIN_19020,PRODUCT_55683,电脑/办公,正品,疑似假货,negative,疑似假货
TRAIN_19022,PRODUCT_482306,食品/保健,味道,味道不错,positive,味道不错
TRAIN_19023,PRODUCT_517707,图书音像,内容,内容不错,positive,内容不错
TRAIN_19026,PRODUCT_143622,图书音像,物流,发货快,positive,发货快
TRAIN_19028,PRODUCT_465345,图书音像,质量,质量好,positive,质量好
TRAIN_19028,PRODUCT_465345,图书音像,质量,质量差,negative,质量差
TRAIN_19028,PRODUCT_465345,图书音像,正品,疑似假货,negative,疑似假货
TRAIN_19029,PRODUCT_431034,图书音像,价格,性价比高,positive,性价比高
TRAIN_19032,PRODUCT_236235,图书音像,内容,内容不错,positive,内容不错
TRAIN_19036,PRODUCT_22437,图书音像,包装,包装差,negative,包装差
TRAIN_19040,PRODUCT_292645,图书音像,包装,包装差,negative,包装差
TRAIN_19041,PRODUCT_232108,手机/数码,正品,正品放心,positive,正品放心
TRAIN_19044,PRODUCT_47570,图书音像,内容,内容一般,negative,内容一般
TRAIN_19048,PRODUCT_260342,电脑/办公,正品,正品放心,positive,正品放心
TRAIN_19053,PRODUCT_146031,电脑/办公,价格,性价比高,positive,性价比高
TRAIN_19061,PRODUCT_405734,图书音像,质量,质量好,positive,质量好
TRAIN_19061,PRODUCT_405734,图书音像,正品,正品放心,positive,正品放心
TRAIN_19065,PRODUCT_394999,图书音像,包装,包装好,positive,包装好
TRAIN_19072,PRODUCT_272165,图书音像,正品,正品放心,positive,正品放心
TRAIN_19082,PRODUCT_471179,图书音像,推荐,不推荐,negative,不推荐
TRAIN_19084,PRODUCT_32439,电脑/办公,包装,包装好,positive,包装好
TRAIN_19086,PRODUCT_498831,图书音像,价格,价格贵,negative,价格贵
TRAIN_19095,PRODUCT_490031,家用电器,推荐,会回购,positive,会回购
TRAIN_19100,PRODUCT_213360,图书音像,正品,正品放心,positive,正品放心
TRAIN_19105,PRODUCT_47486,图书音像,质量,质量好,positive,质量好
TRAIN_19105,PRODUCT_47486,图书音像,物流,发货快,positive,发货快
TRAIN_19109,PRODUCT_121157,电脑/办公,价格,性价比高,positive,性价比高
TRAIN_19110,PRODUCT_441014,电脑/办公,包装,包装好,positive,包装好
TRAIN_19113,PRODUCT_450205,图书音像,质量,质量好,positive,质量好
TRAIN_19116,PRODUCT_495259,图书音像,包装,包装好,positive,包装好
TRAIN_19126,PRODUCT_521214,手机/数码,质量,质量好,positive,质量好
TRAIN_19126,PRODUCT_521214,手机/数码,包装,包装好,positive,包装好
TRAIN_19139,PRODUCT_288119,手机/数码,物流,发货快,positive,发货快
TRAIN_19147,PRODUCT_120294,图书音像,正品,正品放心,positive,正品放心
TRAIN_19153,PRODUCT_345682,家用电器,正品,正品放心,positive,正品放心
TRAIN_19164,PRODUCT_324038,图书音像,内容,内容一般,negative,内容一般
TRAIN_19173,PRODUCT_211660,图书音像,正品,正品放心,positive,正品放心
TRAIN_19193,PRODUCT_352520,美妆个护,正品,疑似假货,negative,疑似假货
TRAIN_19196,PRODUCT_342896,电脑/办公,质量,质量好,positive,质量好
TRAIN_19200,PRODUCT_21560,食品/保健,味道,味道不错,positive,味道不错
TRAIN_19227,PRODUCT_45023,家用电器,物流,物流慢,negative,物流慢
TRAIN_19228,PRODUCT_320613,图书音像,正品,正品放心,positive,正品放心
TRAIN_19234,PRODUCT_518859,手机/数码,耐用,很耐用,positive,很耐用
TRAIN_19234,PRODUCT_518859,手机/数码,耐用,容易坏,negative,容易坏
TRAIN_19234,PRODUCT_518859,手机/数码,续航,续航差,negative,续航差
TRAIN_19237,PRODUCT_69326,电脑/办公,质量,质量差,negative,质量差
TRAIN_19240,PRODUCT_338492,图书音像,质量,质量好,positive,质量好
TRAIN_19240,PRODUCT_338492,图书音像,正品,正品放心,positive,正品放心
TRAIN_19242,PRODUCT_97660,图书音像,推荐,不推荐,negative,不推荐
TRAIN_19245,PRODUCT_306737,图书音像,质量,质量好,positive,质量好
TRAIN_19245,PRODUCT_306737,图书音像,价格,性价比高,positive,性价比高
TRAIN_19247,PRODUCT_297271,图书音像,正品,正品放心,positive,正品放心
TRAIN_19266,PRODUCT_404386,图书音像,正品,正品放心,positive,正品放心
TRAIN_19270,PRODUCT_361841,图书音像,质量,质量好,positive,质量好
TRAIN_19278,PRODUCT_10821,手机/数码,价格,价格贵,negative,价格贵
TRAIN_19287,PRODUCT_96969,家用电器,外观,外观好看,positive,外观好看
TRAIN_19316,PRODUCT_305481,图书音像,推荐,不推荐,negative,不推荐
TRAIN_19317,PRODUCT_278389,电脑/办公,价格,价格贵,negative,价格贵
TRAIN_19321,PRODUCT_393267,图书音像,质量,质量好,positive,质量好
TRAIN_19321,PRODUCT_393267,图书音像,正品,正品放心,positive,正品放心
TRAIN_19332,PRODUCT_270594,电脑/办公,物流,发货快,positive,发货快
TRAIN_19344,PRODUCT_492748,图书音像,推荐,会回购,positive,会回购
TRAIN_19348,PRODUCT_241391,图书音像,质量,质量好,positive,质量好
TRAIN_19350,PRODUCT_513971,图书音像,质量,质量好,positive,质量好
TRAIN_19351,PRODUCT_189493,图书音像,正品,正品放心,positive,正品放心
TRAIN_19364,PRODUCT_159340,电脑/办公,价格,性价比高,positive,性价比高
TRAIN_19365,PRODUCT_360894,手机/数码,正品,正品放心,positive,正品放心
TRAIN_19365,PRODUCT_360894,手机/数码,正品,疑似假货,negative,疑似假货
TRAIN_19368,PRODUCT_201907,食品/保健,耐用,很耐用,positive,很耐用
TRAIN_19378,PRODUCT_335732,图书音像,质量,质量好,positive,质量好
TRAIN_19378,PRODUCT_335732,图书音像,价格,性价比高,positive,性价比高
TRAIN_19378,PRODUCT_335732,图书音像,正品,正品放心,positive,正品放心
TRAIN_19399,PRODUCT_41626,图书音像,质量,质量好,positive,质量好
TRAIN_19399,PRODUCT_41626,图书音像,包装,包装差,negative,包装差
TRAIN_19402,PRODUCT_316735,图书音像,质量,质量好,positive,质量好
TRAIN_19408,PRODUCT_397858,图书音像,内容,内容不错,positive,内容不错
TRAIN_19413,PRODUCT_103526,钟表/首饰/眼镜/礼品,外观,外观好看,positive,外观好看
TRAIN_19423,PRODUCT_258552,电脑/办公,耐用,很耐用,positive,很耐用
TRAIN_19427,PRODUCT_298194,图书音像,包装,包装差,negative,包装差
TRAIN_19434,PRODUCT_231464,家用电器,价格,性价比高,positive,性价比高
TRAIN_19435,PRODUCT_39863,图书音像,内容,内容不错,positive,内容不错
TRAIN_19438,PRODUCT_525557,手机/数码,价格,性价比高,positive,性价比高
TRAIN_19439,PRODUCT_105605,美妆个护,味道,味道不错,positive,味道不错
TRAIN_19444,PRODUCT_85431,手机/数码,耐用,容易坏,negative,容易坏
TRAIN_19448,PRODUCT_445413,家用电器,物流,发货快,positive,发货快
TRAIN_19450,PRODUCT_206191,图书音像,质量,质量好,positive,质量好
TRAIN_19458,PRODUCT_309228,美妆个护,价格,性价比高,positive,性价比高
TRAIN_19459,PRODUCT_395895,图书音像,物流,发货快,positive,发货快
TRAIN_19459,PRODUCT_395895,图书音像,正品,正品放心,positive,正品放心
TRAIN_19461,PRODUCT_241391,图书音像,包装,包装好,positive,包装好
TRAIN_19467,PRODUCT_14665,图书音像,正品,正品放心,positive,正品放心
TRAIN_19472,PRODUCT_512246,美妆个护,正品,疑似假货,negative,疑似假货
TRAIN_19483,PRODUCT_212851,图书音像,正品,正品放心,positive,正品放心
TRAIN_19491,PRODUCT_73407,图书音像,正品,正品放心,positive,正品放心
TRAIN_19492,PRODUCT_521214,手机/数码,物流,发货快,positive,发货快
TRAIN_19496,PRODUCT_207031,图书音像,质量,质量好,positive,质量好
TRAIN_19498,PRODUCT_230501,图书音像,正品,正品放心,positive,正品放心
TRAIN_19501,PRODUCT_341377,图书音像,价格,性价比高,positive,性价比高
TRAIN_19505,PRODUCT_19215,钟表/首饰/眼镜/礼品,正品,正品放心,positive,正品放心
TRAIN_19520,PRODUCT_464890,电脑/办公,质量,质量好,positive,质量好
TRAIN_19522,PRODUCT_155622,图书音像,正品,正品放心,positive,正品放心
TRAIN_19530,PRODUCT_59482,图书音像,质量,质量好,positive,质量好
TRAIN_19539,PRODUCT_265567,手机/数码,正品,正品放心,positive,正品放心
TRAIN_19541,PRODUCT_209920,图书音像,质量,质量好,positive,质量好
TRAIN_19544,PRODUCT_156270,电脑/办公,正品,疑似假货,negative,疑似假货
TRAIN_19545,PRODUCT_346594,图书音像,包装,包装好,positive,包装好
TRAIN_19546,PRODUCT_293594,图书音像,质量,质量好,positive,质量好
TRAIN_19548,PRODUCT_146641,图书音像,正品,疑似假货,negative,疑似假货
TRAIN_19549,PRODUCT_189601,电脑/办公,价格,性价比高,positive,性价比高
TRAIN_19550,PRODUCT_148838,图书音像,正品,疑似假货,negative,疑似假货
TRAIN_19550,PRODUCT_148838,图书音像,内容,内容不错,positive,内容不错
TRAIN_19553,PRODUCT_68508,电脑/办公,屏幕,屏幕差,negative,屏幕差
TRAIN_19555,PRODUCT_314287,手机/数码,正品,正品放心,positive,正品放心
TRAIN_19564,PRODUCT_25199,电脑/办公,质量,质量好,positive,质量好
TRAIN_19578,PRODUCT_375670,图书音像,正品,正品放心,positive,正品放心
TRAIN_19580,PRODUCT_521422,图书音像,内容,内容不错,positive,内容不错
TRAIN_19590,PRODUCT_73872,手机/数码,包装,包装好,positive,包装好
TRAIN_19603,PRODUCT_191294,图书音像,外观,外观一般,negative,外观一般
TRAIN_19610,PRODUCT_428121,图书音像,正品,正品放心,positive,正品放心
TRAIN_19619,PRODUCT_265838,图书音像,价格,性价比高,positive,性价比高
TRAIN_19621,PRODUCT_382014,图书音像,质量,质量差,negative,质量差
TRAIN_19623,PRODUCT_241414,图书音像,质量,质量好,positive,质量好
TRAIN_19623,PRODUCT_241414,图书音像,包装,包装好,positive,包装好
TRAIN_19623,PRODUCT_241414,图书音像,正品,正品放心,positive,正品放心
TRAIN_19628,PRODUCT_48917,图书音像,正品,疑似假货,negative,疑似假货
TRAIN_19630,PRODUCT_28071,手机/数码,质量,质量好,positive,质量好
TRAIN_19637,PRODUCT_113310,图书音像,正品,疑似假货,negative,疑似假货
TRAIN_19660,PRODUCT_120604,手机/数码,正品,疑似假货,negative,疑似假货
TRAIN_19671,PRODUCT_315874,图书音像,正品,疑似假货,negative,疑似假货
TRAIN_19675,PRODUCT_343532,图书音像,物流,发货快,positive,发货快
TRAIN_19676,PRODUCT_523887,手机/数码,质量,质量好,positive,质量好
TRAIN_19676,PRODUCT_523887,手机/数码,正品,正品放心,positive,正品放心
TRAIN_19676,PRODUCT_523887,手机/数码,推荐,会回购,positive,会回购
TRAIN_19680,PRODUCT_378284,手机/数码,正品,正品放心,positive,正品放心
TRAIN_19693,PRODUCT_277600,图书音像,正品,正品放心,positive,正品放心
TRAIN_19700,PRODUCT_69534,图书音像,耐用,容易坏,negative,容易坏
TRAIN_19705,PRODUCT_426743,手机/数码,质量,质量差,negative,质量差
TRAIN_19708,PRODUCT_358779,图书音像,内容,内容不错,positive,内容不错
TRAIN_19709,PRODUCT_26648,图书音像,质量,质量差,negative,质量差
TRAIN_19710,PRODUCT_348005,图书音像,内容,内容不错,positive,内容不错
TRAIN_19711,PRODUCT_491777,家用电器,耐用,很耐用,positive,很耐用
TRAIN_19718,PRODUCT_143960,图书音像,价格,性价比高,positive,性价比高
TRAIN_19722,PRODUCT_441014,电脑/办公,正品,正品放心,positive,正品放心
TRAIN_19726,PRODUCT_430537,图书音像,内容,内容不错,positive,内容不错
TRAIN_19731,PRODUCT_209637,手机/数码,耐用,很耐用,positive,很耐用
TRAIN_19731,PRODUCT_209637,手机/数码,耐用,容易坏,negative,容易坏
TRAIN_19731,PRODUCT_209637,手机/数码,续航,续航差,negative,续航差
TRAIN_19734,PRODUCT_164289,图书音像,正品,正品放心,positive,正品放心
TRAIN_19743,PRODUCT_293021,图书音像,价格,性价比高,positive,性价比高
TRAIN_19745,PRODUCT_502094,图书音像,正品,正品放心,positive,正品放心
TRAIN_19751,PRODUCT_149142,电脑/办公,正品,正品放心,positive,正品放心
TRAIN_19762,PRODUCT_348006,钟表/首饰/眼镜/礼品,质量,质量好,positive,质量好
TRAIN_19764,PRODUCT_115637,图书音像,正品,正品放心,positive,正品放心
TRAIN_19769,PRODUCT_37018,图书音像,质量,质量好,positive,质量好
TRAIN_19770,PRODUCT_90444,图书音像,质量,质量好,positive,质量好
TRAIN_19770,PRODUCT_90444,图书音像,正品,正品放心,positive,正品放心
TRAIN_19772,PRODUCT_102801,图书音像,推荐,会回购,positive,会回购
TRAIN_19778,PRODUCT_278164,电脑/办公,耐用,很耐用,positive,很耐用
TRAIN_19779,PRODUCT_30969,图书音像,内容,内容不错,positive,内容不错
TRAIN_19787,PRODUCT_165108,图书音像,正品,正品放心,positive,正品放心
TRAIN_19787,PRODUCT_165108,图书音像,正品,疑似假货,negative,疑似假货
TRAIN_19810,PRODUCT_1241,图书音像,价格,性价比高,positive,性价比高
TRAIN_19822,PRODUCT_229141,图书音像,推荐,会回购,positive,会回购
TRAIN_19830,PRODUCT_436279,图书音像,正品,正品放心,positive,正品放心
TRAIN_19831,PRODUCT_432634,图书音像,正品,疑似假货,negative,疑似假货
TRAIN_19834,PRODUCT_236050,钟表/首饰/眼镜/礼品,外观,外观一般,negative,外观一般
TRAIN_19839,PRODUCT_294013,图书音像,质量,质量好,positive,质量好
TRAIN_19844,PRODUCT_54416,图书音像,价格,性价比高,positive,性价比高
TRAIN_19847,PRODUCT_74565,图书音像,质量,质量差,negative,质量差
TRAIN_19847,PRODUCT_74565,图书音像,内容,内容一般,negative,内容一般
TRAIN_19872,PRODUCT_24609,家用电器,包装,包装好,positive,包装好
TRAIN_19877,PRODUCT_332316,图书音像,正品,正品放心,positive,正品放心
TRAIN_19890,PRODUCT_504129,电脑/办公,物流,发货快,positive,发货快
TRAIN_19890,PRODUCT_504129,电脑/办公,正品,正品放心,positive,正品放心
TRAIN_19893,PRODUCT_148150,美妆个护,价格,性价比高,positive,性价比高
TRAIN_19894,PRODUCT_66017,图书音像,正品,正品放心,positive,正品放心
TRAIN_19897,PRODUCT_178742,图书音像,内容,内容一般,negative,内容一般
TRAIN_19898,PRODUCT_361489,图书音像,正品,正品放心,positive,正品放心
TRAIN_19912,PRODUCT_103408,电脑/办公,正品,正品放心,positive,正品放心
TRAIN_19928,PRODUCT_315721,图书音像,价格,性价比高,positive,性价比高
TRAIN_19930,PRODUCT_478377,美妆个护,价格,价格贵,negative,价格贵
TRAIN_19931,PRODUCT_326016,图书音像,正品,正品放心,positive,正品放心
TRAIN_19932,PRODUCT_502346,图书音像,内容,内容不错,positive,内容不错
TRAIN_19937,PRODUCT_271388,图书音像,物流,发货快,positive,发货快
TRAIN_19941,PRODUCT_172048,图书音像,正品,疑似假货,negative,疑似假货
TRAIN_19947,PRODUCT_258055,图书音像,包装,包装好,positive,包装好
TRAIN_19947,PRODUCT_258055,图书音像,正品,正品放心,positive,正品放心
TRAIN_19951,PRODUCT_30608,美妆个护,推荐,会回购,positive,会回购
TRAIN_19951,PRODUCT_30608,美妆个护,味道,味道不错,positive,味道不错
TRAIN_19952,PRODUCT_287036,手机/数码,价格,价格贵,negative,价格贵
TRAIN_19953,PRODUCT_89792,图书音像,质量,质量好,positive,质量好
TRAIN_19954,PRODUCT_391301,电脑/办公,耐用,容易坏,negative,容易坏
TRAIN_19960,PRODUCT_150354,图书音像,质量,质量好,positive,质量好
TRAIN_19962,PRODUCT_282690,图书音像,物流,发货快,positive,发货快
TRAIN_19976,PRODUCT_195160,美妆个护,正品,正品放心,positive,正品放心
TRAIN_19977,PRODUCT_139543,图书音像,质量,质量好,positive,质量好
TRAIN_19977,PRODUCT_139543,图书音像,正品,正品放心,positive,正品放心
TRAIN_19978,PRODUCT_506436,家用电器,包装,包装好,positive,包装好
TRAIN_19981,PRODUCT_395517,鞋类箱包,耐用,很耐用,positive,很耐用
TRAIN_19982,PRODUCT_458445,食品/保健,正品,正品放心,positive,正品放心
TRAIN_19987,PRODUCT_408518,手机/数码,质量,质量好,positive,质量好
TRAIN_19987,PRODUCT_408518,手机/数码,包装,包装好,positive,包装好
TRAIN_19987,PRODUCT_408518,手机/数码,价格,性价比高,positive,性价比高
TRAIN_19989,PRODUCT_264405,图书音像,内容,内容不错,positive,内容不错
TRAIN_19991,PRODUCT_194505,图书音像,物流,发货快,positive,发货快
TRAIN_19991,PRODUCT_194505,图书音像,正品,正品放心,positive,正品放心
TRAIN_19993,PRODUCT_49806,家用电器,质量,质量好,positive,质量好
TRAIN_19994,PRODUCT_80196,电脑/办公,物流,发货快,positive,发货快
TRAIN_19994,PRODUCT_80196,电脑/办公,正品,正品放心,positive,正品放心
TRAIN_20001,PRODUCT_195118,图书音像,质量,质量好,positive,质量好
TRAIN_20007,PRODUCT_375371,电脑/办公,包装,包装好,positive,包装好
TRAIN_20007,PRODUCT_375371,电脑/办公,正品,正品放心,positive,正品放心
TRAIN_20013,PRODUCT_5830,图书音像,内容,内容不错,positive,内容不错
TRAIN_20017,PRODUCT_76956,图书音像,质量,质量好,positive,质量好
TRAIN_20021,PRODUCT_425525,家用电器,正品,正品放心,positive,正品放心
TRAIN_20021,PRODUCT_425525,家用电器,正品,疑似假货,negative,疑似假货
TRAIN_20023,PRODUCT_261379,图书音像,质量,质量好,positive,质量好
TRAIN_20039,PRODUCT_242680,其他,正品,正品放心,positive,正品放心
TRAIN_20039,PRODUCT_242680,其他,正品,疑似假货,negative,疑似假货
TRAIN_20044,PRODUCT_252393,图书音像,质量,质量差,negative,质量差
TRAIN_20048,PRODUCT_86775,图书音像,正品,正品放心,positive,正品放心
TRAIN_20063,PRODUCT_101136,图书音像,包装,包装差,negative,包装差
TRAIN_20074,PRODUCT_160887,图书音像,物流,发货快,positive,发货快
TRAIN_20076,PRODUCT_154680,电脑/办公,耐用,很耐用,positive,很耐用
TRAIN_20086,PRODUCT_353011,电脑/办公,质量,质量好,positive,质量好
TRAIN_20087,PRODUCT_25058,图书音像,质量,质量好,positive,质量好
TRAIN_20091,PRODUCT_58366,图书音像,价格,性价比高,positive,性价比高
TRAIN_20097,PRODUCT_318889,图书音像,物流,发货快,positive,发货快
TRAIN_20105,PRODUCT_443975,美妆个护,推荐,会回购,positive,会回购
TRAIN_20106,PRODUCT_501509,图书音像,质量,质量好,positive,质量好
TRAIN_20107,PRODUCT_55137,食品/保健,味道,味道不错,positive,味道不错
TRAIN_20117,PRODUCT_289707,图书音像,包装,包装好,positive,包装好
TRAIN_20143,PRODUCT_118700,图书音像,内容,内容一般,negative,内容一般
TRAIN_20149,PRODUCT_287068,图书音像,包装,包装好,positive,包装好
TRAIN_20151,PRODUCT_64676,图书音像,价格,价格贵,negative,价格贵
TRAIN_20152,PRODUCT_78767,图书音像,推荐,会回购,positive,会回购
TRAIN_20154,PRODUCT_414326,美妆个护,价格,性价比高,positive,性价比高
TRAIN_20161,PRODUCT_61683,电脑/办公,价格,价格贵,negative,价格贵
TRAIN_20163,PRODUCT_92680,图书音像,内容,内容不错,positive,内容不错
TRAIN_20169,PRODUCT_86382,母婴/玩具,耐用,很耐用,positive,很耐用
TRAIN_20171,PRODUCT_416770,电脑/办公,质量,质量好,positive,质量好
TRAIN_20171,PRODUCT_416770,电脑/办公,正品,正品放心,positive,正品放心
TRAIN_20172,PRODUCT_347256,运动户外,正品,正品放心,positive,正品放心
TRAIN_20179,PRODUCT_47994,图书音像,价格,性价比高,positive,性价比高
TRAIN_20190,PRODUCT_44436,图书音像,价格,价格贵,negative,价格贵
TRAIN_20196,PRODUCT_55547,食品/保健,味道,味道不错,positive,味道不错
TRAIN_20199,PRODUCT_25958,图书音像,正品,正品放心,positive,正品放心
TRAIN_20212,PRODUCT_254193,图书音像,质量,质量好,positive,质量好
TRAIN_20221,PRODUCT_320332,图书音像,正品,正品放心,positive,正品放心
TRAIN_20227,PRODUCT_50246,图书音像,价格,性价比高,positive,性价比高
TRAIN_20227,PRODUCT_50246,图书音像,正品,正品放心,positive,正品放心
TRAIN_20240,PRODUCT_1180,图书音像,质量,质量好,positive,质量好
TRAIN_20240,PRODUCT_1180,图书音像,正品,正品放心,positive,正品放心
TRAIN_20244,PRODUCT_430319,母婴/玩具,价格,性价比高,positive,性价比高
TRAIN_20257,PRODUCT_107643,图书音像,正品,疑似假货,negative,疑似假货
TRAIN_20257,PRODUCT_107643,图书音像,推荐,不推荐,negative,不推荐
TRAIN_20271,PRODUCT_428053,美妆个护,价格,性价比高,positive,性价比高
TRAIN_20274,PRODUCT_266055,家具/家装/建材,物流,发货快,positive,发货快
TRAIN_20277,PRODUCT_188812,图书音像,客服,客服差,negative,客服差
TRAIN_20287,PRODUCT_264734,电脑/办公,包装,包装差,negative,包装差
TRAIN_20295,PRODUCT_197259,图书音像,质量,质量好,positive,质量好
TRAIN_20300,PRODUCT_432291,美妆个护,价格,性价比高,positive,性价比高
TRAIN_20302,PRODUCT_298195,图书音像,包装,包装好,positive,包装好
TRAIN_20305,PRODUCT_124947,电脑/办公,价格,性价比高,positive,性价比高
TRAIN_20306,PRODUCT_314607,手机/数码,价格,性价比高,positive,性价比高
TRAIN_20306,PRODUCT_314607,手机/数码,正品,正品放心,positive,正品放心
TRAIN_20310,PRODUCT_166245,家居生活,耐用,容易坏,negative,容易坏
TRAIN_20320,PRODUCT_273155,图书音像,价格,价格贵,negative,价格贵
TRAIN_20322,PRODUCT_41772,图书音像,正品,正品放心,positive,正品放心
TRAIN_20325,PRODUCT_218644,美妆个护,包装,包装差,negative,包装差
TRAIN_20328,PRODUCT_3229,图书音像,质量,质量好,positive,质量好
TRAIN_20328,PRODUCT_3229,图书音像,价格,性价比高,positive,性价比高
TRAIN_20328,PRODUCT_3229,图书音像,推荐,会回购,positive,会回购
TRAIN_20329,PRODUCT_76878,图书音像,质量,质量好,positive,质量好
TRAIN_20336,PRODUCT_92640,图书音像,耐用,容易坏,negative,容易坏
TRAIN_20337,PRODUCT_54561,美妆个护,正品,正品放心,positive,正品放心
TRAIN_20338,PRODUCT_176443,图书音像,质量,质量好,positive,质量好
TRAIN_20338,PRODUCT_176443,图书音像,包装,包装差,negative,包装差
TRAIN_20344,PRODUCT_231748,电脑/办公,物流,发货快,positive,发货快
TRAIN_20351,PRODUCT_182865,电脑/办公,包装,包装好,positive,包装好
TRAIN_20358,PRODUCT_230509,手机/数码,耐用,很耐用,positive,很耐用
TRAIN_20360,PRODUCT_147007,图书音像,包装,包装好,positive,包装好
TRAIN_20362,PRODUCT_374305,图书音像,质量,质量好,positive,质量好
TRAIN_20362,PRODUCT_374305,图书音像,物流,发货快,positive,发货快
TRAIN_20396,PRODUCT_24119,图书音像,正品,正品放心,positive,正品放心
TRAIN_20396,PRODUCT_24119,图书音像,正品,疑似假货,negative,疑似假货
TRAIN_20401,PRODUCT_425885,手机/数码,耐用,容易坏,negative,容易坏
TRAIN_20401,PRODUCT_425885,手机/数码,屏幕,屏幕差,negative,屏幕差
TRAIN_20419,PRODUCT_191470,图书音像,价格,性价比高,positive,性价比高
TRAIN_20423,PRODUCT_138923,图书音像,内容,内容不错,positive,内容不错
TRAIN_20424,PRODUCT_423411,手机/数码,质量,质量好,positive,质量好
TRAIN_20432,PRODUCT_373169,家用电器,耐用,很耐用,positive,很耐用
TRAIN_20435,PRODUCT_170844,图书音像,正品,正品放心,positive,正品放心
TRAIN_20439,PRODUCT_442115,图书音像,物流,发货快,positive,发货快
TRAIN_20440,PRODUCT_217866,图书音像,质量,质量好,positive,质量好
TRAIN_20446,PRODUCT_141617,图书音像,价格,性价比高,positive,性价比高
TRAIN_20447,PRODUCT_524002,图书音像,质量,质量好,positive,质量好
TRAIN_20447,PRODUCT_524002,图书音像,正品,正品放心,positive,正品放心
TRAIN_20456,PRODUCT_497829,美妆个护,外观,外观一般,negative,外观一般
TRAIN_20456,PRODUCT_497829,美妆个护,耐用,容易坏,negative,容易坏
TRAIN_20463,PRODUCT_159973,图书音像,正品,正品放心,positive,正品放心
TRAIN_20475,PRODUCT_269251,图书音像,内容,内容不错,positive,内容不错
TRAIN_20484,PRODUCT_172625,手机/数码,正品,正品放心,positive,正品放心
TRAIN_20484,PRODUCT_172625,手机/数码,推荐,会回购,positive,会回购
TRAIN_20486,PRODUCT_471179,图书音像,物流,发货快,positive,发货快
TRAIN_20490,PRODUCT_347433,家居生活,正品,正品放心,positive,正品放心
TRAIN_20493,PRODUCT_327102,图书音像,推荐,不推荐,negative,不推荐
TRAIN_20496,PRODUCT_285460,图书音像,推荐,不推荐,negative,不推荐
TRAIN_20501,PRODUCT_104866,图书音像,推荐,会回购,positive,会回购
TRAIN_20502,PRODUCT_506514,电脑/办公,屏幕,屏幕差,negative,屏幕差
TRAIN_20503,PRODUCT_258161,图书音像,正品,疑似假货,negative,疑似假货
TRAIN_20504,PRODUCT_269572,图书音像,内容,内容不错,positive,内容不错
TRAIN_20505,PRODUCT_396203,手机/数码,质量,质量好,positive,质量好
TRAIN_20513,PRODUCT_117578,图书音像,推荐,会回购,positive,会回购
TRAIN_20517,PRODUCT_358899,图书音像,正品,正品放心,positive,正品放心
TRAIN_20520,PRODUCT_35503,图书音像,推荐,不推荐,negative,不推荐
TRAIN_20524,PRODUCT_407428,电脑/办公,价格,性价比高,positive,性价比高
TRAIN_20526,PRODUCT_439418,家居生活,正品,正品放心,positive,正品放心
TRAIN_20532,PRODUCT_437903,图书音像,质量,质量好,positive,质量好
TRAIN_20532,PRODUCT_437903,图书音像,物流,发货快,positive,发货快
TRAIN_20538,PRODUCT_432302,美妆个护,价格,性价比高,positive,性价比高
TRAIN_20538,PRODUCT_432302,美妆个护,耐用,很耐用,positive,很耐用
TRAIN_20546,PRODUCT_417133,图书音像,包装,包装好,positive,包装好
TRAIN_20556,PRODUCT_236497,图书音像,包装,包装差,negative,包装差
TRAIN_20558,PRODUCT_62341,图书音像,内容,内容不错,positive,内容不错
TRAIN_20559,PRODUCT_106444,图书音像,正品,正品放心,positive,正品放心
TRAIN_20563,PRODUCT_176060,家用电器,质量,质量好,positive,质量好
TRAIN_20574,PRODUCT_45175,电脑/办公,质量,质量好,positive,质量好
TRAIN_20580,PRODUCT_450364,家居生活,耐用,很耐用,positive,很耐用
TRAIN_20582,PRODUCT_353712,图书音像,价格,性价比高,positive,性价比高
TRAIN_20591,PRODUCT_95083,图书音像,质量,质量好,positive,质量好
TRAIN_20591,PRODUCT_95083,图书音像,正品,正品放心,positive,正品放心
TRAIN_20599,PRODUCT_376563,图书音像,质量,质量好,positive,质量好
TRAIN_20601,PRODUCT_335762,电脑/办公,质量,质量好,positive,质量好
TRAIN_20601,PRODUCT_335762,电脑/办公,正品,正品放心,positive,正品放心
TRAIN_20602,PRODUCT_335278,图书音像,内容,内容不错,positive,内容不错
TRAIN_20603,PRODUCT_325977,图书音像,价格,性价比高,positive,性价比高
TRAIN_20608,PRODUCT_240387,图书音像,包装,包装差,negative,包装差
TRAIN_20610,PRODUCT_302385,图书音像,质量,质量好,positive,质量好
TRAIN_20611,PRODUCT_475111,家用电器,质量,质量差,negative,质量差
TRAIN_20619,PRODUCT_34181,图书音像,内容,内容不错,positive,内容不错
TRAIN_20623,PRODUCT_246812,图书音像,正品,正品放心,positive,正品放心
TRAIN_20632,PRODUCT_73796,食品/保健,包装,包装好,positive,包装好
TRAIN_20639,PRODUCT_239955,图书音像,质量,质量好,positive,质量好
TRAIN_20639,PRODUCT_239955,图书音像,价格,价格贵,negative,价格贵
TRAIN_20640,PRODUCT_497243,钟表/首饰/眼镜/礼品,正品,正品放心,positive,正品放心
TRAIN_20641,PRODUCT_141962,食品/保健,味道,味道不错,positive,味道不错
TRAIN_20642,PRODUCT_524409,手机/数码,质量,质量好,positive,质量好
TRAIN_20646,PRODUCT_314011,家居生活,耐用,很耐用,positive,很耐用
TRAIN_20652,PRODUCT_452941,图书音像,包装,包装好,positive,包装好
TRAIN_20665,PRODUCT_183827,图书音像,正品,正品放心,positive,正品放心
TRAIN_20672,PRODUCT_183216,图书音像,物流,发货快,positive,发货快
TRAIN_20672,PRODUCT_183216,图书音像,正品,正品放心,positive,正品放心
TRAIN_20677,PRODUCT_341531,图书音像,价格,价格贵,negative,价格贵
TRAIN_20678,PRODUCT_128640,手机/数码,质量,质量差,negative,质量差
TRAIN_20684,PRODUCT_62341,图书音像,正品,正品放心,positive,正品放心
TRAIN_20686,PRODUCT_515361,手机/数码,质量,质量好,positive,质量好
TRAIN_20693,PRODUCT_70032,图书音像,质量,质量好,positive,质量好
TRAIN_20693,PRODUCT_70032,图书音像,物流,发货快,positive,发货快
TRAIN_20694,PRODUCT_230844,图书音像,质量,质量好,positive,质量好
TRAIN_20694,PRODUCT_230844,图书音像,外观,外观好看,positive,外观好看
TRAIN_20694,PRODUCT_230844,图书音像,内容,内容不错,positive,内容不错
TRAIN_20696,PRODUCT_174608,手机/数码,价格,性价比高,positive,性价比高
TRAIN_20701,PRODUCT_333334,图书音像,质量,质量好,positive,质量好
TRAIN_20704,PRODUCT_215931,图书音像,质量,质量好,positive,质量好
TRAIN_20712,PRODUCT_175328,图书音像,价格,性价比高,positive,性价比高
TRAIN_20720,PRODUCT_522241,图书音像,价格,性价比高,positive,性价比高
TRAIN_20721,PRODUCT_337975,图书音像,正品,正品放心,positive,正品放心
TRAIN_20742,PRODUCT_228423,图书音像,物流,发货快,positive,发货快
TRAIN_20743,PRODUCT_189494,图书音像,价格,性价比高,positive,性价比高
TRAIN_20743,PRODUCT_189494,图书音像,推荐,会回购,positive,会回购
TRAIN_20752,PRODUCT_101147,鞋类箱包,价格,性价比高,positive,性价比高
TRAIN_20753,PRODUCT_298479,图书音像,价格,性价比高,positive,性价比高
TRAIN_20755,PRODUCT_162567,家具/家装/建材,价格,性价比高,positive,性价比高
TRAIN_20762,PRODUCT_205398,图书音像,正品,正品放心,positive,正品放心
TRAIN_20764,PRODUCT_325135,电脑/办公,价格,性价比高,positive,性价比高
TRAIN_20767,PRODUCT_244733,美妆个护,正品,正品放心,positive,正品放心
TRAIN_20768,PRODUCT_61725,图书音像,质量,质量好,positive,质量好
TRAIN_20769,PRODUCT_161020,图书音像,质量,质量好,positive,质量好
TRAIN_20774,PRODUCT_249223,图书音像,正品,疑似假货,negative,疑似假货
TRAIN_20777,PRODUCT_296390,手机/数码,质量,质量差,negative,质量差
TRAIN_20779,PRODUCT_267067,电脑/办公,价格,性价比高,positive,性价比高
TRAIN_20782,PRODUCT_156270,电脑/办公,物流,物流慢,negative,物流慢
TRAIN_20785,PRODUCT_500758,图书音像,内容,内容不错,positive,内容不错
TRAIN_20790,PRODUCT_395767,钟表/首饰/眼镜/礼品,包装,包装好,positive,包装好
TRAIN_20794,PRODUCT_110559,电脑/办公,包装,包装好,positive,包装好
TRAIN_20800,PRODUCT_524914,图书音像,质量,质量好,positive,质量好
TRAIN_20800,PRODUCT_524914,图书音像,正品,正品放心,positive,正品放心
TRAIN_20809,PRODUCT_18136,图书音像,正品,正品放心,positive,正品放心
TRAIN_20811,PRODUCT_482245,食品/保健,正品,正品放心,positive,正品放心
TRAIN_20818,PRODUCT_461554,图书音像,价格,性价比高,positive,性价比高
TRAIN_20843,PRODUCT_314429,图书音像,内容,内容不错,positive,内容不错
TRAIN_20844,PRODUCT_258829,图书音像,价格,性价比高,positive,性价比高
TRAIN_20850,PRODUCT_25419,手机/数码,正品,正品放心,positive,正品放心
TRAIN_20858,PRODUCT_399938,图书音像,正品,疑似假货,negative,疑似假货
TRAIN_20866,PRODUCT_193130,图书音像,内容,内容一般,negative,内容一般
TRAIN_20867,PRODUCT_204060,图书音像,质量,质量好,positive,质量好
TRAIN_20882,PRODUCT_40100,图书音像,包装,包装好,positive,包装好
TRAIN_20898,PRODUCT_230480,图书音像,内容,内容不错,positive,内容不错
TRAIN_20905,PRODUCT_56075,鞋类箱包,价格,性价比高,positive,性价比高
TRAIN_20921,PRODUCT_244552,手机/数码,耐用,容易坏,negative,容易坏
TRAIN_20924,PRODUCT_84610,美妆个护,味道,味道不错,positive,味道不错
TRAIN_20927,PRODUCT_271046,美妆个护,正品,正品放心,positive,正品放心
TRAIN_20936,PRODUCT_307868,美妆个护,正品,正品放心,positive,正品放心
TRAIN_20938,PRODUCT_225095,图书音像,正品,正品放心,positive,正品放心
TRAIN_20949,PRODUCT_403684,图书音像,价格,性价比高,positive,性价比高
TRAIN_20950,PRODUCT_347642,图书音像,推荐,会回购,positive,会回购
TRAIN_20959,PRODUCT_185266,图书音像,正品,正品放心,positive,正品放心
TRAIN_20960,PRODUCT_244928,图书音像,内容,内容不错,positive,内容不错
TRAIN_20964,PRODUCT_333525,图书音像,质量,质量好,positive,质量好
TRAIN_20964,PRODUCT_333525,图书音像,正品,正品放心,positive,正品放心
TRAIN_20966,PRODUCT_432378,图书音像,正品,正品放心,positive,正品放心
TRAIN_20970,PRODUCT_37726,母婴/玩具,正品,正品放心,positive,正品放心
TRAIN_20972,PRODUCT_508596,图书音像,价格,价格贵,negative,价格贵
TRAIN_20980,PRODUCT_287072,图书音像,内容,内容不错,positive,内容不错
TRAIN_20981,PRODUCT_217866,图书音像,推荐,不推荐,negative,不推荐
TRAIN_20986,PRODUCT_512525,家用电器,物流,发货快,positive,发货快
TRAIN_20987,PRODUCT_405305,图书音像,推荐,不推荐,negative,不推荐
TRAIN_20993,PRODUCT_399267,图书音像,价格,性价比高,positive,性价比高
TRAIN_21003,PRODUCT_176254,图书音像,内容,内容一般,negative,内容一般
TRAIN_21009,PRODUCT_395397,手机/数码,价格,性价比高,positive,性价比高
TRAIN_21017,PRODUCT_217488,图书音像,内容,内容不错,positive,内容不错
TRAIN_21018,PRODUCT_107070,图书音像,正品,正品放心,positive,正品放心
TRAIN_21028,PRODUCT_332721,图书音像,包装,包装好,positive,包装好
TRAIN_21032,PRODUCT_142143,图书音像,质量,质量好,positive,质量好
TRAIN_21046,PRODUCT_499269,美妆个护,正品,正品放心,positive,正品放心
TRAIN_21046,PRODUCT_499269,美妆个护,推荐,会回购,positive,会回购
TRAIN_21046,PRODUCT_499269,美妆个护,味道,味道不错,positive,味道不错
TRAIN_21049,PRODUCT_286965,图书音像,物流,发货快,positive,发货快
TRAIN_21050,PRODUCT_295622,图书音像,正品,疑似假货,negative,疑似假货
TRAIN_21053,PRODUCT_268032,家用电器,耐用,容易坏,negative,容易坏
TRAIN_21062,PRODUCT_299643,图书音像,价格,性价比高,positive,性价比高
TRAIN_21063,PRODUCT_83778,手机/数码,价格,价格贵,negative,价格贵
TRAIN_21073,PRODUCT_151052,图书音像,正品,正品放心,positive,正品放心
TRAIN_21073,PRODUCT_151052,图书音像,推荐,会回购,positive,会回购
TRAIN_21074,PRODUCT_189601,电脑/办公,质量,质量好,positive,质量好
TRAIN_21082,PRODUCT_509551,家用电器,价格,性价比高,positive,性价比高
TRAIN_21085,PRODUCT_404307,手机/数码,正品,正品放心,positive,正品放心
TRAIN_21099,PRODUCT_256748,图书音像,价格,性价比高,positive,性价比高
TRAIN_21099,PRODUCT_256748,图书音像,价格,价格贵,negative,价格贵
TRAIN_21104,PRODUCT_36761,美妆个护,味道,味道不错,positive,味道不错
TRAIN_21112,PRODUCT_291767,图书音像,质量,质量好,positive,质量好
TRAIN_21114,PRODUCT_138107,电脑/办公,正品,正品放心,positive,正品放心
TRAIN_21120,PRODUCT_118983,图书音像,质量,质量好,positive,质量好
TRAIN_21123,PRODUCT_34068,其他,包装,包装好,positive,包装好
TRAIN_21124,PRODUCT_119997,图书音像,质量,质量好,positive,质量好
TRAIN_21124,PRODUCT_119997,图书音像,正品,正品放心,positive,正品放心
TRAIN_21129,PRODUCT_274183,图书音像,正品,正品放心,positive,正品放心
TRAIN_21133,PRODUCT_313896,图书音像,正品,正品放心,positive,正品放心
TRAIN_21144,PRODUCT_341259,家居生活,质量,质量好,positive,质量好
TRAIN_21144,PRODUCT_341259,家居生活,价格,性价比高,positive,性价比高
TRAIN_21160,PRODUCT_165921,图书音像,包装,包装差,negative,包装差
TRAIN_21178,PRODUCT_300921,电脑/办公,物流,发货快,positive,发货快
TRAIN_21194,PRODUCT_429378,图书音像,质量,质量好,positive,质量好
TRAIN_21194,PRODUCT_429378,图书音像,价格,性价比高,positive,性价比高
TRAIN_21205,PRODUCT_80151,图书音像,价格,价格贵,negative,价格贵
TRAIN_21209,PRODUCT_442042,图书音像,正品,正品放心,positive,正品放心
TRAIN_21211,PRODUCT_266774,图书音像,包装,包装差,negative,包装差
TRAIN_21214,PRODUCT_77743,图书音像,物流,发货快,positive,发货快
TRAIN_21214,PRODUCT_77743,图书音像,包装,包装好,positive,包装好
TRAIN_21221,PRODUCT_312254,图书音像,质量,质量好,positive,质量好
TRAIN_21225,PRODUCT_85079,图书音像,内容,内容不错,positive,内容不错
TRAIN_21228,PRODUCT_200192,美妆个护,味道,味道不错,positive,味道不错
TRAIN_21232,PRODUCT_468663,图书音像,质量,质量好,positive,质量好
TRAIN_21233,PRODUCT_492637,图书音像,内容,内容一般,negative,内容一般
TRAIN_21238,PRODUCT_87216,手机/数码,正品,疑似假货,negative,疑似假货
TRAIN_21248,PRODUCT_307529,鞋类箱包,质量,质量好,positive,质量好
TRAIN_21259,PRODUCT_43271,家居生活,价格,价格贵,negative,价格贵
TRAIN_21265,PRODUCT_509363,图书音像,价格,性价比高,positive,性价比高
TRAIN_21267,PRODUCT_93,手机/数码,屏幕,屏幕清晰,positive,屏幕清晰
TRAIN_21276,PRODUCT_113469,图书音像,包装,包装好,positive,包装好
TRAIN_21277,PRODUCT_67107,图书音像,质量,质量好,positive,质量好
TRAIN_21278,PRODUCT_459791,图书音像,质量,质量好,positive,质量好
TRAIN_21278,PRODUCT_459791,图书音像,正品,正品放心,positive,正品放心
TRAIN_21279,PRODUCT_342439,图书音像,质量,质量好,positive,质量好
TRAIN_21297,PRODUCT_405112,图书音像,正品,正品放心,positive,正品放心
TRAIN_21302,PRODUCT_142870,图书音像,正品,正品放心,positive,正品放心
TRAIN_21303,PRODUCT_37186,图书音像,正品,正品放心,positive,正品放心
TRAIN_21319,PRODUCT_439985,图书音像,内容,内容不错,positive,内容不错
TRAIN_21323,PRODUCT_501432,图书音像,质量,质量差,negative,质量差
TRAIN_21324,PRODUCT_335278,图书音像,质量,质量好,positive,质量好
TRAIN_21326,PRODUCT_78943,图书音像,价格,价格贵,negative,价格贵
TRAIN_21326,PRODUCT_78943,图书音像,内容,内容不错,positive,内容不错
TRAIN_21334,PRODUCT_522712,图书音像,内容,内容不错,positive,内容不错
TRAIN_21338,PRODUCT_191478,电脑/办公,质量,质量好,positive,质量好
TRAIN_21349,PRODUCT_424290,图书音像,质量,质量好,positive,质量好
TRAIN_21349,PRODUCT_424290,图书音像,正品,正品放心,positive,正品放心
TRAIN_21351,PRODUCT_99602,电脑/办公,价格,价格贵,negative,价格贵
TRAIN_21353,PRODUCT_435284,图书音像,价格,性价比高,positive,性价比高
TRAIN_21356,PRODUCT_119884,美妆个护,味道,味道不错,positive,味道不错
TRAIN_21360,PRODUCT_296717,图书音像,质量,质量差,negative,质量差
TRAIN_21364,PRODUCT_511729,手机/数码,正品,正品放心,positive,正品放心
TRAIN_21366,PRODUCT_440984,电脑/办公,正品,正品放心,positive,正品放心
TRAIN_21369,PRODUCT_10650,手机/数码,质量,质量好,positive,质量好
TRAIN_21393,PRODUCT_80131,图书音像,正品,正品放心,positive,正品放心
TRAIN_21400,PRODUCT_172655,家用电器,物流,发货快,positive,发货快
TRAIN_21405,PRODUCT_36470,图书音像,物流,发货快,positive,发货快
TRAIN_21406,PRODUCT_183052,图书音像,价格,性价比高,positive,性价比高
TRAIN_21408,PRODUCT_218644,美妆个护,正品,正品放心,positive,正品放心
TRAIN_21413,PRODUCT_248063,图书音像,质量,质量好,positive,质量好
TRAIN_21417,PRODUCT_25958,图书音像,正品,正品放心,positive,正品放心
TRAIN_21419,PRODUCT_432835,家用电器,价格,性价比高,positive,性价比高
TRAIN_21446,PRODUCT_204547,手机/数码,价格,性价比高,positive,性价比高
TRAIN_21449,PRODUCT_178421,家具/家装/建材,质量,质量好,positive,质量好
TRAIN_21449,PRODUCT_178421,家具/家装/建材,价格,性价比高,positive,性价比高
TRAIN_21449,PRODUCT_178421,家具/家装/建材,耐用,很耐用,positive,很耐用
TRAIN_21452,PRODUCT_462347,其他,价格,性价比高,positive,性价比高
TRAIN_21455,PRODUCT_440800,家居生活,价格,性价比高,positive,性价比高
TRAIN_21458,PRODUCT_471395,图书音像,质量,质量好,positive,质量好
TRAIN_21458,PRODUCT_471395,图书音像,推荐,会回购,positive,会回购
TRAIN_21460,PRODUCT_11094,图书音像,正品,正品放心,positive,正品放心
TRAIN_21466,PRODUCT_460392,图书音像,价格,价格贵,negative,价格贵
TRAIN_21480,PRODUCT_51355,手机/数码,耐用,容易坏,negative,容易坏
TRAIN_21482,PRODUCT_329003,图书音像,包装,包装好,positive,包装好
TRAIN_21489,PRODUCT_183160,图书音像,推荐,会回购,positive,会回购
TRAIN_21518,PRODUCT_330442,图书音像,内容,内容一般,negative,内容一般
TRAIN_21535,PRODUCT_486572,美妆个护,价格,价格贵,negative,价格贵
TRAIN_21574,PRODUCT_153335,图书音像,质量,质量好,positive,质量好
TRAIN_21586,PRODUCT_525514,图书音像,正品,正品放心,positive,正品放心
TRAIN_21589,PRODUCT_376711,图书音像,正品,正品放心,positive,正品放心
TRAIN_21589,PRODUCT_376711,图书音像,正品,疑似假货,negative,疑似假货
TRAIN_21591,PRODUCT_342340,图书音像,质量,质量好,positive,质量好
TRAIN_21594,PRODUCT_177456,图书音像,正品,正品放心,positive,正品放心
TRAIN_21596,PRODUCT_499236,图书音像,内容,内容不错,positive,内容不错
TRAIN_21616,PRODUCT_325909,图书音像,推荐,会回购,positive,会回购
TRAIN_21618,PRODUCT_130129,美妆个护,味道,味道不错,positive,味道不错
TRAIN_21620,PRODUCT_507710,鞋类箱包,尺码,尺码合适,positive,尺码合适
TRAIN_21627,PRODUCT_102492,电脑/办公,质量,质量好,positive,质量好
TRAIN_21630,PRODUCT_404490,美妆个护,质量,质量差,negative,质量差
TRAIN_21631,PRODUCT_457386,美妆个护,外观,外观好看,positive,外观好看
TRAIN_21635,PRODUCT_478683,手机/数码,物流,发货快,positive,发货快
TRAIN_21637,PRODUCT_415692,图书音像,物流,发货快,positive,发货快
TRAIN_21640,PRODUCT_50246,图书音像,价格,性价比高,positive,性价比高
TRAIN_21646,PRODUCT_306672,钟表/首饰/眼镜/礼品,外观,外观好看,positive,外观好看
TRAIN_21652,PRODUCT_186757,图书音像,内容,内容不错,positive,内容不错
TRAIN_21653,PRODUCT_368900,图书音像,质量,质量好,positive,质量好
TRAIN_21654,PRODUCT_119048,图书音像,耐用,容易坏,negative,容易坏
TRAIN_21655,PRODUCT_12917,美妆个护,味道,味道不错,positive,味道不错
TRAIN_21658,PRODUCT_271376,其他,正品,正品放心,positive,正品放心
TRAIN_21663,PRODUCT_434577,食品/保健,味道,味道不错,positive,味道不错
TRAIN_21668,PRODUCT_369341,图书音像,正品,正品放心,positive,正品放心
TRAIN_21669,PRODUCT_246072,图书音像,正品,正品放心,positive,正品放心
TRAIN_21674,PRODUCT_476075,图书音像,物流,发货快,positive,发货快
TRAIN_21675,PRODUCT_429708,图书音像,物流,发货快,positive,发货快
TRAIN_21675,PRODUCT_429708,图书音像,内容,内容不错,positive,内容不错
TRAIN_21679,PRODUCT_159999,图书音像,正品,正品放心,positive,正品放心
TRAIN_21682,PRODUCT_407428,电脑/办公,正品,正品放心,positive,正品放心
TRAIN_21704,PRODUCT_319190,图书音像,价格,性价比高,positive,性价比高
TRAIN_21709,PRODUCT_448718,电脑/办公,价格,性价比高,positive,性价比高
TRAIN_21714,PRODUCT_106816,电脑/办公,质量,质量差,negative,质量差
TRAIN_21718,PRODUCT_406425,图书音像,耐用,很耐用,positive,很耐用
TRAIN_21720,PRODUCT_178539,图书音像,质量,质量好,positive,质量好
TRAIN_21720,PRODUCT_178539,图书音像,正品,正品放心,positive,正品放心
TRAIN_21721,PRODUCT_11777,图书音像,质量,质量好,positive,质量好
TRAIN_21736,PRODUCT_191245,图书音像,包装,包装好,positive,包装好
TRAIN_21736,PRODUCT_191245,图书音像,价格,性价比高,positive,性价比高
TRAIN_21746,PRODUCT_136592,图书音像,正品,疑似假货,negative,疑似假货
TRAIN_21746,PRODUCT_136592,图书音像,内容,内容不错,positive,内容不错
TRAIN_21748,PRODUCT_143380,家用电器,物流,发货快,positive,发货快
TRAIN_21756,PRODUCT_516856,图书音像,质量,质量差,negative,质量差
TRAIN_21760,PRODUCT_89595,图书音像,内容,内容不错,positive,内容不错
TRAIN_21761,PRODUCT_276223,图书音像,推荐,会回购,positive,会回购
TRAIN_21763,PRODUCT_417519,图书音像,内容,内容不错,positive,内容不错
TRAIN_21765,PRODUCT_212993,图书音像,质量,质量差,negative,质量差
TRAIN_21766,PRODUCT_114636,电脑/办公,耐用,很耐用,positive,很耐用
TRAIN_21768,PRODUCT_185008,手机/数码,价格,性价比高,positive,性价比高
TRAIN_21774,PRODUCT_518371,美妆个护,味道,味道不错,positive,味道不错
TRAIN_21777,PRODUCT_73979,家居生活,耐用,很耐用,positive,很耐用
TRAIN_21780,PRODUCT_259491,母婴/玩具,质量,质量好,positive,质量好
TRAIN_21784,PRODUCT_436117,美妆个护,味道,味道不错,positive,味道不错
TRAIN_21790,PRODUCT_297086,图书音像,质量,质量差,negative,质量差
TRAIN_21795,PRODUCT_112731,图书音像,包装,包装好,positive,包装好
TRAIN_21795,PRODUCT_112731,图书音像,价格,性价比高,positive,性价比高
TRAIN_21798,PRODUCT_35248,母婴/玩具,正品,正品放心,positive,正品放心
TRAIN_21806,PRODUCT_200419,图书音像,质量,质量好,positive,质量好
TRAIN_21806,PRODUCT_200419,图书音像,正品,正品放心,positive,正品放心
TRAIN_21808,PRODUCT_249530,图书音像,内容,内容不错,positive,内容不错
TRAIN_21814,PRODUCT_521214,手机/数码,耐用,容易坏,negative,容易坏
TRAIN_21818,PRODUCT_297327,手机/数码,正品,正品放心,positive,正品放心
TRAIN_21819,PRODUCT_4596,图书音像,正品,正品放心,positive,正品放心
TRAIN_21825,PRODUCT_237864,图书音像,价格,性价比高,positive,性价比高
TRAIN_21826,PRODUCT_38182,家具/家装/建材,耐用,容易坏,negative,容易坏
TRAIN_21836,PRODUCT_186280,图书音像,质量,质量好,positive,质量好
TRAIN_21859,PRODUCT_342694,家用电器,耐用,容易坏,negative,容易坏
TRAIN_21861,PRODUCT_326177,手机/数码,正品,正品放心,positive,正品放心
TRAIN_21869,PRODUCT_178168,图书音像,内容,内容不错,positive,内容不错
TRAIN_21880,PRODUCT_108863,图书音像,推荐,不推荐,negative,不推荐
TRAIN_21880,PRODUCT_108863,图书音像,内容,内容一般,negative,内容一般
TRAIN_21884,PRODUCT_292484,图书音像,质量,质量好,positive,质量好
TRAIN_21885,PRODUCT_138776,图书音像,推荐,不推荐,negative,不推荐
TRAIN_21889,PRODUCT_399532,美妆个护,味道,味道不错,positive,味道不错
TRAIN_21891,PRODUCT_444135,图书音像,质量,质量好,positive,质量好
TRAIN_21893,PRODUCT_428844,图书音像,价格,性价比高,positive,性价比高
TRAIN_21895,PRODUCT_421664,图书音像,物流,发货快,positive,发货快
TRAIN_21907,PRODUCT_348246,图书音像,正品,正品放心,positive,正品放心
TRAIN_21907,PRODUCT_348246,图书音像,推荐,会回购,positive,会回购
TRAIN_21956,PRODUCT_439521,电脑/办公,耐用,容易坏,negative,容易坏
TRAIN_21957,PRODUCT_14898,图书音像,包装,包装差,negative,包装差
TRAIN_21969,PRODUCT_224610,图书音像,推荐,会回购,positive,会回购
TRAIN_21970,PRODUCT_466512,图书音像,质量,质量差,negative,质量差
TRAIN_21970,PRODUCT_466512,图书音像,正品,疑似假货,negative,疑似假货
TRAIN_21977,PRODUCT_91414,母婴/玩具,外观,外观好看,positive,外观好看
TRAIN_21983,PRODUCT_474678,图书音像,质量,质量好,positive,质量好
TRAIN_21984,PRODUCT_479852,图书音像,物流,发货快,positive,发货快
TRAIN_21984,PRODUCT_479852,图书音像,客服,客服好,positive,客服好
TRAIN_21997,PRODUCT_471334,手机/数码,质量,质量好,positive,质量好
TRAIN_22002,PRODUCT_354311,图书音像,推荐,会回购,positive,会回购
TRAIN_22009,PRODUCT_186737,图书音像,质量,质量好,positive,质量好
TRAIN_22016,PRODUCT_235229,图书音像,内容,内容一般,negative,内容一般
TRAIN_22019,PRODUCT_523385,图书音像,正品,正品放心,positive,正品放心
TRAIN_22022,PRODUCT_504040,美妆个护,价格,性价比高,positive,性价比高
TRAIN_22022,PRODUCT_504040,美妆个护,正品,正品放心,positive,正品放心
TRAIN_22023,PRODUCT_470603,电脑/办公,正品,疑似假货,negative,疑似假货
TRAIN_22029,PRODUCT_466204,图书音像,价格,性价比高,positive,性价比高
TRAIN_22030,PRODUCT_455788,美妆个护,包装,包装好,positive,包装好
TRAIN_22036,PRODUCT_178384,家用电器,质量,质量好,positive,质量好
TRAIN_22037,PRODUCT_363485,手机/数码,正品,正品放心,positive,正品放心
TRAIN_22039,PRODUCT_341915,电脑/办公,质量,质量差,negative,质量差
TRAIN_22041,PRODUCT_20684,电脑/办公,耐用,容易坏,negative,容易坏
TRAIN_22043,PRODUCT_143548,图书音像,质量,质量好,positive,质量好
TRAIN_22045,PRODUCT_372761,电脑/办公,质量,质量差,negative,质量差
TRAIN_22045,PRODUCT_372761,电脑/办公,正品,正品放心,positive,正品放心
TRAIN_22054,PRODUCT_215447,图书音像,质量,质量好,positive,质量好
TRAIN_22068,PRODUCT_434721,图书音像,内容,内容不错,positive,内容不错
TRAIN_22070,PRODUCT_190506,母婴/玩具,正品,正品放心,positive,正品放心
TRAIN_22071,PRODUCT_366455,电脑/办公,包装,包装好,positive,包装好
TRAIN_22071,PRODUCT_366455,电脑/办公,正品,正品放心,positive,正品放心
TRAIN_22073,PRODUCT_98403,手机/数码,正品,正品放心,positive,正品放心
TRAIN_22074,PRODUCT_399623,美妆个护,正品,疑似假货,negative,疑似假货
TRAIN_22091,PRODUCT_96112,电脑/办公,质量,质量好,positive,质量好
TRAIN_22091,PRODUCT_96112,电脑/办公,价格,性价比高,positive,性价比高
TRAIN_22092,PRODUCT_500849,运动户外,质量,质量好,positive,质量好
TRAIN_22101,PRODUCT_185661,电脑/办公,推荐,会回购,positive,会回购
TRAIN_22105,PRODUCT_233258,鞋类箱包,正品,疑似假货,negative,疑似假货
TRAIN_22105,PRODUCT_233258,鞋类箱包,外观,外观一般,negative,外观一般
TRAIN_22108,PRODUCT_159236,美妆个护,味道,味道不错,positive,味道不错
TRAIN_22113,PRODUCT_324092,图书音像,内容,内容不错,positive,内容不错
TRAIN_22114,PRODUCT_453381,电脑/办公,质量,质量好,positive,质量好
TRAIN_22117,PRODUCT_475349,图书音像,物流,发货快,positive,发货快
TRAIN_22126,PRODUCT_38460,图书音像,物流,发货快,positive,发货快
TRAIN_22128,PRODUCT_325209,电脑/办公,价格,性价比高,positive,性价比高
TRAIN_22137,PRODUCT_209933,电脑/办公,物流,发货快,positive,发货快
TRAIN_22148,PRODUCT_208065,图书音像,质量,质量好,positive,质量好
TRAIN_22175,PRODUCT_433680,图书音像,质量,质量好,positive,质量好
TRAIN_22188,PRODUCT_218822,图书音像,质量,质量好,positive,质量好
TRAIN_22188,PRODUCT_218822,图书音像,正品,正品放心,positive,正品放心
TRAIN_22204,PRODUCT_308372,家具/家装/建材,质量,质量好,positive,质量好
TRAIN_22210,PRODUCT_42332,图书音像,推荐,会回购,positive,会回购
TRAIN_22212,PRODUCT_54263,食品/保健,味道,味道不错,positive,味道不错
TRAIN_22216,PRODUCT_197040,图书音像,正品,正品放心,positive,正品放心
TRAIN_22217,PRODUCT_281168,图书音像,质量,质量好,positive,质量好
TRAIN_22229,PRODUCT_446455,电脑/办公,包装,包装好,positive,包装好
TRAIN_22232,PRODUCT_294699,美妆个护,推荐,会回购,positive,会回购
TRAIN_22233,PRODUCT_272559,图书音像,正品,正品放心,positive,正品放心
TRAIN_22234,PRODUCT_399324,手机/数码,耐用,容易坏,negative,容易坏
TRAIN_22235,PRODUCT_346859,图书音像,质量,质量好,positive,质量好
TRAIN_22236,PRODUCT_44384,图书音像,正品,正品放心,positive,正品放心
TRAIN_22243,PRODUCT_39863,图书音像,正品,正品放心,positive,正品放心
TRAIN_22257,PRODUCT_34841,电脑/办公,价格,性价比高,positive,性价比高
TRAIN_22262,PRODUCT_158460,图书音像,价格,性价比高,positive,性价比高
TRAIN_22262,PRODUCT_158460,图书音像,正品,正品放心,positive,正品放心
TRAIN_22264,PRODUCT_464011,图书音像,价格,价格贵,negative,价格贵
TRAIN_22265,PRODUCT_336393,图书音像,质量,质量好,positive,质量好
TRAIN_22271,PRODUCT_131116,图书音像,价格,性价比高,positive,性价比高
TRAIN_22274,PRODUCT_313026,图书音像,内容,内容不错,positive,内容不错
TRAIN_22277,PRODUCT_254041,图书音像,质量,质量好,positive,质量好
TRAIN_22279,PRODUCT_417229,图书音像,推荐,会回购,positive,会回购
TRAIN_22281,PRODUCT_177298,图书音像,正品,正品放心,positive,正品放心
TRAIN_22289,PRODUCT_143239,手机/数码,推荐,会回购,positive,会回购
TRAIN_22290,PRODUCT_365400,图书音像,质量,质量好,positive,质量好
TRAIN_22296,PRODUCT_202106,运动户外,耐用,很耐用,positive,很耐用
TRAIN_22301,PRODUCT_400042,图书音像,推荐,会回购,positive,会回购
TRAIN_22304,PRODUCT_403808,图书音像,物流,发货快,positive,发货快
TRAIN_22311,PRODUCT_123290,图书音像,质量,质量差,negative,质量差
TRAIN_22312,PRODUCT_41583,图书音像,包装,包装好,positive,包装好
TRAIN_22312,PRODUCT_41583,图书音像,内容,内容不错,positive,内容不错
TRAIN_22316,PRODUCT_506510,钟表/首饰/眼镜/礼品,质量,质量差,negative,质量差
TRAIN_22320,PRODUCT_55936,运动户外,质量,质量好,positive,质量好
TRAIN_22321,PRODUCT_43896,家居生活,耐用,很耐用,positive,很耐用
TRAIN_22327,PRODUCT_465975,图书音像,价格,性价比高,positive,性价比高
TRAIN_22330,PRODUCT_493095,手机/数码,质量,质量差,negative,质量差
TRAIN_22338,PRODUCT_457271,钟表/首饰/眼镜/礼品,物流,发货快,positive,发货快
TRAIN_22347,PRODUCT_406310,钟表/首饰/眼镜/礼品,价格,性价比高,positive,性价比高
TRAIN_22353,PRODUCT_318054,图书音像,推荐,会回购,positive,会回购
TRAIN_22358,PRODUCT_140688,图书音像,价格,价格贵,negative,价格贵
TRAIN_22360,PRODUCT_248014,图书音像,质量,质量好,positive,质量好
TRAIN_22361,PRODUCT_24912,图书音像,内容,内容一般,negative,内容一般
TRAIN_22363,PRODUCT_464991,图书音像,正品,疑似假货,negative,疑似假货
TRAIN_22366,PRODUCT_456911,图书音像,外观,外观一般,negative,外观一般
TRAIN_22368,PRODUCT_127464,图书音像,推荐,会回购,positive,会回购
TRAIN_22369,PRODUCT_89920,图书音像,推荐,不推荐,negative,不推荐
TRAIN_22371,PRODUCT_511830,图书音像,质量,质量好,positive,质量好
TRAIN_22371,PRODUCT_511830,图书音像,正品,正品放心,positive,正品放心
TRAIN_22372,PRODUCT_62295,电脑/办公,物流,发货快,positive,发货快
TRAIN_22383,PRODUCT_317940,图书音像,正品,正品放心,positive,正品放心
TRAIN_22395,PRODUCT_144808,手机/数码,正品,正品放心,positive,正品放心
TRAIN_22395,PRODUCT_144808,手机/数码,正品,疑似假货,negative,疑似假货
TRAIN_22402,PRODUCT_313896,图书音像,质量,质量好,positive,质量好
TRAIN_22402,PRODUCT_313896,图书音像,内容,内容不错,positive,内容不错
TRAIN_22408,PRODUCT_386920,图书音像,价格,性价比高,positive,性价比高
TRAIN_22411,PRODUCT_78580,图书音像,正品,正品放心,positive,正品放心
TRAIN_22418,PRODUCT_35188,图书音像,质量,质量好,positive,质量好
TRAIN_22419,PRODUCT_324058,图书音像,质量,质量好,positive,质量好
TRAIN_22431,PRODUCT_498275,图书音像,正品,正品放心,positive,正品放心
TRAIN_22434,PRODUCT_524336,图书音像,质量,质量好,positive,质量好
TRAIN_22444,PRODUCT_433898,图书音像,包装,包装好,positive,包装好
TRAIN_22444,PRODUCT_433898,图书音像,正品,正品放心,positive,正品放心
TRAIN_22446,PRODUCT_430732,图书音像,价格,性价比高,positive,性价比高
TRAIN_22464,PRODUCT_36848,电脑/办公,质量,质量好,positive,质量好
TRAIN_22465,PRODUCT_124644,图书音像,质量,质量差,negative,质量差
TRAIN_22468,PRODUCT_47282,图书音像,质量,质量好,positive,质量好
TRAIN_22470,PRODUCT_164083,美妆个护,正品,正品放心,positive,正品放心
TRAIN_22471,PRODUCT_324845,图书音像,物流,发货快,positive,发货快
TRAIN_22471,PRODUCT_324845,图书音像,包装,包装好,positive,包装好
TRAIN_22479,PRODUCT_27605,手机/数码,耐用,容易坏,negative,容易坏
TRAIN_22482,PRODUCT_228351,图书音像,价格,性价比高,positive,性价比高
TRAIN_22488,PRODUCT_14676,美妆个护,味道,味道不错,positive,味道不错
TRAIN_22490,PRODUCT_283671,图书音像,推荐,会回购,positive,会回购
TRAIN_22495,PRODUCT_447668,图书音像,正品,正品放心,positive,正品放心
TRAIN_22497,PRODUCT_15574,家具/家装/建材,推荐,会回购,positive,会回购
TRAIN_22511,PRODUCT_278869,母婴/玩具,包装,包装好,positive,包装好
TRAIN_22511,PRODUCT_278869,母婴/玩具,包装,包装差,negative,包装差
TRAIN_22512,PRODUCT_380653,图书音像,内容,内容一般,negative,内容一般
TRAIN_22518,PRODUCT_117005,图书音像,物流,发货快,positive,发货快
TRAIN_22524,PRODUCT_194918,图书音像,内容,内容不错,positive,内容不错
TRAIN_22525,PRODUCT_404894,图书音像,质量,质量好,positive,质量好
TRAIN_22525,PRODUCT_404894,图书音像,正品,正品放心,positive,正品放心
TRAIN_22526,PRODUCT_220948,图书音像,价格,性价比高,positive,性价比高
TRAIN_22532,PRODUCT_213260,电脑/办公,正品,正品放心,positive,正品放心
TRAIN_22533,PRODUCT_179552,图书音像,推荐,会回购,positive,会回购
TRAIN_22536,PRODUCT_218644,美妆个护,正品,正品放心,positive,正品放心
TRAIN_22540,PRODUCT_90641,图书音像,内容,内容不错,positive,内容不错
TRAIN_22544,PRODUCT_61682,图书音像,推荐,会回购,positive,会回购
TRAIN_22549,PRODUCT_410392,图书音像,内容,内容不错,positive,内容不错
TRAIN_22551,PRODUCT_108737,图书音像,质量,质量好,positive,质量好
TRAIN_22553,PRODUCT_499848,家用电器,耐用,容易坏,negative,容易坏
TRAIN_22555,PRODUCT_483788,图书音像,质量,质量好,positive,质量好
TRAIN_22557,PRODUCT_409444,图书音像,价格,价格贵,negative,价格贵
TRAIN_22562,PRODUCT_522369,图书音像,正品,正品放心,positive,正品放心
TRAIN_22565,PRODUCT_129564,图书音像,质量,质量好,positive,质量好
TRAIN_22574,PRODUCT_276195,电脑/办公,包装,包装好,positive,包装好
TRAIN_22596,PRODUCT_516886,图书音像,质量,质量好,positive,质量好
TRAIN_22602,PRODUCT_389958,图书音像,质量,质量好,positive,质量好
TRAIN_22604,PRODUCT_433967,图书音像,质量,质量好,positive,质量好
TRAIN_22612,PRODUCT_98824,电脑/办公,正品,正品放心,positive,正品放心
TRAIN_22638,PRODUCT_442115,图书音像,正品,正品放心,positive,正品放心
TRAIN_22643,PRODUCT_488343,图书音像,质量,质量好,positive,质量好
TRAIN_22644,PRODUCT_99832,图书音像,正品,正品放心,positive,正品放心
TRAIN_22647,PRODUCT_432793,图书音像,价格,性价比高,positive,性价比高
TRAIN_22665,PRODUCT_233628,图书音像,包装,包装差,negative,包装差
TRAIN_22667,PRODUCT_176877,美妆个护,质量,质量好,positive,质量好
TRAIN_22667,PRODUCT_176877,美妆个护,耐用,很耐用,positive,很耐用
TRAIN_22669,PRODUCT_353869,图书音像,价格,性价比高,positive,性价比高
TRAIN_22669,PRODUCT_353869,图书音像,正品,正品放心,positive,正品放心
TRAIN_22671,PRODUCT_143781,家居生活,正品,正品放心,positive,正品放心
TRAIN_22678,PRODUCT_174162,图书音像,正品,正品放心,positive,正品放心
TRAIN_22683,PRODUCT_174013,家用电器,质量,质量差,negative,质量差
TRAIN_22692,PRODUCT_493334,图书音像,耐用,容易坏,negative,容易坏
TRAIN_22697,PRODUCT_381988,家用电器,质量,质量差,negative,质量差
TRAIN_22698,PRODUCT_306064,食品/保健,推荐,会回购,positive,会回购
TRAIN_22698,PRODUCT_306064,食品/保健,味道,味道不错,positive,味道不错
TRAIN_22712,PRODUCT_45169,图书音像,正品,正品放心,positive,正品放心
TRAIN_22715,PRODUCT_313769,图书音像,正品,疑似假货,negative,疑似假货
TRAIN_22720,PRODUCT_126825,家居生活,质量,质量差,negative,质量差
TRAIN_22721,PRODUCT_70005,图书音像,物流,发货快,positive,发货快
TRAIN_22727,PRODUCT_147007,图书音像,质量,质量好,positive,质量好
TRAIN_22735,PRODUCT_52264,电脑/办公,耐用,容易坏,negative,容易坏
TRAIN_22748,PRODUCT_348002,图书音像,内容,内容不错,positive,内容不错
TRAIN_22758,PRODUCT_66017,图书音像,质量,质量好,positive,质量好
TRAIN_22760,PRODUCT_423351,图书音像,推荐,会回购,positive,会回购
TRAIN_22786,PRODUCT_518272,图书音像,内容,内容不错,positive,内容不错
TRAIN_22789,PRODUCT_19673,图书音像,外观,外观好看,positive,外观好看
TRAIN_22790,PRODUCT_473503,家用电器,质量,质量好,positive,质量好
TRAIN_22790,PRODUCT_473503,家用电器,包装,包装好,positive,包装好
TRAIN_22790,PRODUCT_473503,家用电器,价格,性价比高,positive,性价比高
TRAIN_22794,PRODUCT_265838,图书音像,质量,质量好,positive,质量好
TRAIN_22797,PRODUCT_108115,图书音像,内容,内容不错,positive,内容不错
TRAIN_22801,PRODUCT_39166,电脑/办公,推荐,会回购,positive,会回购
TRAIN_22806,PRODUCT_495955,图书音像,质量,质量好,positive,质量好
TRAIN_22811,PRODUCT_481057,母婴/玩具,价格,性价比高,positive,性价比高
TRAIN_22814,PRODUCT_36848,电脑/办公,正品,正品放心,positive,正品放心
TRAIN_22814,PRODUCT_36848,电脑/办公,正品,疑似假货,negative,疑似假货
TRAIN_22819,PRODUCT_12612,图书音像,正品,正品放心,positive,正品放心
TRAIN_22824,PRODUCT_351972,运动户外,正品,正品放心,positive,正品放心
TRAIN_22830,PRODUCT_173061,图书音像,质量,质量好,positive,质量好
TRAIN_22831,PRODUCT_327563,图书音像,包装,包装差,negative,包装差
TRAIN_22839,PRODUCT_35859,图书音像,正品,正品放心,positive,正品放心
TRAIN_22840,PRODUCT_304733,电脑/办公,正品,正品放心,positive,正品放心
TRAIN_22853,PRODUCT_495011,电脑/办公,物流,发货快,positive,发货快
TRAIN_22858,PRODUCT_357944,图书音像,质量,质量好,positive,质量好
TRAIN_22859,PRODUCT_231390,运动户外,物流,发货快,positive,发货快
TRAIN_22865,PRODUCT_242942,电脑/办公,屏幕,屏幕差,negative,屏幕差
TRAIN_22866,PRODUCT_211338,图书音像,包装,包装差,negative,包装差
TRAIN_22867,PRODUCT_364744,图书音像,质量,质量好,positive,质量好
TRAIN_22871,PRODUCT_54177,图书音像,质量,质量好,positive,质量好
TRAIN_22881,PRODUCT_106357,图书音像,质量,质量好,positive,质量好
TRAIN_22882,PRODUCT_191531,美妆个护,价格,性价比高,positive,性价比高
TRAIN_22888,PRODUCT_10747,图书音像,质量,质量好,positive,质量好
TRAIN_22897,PRODUCT_306659,美妆个护,价格,性价比高,positive,性价比高
TRAIN_22897,PRODUCT_306659,美妆个护,味道,味道不错,positive,味道不错
TRAIN_22900,PRODUCT_317139,图书音像,质量,质量好,positive,质量好
TRAIN_22916,PRODUCT_473836,图书音像,质量,质量差,negative,质量差
TRAIN_22919,PRODUCT_309988,图书音像,质量,质量好,positive,质量好
TRAIN_22919,PRODUCT_309988,图书音像,正品,疑似假货,negative,疑似假货
TRAIN_22942,PRODUCT_506367,手机/数码,质量,质量差,negative,质量差
TRAIN_22942,PRODUCT_506367,手机/数码,续航,续航差,negative,续航差
TRAIN_22946,PRODUCT_498203,图书音像,质量,质量好,positive,质量好
TRAIN_22947,PRODUCT_519794,钟表/首饰/眼镜/礼品,价格,性价比高,positive,性价比高
TRAIN_22953,PRODUCT_114746,电脑/办公,质量,质量好,positive,质量好
TRAIN_22953,PRODUCT_114746,电脑/办公,物流,发货快,positive,发货快
TRAIN_22958,PRODUCT_117569,图书音像,推荐,会回购,positive,会回购
TRAIN_22961,PRODUCT_348686,图书音像,价格,性价比高,positive,性价比高
TRAIN_22962,PRODUCT_107642,图书音像,质量,质量好,positive,质量好
TRAIN_22962,PRODUCT_107642,图书音像,物流,发货快,positive,发货快
TRAIN_22966,PRODUCT_87643,美妆个护,味道,味道不错,positive,味道不错
TRAIN_22970,PRODUCT_314607,手机/数码,正品,正品放心,positive,正品放心
TRAIN_22971,PRODUCT_35292,图书音像,物流,物流慢,negative,物流慢
TRAIN_22978,PRODUCT_328632,图书音像,价格,性价比高,positive,性价比高
TRAIN_22981,PRODUCT_92260,电脑/办公,推荐,会回购,positive,会回购
TRAIN_22993,PRODUCT_375179,图书音像,正品,正品放心,positive,正品放心
TRAIN_22994,PRODUCT_360293,图书音像,质量,质量差,negative,质量差
TRAIN_22997,PRODUCT_438768,图书音像,质量,质量好,positive,质量好
TRAIN_22997,PRODUCT_438768,图书音像,物流,物流慢,negative,物流慢
TRAIN_22999,PRODUCT_183216,图书音像,质量,质量好,positive,质量好
TRAIN_23000,PRODUCT_412633,食品/保健,味道,味道不错,positive,味道不错
TRAIN_23002,PRODUCT_481749,家具/家装/建材,价格,性价比高,positive,性价比高
TRAIN_23009,PRODUCT_291326,家用电器,推荐,会回购,positive,会回购
TRAIN_23011,PRODUCT_73304,电脑/办公,价格,性价比高,positive,性价比高
TRAIN_23015,PRODUCT_48148,图书音像,质量,质量好,positive,质量好
TRAIN_23015,PRODUCT_48148,图书音像,正品,正品放心,positive,正品放心
TRAIN_23029,PRODUCT_498409,图书音像,质量,质量好,positive,质量好
TRAIN_23030,PRODUCT_411598,图书音像,质量,质量好,positive,质量好
TRAIN_23030,PRODUCT_411598,图书音像,正品,正品放心,positive,正品放心
TRAIN_23033,PRODUCT_462989,母婴/玩具,价格,性价比高,positive,性价比高
TRAIN_23037,PRODUCT_514673,图书音像,正品,正品放心,positive,正品放心
TRAIN_23046,PRODUCT_406187,图书音像,正品,正品放心,positive,正品放心
TRAIN_23046,PRODUCT_406187,图书音像,正品,疑似假货,negative,疑似假货
TRAIN_23058,PRODUCT_115206,图书音像,物流,发货快,positive,发货快
TRAIN_23072,PRODUCT_239933,图书音像,包装,包装好,positive,包装好
TRAIN_23076,PRODUCT_137736,美妆个护,正品,疑似假货,negative,疑似假货
TRAIN_23084,PRODUCT_66868,图书音像,质量,质量好,positive,质量好
TRAIN_23085,PRODUCT_516821,钟表/首饰/眼镜/礼品,推荐,会回购,positive,会回购
TRAIN_23086,PRODUCT_196449,电脑/办公,续航,续航差,negative,续航差
TRAIN_23092,PRODUCT_385504,图书音像,正品,正品放心,positive,正品放心
TRAIN_23092,PRODUCT_385504,图书音像,正品,疑似假货,negative,疑似假货
TRAIN_23093,PRODUCT_390245,图书音像,内容,内容不错,positive,内容不错
TRAIN_23101,PRODUCT_358555,电脑/办公,正品,正品放心,positive,正品放心
TRAIN_23111,PRODUCT_83409,其他,质量,质量差,negative,质量差
TRAIN_23114,PRODUCT_387662,图书音像,物流,发货快,positive,发货快
TRAIN_23116,PRODUCT_95812,图书音像,质量,质量好,positive,质量好
TRAIN_23119,PRODUCT_11103,家居生活,物流,发货快,positive,发货快
TRAIN_23130,PRODUCT_219595,食品/保健,新鲜,很新鲜,positive,很新鲜
TRAIN_23134,PRODUCT_324506,食品/保健,味道,味道不错,positive,味道不错
TRAIN_23140,PRODUCT_402019,图书音像,内容,内容不错,positive,内容不错
TRAIN_23143,PRODUCT_354406,图书音像,价格,性价比高,positive,性价比高
TRAIN_23143,PRODUCT_354406,图书音像,内容,内容一般,negative,内容一般
TRAIN_23154,PRODUCT_92293,家用电器,物流,发货快,positive,发货快
TRAIN_23160,PRODUCT_78811,电脑/办公,续航,续航差,negative,续航差
TRAIN_23171,PRODUCT_231123,手机/数码,质量,质量好,positive,质量好
TRAIN_23171,PRODUCT_231123,手机/数码,耐用,很耐用,positive,很耐用
TRAIN_23172,PRODUCT_292736,家用电器,价格,价格贵,negative,价格贵
TRAIN_23176,PRODUCT_519825,图书音像,推荐,会回购,positive,会回购
TRAIN_23179,PRODUCT_283544,图书音像,包装,包装好,positive,包装好
TRAIN_23179,PRODUCT_283544,图书音像,正品,正品放心,positive,正品放心
TRAIN_23184,PRODUCT_378317,图书音像,包装,包装差,negative,包装差
TRAIN_23187,PRODUCT_24224,手机/数码,正品,疑似假货,negative,疑似假货
TRAIN_23198,PRODUCT_439176,图书音像,正品,正品放心,positive,正品放心
TRAIN_23199,PRODUCT_102168,图书音像,正品,正品放心,positive,正品放心
TRAIN_23202,PRODUCT_234534,图书音像,质量,质量好,positive,质量好
TRAIN_23209,PRODUCT_207647,图书音像,包装,包装差,negative,包装差
TRAIN_23210,PRODUCT_435790,手机/数码,质量,质量差,negative,质量差
TRAIN_23217,PRODUCT_92377,手机/数码,正品,正品放心,positive,正品放心
TRAIN_23224,PRODUCT_426756,母婴/玩具,质量,质量好,positive,质量好
TRAIN_23226,PRODUCT_312565,其他,价格,性价比高,positive,性价比高
TRAIN_23240,PRODUCT_173328,电脑/办公,价格,性价比高,positive,性价比高
TRAIN_23242,PRODUCT_313303,图书音像,质量,质量好,positive,质量好
TRAIN_23243,PRODUCT_306926,手机/数码,价格,性价比高,positive,性价比高
TRAIN_23246,PRODUCT_179154,家居生活,质量,质量差,negative,质量差
TRAIN_23247,PRODUCT_511272,图书音像,正品,疑似假货,negative,疑似假货
TRAIN_23254,PRODUCT_259535,运动户外,耐用,很耐用,positive,很耐用
TRAIN_23255,PRODUCT_91741,图书音像,物流,发货快,positive,发货快
TRAIN_23257,PRODUCT_452636,图书音像,质量,质量好,positive,质量好
TRAIN_23263,PRODUCT_126387,电脑/办公,价格,性价比高,positive,性价比高
TRAIN_23263,PRODUCT_126387,电脑/办公,正品,正品放心,positive,正品放心
TRAIN_23267,PRODUCT_89587,图书音像,质量,质量好,positive,质量好
TRAIN_23276,PRODUCT_186047,手机/数码,质量,质量好,positive,质量好
TRAIN_23276,PRODUCT_186047,手机/数码,价格,性价比高,positive,性价比高
TRAIN_23285,PRODUCT_296111,图书音像,价格,性价比高,positive,性价比高
TRAIN_23285,PRODUCT_296111,图书音像,正品,正品放心,positive,正品放心
TRAIN_23289,PRODUCT_120267,图书音像,推荐,不推荐,negative,不推荐
TRAIN_23295,PRODUCT_36848,电脑/办公,正品,正品放心,positive,正品放心
TRAIN_23297,PRODUCT_440701,美妆个护,正品,疑似假货,negative,疑似假货
TRAIN_23297,PRODUCT_440701,美妆个护,推荐,不推荐,negative,不推荐
TRAIN_23299,PRODUCT_173877,电脑/办公,物流,物流慢,negative,物流慢
TRAIN_23300,PRODUCT_407428,电脑/办公,正品,正品放心,positive,正品放心
TRAIN_23301,PRODUCT_433739,钟表/首饰/眼镜/礼品,物流,发货快,positive,发货快
TRAIN_23301,PRODUCT_433739,钟表/首饰/眼镜/礼品,正品,正品放心,positive,正品放心
TRAIN_23304,PRODUCT_28360,图书音像,物流,发货快,positive,发货快
TRAIN_23309,PRODUCT_71863,家用电器,质量,质量好,positive,质量好
TRAIN_23311,PRODUCT_152366,图书音像,价格,性价比高,positive,性价比高
TRAIN_23319,PRODUCT_517234,手机/数码,物流,发货快,positive,发货快
TRAIN_23319,PRODUCT_517234,手机/数码,价格,性价比高,positive,性价比高
TRAIN_23330,PRODUCT_114514,家用电器,推荐,会回购,positive,会回购
TRAIN_23332,PRODUCT_115483,美妆个护,正品,正品放心,positive,正品放心
TRAIN_23343,PRODUCT_316386,图书音像,内容,内容不错,positive,内容不错
TRAIN_23348,PRODUCT_324149,图书音像,物流,发货快,positive,发货快
TRAIN_23348,PRODUCT_324149,图书音像,价格,性价比高,positive,性价比高
TRAIN_23348,PRODUCT_324149,图书音像,内容,内容一般,negative,内容一般
TRAIN_23349,PRODUCT_192803,图书音像,正品,正品放心,positive,正品放心
TRAIN_23352,PRODUCT_342021,图书音像,质量,质量差,negative,质量差
TRAIN_23352,PRODUCT_342021,图书音像,内容,内容不错,positive,内容不错
TRAIN_23354,PRODUCT_376834,图书音像,质量,质量好,positive,质量好
TRAIN_23361,PRODUCT_237905,图书音像,正品,正品放心,positive,正品放心
TRAIN_23362,PRODUCT_107590,美妆个护,推荐,会回购,positive,会回购
TRAIN_23366,PRODUCT_476413,电脑/办公,耐用,很耐用,positive,很耐用
TRAIN_23370,PRODUCT_283085,美妆个护,正品,疑似假货,negative,疑似假货
TRAIN_23370,PRODUCT_283085,美妆个护,味道,味道不错,positive,味道不错
TRAIN_23372,PRODUCT_173883,图书音像,包装,包装好,positive,包装好
TRAIN_23377,PRODUCT_513971,图书音像,物流,发货快,positive,发货快
TRAIN_23381,PRODUCT_67283,家居生活,包装,包装好,positive,包装好
TRAIN_23382,PRODUCT_478165,图书音像,质量,质量差,negative,质量差
TRAIN_23387,PRODUCT_469558,图书音像,质量,质量好,positive,质量好
TRAIN_23393,PRODUCT_152035,图书音像,正品,疑似假货,negative,疑似假货
TRAIN_23397,PRODUCT_428911,图书音像,价格,性价比高,positive,性价比高
TRAIN_23400,PRODUCT_371139,美妆个护,味道,味道不错,positive,味道不错
TRAIN_23401,PRODUCT_54903,美妆个护,味道,味道不错,positive,味道不错
TRAIN_23415,PRODUCT_24220,图书音像,价格,性价比高,positive,性价比高
TRAIN_23419,PRODUCT_209524,图书音像,质量,质量好,positive,质量好
TRAIN_23420,PRODUCT_383389,家用电器,耐用,很耐用,positive,很耐用
TRAIN_23420,PRODUCT_383389,家用电器,续航,续航久,positive,续航久
TRAIN_23438,PRODUCT_274543,图书音像,质量,质量好,positive,质量好
TRAIN_23441,PRODUCT_340466,图书音像,质量,质量差,negative,质量差
TRAIN_23448,PRODUCT_7580,图书音像,质量,质量好,positive,质量好
TRAIN_23456,PRODUCT_97149,电脑/办公,正品,正品放心,positive,正品放心
TRAIN_23457,PRODUCT_428449,家居生活,质量,质量好,positive,质量好
TRAIN_23458,PRODUCT_335762,电脑/办公,正品,正品放心,positive,正品放心
TRAIN_23467,PRODUCT_54879,图书音像,质量,质量好,positive,质量好
TRAIN_23471,PRODUCT_423718,图书音像,价格,性价比高,positive,性价比高
TRAIN_23471,PRODUCT_423718,图书音像,外观,外观一般,negative,外观一般
TRAIN_23473,PRODUCT_458377,图书音像,质量,质量好,positive,质量好
TRAIN_23476,PRODUCT_119518,图书音像,质量,质量好,positive,质量好
TRAIN_23477,PRODUCT_108865,图书音像,内容,内容不错,positive,内容不错
TRAIN_23478,PRODUCT_445538,家用电器,质量,质量好,positive,质量好
TRAIN_23479,PRODUCT_407428,电脑/办公,正品,正品放心,positive,正品放心
TRAIN_23480,PRODUCT_1754,家具/家装/建材,耐用,很耐用,positive,很耐用
TRAIN_23485,PRODUCT_98363,手机/数码,价格,性价比高,positive,性价比高
TRAIN_23495,PRODUCT_282188,美妆个护,价格,性价比高,positive,性价比高
TRAIN_23506,PRODUCT_500048,手机/数码,价格,价格贵,negative,价格贵
TRAIN_23515,PRODUCT_131112,图书音像,质量,质量好,positive,质量好
TRAIN_23526,PRODUCT_184974,图书音像,内容,内容不错,positive,内容不错
TRAIN_23530,PRODUCT_307602,图书音像,正品,正品放心,positive,正品放心
TRAIN_23532,PRODUCT_52233,手机/数码,耐用,很耐用,positive,很耐用
TRAIN_23537,PRODUCT_303967,图书音像,内容,内容一般,negative,内容一般
TRAIN_23545,PRODUCT_347769,图书音像,内容,内容一般,negative,内容一般
TRAIN_23549,PRODUCT_200161,家用电器,推荐,不推荐,negative,不推荐
TRAIN_23553,PRODUCT_268082,图书音像,价格,性价比高,positive,性价比高
TRAIN_23562,PRODUCT_515137,图书音像,质量,质量好,positive,质量好
TRAIN_23566,PRODUCT_85695,图书音像,物流,发货快,positive,发货快
TRAIN_23568,PRODUCT_364421,母婴/玩具,耐用,很耐用,positive,很耐用
TRAIN_23573,PRODUCT_367371,手机/数码,正品,正品放心,positive,正品放心
TRAIN_23581,PRODUCT_467672,图书音像,正品,正品放心,positive,正品放心
TRAIN_23593,PRODUCT_88761,图书音像,正品,正品放心,positive,正品放心
TRAIN_23594,PRODUCT_306667,电脑/办公,质量,质量好,positive,质量好
TRAIN_23596,PRODUCT_204803,图书音像,质量,质量好,positive,质量好
TRAIN_23600,PRODUCT_432301,图书音像,包装,包装差,negative,包装差
TRAIN_23600,PRODUCT_432301,图书音像,推荐,会回购,positive,会回购
TRAIN_23609,PRODUCT_59138,图书音像,推荐,不推荐,negative,不推荐
TRAIN_23609,PRODUCT_59138,图书音像,内容,内容一般,negative,内容一般
TRAIN_23614,PRODUCT_233785,电脑/办公,耐用,很耐用,positive,很耐用
TRAIN_23614,PRODUCT_233785,电脑/办公,续航,续航差,negative,续航差
TRAIN_23628,PRODUCT_179287,电脑/办公,价格,性价比高,positive,性价比高
TRAIN_23633,PRODUCT_384659,食品/保健,物流,发货快,positive,发货快
TRAIN_23642,PRODUCT_59046,图书音像,质量,质量好,positive,质量好
TRAIN_23642,PRODUCT_59046,图书音像,价格,性价比高,positive,性价比高
TRAIN_23643,PRODUCT_181330,图书音像,质量,质量好,positive,质量好
TRAIN_23648,PRODUCT_95861,图书音像,物流,物流慢,negative,物流慢
TRAIN_23654,PRODUCT_99832,图书音像,耐用,容易坏,negative,容易坏
TRAIN_23659,PRODUCT_199813,图书音像,质量,质量好,positive,质量好
TRAIN_23661,PRODUCT_399404,家用电器,正品,正品放心,positive,正品放心
TRAIN_23674,PRODUCT_294413,电脑/办公,价格,价格贵,negative,价格贵
TRAIN_23684,PRODUCT_105802,图书音像,内容,内容一般,negative,内容一般
TRAIN_23690,PRODUCT_505318,家居生活,价格,性价比高,positive,性价比高
TRAIN_23691,PRODUCT_286965,图书音像,质量,质量好,positive,质量好
TRAIN_23698,PRODUCT_38460,图书音像,物流,发货快,positive,发货快
TRAIN_23710,PRODUCT_229456,图书音像,质量,质量好,positive,质量好
TRAIN_23714,PRODUCT_8227,图书音像,质量,质量好,positive,质量好
TRAIN_23715,PRODUCT_318052,母婴/玩具,质量,质量好,positive,质量好
TRAIN_23715,PRODUCT_318052,母婴/玩具,正品,正品放心,positive,正品放心
TRAIN_23719,PRODUCT_60078,图书音像,质量,质量好,positive,质量好
TRAIN_23719,PRODUCT_60078,图书音像,正品,正品放心,positive,正品放心
TRAIN_23727,PRODUCT_510519,图书音像,价格,性价比高,positive,性价比高
TRAIN_23737,PRODUCT_366707,美妆个护,正品,疑似假货,negative,疑似假货
TRAIN_23740,PRODUCT_406893,鞋类箱包,物流,物流慢,negative,物流慢
TRAIN_23745,PRODUCT_202194,图书音像,包装,包装差,negative,包装差
TRAIN_23751,PRODUCT_147207,图书音像,价格,性价比高,positive,性价比高
TRAIN_23754,PRODUCT_112731,图书音像,质量,质量好,positive,质量好
TRAIN_23757,PRODUCT_155030,图书音像,质量,质量差,negative,质量差
TRAIN_23757,PRODUCT_155030,图书音像,正品,疑似假货,negative,疑似假货
TRAIN_23758,PRODUCT_128237,图书音像,正品,疑似假货,negative,疑似假货
TRAIN_23766,PRODUCT_451339,美妆个护,味道,味道不错,positive,味道不错
TRAIN_23773,PRODUCT_253384,美妆个护,味道,味道不错,positive,味道不错
TRAIN_23779,PRODUCT_65678,图书音像,内容,内容不错,positive,内容不错
TRAIN_23782,PRODUCT_119641,图书音像,正品,疑似假货,negative,疑似假货
TRAIN_23782,PRODUCT_119641,图书音像,内容,内容不错,positive,内容不错
TRAIN_23785,PRODUCT_102492,电脑/办公,价格,性价比高,positive,性价比高
TRAIN_23804,PRODUCT_358204,家用电器,耐用,容易坏,negative,容易坏
TRAIN_23820,PRODUCT_237878,图书音像,质量,质量好,positive,质量好
TRAIN_23820,PRODUCT_237878,图书音像,正品,正品放心,positive,正品放心
TRAIN_23822,PRODUCT_320089,图书音像,质量,质量好,positive,质量好
TRAIN_23836,PRODUCT_223932,家用电器,价格,价格贵,negative,价格贵
TRAIN_23840,PRODUCT_55261,图书音像,价格,价格贵,negative,价格贵
TRAIN_23843,PRODUCT_74298,图书音像,正品,正品放心,positive,正品放心
TRAIN_23847,PRODUCT_490031,家用电器,正品,正品放心,positive,正品放心
TRAIN_23848,PRODUCT_288343,家居生活,价格,价格贵,negative,价格贵
TRAIN_23852,PRODUCT_276619,图书音像,价格,性价比高,positive,性价比高
TRAIN_23852,PRODUCT_276619,图书音像,内容,内容不错,positive,内容不错
TRAIN_23857,PRODUCT_362660,图书音像,内容,内容一般,negative,内容一般
TRAIN_23859,PRODUCT_499054,图书音像,内容,内容不错,positive,内容不错
TRAIN_23865,PRODUCT_298194,图书音像,包装,包装差,negative,包装差
TRAIN_23868,PRODUCT_15329,母婴/玩具,质量,质量好,positive,质量好
TRAIN_23875,PRODUCT_218855,图书音像,物流,发货快,positive,发货快
TRAIN_23875,PRODUCT_218855,图书音像,内容,内容不错,positive,内容不错
TRAIN_23877,PRODUCT_400764,家居生活,推荐,会回购,positive,会回购
TRAIN_23879,PRODUCT_66651,图书音像,正品,正品放心,positive,正品放心
TRAIN_23904,PRODUCT_264001,图书音像,正品,正品放心,positive,正品放心
TRAIN_23910,PRODUCT_202875,图书音像,物流,发货快,positive,发货快
TRAIN_23910,PRODUCT_202875,图书音像,正品,正品放心,positive,正品放心
TRAIN_23911,PRODUCT_61643,图书音像,质量,质量好,positive,质量好
TRAIN_23929,PRODUCT_380199,图书音像,质量,质量好,positive,质量好
TRAIN_23940,PRODUCT_349313,图书音像,质量,质量好,positive,质量好
TRAIN_23941,PRODUCT_287895,图书音像,物流,发货快,positive,发货快
TRAIN_23942,PRODUCT_266611,家用电器,正品,正品放心,positive,正品放心
TRAIN_23943,PRODUCT_13572,图书音像,正品,正品放心,positive,正品放心
TRAIN_23950,PRODUCT_510754,图书音像,质量,质量好,positive,质量好
TRAIN_23950,PRODUCT_510754,图书音像,物流,发货快,positive,发货快
TRAIN_23953,PRODUCT_451339,美妆个护,价格,性价比高,positive,性价比高
TRAIN_23953,PRODUCT_451339,美妆个护,味道,味道不错,positive,味道不错
TRAIN_23970,PRODUCT_334034,图书音像,正品,正品放心,positive,正品放心
TRAIN_23971,PRODUCT_36193,图书音像,内容,内容不错,positive,内容不错
TRAIN_23978,PRODUCT_325248,钟表/首饰/眼镜/礼品,包装,包装好,positive,包装好
TRAIN_23979,PRODUCT_404691,电脑/办公,物流,发货快,positive,发货快
TRAIN_23981,PRODUCT_514673,图书音像,质量,质量好,positive,质量好
TRAIN_23983,PRODUCT_290622,图书音像,物流,发货快,positive,发货快
TRAIN_23983,PRODUCT_290622,图书音像,内容,内容不错,positive,内容不错
TRAIN_23996,PRODUCT_83943,图书音像,价格,性价比高,positive,性价比高
TRAIN_24003,PRODUCT_509995,食品/保健,味道,味道不错,positive,味道不错
TRAIN_24004,PRODUCT_205968,图书音像,正品,正品放心,positive,正品放心
TRAIN_24022,PRODUCT_140052,图书音像,价格,性价比高,positive,性价比高
TRAIN_24028,PRODUCT_340376,图书音像,物流,发货快,positive,发货快
TRAIN_24028,PRODUCT_340376,图书音像,正品,正品放心,positive,正品放心
TRAIN_24034,PRODUCT_481889,图书音像,质量,质量好,positive,质量好
TRAIN_24037,PRODUCT_63527,图书音像,质量,质量好,positive,质量好
TRAIN_24038,PRODUCT_404033,钟表/首饰/眼镜/礼品,正品,疑似假货,negative,疑似假货
TRAIN_24040,PRODUCT_400042,图书音像,价格,性价比高,positive,性价比高
TRAIN_24040,PRODUCT_400042,图书音像,正品,正品放心,positive,正品放心
TRAIN_24054,PRODUCT_155557,图书音像,正品,疑似假货,negative,疑似假货
TRAIN_24056,PRODUCT_444976,图书音像,包装,包装好,positive,包装好
TRAIN_24057,PRODUCT_321210,电脑/办公,质量,质量好,positive,质量好
TRAIN_24058,PRODUCT_1611,图书音像,正品,正品放心,positive,正品放心
TRAIN_24077,PRODUCT_157618,图书音像,正品,正品放心,positive,正品放心
TRAIN_24078,PRODUCT_335041,图书音像,价格,价格贵,negative,价格贵
TRAIN_24089,PRODUCT_24216,图书音像,内容,内容不错,positive,内容不错
TRAIN_24104,PRODUCT_135854,图书音像,质量,质量好,positive,质量好
TRAIN_24109,PRODUCT_445045,图书音像,价格,性价比高,positive,性价比高
TRAIN_24111,PRODUCT_407428,电脑/办公,质量,质量好,positive,质量好
TRAIN_24119,PRODUCT_132912,图书音像,外观,外观一般,negative,外观一般
TRAIN_24122,PRODUCT_14033,图书音像,包装,包装差,negative,包装差
TRAIN_24128,PRODUCT_234258,图书音像,正品,疑似假货,negative,疑似假货
TRAIN_24133,PRODUCT_131820,图书音像,质量,质量好,positive,质量好
TRAIN_24145,PRODUCT_200533,图书音像,内容,内容不错,positive,内容不错
TRAIN_24148,PRODUCT_314287,手机/数码,正品,正品放心,positive,正品放心
TRAIN_24151,PRODUCT_10266,图书音像,质量,质量好,positive,质量好
TRAIN_24159,PRODUCT_288573,图书音像,质量,质量好,positive,质量好
TRAIN_24172,PRODUCT_131638,图书音像,内容,内容不错,positive,内容不错
TRAIN_24178,PRODUCT_2866,家居生活,价格,性价比高,positive,性价比高
TRAIN_24197,PRODUCT_149356,美妆个护,味道,味道不错,positive,味道不错
TRAIN_24199,PRODUCT_237943,图书音像,质量,质量好,positive,质量好
TRAIN_24207,PRODUCT_464327,图书音像,质量,质量好,positive,质量好
TRAIN_24216,PRODUCT_165940,图书音像,内容,内容一般,negative,内容一般
TRAIN_24220,PRODUCT_204803,图书音像,质量,质量好,positive,质量好
TRAIN_24228,PRODUCT_2783,母婴/玩具,包装,包装好,positive,包装好
TRAIN_24233,PRODUCT_103614,图书音像,包装,包装差,negative,包装差
TRAIN_24247,PRODUCT_83273,图书音像,内容,内容一般,negative,内容一般
TRAIN_24257,PRODUCT_374581,电脑/办公,质量,质量好,positive,质量好
TRAIN_24258,PRODUCT_52730,电脑/办公,耐用,容易坏,negative,容易坏
TRAIN_24263,PRODUCT_40387,图书音像,质量,质量好,positive,质量好
TRAIN_24266,PRODUCT_234525,图书音像,正品,正品放心,positive,正品放心
TRAIN_24267,PRODUCT_83663,图书音像,推荐,会回购,positive,会回购
TRAIN_24268,PRODUCT_38899,图书音像,物流,发货快,positive,发货快
TRAIN_24268,PRODUCT_38899,图书音像,包装,包装好,positive,包装好
TRAIN_24268,PRODUCT_38899,图书音像,正品,正品放心,positive,正品放心
TRAIN_24270,PRODUCT_146361,电脑/办公,价格,性价比高,positive,性价比高
TRAIN_24270,PRODUCT_146361,电脑/办公,推荐,会回购,positive,会回购
TRAIN_24281,PRODUCT_193860,图书音像,质量,质量好,positive,质量好
TRAIN_24286,PRODUCT_44265,图书音像,正品,正品放心,positive,正品放心
TRAIN_24303,PRODUCT_115030,电脑/办公,正品,正品放心,positive,正品放心
TRAIN_24303,PRODUCT_115030,电脑/办公,正品,疑似假货,negative,疑似假货
TRAIN_24311,PRODUCT_467655,图书音像,内容,内容不错,positive,内容不错
TRAIN_24328,PRODUCT_413567,电脑/办公,包装,包装好,positive,包装好
TRAIN_24331,PRODUCT_207201,家具/家装/建材,质量,质量好,positive,质量好
TRAIN_24333,PRODUCT_506514,电脑/办公,正品,正品放心,positive,正品放心
TRAIN_24342,PRODUCT_143153,图书音像,外观,外观一般,negative,外观一般
TRAIN_24345,PRODUCT_195118,图书音像,质量,质量好,positive,质量好
TRAIN_24348,PRODUCT_407755,手机/数码,包装,包装好,positive,包装好
TRAIN_24351,PRODUCT_24932,其他,耐用,很耐用,positive,很耐用
TRAIN_24351,PRODUCT_24932,其他,耐用,容易坏,negative,容易坏
TRAIN_24366,PRODUCT_86266,图书音像,正品,正品放心,positive,正品放心
TRAIN_24367,PRODUCT_155794,图书音像,包装,包装好,positive,包装好
TRAIN_24375,PRODUCT_21299,电脑/办公,价格,性价比高,positive,性价比高
TRAIN_24378,PRODUCT_31638,鞋类箱包,耐用,很耐用,positive,很耐用
TRAIN_24381,PRODUCT_361551,图书音像,质量,质量好,positive,质量好
TRAIN_24384,PRODUCT_188501,其他,耐用,很耐用,positive,很耐用
TRAIN_24392,PRODUCT_102474,图书音像,质量,质量好,positive,质量好
TRAIN_24398,PRODUCT_15292,图书音像,质量,质量好,positive,质量好
TRAIN_24398,PRODUCT_15292,图书音像,价格,性价比高,positive,性价比高
TRAIN_24399,PRODUCT_220351,图书音像,推荐,会回购,positive,会回购
TRAIN_24410,PRODUCT_355966,电脑/办公,质量,质量差,negative,质量差
TRAIN_24430,PRODUCT_106427,图书音像,正品,正品放心,positive,正品放心
TRAIN_24432,PRODUCT_181366,图书音像,内容,内容不错,positive,内容不错
TRAIN_24435,PRODUCT_432300,图书音像,价格,性价比高,positive,性价比高
TRAIN_24439,PRODUCT_301984,图书音像,正品,正品放心,positive,正品放心
TRAIN_24444,PRODUCT_91068,电脑/办公,质量,质量好,positive,质量好
TRAIN_24445,PRODUCT_372947,图书音像,正品,疑似假货,negative,疑似假货
TRAIN_24453,PRODUCT_35894,图书音像,质量,质量好,positive,质量好
TRAIN_24456,PRODUCT_406583,图书音像,耐用,很耐用,positive,很耐用
TRAIN_24458,PRODUCT_253385,美妆个护,味道,味道不错,positive,味道不错
TRAIN_24459,PRODUCT_232598,图书音像,物流,发货快,positive,发货快
TRAIN_24463,PRODUCT_378555,电脑/办公,耐用,容易坏,negative,容易坏
TRAIN_24466,PRODUCT_423143,美妆个护,包装,包装好,positive,包装好
TRAIN_24466,PRODUCT_423143,美妆个护,包装,包装差,negative,包装差
TRAIN_24472,PRODUCT_37018,图书音像,质量,质量好,positive,质量好
TRAIN_24481,PRODUCT_69857,图书音像,价格,性价比高,positive,性价比高
TRAIN_24481,PRODUCT_69857,图书音像,正品,正品放心,positive,正品放心
TRAIN_24483,PRODUCT_178700,图书音像,物流,发货快,positive,发货快
TRAIN_24484,PRODUCT_97071,图书音像,正品,正品放心,positive,正品放心
TRAIN_24485,PRODUCT_505154,图书音像,正品,正品放心,positive,正品放心
TRAIN_24486,PRODUCT_462347,其他,价格,性价比高,positive,性价比高
TRAIN_24486,PRODUCT_462347,其他,正品,正品放心,positive,正品放心
TRAIN_24486,PRODUCT_462347,其他,正品,疑似假货,negative,疑似假货
TRAIN_24488,PRODUCT_206701,图书音像,正品,正品放心,positive,正品放心
TRAIN_24502,PRODUCT_389961,图书音像,包装,包装好,positive,包装好
TRAIN_24502,PRODUCT_389961,图书音像,推荐,会回购,positive,会回购
TRAIN_24507,PRODUCT_490031,家用电器,价格,性价比高,positive,性价比高
TRAIN_24510,PRODUCT_493793,家用电器,包装,包装好,positive,包装好
TRAIN_24516,PRODUCT_432797,图书音像,正品,正品放心,positive,正品放心
TRAIN_24520,PRODUCT_135296,图书音像,质量,质量差,negative,质量差
TRAIN_24524,PRODUCT_178912,图书音像,物流,发货快,positive,发货快
TRAIN_24524,PRODUCT_178912,图书音像,正品,正品放心,positive,正品放心
TRAIN_24535,PRODUCT_270809,图书音像,质量,质量好,positive,质量好
TRAIN_24535,PRODUCT_270809,图书音像,物流,发货快,positive,发货快
TRAIN_24550,PRODUCT_430604,图书音像,耐用,容易坏,negative,容易坏
TRAIN_24560,PRODUCT_307634,图书音像,质量,质量好,positive,质量好
TRAIN_24560,PRODUCT_307634,图书音像,正品,正品放心,positive,正品放心
TRAIN_24564,PRODUCT_86900,手机/数码,耐用,很耐用,positive,很耐用
TRAIN_24577,PRODUCT_421343,图书音像,推荐,会回购,positive,会回购
TRAIN_24578,PRODUCT_508058,手机/数码,质量,质量好,positive,质量好
TRAIN_24581,PRODUCT_488645,图书音像,价格,性价比高,positive,性价比高
TRAIN_24590,PRODUCT_390872,母婴/玩具,价格,价格贵,negative,价格贵
TRAIN_24592,PRODUCT_450790,图书音像,推荐,不推荐,negative,不推荐
TRAIN_24604,PRODUCT_201589,图书音像,价格,性价比高,positive,性价比高
TRAIN_24607,PRODUCT_72778,图书音像,价格,性价比高,positive,性价比高
TRAIN_24610,PRODUCT_115198,电脑/办公,质量,质量好,positive,质量好
TRAIN_24611,PRODUCT_179309,图书音像,物流,发货快,positive,发货快
TRAIN_24612,PRODUCT_312119,图书音像,内容,内容一般,negative,内容一般
TRAIN_24617,PRODUCT_221495,手机/数码,耐用,容易坏,negative,容易坏
TRAIN_24625,PRODUCT_32431,其他,正品,正品放心,positive,正品放心
TRAIN_24626,PRODUCT_459424,手机/数码,正品,正品放心,positive,正品放心
TRAIN_24628,PRODUCT_521415,图书音像,价格,性价比高,positive,性价比高
TRAIN_24630,PRODUCT_447259,图书音像,质量,质量好,positive,质量好
TRAIN_24638,PRODUCT_307461,图书音像,物流,发货快,positive,发货快
TRAIN_24639,PRODUCT_291053,电脑/办公,耐用,容易坏,negative,容易坏
TRAIN_24666,PRODUCT_430619,电脑/办公,质量,质量好,positive,质量好
TRAIN_24667,PRODUCT_243075,家用电器,质量,质量好,positive,质量好
TRAIN_24671,PRODUCT_456043,图书音像,正品,正品放心,positive,正品放心
TRAIN_24671,PRODUCT_456043,图书音像,正品,疑似假货,negative,疑似假货
TRAIN_24679,PRODUCT_319292,图书音像,正品,正品放心,positive,正品放心
TRAIN_24683,PRODUCT_377086,其他,物流,发货快,positive,发货快
TRAIN_24684,PRODUCT_66735,美妆个护,正品,正品放心,positive,正品放心
TRAIN_24688,PRODUCT_409518,食品/保健,物流,发货快,positive,发货快
TRAIN_24697,PRODUCT_57676,图书音像,质量,质量好,positive,质量好
TRAIN_24704,PRODUCT_198342,图书音像,质量,质量好,positive,质量好
TRAIN_24705,PRODUCT_308005,母婴/玩具,耐用,很耐用,positive,很耐用
TRAIN_24713,PRODUCT_197034,图书音像,正品,正品放心,positive,正品放心
TRAIN_24715,PRODUCT_355144,其他,价格,性价比高,positive,性价比高
TRAIN_24718,PRODUCT_467750,图书音像,质量,质量好,positive,质量好
TRAIN_24718,PRODUCT_467750,图书音像,正品,正品放心,positive,正品放心
TRAIN_24733,PRODUCT_53659,图书音像,外观,外观一般,negative,外观一般
TRAIN_24738,PRODUCT_148198,图书音像,正品,正品放心,positive,正品放心
TRAIN_24739,PRODUCT_50246,图书音像,推荐,会回购,positive,会回购
TRAIN_24739,PRODUCT_50246,图书音像,内容,内容不错,positive,内容不错
TRAIN_24752,PRODUCT_251982,图书音像,内容,内容不错,positive,内容不错
TRAIN_24754,PRODUCT_504642,图书音像,质量,质量好,positive,质量好
TRAIN_24766,PRODUCT_109075,图书音像,物流,发货快,positive,发货快
TRAIN_24780,PRODUCT_84446,图书音像,正品,疑似假货,negative,疑似假货
TRAIN_24784,PRODUCT_305731,图书音像,正品,正品放心,positive,正品放心
TRAIN_24787,PRODUCT_329171,图书音像,质量,质量好,positive,质量好
TRAIN_24793,PRODUCT_299507,图书音像,正品,正品放心,positive,正品放心
TRAIN_24798,PRODUCT_220387,手机/数码,正品,正品放心,positive,正品放心
TRAIN_24802,PRODUCT_146791,钟表/首饰/眼镜/礼品,质量,质量好,positive,质量好
TRAIN_24812,PRODUCT_423706,美妆个护,味道,味道不错,positive,味道不错
TRAIN_24844,PRODUCT_344597,图书音像,推荐,会回购,positive,会回购
TRAIN_24847,PRODUCT_440984,电脑/办公,质量,质量好,positive,质量好
TRAIN_24847,PRODUCT_440984,电脑/办公,外观,外观好看,positive,外观好看
TRAIN_24853,PRODUCT_386085,图书音像,正品,正品放心,positive,正品放心
TRAIN_24858,PRODUCT_422804,图书音像,质量,质量好,positive,质量好
TRAIN_24861,PRODUCT_306926,手机/数码,价格,性价比高,positive,性价比高
TRAIN_24864,PRODUCT_349570,图书音像,正品,正品放心,positive,正品放心
TRAIN_24871,PRODUCT_44756,电脑/办公,正品,疑似假货,negative,疑似假货
TRAIN_24877,PRODUCT_270594,电脑/办公,价格,性价比高,positive,性价比高
TRAIN_24884,PRODUCT_208082,图书音像,内容,内容不错,positive,内容不错
TRAIN_24899,PRODUCT_314398,图书音像,正品,正品放心,positive,正品放心
TRAIN_24917,PRODUCT_97086,图书音像,质量,质量好,positive,质量好
TRAIN_24921,PRODUCT_396304,图书音像,物流,发货快,positive,发货快
TRAIN_24925,PRODUCT_409414,图书音像,正品,正品放心,positive,正品放心
TRAIN_24927,PRODUCT_325011,图书音像,质量,质量好,positive,质量好
TRAIN_24929,PRODUCT_325108,家用电器,包装,包装好,positive,包装好
TRAIN_24936,PRODUCT_114242,图书音像,价格,性价比高,positive,性价比高
TRAIN_24937,PRODUCT_143589,美妆个护,正品,正品放心,positive,正品放心
TRAIN_24950,PRODUCT_505722,家用电器,价格,性价比高,positive,性价比高
TRAIN_24953,PRODUCT_227166,电脑/办公,质量,质量好,positive,质量好
TRAIN_24959,PRODUCT_71109,家居生活,物流,物流慢,negative,物流慢
TRAIN_24962,PRODUCT_67346,图书音像,推荐,会回购,positive,会回购
TRAIN_24966,PRODUCT_296534,图书音像,内容,内容不错,positive,内容不错
TRAIN_24974,PRODUCT_188538,美妆个护,味道,味道不错,positive,味道不错
TRAIN_24975,PRODUCT_14307,电脑/办公,质量,质量好,positive,质量好
TRAIN_24979,PRODUCT_13117,电脑/办公,耐用,容易坏,negative,容易坏
TRAIN_24980,PRODUCT_91741,图书音像,物流,发货快,positive,发货快
TRAIN_24986,PRODUCT_170470,图书音像,正品,正品放心,positive,正品放心
TRAIN_24989,PRODUCT_120020,图书音像,质量,质量好,positive,质量好
TRAIN_24989,PRODUCT_120020,图书音像,内容,内容不错,positive,内容不错
TRAIN_24994,PRODUCT_213228,图书音像,正品,正品放心,positive,正品放心
TRAIN_24996,PRODUCT_11404,图书音像,质量,质量好,positive,质量好
TRAIN_25001,PRODUCT_478388,图书音像,包装,包装差,negative,包装差
TRAIN_25011,PRODUCT_96930,电脑/办公,包装,包装好,positive,包装好
TRAIN_25012,PRODUCT_160632,电脑/办公,物流,发货快,positive,发货快
TRAIN_25013,PRODUCT_50246,图书音像,推荐,会回购,positive,会回购
TRAIN_25015,PRODUCT_132249,图书音像,质量,质量好,positive,质量好
TRAIN_25017,PRODUCT_120408,图书音像,质量,质量好,positive,质量好
TRAIN_25039,PRODUCT_216385,图书音像,质量,质量好,positive,质量好
TRAIN_25039,PRODUCT_216385,图书音像,包装,包装好,positive,包装好
TRAIN_25041,PRODUCT_71693,图书音像,正品,疑似假货,negative,疑似假货
TRAIN_25048,PRODUCT_342253,图书音像,质量,质量好,positive,质量好
TRAIN_25049,PRODUCT_422280,图书音像,外观,外观一般,negative,外观一般
TRAIN_25054,PRODUCT_20267,美妆个护,正品,正品放心,positive,正品放心
TRAIN_25057,PRODUCT_100212,手机/数码,物流,发货快,positive,发货快
TRAIN_25059,PRODUCT_123909,图书音像,内容,内容不错,positive,内容不错
TRAIN_25061,PRODUCT_325248,钟表/首饰/眼镜/礼品,物流,物流慢,negative,物流慢
TRAIN_25064,PRODUCT_156270,电脑/办公,正品,正品放心,positive,正品放心
TRAIN_25065,PRODUCT_289601,食品/保健,推荐,会回购,positive,会回购
TRAIN_25065,PRODUCT_289601,食品/保健,味道,味道不错,positive,味道不错
TRAIN_25083,PRODUCT_313324,图书音像,价格,性价比高,positive,性价比高
TRAIN_25090,PRODUCT_235351,图书音像,质量,质量好,positive,质量好
TRAIN_25090,PRODUCT_235351,图书音像,内容,内容不错,positive,内容不错
TRAIN_25094,PRODUCT_98324,图书音像,质量,质量差,negative,质量差
TRAIN_25110,PRODUCT_108865,图书音像,正品,正品放心,positive,正品放心
TRAIN_25113,PRODUCT_220253,图书音像,质量,质量好,positive,质量好
TRAIN_25113,PRODUCT_220253,图书音像,内容,内容不错,positive,内容不错
TRAIN_25119,PRODUCT_50246,图书音像,价格,性价比高,positive,性价比高
TRAIN_25119,PRODUCT_50246,图书音像,正品,正品放心,positive,正品放心
TRAIN_25121,PRODUCT_385946,图书音像,质量,质量好,positive,质量好
TRAIN_25133,PRODUCT_141848,美妆个护,价格,价格贵,negative,价格贵
TRAIN_25133,PRODUCT_141848,美妆个护,味道,味道不错,positive,味道不错
TRAIN_25142,PRODUCT_265598,图书音像,正品,正品放心,positive,正品放心
TRAIN_25143,PRODUCT_84129,图书音像,质量,质量好,positive,质量好
TRAIN_25144,PRODUCT_497600,图书音像,质量,质量好,positive,质量好
TRAIN_25147,PRODUCT_429393,图书音像,质量,质量好,positive,质量好
TRAIN_25148,PRODUCT_237878,图书音像,正品,疑似假货,negative,疑似假货
TRAIN_25149,PRODUCT_419140,家居生活,质量,质量好,positive,质量好
TRAIN_25150,PRODUCT_55683,电脑/办公,正品,正品放心,positive,正品放心
TRAIN_25150,PRODUCT_55683,电脑/办公,正品,疑似假货,negative,疑似假货
TRAIN_25154,PRODUCT_73945,图书音像,质量,质量好,positive,质量好
TRAIN_25158,PRODUCT_283373,电脑/办公,正品,正品放心,positive,正品放心
TRAIN_25159,PRODUCT_412378,图书音像,物流,发货快,positive,发货快
TRAIN_25159,PRODUCT_412378,图书音像,正品,正品放心,positive,正品放心
TRAIN_25162,PRODUCT_274250,图书音像,正品,正品放心,positive,正品放心
TRAIN_25163,PRODUCT_78278,图书音像,正品,正品放心,positive,正品放心
TRAIN_25164,PRODUCT_374530,图书音像,价格,性价比高,positive,性价比高
TRAIN_25183,PRODUCT_118593,钟表/首饰/眼镜/礼品,耐用,很耐用,positive,很耐用
TRAIN_25184,PRODUCT_243341,图书音像,质量,质量好,positive,质量好
TRAIN_25204,PRODUCT_449910,图书音像,正品,正品放心,positive,正品放心
TRAIN_25207,PRODUCT_521385,美妆个护,味道,味道不错,positive,味道不错
TRAIN_25209,PRODUCT_206996,图书音像,质量,质量好,positive,质量好
TRAIN_25209,PRODUCT_206996,图书音像,正品,正品放心,positive,正品放心
TRAIN_25218,PRODUCT_510727,图书音像,价格,性价比高,positive,性价比高
TRAIN_25223,PRODUCT_455114,图书音像,正品,疑似假货,negative,疑似假货
TRAIN_25234,PRODUCT_136623,图书音像,质量,质量好,positive,质量好
TRAIN_25237,PRODUCT_444357,图书音像,质量,质量好,positive,质量好
TRAIN_25237,PRODUCT_444357,图书音像,正品,正品放心,positive,正品放心
TRAIN_25239,PRODUCT_172768,图书音像,正品,正品放心,positive,正品放心
TRAIN_25240,PRODUCT_77112,图书音像,推荐,会回购,positive,会回购
TRAIN_25242,PRODUCT_249667,钟表/首饰/眼镜/礼品,耐用,容易坏,negative,容易坏
TRAIN_25252,PRODUCT_39806,图书音像,质量,质量好,positive,质量好
TRAIN_25253,PRODUCT_340731,家用电器,耐用,容易坏,negative,容易坏
TRAIN_25255,PRODUCT_42859,图书音像,质量,质量好,positive,质量好
TRAIN_25258,PRODUCT_521214,手机/数码,正品,正品放心,positive,正品放心
TRAIN_25259,PRODUCT_273036,家具/家装/建材,质量,质量好,positive,质量好
TRAIN_25265,PRODUCT_188662,图书音像,内容,内容一般,negative,内容一般
TRAIN_25269,PRODUCT_481927,图书音像,物流,发货快,positive,发货快
TRAIN_25273,PRODUCT_351077,手机/数码,耐用,很耐用,positive,很耐用
TRAIN_25277,PRODUCT_66242,家居生活,物流,发货快,positive,发货快
TRAIN_25282,PRODUCT_125160,图书音像,内容,内容不错,positive,内容不错
TRAIN_25284,PRODUCT_425885,手机/数码,耐用,容易坏,negative,容易坏
TRAIN_25289,PRODUCT_438491,图书音像,包装,包装好,positive,包装好
TRAIN_25290,PRODUCT_10525,美妆个护,物流,发货快,positive,发货快
TRAIN_25290,PRODUCT_10525,美妆个护,味道,味道不错,positive,味道不错
TRAIN_25298,PRODUCT_368847,图书音像,质量,质量好,positive,质量好
TRAIN_25304,PRODUCT_341531,图书音像,价格,性价比高,positive,性价比高
TRAIN_25305,PRODUCT_212045,鞋类箱包,质量,质量好,positive,质量好
TRAIN_25314,PRODUCT_74355,美妆个护,物流,物流慢,negative,物流慢
TRAIN_25322,PRODUCT_43478,图书音像,质量,质量好,positive,质量好
TRAIN_25322,PRODUCT_43478,图书音像,物流,发货快,positive,发货快
TRAIN_25322,PRODUCT_43478,图书音像,正品,正品放心,positive,正品放心
TRAIN_25323,PRODUCT_151291,电脑/办公,物流,发货快,positive,发货快
TRAIN_25325,PRODUCT_108401,图书音像,正品,疑似假货,negative,疑似假货
TRAIN_25333,PRODUCT_371959,电脑/办公,耐用,很耐用,positive,很耐用
TRAIN_25334,PRODUCT_7073,图书音像,物流,发货快,positive,发货快
TRAIN_25338,PRODUCT_176581,图书音像,推荐,会回购,positive,会回购
TRAIN_25341,PRODUCT_161382,美妆个护,质量,质量好,positive,质量好
TRAIN_25343,PRODUCT_506741,图书音像,物流,发货快,positive,发货快
TRAIN_25352,PRODUCT_97149,电脑/办公,耐用,容易坏,negative,容易坏
TRAIN_25359,PRODUCT_14701,食品/保健,价格,价格贵,negative,价格贵
TRAIN_25360,PRODUCT_320994,图书音像,质量,质量好,positive,质量好
TRAIN_25360,PRODUCT_320994,图书音像,包装,包装好,positive,包装好
TRAIN_25363,PRODUCT_82475,图书音像,正品,正品放心,positive,正品放心
TRAIN_25364,PRODUCT_426768,图书音像,价格,性价比高,positive,性价比高
TRAIN_25364,PRODUCT_426768,图书音像,价格,价格贵,negative,价格贵
TRAIN_25364,PRODUCT_426768,图书音像,外观,外观好看,positive,外观好看
TRAIN_25372,PRODUCT_360734,图书音像,质量,质量好,positive,质量好
TRAIN_25375,PRODUCT_248786,图书音像,推荐,会回购,positive,会回购
TRAIN_25382,PRODUCT_197667,电脑/办公,质量,质量好,positive,质量好
TRAIN_25390,PRODUCT_374393,图书音像,质量,质量好,positive,质量好
TRAIN_25392,PRODUCT_263152,图书音像,质量,质量好,positive,质量好
TRAIN_25394,PRODUCT_430735,美妆个护,物流,发货快,positive,发货快
TRAIN_25396,PRODUCT_381988,家用电器,价格,性价比高,positive,性价比高
TRAIN_25409,PRODUCT_296390,手机/数码,质量,质量差,negative,质量差
TRAIN_25412,PRODUCT_519914,图书音像,质量,质量好,positive,质量好
TRAIN_25418,PRODUCT_304514,家具/家装/建材,正品,正品放心,positive,正品放心
TRAIN_25422,PRODUCT_247599,图书音像,正品,疑似假货,negative,疑似假货
TRAIN_25427,PRODUCT_92680,图书音像,正品,正品放心,positive,正品放心
TRAIN_25430,PRODUCT_158949,图书音像,质量,质量好,positive,质量好
TRAIN_25431,PRODUCT_17097,图书音像,质量,质量好,positive,质量好
TRAIN_25434,PRODUCT_137799,美妆个护,物流,发货快,positive,发货快
TRAIN_25434,PRODUCT_137799,美妆个护,正品,正品放心,positive,正品放心
TRAIN_25439,PRODUCT_504857,图书音像,物流,发货快,positive,发货快
TRAIN_25442,PRODUCT_72073,图书音像,正品,正品放心,positive,正品放心
TRAIN_25449,PRODUCT_287878,电脑/办公,质量,质量好,positive,质量好
TRAIN_25451,PRODUCT_237315,美妆个护,正品,疑似假货,negative,疑似假货
TRAIN_25453,PRODUCT_173067,图书音像,内容,内容不错,positive,内容不错
TRAIN_25456,PRODUCT_236061,图书音像,质量,质量好,positive,质量好
TRAIN_25459,PRODUCT_402245,电脑/办公,耐用,很耐用,positive,很耐用
TRAIN_25459,PRODUCT_402245,电脑/办公,续航,续航差,negative,续航差
TRAIN_25460,PRODUCT_2312,家居生活,耐用,很耐用,positive,很耐用
TRAIN_25463,PRODUCT_356508,图书音像,正品,正品放心,positive,正品放心
TRAIN_25464,PRODUCT_249493,电脑/办公,正品,正品放心,positive,正品放心
TRAIN_25466,PRODUCT_110574,图书音像,物流,发货快,positive,发货快
TRAIN_25469,PRODUCT_2696,图书音像,价格,性价比高,positive,性价比高
TRAIN_25470,PRODUCT_461315,图书音像,包装,包装差,negative,包装差
TRAIN_25471,PRODUCT_253531,图书音像,正品,正品放心,positive,正品放心
TRAIN_25472,PRODUCT_172184,手机/数码,价格,性价比高,positive,性价比高
TRAIN_25477,PRODUCT_453663,图书音像,内容,内容不错,positive,内容不错
TRAIN_25479,PRODUCT_453023,家用电器,质量,质量好,positive,质量好
TRAIN_25479,PRODUCT_453023,家用电器,价格,性价比高,positive,性价比高
TRAIN_25479,PRODUCT_453023,家用电器,外观,外观好看,positive,外观好看
TRAIN_25484,PRODUCT_306672,钟表/首饰/眼镜/礼品,外观,外观好看,positive,外观好看
TRAIN_25489,PRODUCT_110030,图书音像,内容,内容不错,positive,内容不错
TRAIN_25491,PRODUCT_331785,图书音像,质量,质量好,positive,质量好
TRAIN_25503,PRODUCT_145361,手机/数码,推荐,会回购,positive,会回购
TRAIN_25506,PRODUCT_222844,图书音像,质量,质量好,positive,质量好
TRAIN_25509,PRODUCT_251761,美妆个护,正品,正品放心,positive,正品放心
TRAIN_25509,PRODUCT_251761,美妆个护,正品,疑似假货,negative,疑似假货
TRAIN_25513,PRODUCT_42841,图书音像,正品,正品放心,positive,正品放心
TRAIN_25521,PRODUCT_500914,手机/数码,正品,正品放心,positive,正品放心
TRAIN_25530,PRODUCT_193377,美妆个护,物流,发货快,positive,发货快
TRAIN_25537,PRODUCT_21052,手机/数码,价格,性价比高,positive,性价比高
TRAIN_25537,PRODUCT_21052,手机/数码,推荐,会回购,positive,会回购
TRAIN_25543,PRODUCT_333522,图书音像,质量,质量好,positive,质量好
TRAIN_25548,PRODUCT_321231,电脑/办公,质量,质量好,positive,质量好
TRAIN_25553,PRODUCT_353900,家具/家装/建材,质量,质量好,positive,质量好
TRAIN_25554,PRODUCT_265115,家用电器,价格,性价比高,positive,性价比高
TRAIN_25554,PRODUCT_265115,家用电器,推荐,会回购,positive,会回购
TRAIN_25555,PRODUCT_524697,图书音像,正品,正品放心,positive,正品放心
TRAIN_25557,PRODUCT_395517,鞋类箱包,质量,质量好,positive,质量好
TRAIN_25558,PRODUCT_377658,图书音像,质量,质量好,positive,质量好
TRAIN_25558,PRODUCT_377658,图书音像,内容,内容一般,negative,内容一般
TRAIN_25562,PRODUCT_29188,电脑/办公,包装,包装好,positive,包装好
TRAIN_25567,PRODUCT_106268,图书音像,正品,正品放心,positive,正品放心
TRAIN_25570,PRODUCT_496245,电脑/办公,耐用,很耐用,positive,很耐用
TRAIN_25570,PRODUCT_496245,电脑/办公,续航,续航差,negative,续航差
TRAIN_25580,PRODUCT_465836,图书音像,正品,疑似假货,negative,疑似假货
TRAIN_25583,PRODUCT_112093,图书音像,价格,性价比高,positive,性价比高
TRAIN_25587,PRODUCT_412495,手机/数码,正品,疑似假货,negative,疑似假货
TRAIN_25590,PRODUCT_284690,电脑/办公,耐用,容易坏,negative,容易坏
TRAIN_25592,PRODUCT_56870,图书音像,正品,正品放心,positive,正品放心
TRAIN_25595,PRODUCT_278463,图书音像,质量,质量好,positive,质量好
TRAIN_25606,PRODUCT_47141,图书音像,正品,正品放心,positive,正品放心
TRAIN_25612,PRODUCT_107445,美妆个护,味道,味道不错,positive,味道不错
TRAIN_25621,PRODUCT_288682,图书音像,质量,质量好,positive,质量好
TRAIN_25626,PRODUCT_271787,图书音像,内容,内容不错,positive,内容不错
TRAIN_25629,PRODUCT_369316,图书音像,正品,正品放心,positive,正品放心
TRAIN_25631,PRODUCT_61038,电脑/办公,物流,发货快,positive,发货快
TRAIN_25635,PRODUCT_504489,图书音像,质量,质量好,positive,质量好
TRAIN_25635,PRODUCT_504489,图书音像,正品,正品放心,positive,正品放心
TRAIN_25640,PRODUCT_130905,家用电器,物流,发货快,positive,发货快
TRAIN_25642,PRODUCT_490421,图书音像,内容,内容不错,positive,内容不错
TRAIN_25645,PRODUCT_63174,图书音像,质量,质量好,positive,质量好
TRAIN_25645,PRODUCT_63174,图书音像,正品,正品放心,positive,正品放心
TRAIN_25651,PRODUCT_414870,图书音像,包装,包装好,positive,包装好
TRAIN_25667,PRODUCT_169573,手机/数码,质量,质量好,positive,质量好
TRAIN_25677,PRODUCT_61810,图书音像,内容,内容不错,positive,内容不错
TRAIN_25683,PRODUCT_341531,图书音像,物流,发货快,positive,发货快
TRAIN_25683,PRODUCT_341531,图书音像,推荐,会回购,positive,会回购
TRAIN_25686,PRODUCT_279792,图书音像,正品,疑似假货,negative,疑似假货
TRAIN_25696,PRODUCT_352831,图书音像,耐用,容易坏,negative,容易坏
TRAIN_25709,PRODUCT_353824,图书音像,物流,发货快,positive,发货快
TRAIN_25725,PRODUCT_381239,图书音像,推荐,不推荐,negative,不推荐
TRAIN_25727,PRODUCT_121157,电脑/办公,续航,续航差,negative,续航差
TRAIN_25733,PRODUCT_167277,电脑/办公,正品,正品放心,positive,正品放心
TRAIN_25746,PRODUCT_473503,家用电器,物流,发货快,positive,发货快
TRAIN_25749,PRODUCT_383459,图书音像,物流,发货快,positive,发货快
TRAIN_25753,PRODUCT_387273,图书音像,物流,发货快,positive,发货快
TRAIN_25753,PRODUCT_387273,图书音像,内容,内容不错,positive,内容不错
TRAIN_25769,PRODUCT_477486,手机/数码,耐用,容易坏,negative,容易坏
TRAIN_25775,PRODUCT_30353,图书音像,正品,正品放心,positive,正品放心
TRAIN_25783,PRODUCT_152740,图书音像,正品,正品放心,positive,正品放心
TRAIN_25783,PRODUCT_152740,图书音像,内容,内容不错,positive,内容不错
TRAIN_25790,PRODUCT_31190,图书音像,外观,外观一般,negative,外观一般
TRAIN_25791,PRODUCT_66263,手机/数码,屏幕,屏幕差,negative,屏幕差
TRAIN_25794,PRODUCT_407428,电脑/办公,物流,发货快,positive,发货快
TRAIN_25795,PRODUCT_509308,图书音像,内容,内容不错,positive,内容不错
TRAIN_25806,PRODUCT_48347,美妆个护,质量,质量好,positive,质量好
TRAIN_25806,PRODUCT_48347,美妆个护,正品,正品放心,positive,正品放心
TRAIN_25809,PRODUCT_190711,图书音像,推荐,不推荐,negative,不推荐
TRAIN_25810,PRODUCT_284972,手机/数码,物流,物流慢,negative,物流慢
TRAIN_25812,PRODUCT_282655,图书音像,正品,疑似假货,negative,疑似假货
TRAIN_25818,PRODUCT_245925,图书音像,质量,质量好,positive,质量好
TRAIN_25830,PRODUCT_181371,图书音像,内容,内容不错,positive,内容不错
TRAIN_25835,PRODUCT_9346,手机/数码,价格,性价比高,positive,性价比高
TRAIN_25838,PRODUCT_430610,家居生活,价格,性价比高,positive,性价比高
TRAIN_25843,PRODUCT_240528,图书音像,质量,质量好,positive,质量好
TRAIN_25843,PRODUCT_240528,图书音像,内容,内容不错,positive,内容不错
TRAIN_25846,PRODUCT_107115,图书音像,价格,价格贵,negative,价格贵
TRAIN_25850,PRODUCT_177658,图书音像,质量,质量好,positive,质量好
TRAIN_25851,PRODUCT_249543,母婴/玩具,正品,正品放心,positive,正品放心
TRAIN_25860,PRODUCT_480304,图书音像,正品,正品放心,positive,正品放心
TRAIN_25862,PRODUCT_377187,手机/数码,正品,正品放心,positive,正品放心
TRAIN_25868,PRODUCT_130408,图书音像,价格,价格贵,negative,价格贵
TRAIN_25868,PRODUCT_130408,图书音像,内容,内容不错,positive,内容不错
TRAIN_25877,PRODUCT_452819,图书音像,质量,质量好,positive,质量好
TRAIN_25886,PRODUCT_303050,图书音像,内容,内容不错,positive,内容不错
TRAIN_25889,PRODUCT_409790,图书音像,正品,正品放心,positive,正品放心
TRAIN_25894,PRODUCT_108865,图书音像,内容,内容不错,positive,内容不错
TRAIN_25898,PRODUCT_340885,家用电器,耐用,很耐用,positive,很耐用
TRAIN_25906,PRODUCT_45674,图书音像,价格,性价比高,positive,性价比高
TRAIN_25909,PRODUCT_358740,图书音像,价格,性价比高,positive,性价比高
TRAIN_25909,PRODUCT_358740,图书音像,内容,内容一般,negative,内容一般
TRAIN_25912,PRODUCT_25245,图书音像,推荐,会回购,positive,会回购
TRAIN_25914,PRODUCT_306737,图书音像,包装,包装差,negative,包装差
TRAIN_25918,PRODUCT_122829,图书音像,价格,性价比高,positive,性价比高
TRAIN_25924,PRODUCT_120559,图书音像,正品,正品放心,positive,正品放心
TRAIN_25924,PRODUCT_120559,图书音像,正品,疑似假货,negative,疑似假货
TRAIN_25935,PRODUCT_53787,运动户外,质量,质量好,positive,质量好
TRAIN_25944,PRODUCT_417229,图书音像,物流,发货快,positive,发货快
TRAIN_25944,PRODUCT_417229,图书音像,包装,包装差,negative,包装差
TRAIN_25947,PRODUCT_65465,图书音像,耐用,容易坏,negative,容易坏
TRAIN_25952,PRODUCT_456345,图书音像,内容,内容不错,positive,内容不错
TRAIN_25958,PRODUCT_460369,图书音像,正品,正品放心,positive,正品放心
TRAIN_25961,PRODUCT_482786,图书音像,质量,质量好,positive,质量好
TRAIN_25966,PRODUCT_522422,手机/数码,物流,发货快,positive,发货快
TRAIN_25978,PRODUCT_108865,图书音像,物流,发货快,positive,发货快
TRAIN_25979,PRODUCT_91680,手机/数码,物流,发货快,positive,发货快
TRAIN_25980,PRODUCT_41942,图书音像,正品,正品放心,positive,正品放心
TRAIN_25980,PRODUCT_41942,图书音像,正品,疑似假货,negative,疑似假货
TRAIN_25988,PRODUCT_42372,图书音像,推荐,会回购,positive,会回购
TRAIN_25988,PRODUCT_42372,图书音像,推荐,不推荐,negative,不推荐
TRAIN_25988,PRODUCT_42372,图书音像,内容,内容一般,negative,内容一般
TRAIN_25989,PRODUCT_464028,图书音像,正品,疑似假货,negative,疑似假货
TRAIN_25991,PRODUCT_458918,图书音像,价格,性价比高,positive,性价比高
TRAIN_25999,PRODUCT_421611,图书音像,质量,质量好,positive,质量好
TRAIN_26004,PRODUCT_475853,其他,正品,正品放心,positive,正品放心
TRAIN_26004,PRODUCT_475853,其他,正品,疑似假货,negative,疑似假货
TRAIN_26004,PRODUCT_475853,其他,推荐,会回购,positive,会回购
TRAIN_26009,PRODUCT_518272,图书音像,正品,正品放心,positive,正品放心
TRAIN_26010,PRODUCT_170340,图书音像,质量,质量好,positive,质量好
TRAIN_26014,PRODUCT_311963,图书音像,质量,质量好,positive,质量好
TRAIN_26015,PRODUCT_520861,钟表/首饰/眼镜/礼品,正品,正品放心,positive,正品放心
TRAIN_26016,PRODUCT_446492,图书音像,正品,正品放心,positive,正品放心
TRAIN_26017,PRODUCT_172980,电脑/办公,屏幕,屏幕差,negative,屏幕差
TRAIN_26018,PRODUCT_419246,图书音像,质量,质量差,negative,质量差
TRAIN_26021,PRODUCT_120346,电脑/办公,正品,正品放心,positive,正品放心
TRAIN_26022,PRODUCT_275991,图书音像,质量,质量好,positive,质量好
TRAIN_26024,PRODUCT_65500,图书音像,质量,质量好,positive,质量好
TRAIN_26024,PRODUCT_65500,图书音像,价格,价格贵,negative,价格贵
TRAIN_26029,PRODUCT_458798,图书音像,正品,正品放心,positive,正品放心
TRAIN_26029,PRODUCT_458798,图书音像,正品,疑似假货,negative,疑似假货
TRAIN_26032,PRODUCT_343014,图书音像,正品,正品放心,positive,正品放心
TRAIN_26040,PRODUCT_105453,图书音像,推荐,会回购,positive,会回购
TRAIN_26071,PRODUCT_509640,电脑/办公,价格,性价比高,positive,性价比高
TRAIN_26072,PRODUCT_457059,图书音像,质量,质量好,positive,质量好
TRAIN_26073,PRODUCT_354152,图书音像,内容,内容不错,positive,内容不错
TRAIN_26077,PRODUCT_482039,图书音像,正品,正品放心,positive,正品放心
TRAIN_26079,PRODUCT_335490,家居生活,质量,质量好,positive,质量好
TRAIN_26086,PRODUCT_386949,图书音像,价格,性价比高,positive,性价比高
TRAIN_26095,PRODUCT_253192,图书音像,内容,内容不错,positive,内容不错
TRAIN_26098,PRODUCT_501807,电脑/办公,正品,正品放心,positive,正品放心
TRAIN_26104,PRODUCT_364863,图书音像,物流,发货快,positive,发货快
TRAIN_26104,PRODUCT_364863,图书音像,价格,性价比高,positive,性价比高
TRAIN_26107,PRODUCT_485297,图书音像,内容,内容不错,positive,内容不错
TRAIN_26114,PRODUCT_500580,鞋类箱包,推荐,不推荐,negative,不推荐
TRAIN_26117,PRODUCT_418823,图书音像,物流,发货快,positive,发货快
TRAIN_26127,PRODUCT_492649,图书音像,正品,正品放心,positive,正品放心
TRAIN_26139,PRODUCT_279695,母婴/玩具,价格,性价比高,positive,性价比高
TRAIN_26139,PRODUCT_279695,母婴/玩具,耐用,很耐用,positive,很耐用
TRAIN_26140,PRODUCT_150089,图书音像,内容,内容不错,positive,内容不错
TRAIN_26145,PRODUCT_482457,图书音像,质量,质量好,positive,质量好
TRAIN_26151,PRODUCT_124644,图书音像,推荐,会回购,positive,会回购
TRAIN_26160,PRODUCT_32218,图书音像,价格,性价比高,positive,性价比高
TRAIN_26164,PRODUCT_404307,手机/数码,正品,正品放心,positive,正品放心
TRAIN_26165,PRODUCT_508192,图书音像,价格,价格贵,negative,价格贵
TRAIN_26171,PRODUCT_100684,美妆个护,味道,味道不错,positive,味道不错
TRAIN_26182,PRODUCT_463779,图书音像,质量,质量差,negative,质量差
TRAIN_26190,PRODUCT_324738,其他,质量,质量好,positive,质量好
TRAIN_26190,PRODUCT_324738,其他,质量,质量差,negative,质量差
TRAIN_26192,PRODUCT_347769,图书音像,质量,质量好,positive,质量好
TRAIN_26192,PRODUCT_347769,图书音像,正品,正品放心,positive,正品放心
TRAIN_26194,PRODUCT_388532,电脑/办公,包装,包装好,positive,包装好
TRAIN_26199,PRODUCT_299507,图书音像,推荐,会回购,positive,会回购
TRAIN_26205,PRODUCT_399104,美妆个护,正品,正品放心,positive,正品放心
TRAIN_26208,PRODUCT_375016,电脑/办公,质量,质量好,positive,质量好
TRAIN_26215,PRODUCT_475086,图书音像,质量,质量好,positive,质量好
TRAIN_26220,PRODUCT_468173,图书音像,价格,性价比高,positive,性价比高
TRAIN_26225,PRODUCT_317416,图书音像,物流,发货快,positive,发货快
TRAIN_26228,PRODUCT_160981,手机/数码,推荐,不推荐,negative,不推荐
TRAIN_26241,PRODUCT_433941,图书音像,质量,质量好,positive,质量好
TRAIN_26252,PRODUCT_156270,电脑/办公,质量,质量好,positive,质量好
TRAIN_26268,PRODUCT_206685,图书音像,质量,质量好,positive,质量好
TRAIN_26268,PRODUCT_206685,图书音像,正品,正品放心,positive,正品放心
TRAIN_26268,PRODUCT_206685,图书音像,内容,内容不错,positive,内容不错
TRAIN_26272,PRODUCT_234534,图书音像,包装,包装好,positive,包装好
TRAIN_26272,PRODUCT_234534,图书音像,内容,内容不错,positive,内容不错
TRAIN_26274,PRODUCT_309057,图书音像,质量,质量差,negative,质量差
TRAIN_26282,PRODUCT_429148,图书音像,内容,内容一般,negative,内容一般
TRAIN_26288,PRODUCT_399532,美妆个护,味道,味道不错,positive,味道不错
TRAIN_26294,PRODUCT_434717,食品/保健,味道,味道一般,negative,味道一般
TRAIN_26297,PRODUCT_244961,电脑/办公,价格,价格贵,negative,价格贵
TRAIN_26297,PRODUCT_244961,电脑/办公,正品,正品放心,positive,正品放心
TRAIN_26298,PRODUCT_432872,图书音像,质量,质量差,negative,质量差
TRAIN_26298,PRODUCT_432872,图书音像,正品,疑似假货,negative,疑似假货
TRAIN_26304,PRODUCT_219434,电脑/办公,质量,质量差,negative,质量差
TRAIN_26305,PRODUCT_520650,图书音像,价格,性价比高,positive,性价比高
TRAIN_26305,PRODUCT_520650,图书音像,价格,价格贵,negative,价格贵
TRAIN_26313,PRODUCT_365904,图书音像,包装,包装好,positive,包装好
TRAIN_26319,PRODUCT_74947,图书音像,质量,质量好,positive,质量好
TRAIN_26319,PRODUCT_74947,图书音像,包装,包装好,positive,包装好
TRAIN_26322,PRODUCT_10268,手机/数码,价格,性价比高,positive,性价比高
TRAIN_26322,PRODUCT_10268,手机/数码,耐用,容易坏,negative,容易坏
TRAIN_26324,PRODUCT_336702,图书音像,正品,正品放心,positive,正品放心
TRAIN_26327,PRODUCT_269446,图书音像,推荐,会回购,positive,会回购
TRAIN_26345,PRODUCT_504304,图书音像,正品,正品放心,positive,正品放心
TRAIN_26345,PRODUCT_504304,图书音像,正品,疑似假货,negative,疑似假货
TRAIN_26351,PRODUCT_430790,手机/数码,质量,质量差,negative,质量差
TRAIN_26356,PRODUCT_323015,图书音像,正品,疑似假货,negative,疑似假货
TRAIN_26358,PRODUCT_510466,图书音像,质量,质量好,positive,质量好
TRAIN_26358,PRODUCT_510466,图书音像,正品,正品放心,positive,正品放心
TRAIN_26363,PRODUCT_195420,图书音像,质量,质量好,positive,质量好
TRAIN_26365,PRODUCT_170799,图书音像,包装,包装差,negative,包装差
TRAIN_26365,PRODUCT_170799,图书音像,正品,疑似假货,negative,疑似假货
TRAIN_26368,PRODUCT_28785,手机/数码,物流,发货快,positive,发货快
TRAIN_26368,PRODUCT_28785,手机/数码,正品,正品放心,positive,正品放心
TRAIN_26370,PRODUCT_438615,图书音像,推荐,会回购,positive,会回购
TRAIN_26377,PRODUCT_311075,图书音像,质量,质量好,positive,质量好
TRAIN_26388,PRODUCT_30629,图书音像,正品,疑似假货,negative,疑似假货
TRAIN_26395,PRODUCT_348342,电脑/办公,正品,正品放心,positive,正品放心
TRAIN_26401,PRODUCT_7450,图书音像,价格,性价比高,positive,性价比高
TRAIN_26401,PRODUCT_7450,图书音像,正品,正品放心,positive,正品放心
TRAIN_26403,PRODUCT_446555,图书音像,物流,物流慢,negative,物流慢
TRAIN_26406,PRODUCT_143781,家居生活,质量,质量好,positive,质量好
TRAIN_26407,PRODUCT_103756,电脑/办公,正品,正品放心,positive,正品放心
TRAIN_26408,PRODUCT_351621,母婴/玩具,质量,质量好,positive,质量好
TRAIN_26408,PRODUCT_351621,母婴/玩具,耐用,很耐用,positive,很耐用
TRAIN_26426,PRODUCT_80196,电脑/办公,正品,正品放心,positive,正品放心
TRAIN_26440,PRODUCT_356582,图书音像,质量,质量好,positive,质量好
TRAIN_26443,PRODUCT_212633,图书音像,质量,质量好,positive,质量好
TRAIN_26448,PRODUCT_446696,运动户外,质量,质量好,positive,质量好
TRAIN_26458,PRODUCT_180622,图书音像,内容,内容不错,positive,内容不错
TRAIN_26459,PRODUCT_453833,图书音像,正品,正品放心,positive,正品放心
TRAIN_26483,PRODUCT_461684,图书音像,正品,疑似假货,negative,疑似假货
TRAIN_26490,PRODUCT_403808,图书音像,正品,疑似假货,negative,疑似假货
TRAIN_26497,PRODUCT_355207,图书音像,质量,质量好,positive,质量好
TRAIN_26498,PRODUCT_475816,图书音像,质量,质量好,positive,质量好
TRAIN_26506,PRODUCT_405112,图书音像,正品,正品放心,positive,正品放心
TRAIN_26525,PRODUCT_381006,图书音像,正品,正品放心,positive,正品放心
TRAIN_26534,PRODUCT_184263,图书音像,质量,质量好,positive,质量好
TRAIN_26541,PRODUCT_305831,手机/数码,质量,质量差,negative,质量差
TRAIN_26547,PRODUCT_335730,图书音像,内容,内容一般,negative,内容一般
TRAIN_26551,PRODUCT_136179,图书音像,质量,质量好,positive,质量好
TRAIN_26551,PRODUCT_136179,图书音像,物流,物流慢,negative,物流慢
TRAIN_26571,PRODUCT_357412,图书音像,内容,内容不错,positive,内容不错
TRAIN_26572,PRODUCT_329325,图书音像,质量,质量好,positive,质量好
TRAIN_26572,PRODUCT_329325,图书音像,物流,发货快,positive,发货快
TRAIN_26575,PRODUCT_385804,图书音像,正品,正品放心,positive,正品放心
TRAIN_26578,PRODUCT_220115,图书音像,质量,质量好,positive,质量好
TRAIN_26582,PRODUCT_50246,图书音像,外观,外观一般,negative,外观一般
TRAIN_26595,PRODUCT_313797,图书音像,正品,正品放心,positive,正品放心
TRAIN_26598,PRODUCT_167022,图书音像,包装,包装好,positive,包装好
TRAIN_26599,PRODUCT_295023,图书音像,正品,正品放心,positive,正品放心
TRAIN_26608,PRODUCT_68508,电脑/办公,屏幕,屏幕差,negative,屏幕差
TRAIN_26617,PRODUCT_188892,美妆个护,质量,质量差,negative,质量差
TRAIN_26618,PRODUCT_458964,电脑/办公,价格,价格贵,negative,价格贵
TRAIN_26623,PRODUCT_348686,图书音像,价格,性价比高,positive,性价比高
TRAIN_26638,PRODUCT_442480,图书音像,质量,质量好,positive,质量好
TRAIN_26641,PRODUCT_308201,图书音像,质量,质量好,positive,质量好
TRAIN_26643,PRODUCT_56679,手机/数码,价格,性价比高,positive,性价比高
TRAIN_26649,PRODUCT_409522,家用电器,价格,性价比高,positive,性价比高
TRAIN_26651,PRODUCT_398666,图书音像,质量,质量好,positive,质量好
TRAIN_26652,PRODUCT_183187,图书音像,质量,质量好,positive,质量好
TRAIN_26653,PRODUCT_16906,家居生活,质量,质量好,positive,质量好
TRAIN_26655,PRODUCT_242680,其他,正品,正品放心,positive,正品放心
TRAIN_26663,PRODUCT_157549,图书音像,外观,外观一般,negative,外观一般
TRAIN_26663,PRODUCT_157549,图书音像,内容,内容一般,negative,内容一般
TRAIN_26676,PRODUCT_219947,电脑/办公,正品,正品放心,positive,正品放心
TRAIN_26677,PRODUCT_469909,手机/数码,正品,疑似假货,negative,疑似假货
TRAIN_26682,PRODUCT_248470,图书音像,内容,内容不错,positive,内容不错
TRAIN_26686,PRODUCT_84253,其他,价格,性价比高,positive,性价比高
TRAIN_26689,PRODUCT_155698,图书音像,物流,发货快,positive,发货快
TRAIN_26694,PRODUCT_331013,电脑/办公,正品,疑似假货,negative,疑似假货
TRAIN_26708,PRODUCT_13521,图书音像,内容,内容不错,positive,内容不错
TRAIN_26710,PRODUCT_107860,其他,质量,质量差,negative,质量差
TRAIN_26714,PRODUCT_344079,图书音像,质量,质量好,positive,质量好
TRAIN_26717,PRODUCT_409522,家用电器,价格,性价比高,positive,性价比高
TRAIN_26720,PRODUCT_140157,电脑/办公,价格,性价比高,positive,性价比高
TRAIN_26740,PRODUCT_476202,手机/数码,正品,正品放心,positive,正品放心
TRAIN_26744,PRODUCT_378015,食品/保健,推荐,会回购,positive,会回购
TRAIN_26744,PRODUCT_378015,食品/保健,味道,味道不错,positive,味道不错
TRAIN_26751,PRODUCT_227208,手机/数码,价格,性价比高,positive,性价比高
TRAIN_26755,PRODUCT_208221,图书音像,质量,质量好,positive,质量好
TRAIN_26756,PRODUCT_221278,图书音像,正品,正品放心,positive,正品放心
TRAIN_26760,PRODUCT_446113,图书音像,价格,性价比高,positive,性价比高
TRAIN_26760,PRODUCT_446113,图书音像,内容,内容不错,positive,内容不错
TRAIN_26763,PRODUCT_325977,图书音像,包装,包装好,positive,包装好
TRAIN_26765,PRODUCT_235062,图书音像,内容,内容不错,positive,内容不错
TRAIN_26775,PRODUCT_493145,美妆个护,正品,正品放心,positive,正品放心
TRAIN_26779,PRODUCT_127662,图书音像,物流,发货快,positive,发货快
TRAIN_26781,PRODUCT_29744,家具/家装/建材,物流,发货快,positive,发货快
TRAIN_26782,PRODUCT_135799,图书音像,质量,质量好,positive,质量好
TRAIN_26782,PRODUCT_135799,图书音像,正品,正品放心,positive,正品放心
TRAIN_26789,PRODUCT_194368,图书音像,推荐,不推荐,negative,不推荐
TRAIN_26789,PRODUCT_194368,图书音像,内容,内容一般,negative,内容一般
TRAIN_26791,PRODUCT_361861,图书音像,正品,正品放心,positive,正品放心
TRAIN_26793,PRODUCT_44765,食品/保健,味道,味道不错,positive,味道不错
TRAIN_26797,PRODUCT_78811,电脑/办公,耐用,容易坏,negative,容易坏
TRAIN_26799,PRODUCT_266987,图书音像,包装,包装差,negative,包装差
TRAIN_26799,PRODUCT_266987,图书音像,正品,正品放心,positive,正品放心
TRAIN_26799,PRODUCT_266987,图书音像,正品,疑似假货,negative,疑似假货
TRAIN_26804,PRODUCT_265783,图书音像,质量,质量好,positive,质量好
TRAIN_26809,PRODUCT_154775,图书音像,正品,正品放心,positive,正品放心
TRAIN_26813,PRODUCT_151491,美妆个护,物流,发货快,positive,发货快
TRAIN_26814,PRODUCT_454833,图书音像,耐用,容易坏,negative,容易坏
TRAIN_26826,PRODUCT_318436,美妆个护,味道,味道不错,positive,味道不错
TRAIN_26834,PRODUCT_105631,图书音像,质量,质量好,positive,质量好
TRAIN_26841,PRODUCT_208797,图书音像,正品,正品放心,positive,正品放心
TRAIN_26844,PRODUCT_4179,手机/数码,质量,质量差,negative,质量差
TRAIN_26845,PRODUCT_499977,图书音像,质量,质量好,positive,质量好
TRAIN_26849,PRODUCT_474728,图书音像,内容,内容不错,positive,内容不错
TRAIN_26868,PRODUCT_74319,电脑/办公,正品,正品放心,positive,正品放心
TRAIN_26876,PRODUCT_490031,家用电器,正品,正品放心,positive,正品放心
TRAIN_26878,PRODUCT_6424,图书音像,内容,内容不错,positive,内容不错
TRAIN_26896,PRODUCT_88465,美妆个护,包装,包装好,positive,包装好
TRAIN_26896,PRODUCT_88465,美妆个护,味道,味道不错,positive,味道不错
TRAIN_26898,PRODUCT_383179,图书音像,物流,发货快,positive,发货快
TRAIN_26898,PRODUCT_383179,图书音像,包装,包装好,positive,包装好
TRAIN_26901,PRODUCT_165855,图书音像,包装,包装差,negative,包装差
TRAIN_26902,PRODUCT_290562,图书音像,质量,质量好,positive,质量好
TRAIN_26903,PRODUCT_377389,钟表/首饰/眼镜/礼品,质量,质量差,negative,质量差
TRAIN_26903,PRODUCT_377389,钟表/首饰/眼镜/礼品,耐用,容易坏,negative,容易坏
TRAIN_26903,PRODUCT_377389,钟表/首饰/眼镜/礼品,推荐,不推荐,negative,不推荐
TRAIN_26904,PRODUCT_166280,图书音像,包装,包装差,negative,包装差
TRAIN_26905,PRODUCT_164848,图书音像,质量,质量好,positive,质量好
TRAIN_26906,PRODUCT_34313,电脑/办公,价格,性价比高,positive,性价比高
TRAIN_26918,PRODUCT_259964,图书音像,正品,正品放心,positive,正品放心
TRAIN_26919,PRODUCT_245373,图书音像,质量,质量好,positive,质量好
TRAIN_26924,PRODUCT_481634,美妆个护,味道,味道不错,positive,味道不错
TRAIN_26932,PRODUCT_370265,图书音像,价格,性价比高,positive,性价比高
TRAIN_26932,PRODUCT_370265,图书音像,内容,内容一般,negative,内容一般
TRAIN_26941,PRODUCT_453625,其他,价格,性价比高,positive,性价比高
TRAIN_26945,PRODUCT_259687,图书音像,内容,内容不错,positive,内容不错
TRAIN_26949,PRODUCT_311705,图书音像,价格,性价比高,positive,性价比高
TRAIN_26956,PRODUCT_456688,图书音像,包装,包装差,negative,包装差
TRAIN_26957,PRODUCT_95616,图书音像,质量,质量好,positive,质量好
TRAIN_26957,PRODUCT_95616,图书音像,正品,正品放心,positive,正品放心
TRAIN_26958,PRODUCT_445538,家用电器,物流,物流慢,negative,物流慢
TRAIN_26961,PRODUCT_300824,图书音像,推荐,会回购,positive,会回购
TRAIN_26972,PRODUCT_87928,图书音像,价格,性价比高,positive,性价比高
TRAIN_26974,PRODUCT_201456,家居生活,价格,性价比高,positive,性价比高
TRAIN_26982,PRODUCT_278273,美妆个护,正品,正品放心,positive,正品放心
TRAIN_26988,PRODUCT_259184,电脑/办公,质量,质量差,negative,质量差
TRAIN_26988,PRODUCT_259184,电脑/办公,耐用,容易坏,negative,容易坏
TRAIN_26994,PRODUCT_506524,服饰服装,推荐,会回购,positive,会回购
TRAIN_26996,PRODUCT_173327,图书音像,价格,价格贵,negative,价格贵
TRAIN_27000,PRODUCT_392284,家居生活,价格,价格贵,negative,价格贵
TRAIN_27016,PRODUCT_414870,图书音像,质量,质量好,positive,质量好
TRAIN_27020,PRODUCT_455775,食品/保健,味道,味道不错,positive,味道不错
TRAIN_27031,PRODUCT_178693,图书音像,质量,质量差,negative,质量差
TRAIN_27032,PRODUCT_429054,运动户外,质量,质量好,positive,质量好
TRAIN_27038,PRODUCT_80446,鞋类箱包,正品,正品放心,positive,正品放心
TRAIN_27038,PRODUCT_80446,鞋类箱包,耐用,很耐用,positive,很耐用
TRAIN_27038,PRODUCT_80446,鞋类箱包,推荐,会回购,positive,会回购
TRAIN_27043,PRODUCT_386131,服饰服装,价格,性价比高,positive,性价比高
TRAIN_27047,PRODUCT_266702,图书音像,内容,内容不错,positive,内容不错
TRAIN_27063,PRODUCT_252507,图书音像,质量,质量好,positive,质量好
TRAIN_27065,PRODUCT_306120,图书音像,包装,包装好,positive,包装好
TRAIN_27067,PRODUCT_359765,鞋类箱包,质量,质量好,positive,质量好
TRAIN_27072,PRODUCT_521422,图书音像,正品,正品放心,positive,正品放心
TRAIN_27075,PRODUCT_166151,图书音像,物流,发货快,positive,发货快
TRAIN_27075,PRODUCT_166151,图书音像,正品,正品放心,positive,正品放心
TRAIN_27076,PRODUCT_389495,电脑/办公,屏幕,屏幕清晰,positive,屏幕清晰
TRAIN_27094,PRODUCT_265846,图书音像,推荐,不推荐,negative,不推荐
TRAIN_27100,PRODUCT_57562,家具/家装/建材,包装,包装好,positive,包装好
TRAIN_27101,PRODUCT_138124,图书音像,质量,质量好,positive,质量好
TRAIN_27104,PRODUCT_507323,电脑/办公,价格,性价比高,positive,性价比高
TRAIN_27105,PRODUCT_353712,图书音像,价格,性价比高,positive,性价比高
TRAIN_27109,PRODUCT_76394,图书音像,质量,质量差,negative,质量差
TRAIN_27112,PRODUCT_197769,电脑/办公,耐用,很耐用,positive,很耐用
TRAIN_27115,PRODUCT_461991,鞋类箱包,外观,外观好看,positive,外观好看
TRAIN_27122,PRODUCT_48347,美妆个护,正品,疑似假货,negative,疑似假货
TRAIN_27124,PRODUCT_178699,图书音像,内容,内容不错,positive,内容不错
TRAIN_27128,PRODUCT_45169,图书音像,质量,质量好,positive,质量好
TRAIN_27128,PRODUCT_45169,图书音像,物流,发货快,positive,发货快
TRAIN_27136,PRODUCT_170259,手机/数码,价格,价格贵,negative,价格贵
TRAIN_27139,PRODUCT_14795,图书音像,质量,质量好,positive,质量好
TRAIN_27151,PRODUCT_468839,图书音像,质量,质量好,positive,质量好
TRAIN_27155,PRODUCT_468397,美妆个护,价格,性价比高,positive,性价比高
TRAIN_27161,PRODUCT_32481,图书音像,价格,性价比高,positive,性价比高
TRAIN_27163,PRODUCT_123976,图书音像,正品,正品放心,positive,正品放心
TRAIN_27171,PRODUCT_138033,手机/数码,耐用,很耐用,positive,很耐用
TRAIN_27174,PRODUCT_252927,图书音像,正品,正品放心,positive,正品放心
TRAIN_27190,PRODUCT_354908,家用电器,价格,性价比高,positive,性价比高
TRAIN_27196,PRODUCT_522072,鞋类箱包,耐用,很耐用,positive,很耐用
TRAIN_27199,PRODUCT_316161,图书音像,正品,正品放心,positive,正品放心
TRAIN_27204,PRODUCT_216364,手机/数码,正品,正品放心,positive,正品放心
TRAIN_27208,PRODUCT_354703,图书音像,正品,正品放心,positive,正品放心
TRAIN_27212,PRODUCT_463359,图书音像,内容,内容不错,positive,内容不错
TRAIN_27213,PRODUCT_480254,图书音像,包装,包装差,negative,包装差
TRAIN_27216,PRODUCT_484168,图书音像,质量,质量差,negative,质量差
TRAIN_27229,PRODUCT_49329,手机/数码,价格,性价比高,positive,性价比高
TRAIN_27235,PRODUCT_369634,图书音像,正品,疑似假货,negative,疑似假货
TRAIN_27241,PRODUCT_107588,图书音像,质量,质量好,positive,质量好
TRAIN_27251,PRODUCT_14630,手机/数码,质量,质量好,positive,质量好
TRAIN_27251,PRODUCT_14630,手机/数码,物流,发货快,positive,发货快
TRAIN_27251,PRODUCT_14630,手机/数码,正品,正品放心,positive,正品放心
TRAIN_27253,PRODUCT_375110,图书音像,物流,发货快,positive,发货快
TRAIN_27254,PRODUCT_243992,图书音像,包装,包装差,negative,包装差
TRAIN_27261,PRODUCT_49979,美妆个护,味道,味道不错,positive,味道不错
TRAIN_27273,PRODUCT_85439,图书音像,正品,正品放心,positive,正品放心
TRAIN_27287,PRODUCT_524698,电脑/办公,质量,质量差,negative,质量差
TRAIN_27288,PRODUCT_96570,手机/数码,外观,外观好看,positive,外观好看
TRAIN_27289,PRODUCT_156270,电脑/办公,物流,发货快,positive,发货快
TRAIN_27289,PRODUCT_156270,电脑/办公,正品,正品放心,positive,正品放心
TRAIN_27290,PRODUCT_385726,图书音像,正品,正品放心,positive,正品放心
TRAIN_27293,PRODUCT_67759,图书音像,推荐,会回购,positive,会回购
TRAIN_27295,PRODUCT_473503,家用电器,物流,发货快,positive,发货快
TRAIN_27299,PRODUCT_180537,手机/数码,外观,外观好看,positive,外观好看
TRAIN_27299,PRODUCT_180537,手机/数码,耐用,很耐用,positive,很耐用
TRAIN_27305,PRODUCT_323772,图书音像,内容,内容不错,positive,内容不错
TRAIN_27307,PRODUCT_329921,美妆个护,包装,包装好,positive,包装好
TRAIN_27310,PRODUCT_200508,电脑/办公,包装,包装好,positive,包装好
TRAIN_27312,PRODUCT_481843,图书音像,正品,正品放心,positive,正品放心
TRAIN_27320,PRODUCT_359012,美妆个护,包装,包装好,positive,包装好
TRAIN_27332,PRODUCT_192803,图书音像,包装,包装差,negative,包装差
TRAIN_27332,PRODUCT_192803,图书音像,正品,正品放心,positive,正品放心
TRAIN_27335,PRODUCT_114581,图书音像,质量,质量好,positive,质量好
TRAIN_27336,PRODUCT_42859,图书音像,内容,内容不错,positive,内容不错
TRAIN_27337,PRODUCT_294843,图书音像,物流,发货快,positive,发货快
TRAIN_27337,PRODUCT_294843,图书音像,正品,正品放心,positive,正品放心
TRAIN_27343,PRODUCT_177794,图书音像,正品,正品放心,positive,正品放心
TRAIN_27347,PRODUCT_51202,图书音像,外观,外观一般,negative,外观一般
TRAIN_27358,PRODUCT_332742,电脑/办公,正品,正品放心,positive,正品放心
TRAIN_27364,PRODUCT_252090,图书音像,物流,发货快,positive,发货快
TRAIN_27364,PRODUCT_252090,图书音像,内容,内容不错,positive,内容不错
TRAIN_27373,PRODUCT_473503,家用电器,质量,质量好,positive,质量好
TRAIN_27383,PRODUCT_272428,手机/数码,质量,质量好,positive,质量好
TRAIN_27388,PRODUCT_139318,图书音像,正品,正品放心,positive,正品放心
TRAIN_27389,PRODUCT_338092,钟表/首饰/眼镜/礼品,正品,正品放心,positive,正品放心
TRAIN_27393,PRODUCT_331460,图书音像,质量,质量好,positive,质量好
TRAIN_27393,PRODUCT_331460,图书音像,物流,发货快,positive,发货快
TRAIN_27412,PRODUCT_103614,图书音像,物流,发货快,positive,发货快
TRAIN_27412,PRODUCT_103614,图书音像,正品,正品放心,positive,正品放心
TRAIN_27416,PRODUCT_365607,图书音像,质量,质量好,positive,质量好
TRAIN_27416,PRODUCT_365607,图书音像,正品,正品放心,positive,正品放心
TRAIN_27437,PRODUCT_100028,图书音像,内容,内容一般,negative,内容一般
TRAIN_27441,PRODUCT_291053,电脑/办公,质量,质量差,negative,质量差
TRAIN_27446,PRODUCT_909,图书音像,正品,正品放心,positive,正品放心
TRAIN_27452,PRODUCT_160286,图书音像,物流,发货快,positive,发货快
TRAIN_27457,PRODUCT_230934,图书音像,正品,正品放心,positive,正品放心
TRAIN_27458,PRODUCT_135269,图书音像,质量,质量好,positive,质量好
TRAIN_27463,PRODUCT_203555,图书音像,质量,质量差,negative,质量差
TRAIN_27464,PRODUCT_126716,图书音像,质量,质量好,positive,质量好
TRAIN_27464,PRODUCT_126716,图书音像,价格,性价比高,positive,性价比高
TRAIN_27477,PRODUCT_143545,图书音像,外观,外观一般,negative,外观一般
TRAIN_27477,PRODUCT_143545,图书音像,耐用,容易坏,negative,容易坏
TRAIN_27478,PRODUCT_219869,图书音像,推荐,不推荐,negative,不推荐
TRAIN_27478,PRODUCT_219869,图书音像,内容,内容一般,negative,内容一般
TRAIN_27481,PRODUCT_388509,电脑/办公,质量,质量好,positive,质量好
TRAIN_27481,PRODUCT_388509,电脑/办公,价格,性价比高,positive,性价比高
TRAIN_27482,PRODUCT_524883,美妆个护,正品,正品放心,positive,正品放心
TRAIN_27482,PRODUCT_524883,美妆个护,味道,味道不错,positive,味道不错
TRAIN_27486,PRODUCT_364311,图书音像,质量,质量好,positive,质量好
TRAIN_27494,PRODUCT_31481,图书音像,包装,包装好,positive,包装好
TRAIN_27504,PRODUCT_200830,家居生活,质量,质量好,positive,质量好
TRAIN_27521,PRODUCT_170245,图书音像,质量,质量好,positive,质量好
TRAIN_27522,PRODUCT_144455,图书音像,正品,正品放心,positive,正品放心
TRAIN_27523,PRODUCT_191556,电脑/办公,质量,质量好,positive,质量好
TRAIN_27523,PRODUCT_191556,电脑/办公,物流,发货快,positive,发货快
TRAIN_27524,PRODUCT_267316,图书音像,内容,内容不错,positive,内容不错
TRAIN_27530,PRODUCT_44074,图书音像,正品,正品放心,positive,正品放心
TRAIN_27541,PRODUCT_80029,鞋类箱包,质量,质量好,positive,质量好
TRAIN_27541,PRODUCT_80029,鞋类箱包,正品,疑似假货,negative,疑似假货
TRAIN_27541,PRODUCT_80029,鞋类箱包,耐用,容易坏,negative,容易坏
TRAIN_27543,PRODUCT_358204,家用电器,耐用,容易坏,negative,容易坏
TRAIN_27543,PRODUCT_358204,家用电器,推荐,会回购,positive,会回购
TRAIN_27558,PRODUCT_479642,图书音像,质量,质量好,positive,质量好
TRAIN_27559,PRODUCT_205019,图书音像,质量,质量好,positive,质量好
TRAIN_27564,PRODUCT_111774,图书音像,质量,质量好,positive,质量好
TRAIN_27565,PRODUCT_156871,家用电器,价格,性价比高,positive,性价比高
TRAIN_27566,PRODUCT_22507,图书音像,内容,内容不错,positive,内容不错
TRAIN_27573,PRODUCT_459021,图书音像,物流,发货快,positive,发货快
TRAIN_27586,PRODUCT_258430,图书音像,推荐,会回购,positive,会回购
TRAIN_27591,PRODUCT_300300,图书音像,内容,内容不错,positive,内容不错
TRAIN_27595,PRODUCT_188539,手机/数码,正品,正品放心,positive,正品放心
TRAIN_27596,PRODUCT_66263,手机/数码,屏幕,屏幕差,negative,屏幕差
TRAIN_27604,PRODUCT_337317,手机/数码,价格,性价比高,positive,性价比高
TRAIN_27605,PRODUCT_210974,图书音像,正品,疑似假货,negative,疑似假货
TRAIN_27606,PRODUCT_88743,图书音像,正品,疑似假货,negative,疑似假货
TRAIN_27607,PRODUCT_242654,手机/数码,价格,性价比高,positive,性价比高
TRAIN_27623,PRODUCT_63208,图书音像,价格,性价比高,positive,性价比高
TRAIN_27634,PRODUCT_471637,手机/数码,耐用,容易坏,negative,容易坏
TRAIN_27637,PRODUCT_300894,家居生活,质量,质量好,positive,质量好
TRAIN_27637,PRODUCT_300894,家居生活,包装,包装差,negative,包装差
TRAIN_27642,PRODUCT_484187,图书音像,包装,包装好,positive,包装好
TRAIN_27649,PRODUCT_393717,图书音像,质量,质量好,positive,质量好
TRAIN_27649,PRODUCT_393717,图书音像,物流,发货快,positive,发货快
TRAIN_27659,PRODUCT_213084,图书音像,质量,质量好,positive,质量好
TRAIN_27662,PRODUCT_242094,图书音像,正品,正品放心,positive,正品放心
TRAIN_27676,PRODUCT_23776,图书音像,质量,质量好,positive,质量好
TRAIN_27676,PRODUCT_23776,图书音像,正品,正品放心,positive,正品放心
TRAIN_27679,PRODUCT_414818,图书音像,质量,质量好,positive,质量好
TRAIN_27679,PRODUCT_414818,图书音像,正品,疑似假货,negative,疑似假货
TRAIN_27682,PRODUCT_455779,家用电器,物流,发货快,positive,发货快
TRAIN_27685,PRODUCT_359494,图书音像,质量,质量好,positive,质量好
TRAIN_27692,PRODUCT_8515,图书音像,内容,内容一般,negative,内容一般
TRAIN_27704,PRODUCT_318740,美妆个护,味道,味道不错,positive,味道不错
TRAIN_27709,PRODUCT_411160,图书音像,内容,内容不错,positive,内容不错
TRAIN_27713,PRODUCT_424752,电脑/办公,质量,质量好,positive,质量好
TRAIN_27719,PRODUCT_182032,图书音像,质量,质量好,positive,质量好
TRAIN_27722,PRODUCT_483711,家用电器,质量,质量差,negative,质量差
TRAIN_27732,PRODUCT_177433,家具/家装/建材,包装,包装差,negative,包装差
TRAIN_27737,PRODUCT_48347,美妆个护,正品,疑似假货,negative,疑似假货
TRAIN_27740,PRODUCT_363238,图书音像,质量,质量好,positive,质量好
TRAIN_27743,PRODUCT_381341,美妆个护,味道,味道不错,positive,味道不错
TRAIN_27746,PRODUCT_329181,图书音像,正品,正品放心,positive,正品放心
TRAIN_27748,PRODUCT_88692,图书音像,质量,质量好,positive,质量好
TRAIN_27757,PRODUCT_490768,图书音像,质量,质量好,positive,质量好
TRAIN_27757,PRODUCT_490768,图书音像,正品,正品放心,positive,正品放心
TRAIN_27764,PRODUCT_1013,图书音像,物流,发货快,positive,发货快
TRAIN_27765,PRODUCT_426564,图书音像,物流,发货快,positive,发货快
TRAIN_27766,PRODUCT_224522,图书音像,价格,价格贵,negative,价格贵
TRAIN_27774,PRODUCT_156270,电脑/办公,正品,正品放心,positive,正品放心
TRAIN_27775,PRODUCT_399436,美妆个护,味道,味道不错,positive,味道不错
TRAIN_27779,PRODUCT_469304,图书音像,质量,质量好,positive,质量好
TRAIN_27781,PRODUCT_209550,图书音像,正品,正品放心,positive,正品放心
TRAIN_27783,PRODUCT_31654,图书音像,内容,内容一般,negative,内容一般
TRAIN_27785,PRODUCT_24220,图书音像,质量,质量好,positive,质量好
TRAIN_27786,PRODUCT_462916,图书音像,质量,质量好,positive,质量好
TRAIN_27792,PRODUCT_249493,电脑/办公,价格,性价比高,positive,性价比高
TRAIN_27795,PRODUCT_142583,图书音像,质量,质量好,positive,质量好
TRAIN_27799,PRODUCT_506071,其他,正品,正品放心,positive,正品放心
TRAIN_27812,PRODUCT_302838,图书音像,包装,包装好,positive,包装好
TRAIN_27812,PRODUCT_302838,图书音像,正品,正品放心,positive,正品放心
TRAIN_27824,PRODUCT_276710,家用电器,外观,外观一般,negative,外观一般
TRAIN_27829,PRODUCT_385903,其他,推荐,会回购,positive,会回购
TRAIN_27837,PRODUCT_84958,图书音像,正品,疑似假货,negative,疑似假货
TRAIN_27846,PRODUCT_372014,图书音像,包装,包装好,positive,包装好
TRAIN_27848,PRODUCT_147210,图书音像,正品,正品放心,positive,正品放心
TRAIN_27853,PRODUCT_85795,图书音像,质量,质量好,positive,质量好
TRAIN_27855,PRODUCT_60253,图书音像,质量,质量好,positive,质量好
TRAIN_27855,PRODUCT_60253,图书音像,正品,正品放心,positive,正品放心
TRAIN_27862,PRODUCT_242186,图书音像,质量,质量好,positive,质量好
TRAIN_27863,PRODUCT_516777,图书音像,物流,发货快,positive,发货快
TRAIN_27863,PRODUCT_516777,图书音像,包装,包装差,negative,包装差
TRAIN_27863,PRODUCT_516777,图书音像,正品,疑似假货,negative,疑似假货
TRAIN_27866,PRODUCT_55646,图书音像,质量,质量差,negative,质量差
TRAIN_27867,PRODUCT_96559,家居生活,质量,质量好,positive,质量好
TRAIN_27872,PRODUCT_121390,手机/数码,质量,质量好,positive,质量好
TRAIN_27874,PRODUCT_284879,鞋类箱包,质量,质量好,positive,质量好
TRAIN_27875,PRODUCT_480415,图书音像,价格,性价比高,positive,性价比高
TRAIN_27875,PRODUCT_480415,图书音像,内容,内容不错,positive,内容不错
TRAIN_27881,PRODUCT_413189,图书音像,内容,内容不错,positive,内容不错
TRAIN_27902,PRODUCT_32523,图书音像,内容,内容不错,positive,内容不错
TRAIN_27905,PRODUCT_32431,其他,价格,性价比高,positive,性价比高
TRAIN_27910,PRODUCT_243608,图书音像,包装,包装好,positive,包装好
TRAIN_27916,PRODUCT_124477,图书音像,正品,正品放心,positive,正品放心
TRAIN_27916,PRODUCT_124477,图书音像,内容,内容不错,positive,内容不错
TRAIN_27923,PRODUCT_233936,图书音像,外观,外观一般,negative,外观一般
TRAIN_27925,PRODUCT_71782,图书音像,质量,质量差,negative,质量差
TRAIN_27934,PRODUCT_31899,图书音像,质量,质量好,positive,质量好
TRAIN_27936,PRODUCT_378680,家用电器,质量,质量差,negative,质量差
TRAIN_27936,PRODUCT_378680,家用电器,物流,发货快,positive,发货快
TRAIN_27943,PRODUCT_318233,母婴/玩具,正品,正品放心,positive,正品放心
TRAIN_27953,PRODUCT_36848,电脑/办公,质量,质量好,positive,质量好
TRAIN_27953,PRODUCT_36848,电脑/办公,外观,外观好看,positive,外观好看
TRAIN_27958,PRODUCT_462418,电脑/办公,耐用,容易坏,negative,容易坏
TRAIN_27967,PRODUCT_45130,电脑/办公,耐用,很耐用,positive,很耐用
TRAIN_27968,PRODUCT_516539,图书音像,价格,性价比高,positive,性价比高
TRAIN_27971,PRODUCT_72777,图书音像,正品,正品放心,positive,正品放心
TRAIN_27975,PRODUCT_42633,电脑/办公,物流,发货快,positive,发货快
TRAIN_27975,PRODUCT_42633,电脑/办公,价格,性价比高,positive,性价比高
TRAIN_27976,PRODUCT_517484,电脑/办公,物流,发货快,positive,发货快
TRAIN_27981,PRODUCT_249493,电脑/办公,正品,正品放心,positive,正品放心
TRAIN_27983,PRODUCT_419047,电脑/办公,正品,疑似假货,negative,疑似假货
TRAIN_27985,PRODUCT_188370,美妆个护,物流,发货快,positive,发货快
TRAIN_27985,PRODUCT_188370,美妆个护,包装,包装好,positive,包装好
TRAIN_27987,PRODUCT_144155,图书音像,包装,包装好,positive,包装好
TRAIN_27989,PRODUCT_272230,电脑/办公,价格,性价比高,positive,性价比高
TRAIN_27991,PRODUCT_509853,图书音像,质量,质量好,positive,质量好
TRAIN_27991,PRODUCT_509853,图书音像,价格,性价比高,positive,性价比高
TRAIN_28011,PRODUCT_378156,图书音像,正品,正品放心,positive,正品放心
TRAIN_28016,PRODUCT_270250,图书音像,质量,质量差,negative,质量差
TRAIN_28018,PRODUCT_3071,图书音像,物流,发货快,positive,发货快
TRAIN_28020,PRODUCT_404648,图书音像,价格,性价比高,positive,性价比高
TRAIN_28021,PRODUCT_10747,图书音像,价格,性价比高,positive,性价比高
TRAIN_28024,PRODUCT_441014,电脑/办公,正品,正品放心,positive,正品放心
TRAIN_28045,PRODUCT_226736,电脑/办公,价格,性价比高,positive,性价比高
TRAIN_28045,PRODUCT_226736,电脑/办公,推荐,会回购,positive,会回购
TRAIN_28047,PRODUCT_149021,图书音像,内容,内容不错,positive,内容不错
TRAIN_28048,PRODUCT_182919,图书音像,质量,质量差,negative,质量差
TRAIN_28053,PRODUCT_290859,手机/数码,价格,价格贵,negative,价格贵
TRAIN_28053,PRODUCT_290859,手机/数码,耐用,很耐用,positive,很耐用
TRAIN_28053,PRODUCT_290859,手机/数码,续航,续航久,positive,续航久
TRAIN_28056,PRODUCT_104705,美妆个护,味道,味道不错,positive,味道不错
TRAIN_28060,PRODUCT_281890,图书音像,质量,质量差,negative,质量差
TRAIN_28060,PRODUCT_281890,图书音像,推荐,不推荐,negative,不推荐
TRAIN_28063,PRODUCT_291828,图书音像,内容,内容不错,positive,内容不错
TRAIN_28066,PRODUCT_483402,美妆个护,价格,价格贵,negative,价格贵
TRAIN_28071,PRODUCT_346907,图书音像,正品,正品放心,positive,正品放心
TRAIN_28072,PRODUCT_67333,图书音像,推荐,不推荐,negative,不推荐
TRAIN_28077,PRODUCT_25072,钟表/首饰/眼镜/礼品,物流,发货快,positive,发货快
TRAIN_28091,PRODUCT_342350,图书音像,内容,内容一般,negative,内容一般
TRAIN_28096,PRODUCT_181225,图书音像,价格,性价比高,positive,性价比高
TRAIN_28101,PRODUCT_298346,图书音像,正品,正品放心,positive,正品放心
TRAIN_28103,PRODUCT_268003,图书音像,耐用,容易坏,negative,容易坏
TRAIN_28106,PRODUCT_48685,图书音像,正品,正品放心,positive,正品放心
TRAIN_28111,PRODUCT_249301,图书音像,价格,性价比高,positive,性价比高
TRAIN_28112,PRODUCT_99363,图书音像,物流,发货快,positive,发货快
TRAIN_28117,PRODUCT_124725,服饰服装,质量,质量好,positive,质量好
TRAIN_28122,PRODUCT_442248,电脑/办公,正品,正品放心,positive,正品放心
TRAIN_28140,PRODUCT_76862,图书音像,正品,正品放心,positive,正品放心
TRAIN_28143,PRODUCT_299937,食品/保健,味道,味道不错,positive,味道不错
TRAIN_28145,PRODUCT_219191,图书音像,正品,疑似假货,negative,疑似假货
TRAIN_28151,PRODUCT_193383,美妆个护,包装,包装好,positive,包装好
TRAIN_28151,PRODUCT_193383,美妆个护,正品,正品放心,positive,正品放心
TRAIN_28151,PRODUCT_193383,美妆个护,推荐,会回购,positive,会回购
TRAIN_28155,PRODUCT_290667,图书音像,质量,质量好,positive,质量好
TRAIN_28155,PRODUCT_290667,图书音像,正品,正品放心,positive,正品放心
TRAIN_28167,PRODUCT_113582,其他,包装,包装好,positive,包装好
TRAIN_28167,PRODUCT_113582,其他,价格,性价比高,positive,性价比高
TRAIN_28169,PRODUCT_452258,图书音像,质量,质量好,positive,质量好
TRAIN_28172,PRODUCT_504489,图书音像,质量,质量差,negative,质量差
TRAIN_28172,PRODUCT_504489,图书音像,内容,内容一般,negative,内容一般
TRAIN_28176,PRODUCT_107940,图书音像,质量,质量好,positive,质量好
TRAIN_28176,PRODUCT_107940,图书音像,正品,正品放心,positive,正品放心
TRAIN_28177,PRODUCT_201589,图书音像,包装,包装好,positive,包装好
TRAIN_28179,PRODUCT_381123,钟表/首饰/眼镜/礼品,外观,外观好看,positive,外观好看
TRAIN_28185,PRODUCT_235189,美妆个护,味道,味道不错,positive,味道不错
TRAIN_28187,PRODUCT_101237,图书音像,正品,正品放心,positive,正品放心
TRAIN_28193,PRODUCT_141854,图书音像,正品,疑似假货,negative,疑似假货
TRAIN_28198,PRODUCT_503787,图书音像,内容,内容不错,positive,内容不错
TRAIN_28205,PRODUCT_69857,图书音像,耐用,容易坏,negative,容易坏
TRAIN_28210,PRODUCT_179717,手机/数码,正品,正品放心,positive,正品放心
TRAIN_28216,PRODUCT_424368,电脑/办公,质量,质量好,positive,质量好
TRAIN_28216,PRODUCT_424368,电脑/办公,价格,性价比高,positive,性价比高
TRAIN_28216,PRODUCT_424368,电脑/办公,推荐,会回购,positive,会回购
TRAIN_28219,PRODUCT_155177,图书音像,质量,质量好,positive,质量好
TRAIN_28224,PRODUCT_281283,图书音像,正品,正品放心,positive,正品放心
TRAIN_28225,PRODUCT_191361,图书音像,质量,质量好,positive,质量好
TRAIN_28226,PRODUCT_324149,图书音像,内容,内容一般,negative,内容一般
TRAIN_28229,PRODUCT_211438,图书音像,质量,质量差,negative,质量差
TRAIN_28230,PRODUCT_55339,图书音像,正品,正品放心,positive,正品放心
TRAIN_28236,PRODUCT_216319,图书音像,推荐,不推荐,negative,不推荐
TRAIN_28237,PRODUCT_128685,图书音像,包装,包装好,positive,包装好
TRAIN_28238,PRODUCT_60574,图书音像,正品,正品放心,positive,正品放心
TRAIN_28242,PRODUCT_195429,其他,物流,发货快,positive,发货快
TRAIN_28243,PRODUCT_378399,图书音像,正品,正品放心,positive,正品放心
TRAIN_28249,PRODUCT_199430,图书音像,正品,疑似假货,negative,疑似假货
TRAIN_28251,PRODUCT_332145,图书音像,内容,内容不错,positive,内容不错
TRAIN_28256,PRODUCT_112645,电脑/办公,正品,正品放心,positive,正品放心
TRAIN_28259,PRODUCT_83130,图书音像,推荐,会回购,positive,会回购
TRAIN_28261,PRODUCT_296042,图书音像,质量,质量好,positive,质量好
TRAIN_28264,PRODUCT_56517,美妆个护,正品,正品放心,positive,正品放心
TRAIN_28276,PRODUCT_173061,图书音像,包装,包装好,positive,包装好
TRAIN_28281,PRODUCT_384063,手机/数码,质量,质量好,positive,质量好
TRAIN_28282,PRODUCT_350487,图书音像,价格,性价比高,positive,性价比高
TRAIN_28289,PRODUCT_493739,图书音像,质量,质量好,positive,质量好
TRAIN_28297,PRODUCT_84778,电脑/办公,质量,质量好,positive,质量好
TRAIN_28303,PRODUCT_395408,家用电器,质量,质量好,positive,质量好
TRAIN_28306,PRODUCT_174379,电脑/办公,耐用,很耐用,positive,很耐用
TRAIN_28307,PRODUCT_96642,图书音像,推荐,会回购,positive,会回购
TRAIN_28325,PRODUCT_300862,图书音像,包装,包装差,negative,包装差
TRAIN_28325,PRODUCT_300862,图书音像,耐用,很耐用,positive,很耐用
TRAIN_28342,PRODUCT_12166,图书音像,质量,质量好,positive,质量好
TRAIN_28355,PRODUCT_361834,图书音像,正品,正品放心,positive,正品放心
TRAIN_28361,PRODUCT_464070,图书音像,质量,质量好,positive,质量好
TRAIN_28363,PRODUCT_12736,电脑/办公,推荐,会回购,positive,会回购
TRAIN_28363,PRODUCT_12736,电脑/办公,推荐,不推荐,negative,不推荐
TRAIN_28365,PRODUCT_19329,图书音像,质量,质量好,positive,质量好
TRAIN_28365,PRODUCT_19329,图书音像,包装,包装差,negative,包装差
TRAIN_28370,PRODUCT_105943,图书音像,质量,质量好,positive,质量好
TRAIN_28384,PRODUCT_411678,图书音像,质量,质量好,positive,质量好
TRAIN_28389,PRODUCT_249233,图书音像,正品,疑似假货,negative,疑似假货
TRAIN_28395,PRODUCT_236173,图书音像,质量,质量好,positive,质量好
TRAIN_28396,PRODUCT_505664,电脑/办公,正品,正品放心,positive,正品放心
TRAIN_28402,PRODUCT_212753,电脑/办公,正品,正品放心,positive,正品放心
TRAIN_28404,PRODUCT_75679,手机/数码,推荐,会回购,positive,会回购
TRAIN_28405,PRODUCT_143434,电脑/办公,包装,包装好,positive,包装好
TRAIN_28408,PRODUCT_392058,图书音像,内容,内容不错,positive,内容不错
TRAIN_28417,PRODUCT_294216,图书音像,价格,性价比高,positive,性价比高
TRAIN_28419,PRODUCT_305101,图书音像,内容,内容不错,positive,内容不错
TRAIN_28426,PRODUCT_221021,手机/数码,正品,正品放心,positive,正品放心
TRAIN_28431,PRODUCT_477822,图书音像,推荐,会回购,positive,会回购
TRAIN_28434,PRODUCT_452332,图书音像,质量,质量好,positive,质量好
TRAIN_28436,PRODUCT_417418,图书音像,质量,质量好,positive,质量好
TRAIN_28437,PRODUCT_159811,图书音像,质量,质量差,negative,质量差
TRAIN_28451,PRODUCT_465128,家用电器,推荐,会回购,positive,会回购
TRAIN_28459,PRODUCT_464011,图书音像,物流,发货快,positive,发货快
TRAIN_28460,PRODUCT_443016,电脑/办公,物流,发货快,positive,发货快
TRAIN_28462,PRODUCT_18026,图书音像,质量,质量好,positive,质量好
TRAIN_28470,PRODUCT_303299,鞋类箱包,款式,款式好看,positive,款式好看
TRAIN_28476,PRODUCT_276026,家用电器,正品,正品放心,positive,正品放心
TRAIN_28476,PRODUCT_276026,家用电器,正品,疑似假货,negative,疑似假货
TRAIN_28488,PRODUCT_313460,图书音像,物流,发货快,positive,发货快
TRAIN_28498,PRODUCT_275253,图书音像,正品,正品放心,positive,正品放心
TRAIN_28502,PRODUCT_9381,图书音像,质量,质量好,positive,质量好
TRAIN_28502,PRODUCT_9381,图书音像,正品,正品放心,positive,正品放心
TRAIN_28503,PRODUCT_199363,图书音像,物流,发货快,positive,发货快
TRAIN_28506,PRODUCT_257628,图书音像,质量,质量差,negative,质量差
TRAIN_28507,PRODUCT_203336,图书音像,推荐,会回购,positive,会回购
TRAIN_28508,PRODUCT_381341,美妆个护,味道,味道不错,positive,味道不错
TRAIN_28511,PRODUCT_236965,图书音像,正品,疑似假货,negative,疑似假货
TRAIN_28516,PRODUCT_43985,母婴/玩具,包装,包装差,negative,包装差
TRAIN_28528,PRODUCT_96642,图书音像,价格,性价比高,positive,性价比高
TRAIN_28529,PRODUCT_458397,美妆个护,包装,包装好,positive,包装好
TRAIN_28529,PRODUCT_458397,美妆个护,正品,正品放心,positive,正品放心
TRAIN_28532,PRODUCT_213027,电脑/办公,价格,性价比高,positive,性价比高
TRAIN_28537,PRODUCT_439176,图书音像,正品,正品放心,positive,正品放心
TRAIN_28547,PRODUCT_76484,图书音像,价格,性价比高,positive,性价比高
TRAIN_28554,PRODUCT_464330,图书音像,正品,正品放心,positive,正品放心
TRAIN_28563,PRODUCT_471085,图书音像,内容,内容不错,positive,内容不错
TRAIN_28564,PRODUCT_59308,图书音像,正品,正品放心,positive,正品放心
TRAIN_28566,PRODUCT_352203,图书音像,质量,质量好,positive,质量好
TRAIN_28567,PRODUCT_306626,图书音像,质量,质量好,positive,质量好
TRAIN_28568,PRODUCT_422989,图书音像,内容,内容不错,positive,内容不错
TRAIN_28572,PRODUCT_502863,图书音像,质量,质量好,positive,质量好
TRAIN_28572,PRODUCT_502863,图书音像,正品,正品放心,positive,正品放心
TRAIN_28573,PRODUCT_305145,图书音像,价格,性价比高,positive,性价比高
TRAIN_28575,PRODUCT_317864,图书音像,物流,发货快,positive,发货快
TRAIN_28575,PRODUCT_317864,图书音像,价格,性价比高,positive,性价比高
TRAIN_28577,PRODUCT_28280,家居生活,质量,质量好,positive,质量好
TRAIN_28577,PRODUCT_28280,家居生活,价格,性价比高,positive,性价比高
TRAIN_28581,PRODUCT_220472,图书音像,质量,质量好,positive,质量好
TRAIN_28585,PRODUCT_55345,电脑/办公,质量,质量差,negative,质量差
TRAIN_28589,PRODUCT_259194,美妆个护,味道,味道不错,positive,味道不错
TRAIN_28593,PRODUCT_487905,家居生活,价格,性价比高,positive,性价比高
TRAIN_28594,PRODUCT_147896,手机/数码,正品,正品放心,positive,正品放心
TRAIN_28596,PRODUCT_500100,图书音像,内容,内容不错,positive,内容不错
TRAIN_28598,PRODUCT_86266,图书音像,质量,质量好,positive,质量好
TRAIN_28610,PRODUCT_429054,运动户外,质量,质量好,positive,质量好
TRAIN_28612,PRODUCT_433981,图书音像,内容,内容一般,negative,内容一般
TRAIN_28618,PRODUCT_145796,图书音像,包装,包装好,positive,包装好
TRAIN_28620,PRODUCT_282806,图书音像,质量,质量好,positive,质量好
TRAIN_28621,PRODUCT_318575,美妆个护,正品,正品放心,positive,正品放心
TRAIN_28632,PRODUCT_11041,电脑/办公,物流,发货快,positive,发货快
TRAIN_28637,PRODUCT_16813,图书音像,包装,包装差,negative,包装差
TRAIN_28638,PRODUCT_271303,图书音像,质量,质量好,positive,质量好
TRAIN_28638,PRODUCT_271303,图书音像,正品,正品放心,positive,正品放心
TRAIN_28640,PRODUCT_330187,美妆个护,物流,发货快,positive,发货快
TRAIN_28640,PRODUCT_330187,美妆个护,正品,正品放心,positive,正品放心
TRAIN_28644,PRODUCT_149116,图书音像,包装,包装差,negative,包装差
TRAIN_28656,PRODUCT_24235,图书音像,包装,包装差,negative,包装差
TRAIN_28660,PRODUCT_258368,图书音像,质量,质量好,positive,质量好
TRAIN_28665,PRODUCT_509551,家用电器,价格,性价比高,positive,性价比高
TRAIN_28671,PRODUCT_511151,图书音像,推荐,会回购,positive,会回购
TRAIN_28674,PRODUCT_172997,图书音像,推荐,不推荐,negative,不推荐
TRAIN_28678,PRODUCT_195455,家居生活,物流,发货快,positive,发货快
TRAIN_28681,PRODUCT_463181,图书音像,内容,内容不错,positive,内容不错
TRAIN_28687,PRODUCT_172465,图书音像,正品,疑似假货,negative,疑似假货
TRAIN_28694,PRODUCT_60754,图书音像,质量,质量好,positive,质量好
TRAIN_28695,PRODUCT_445674,电脑/办公,正品,疑似假货,negative,疑似假货
TRAIN_28706,PRODUCT_105404,图书音像,正品,正品放心,positive,正品放心
TRAIN_28706,PRODUCT_105404,图书音像,内容,内容一般,negative,内容一般
TRAIN_28716,PRODUCT_458770,图书音像,物流,发货快,positive,发货快
TRAIN_28718,PRODUCT_131030,图书音像,质量,质量好,positive,质量好
TRAIN_28720,PRODUCT_500975,图书音像,正品,正品放心,positive,正品放心
TRAIN_28723,PRODUCT_214192,电脑/办公,正品,正品放心,positive,正品放心
TRAIN_28725,PRODUCT_28650,图书音像,质量,质量好,positive,质量好
TRAIN_28731,PRODUCT_501299,图书音像,质量,质量好,positive,质量好
TRAIN_28742,PRODUCT_388311,图书音像,物流,发货快,positive,发货快
TRAIN_28742,PRODUCT_388311,图书音像,推荐,会回购,positive,会回购
TRAIN_28743,PRODUCT_248142,图书音像,质量,质量好,positive,质量好
TRAIN_28747,PRODUCT_96512,图书音像,价格,性价比高,positive,性价比高
TRAIN_28748,PRODUCT_497709,图书音像,物流,发货快,positive,发货快
TRAIN_28761,PRODUCT_88306,图书音像,正品,正品放心,positive,正品放心
TRAIN_28765,PRODUCT_78664,图书音像,正品,疑似假货,negative,疑似假货
TRAIN_28769,PRODUCT_195976,图书音像,质量,质量好,positive,质量好
TRAIN_28771,PRODUCT_294257,图书音像,质量,质量差,negative,质量差
TRAIN_28771,PRODUCT_294257,图书音像,正品,正品放心,positive,正品放心
TRAIN_28771,PRODUCT_294257,图书音像,正品,疑似假货,negative,疑似假货
TRAIN_28783,PRODUCT_244539,图书音像,正品,正品放心,positive,正品放心
TRAIN_28786,PRODUCT_90106,图书音像,物流,发货快,positive,发货快
TRAIN_28786,PRODUCT_90106,图书音像,正品,正品放心,positive,正品放心
TRAIN_28793,PRODUCT_234801,图书音像,正品,疑似假货,negative,疑似假货
TRAIN_28794,PRODUCT_172244,图书音像,质量,质量好,positive,质量好
TRAIN_28803,PRODUCT_361867,图书音像,正品,正品放心,positive,正品放心
TRAIN_28804,PRODUCT_470546,手机/数码,质量,质量差,negative,质量差
TRAIN_28812,PRODUCT_21240,家用电器,耐用,容易坏,negative,容易坏
TRAIN_28813,PRODUCT_123880,图书音像,质量,质量好,positive,质量好
TRAIN_28816,PRODUCT_204335,手机/数码,耐用,很耐用,positive,很耐用
TRAIN_28816,PRODUCT_204335,手机/数码,续航,续航差,negative,续航差
TRAIN_28819,PRODUCT_92386,手机/数码,质量,质量差,negative,质量差
TRAIN_28834,PRODUCT_60695,图书音像,正品,正品放心,positive,正品放心
TRAIN_28842,PRODUCT_124907,图书音像,质量,质量差,negative,质量差
TRAIN_28843,PRODUCT_490490,电脑/办公,正品,正品放心,positive,正品放心
TRAIN_28853,PRODUCT_285200,图书音像,正品,正品放心,positive,正品放心
TRAIN_28862,PRODUCT_62341,图书音像,推荐,会回购,positive,会回购
TRAIN_28868,PRODUCT_407428,电脑/办公,质量,质量好,positive,质量好
TRAIN_28871,PRODUCT_430018,运动户外,价格,价格贵,negative,价格贵
TRAIN_28874,PRODUCT_167289,电脑/办公,正品,正品放心,positive,正品放心
TRAIN_28878,PRODUCT_467718,家具/家装/建材,正品,正品放心,positive,正品放心
TRAIN_28880,PRODUCT_222090,图书音像,正品,正品放心,positive,正品放心
TRAIN_28886,PRODUCT_92386,手机/数码,质量,质量好,positive,质量好
TRAIN_28926,PRODUCT_23676,图书音像,质量,质量好,positive,质量好
TRAIN_28927,PRODUCT_160003,图书音像,物流,发货快,positive,发货快
TRAIN_28940,PRODUCT_231029,食品/保健,价格,性价比高,positive,性价比高
TRAIN_28944,PRODUCT_392643,图书音像,价格,性价比高,positive,性价比高
TRAIN_28949,PRODUCT_175609,电脑/办公,物流,发货快,positive,发货快
TRAIN_28949,PRODUCT_175609,电脑/办公,正品,正品放心,positive,正品放心
TRAIN_28957,PRODUCT_124354,图书音像,质量,质量好,positive,质量好
TRAIN_28968,PRODUCT_211596,美妆个护,质量,质量差,negative,质量差
TRAIN_28979,PRODUCT_432827,图书音像,包装,包装好,positive,包装好
TRAIN_28985,PRODUCT_30608,美妆个护,味道,味道不错,positive,味道不错
TRAIN_28989,PRODUCT_463280,图书音像,正品,正品放心,positive,正品放心
TRAIN_28989,PRODUCT_463280,图书音像,正品,疑似假货,negative,疑似假货
TRAIN_28991,PRODUCT_289601,食品/保健,味道,味道不错,positive,味道不错
TRAIN_28992,PRODUCT_41009,图书音像,质量,质量差,negative,质量差
TRAIN_28992,PRODUCT_41009,图书音像,包装,包装差,negative,包装差
TRAIN_29000,PRODUCT_394433,图书音像,质量,质量好,positive,质量好
TRAIN_29001,PRODUCT_448942,图书音像,内容,内容不错,positive,内容不错
TRAIN_29002,PRODUCT_476933,手机/数码,价格,性价比高,positive,性价比高
TRAIN_29004,PRODUCT_77960,图书音像,质量,质量好,positive,质量好
TRAIN_29004,PRODUCT_77960,图书音像,正品,正品放心,positive,正品放心
TRAIN_29005,PRODUCT_355575,服饰服装,尺码,尺码合适,positive,尺码合适
TRAIN_29008,PRODUCT_494622,图书音像,正品,正品放心,positive,正品放心
TRAIN_29014,PRODUCT_160766,图书音像,质量,质量好,positive,质量好
TRAIN_29015,PRODUCT_386924,电脑/办公,正品,正品放心,positive,正品放心
TRAIN_29017,PRODUCT_368899,图书音像,质量,质量好,positive,质量好
TRAIN_29019,PRODUCT_364264,电脑/办公,正品,正品放心,positive,正品放心
TRAIN_29021,PRODUCT_76276,图书音像,价格,价格贵,negative,价格贵
TRAIN_29023,PRODUCT_39691,图书音像,价格,性价比高,positive,性价比高
TRAIN_29025,PRODUCT_457826,美妆个护,正品,正品放心,positive,正品放心
TRAIN_29025,PRODUCT_457826,美妆个护,味道,味道不错,positive,味道不错
TRAIN_29026,PRODUCT_456061,其他,正品,疑似假货,negative,疑似假货
TRAIN_29044,PRODUCT_25199,电脑/办公,质量,质量好,positive,质量好
TRAIN_29046,PRODUCT_137736,美妆个护,味道,味道不错,positive,味道不错
TRAIN_29067,PRODUCT_169436,图书音像,内容,内容一般,negative,内容一般
TRAIN_29068,PRODUCT_82643,图书音像,价格,性价比高,positive,性价比高
TRAIN_29069,PRODUCT_492498,图书音像,内容,内容不错,positive,内容不错
TRAIN_29070,PRODUCT_166992,图书音像,内容,内容不错,positive,内容不错
TRAIN_29072,PRODUCT_120748,图书音像,包装,包装差,negative,包装差
TRAIN_29079,PRODUCT_408541,图书音像,正品,正品放心,positive,正品放心
TRAIN_29079,PRODUCT_408541,图书音像,正品,疑似假货,negative,疑似假货
TRAIN_29084,PRODUCT_493334,图书音像,价格,性价比高,positive,性价比高
TRAIN_29092,PRODUCT_457861,图书音像,质量,质量好,positive,质量好
TRAIN_29096,PRODUCT_410787,图书音像,正品,正品放心,positive,正品放心
TRAIN_29098,PRODUCT_444332,图书音像,价格,性价比高,positive,性价比高
TRAIN_29111,PRODUCT_442474,手机/数码,正品,正品放心,positive,正品放心
TRAIN_29119,PRODUCT_208098,图书音像,质量,质量好,positive,质量好
TRAIN_29131,PRODUCT_283373,电脑/办公,正品,正品放心,positive,正品放心
TRAIN_29138,PRODUCT_167277,电脑/办公,正品,正品放心,positive,正品放心
TRAIN_29140,PRODUCT_330353,图书音像,包装,包装好,positive,包装好
TRAIN_29141,PRODUCT_127634,电脑/办公,耐用,容易坏,negative,容易坏
TRAIN_29145,PRODUCT_332636,图书音像,价格,性价比高,positive,性价比高
TRAIN_29146,PRODUCT_324845,图书音像,质量,质量好,positive,质量好
TRAIN_29147,PRODUCT_296390,手机/数码,质量,质量好,positive,质量好
TRAIN_29147,PRODUCT_296390,手机/数码,耐用,很耐用,positive,很耐用
TRAIN_29147,PRODUCT_296390,手机/数码,推荐,会回购,positive,会回购
TRAIN_29147,PRODUCT_296390,手机/数码,续航,续航差,negative,续航差
TRAIN_29149,PRODUCT_45647,图书音像,质量,质量好,positive,质量好
TRAIN_29166,PRODUCT_339191,图书音像,内容,内容不错,positive,内容不错
TRAIN_29167,PRODUCT_96026,图书音像,正品,正品放心,positive,正品放心
TRAIN_29167,PRODUCT_96026,图书音像,正品,疑似假货,negative,疑似假货
TRAIN_29171,PRODUCT_148125,其他,正品,正品放心,positive,正品放心
TRAIN_29174,PRODUCT_294632,图书音像,价格,性价比高,positive,性价比高
TRAIN_29184,PRODUCT_302838,图书音像,正品,正品放心,positive,正品放心
TRAIN_29185,PRODUCT_44697,手机/数码,耐用,容易坏,negative,容易坏
TRAIN_29185,PRODUCT_44697,手机/数码,屏幕,屏幕清晰,positive,屏幕清晰
TRAIN_29188,PRODUCT_10266,图书音像,正品,疑似假货,negative,疑似假货
TRAIN_29195,PRODUCT_407855,图书音像,物流,发货快,positive,发货快
TRAIN_29196,PRODUCT_216872,图书音像,质量,质量好,positive,质量好
TRAIN_29196,PRODUCT_216872,图书音像,正品,正品放心,positive,正品放心
TRAIN_29200,PRODUCT_493739,图书音像,正品,正品放心,positive,正品放心
TRAIN_29205,PRODUCT_401254,家居生活,价格,性价比高,positive,性价比高
TRAIN_29207,PRODUCT_355247,图书音像,内容,内容不错,positive,内容不错
TRAIN_29209,PRODUCT_459547,母婴/玩具,质量,质量好,positive,质量好
TRAIN_29215,PRODUCT_157886,图书音像,物流,发货快,positive,发货快
TRAIN_29221,PRODUCT_40290,手机/数码,耐用,容易坏,negative,容易坏
TRAIN_29222,PRODUCT_205339,图书音像,包装,包装好,positive,包装好
TRAIN_29222,PRODUCT_205339,图书音像,正品,正品放心,positive,正品放心
TRAIN_29242,PRODUCT_379502,图书音像,价格,性价比高,positive,性价比高
TRAIN_29244,PRODUCT_185359,美妆个护,正品,正品放心,positive,正品放心
TRAIN_29247,PRODUCT_50818,图书音像,正品,正品放心,positive,正品放心
TRAIN_29249,PRODUCT_76844,图书音像,质量,质量差,negative,质量差
TRAIN_29253,PRODUCT_269385,图书音像,物流,发货快,positive,发货快
TRAIN_29278,PRODUCT_306847,图书音像,质量,质量好,positive,质量好
TRAIN_29279,PRODUCT_95225,家具/家装/建材,包装,包装好,positive,包装好
TRAIN_29279,PRODUCT_95225,家具/家装/建材,正品,正品放心,positive,正品放心
TRAIN_29294,PRODUCT_359580,图书音像,价格,性价比高,positive,性价比高
TRAIN_29300,PRODUCT_92646,图书音像,物流,发货快,positive,发货快
TRAIN_29308,PRODUCT_348342,电脑/办公,正品,正品放心,positive,正品放心
TRAIN_29312,PRODUCT_60253,图书音像,质量,质量好,positive,质量好
TRAIN_29313,PRODUCT_25244,图书音像,质量,质量好,positive,质量好
TRAIN_29313,PRODUCT_25244,图书音像,物流,发货快,positive,发货快
TRAIN_29319,PRODUCT_312383,运动户外,耐用,很耐用,positive,很耐用
TRAIN_29321,PRODUCT_365904,图书音像,正品,疑似假货,negative,疑似假货
TRAIN_29325,PRODUCT_480626,电脑/办公,正品,正品放心,positive,正品放心
TRAIN_29333,PRODUCT_196403,电脑/办公,价格,价格贵,negative,价格贵
TRAIN_29336,PRODUCT_280766,图书音像,价格,性价比高,positive,性价比高
TRAIN_29337,PRODUCT_445029,家用电器,质量,质量好,positive,质量好
TRAIN_29337,PRODUCT_445029,家用电器,正品,正品放心,positive,正品放心
TRAIN_29349,PRODUCT_266248,食品/保健,味道,味道不错,positive,味道不错
TRAIN_29350,PRODUCT_314288,手机/数码,耐用,很耐用,positive,很耐用
TRAIN_29350,PRODUCT_314288,手机/数码,续航,续航差,negative,续航差
TRAIN_29353,PRODUCT_334403,电脑/办公,正品,正品放心,positive,正品放心
TRAIN_29353,PRODUCT_334403,电脑/办公,耐用,容易坏,negative,容易坏
TRAIN_29355,PRODUCT_60077,图书音像,物流,发货快,positive,发货快
TRAIN_29362,PRODUCT_457319,图书音像,物流,发货快,positive,发货快
TRAIN_29369,PRODUCT_200003,图书音像,正品,正品放心,positive,正品放心
TRAIN_29370,PRODUCT_86506,图书音像,价格,性价比高,positive,性价比高
TRAIN_29370,PRODUCT_86506,图书音像,内容,内容一般,negative,内容一般
TRAIN_29373,PRODUCT_55009,手机/数码,质量,质量差,negative,质量差
TRAIN_29402,PRODUCT_201562,食品/保健,味道,味道不错,positive,味道不错
TRAIN_29405,PRODUCT_240970,图书音像,正品,疑似假货,negative,疑似假货
TRAIN_29407,PRODUCT_52730,电脑/办公,正品,正品放心,positive,正品放心
TRAIN_29415,PRODUCT_257491,图书音像,质量,质量好,positive,质量好
TRAIN_29415,PRODUCT_257491,图书音像,正品,正品放心,positive,正品放心
TRAIN_29418,PRODUCT_283415,电脑/办公,价格,性价比高,positive,性价比高
TRAIN_29423,PRODUCT_144098,电脑/办公,质量,质量好,positive,质量好
TRAIN_29425,PRODUCT_1531,图书音像,内容,内容一般,negative,内容一般
TRAIN_29429,PRODUCT_231170,图书音像,内容,内容不错,positive,内容不错
TRAIN_29440,PRODUCT_483445,图书音像,内容,内容不错,positive,内容不错
TRAIN_29443,PRODUCT_15089,图书音像,内容,内容不错,positive,内容不错
TRAIN_29447,PRODUCT_251757,美妆个护,价格,性价比高,positive,性价比高
TRAIN_29449,PRODUCT_383707,图书音像,内容,内容不错,positive,内容不错
TRAIN_29452,PRODUCT_224242,图书音像,推荐,会回购,positive,会回购
TRAIN_29462,PRODUCT_359466,图书音像,物流,发货快,positive,发货快
TRAIN_29473,PRODUCT_232407,图书音像,物流,发货快,positive,发货快
TRAIN_29476,PRODUCT_462236,图书音像,质量,质量差,negative,质量差
TRAIN_29484,PRODUCT_4418,手机/数码,价格,性价比高,positive,性价比高
TRAIN_29503,PRODUCT_319507,家居生活,正品,疑似假货,negative,疑似假货
TRAIN_29513,PRODUCT_353704,其他,正品,正品放心,positive,正品放心
TRAIN_29514,PRODUCT_430013,图书音像,内容,内容不错,positive,内容不错
TRAIN_29517,PRODUCT_276519,图书音像,价格,性价比高,positive,性价比高
TRAIN_29520,PRODUCT_202756,电脑/办公,价格,性价比高,positive,性价比高
TRAIN_29522,PRODUCT_303902,图书音像,正品,正品放心,positive,正品放心
TRAIN_29522,PRODUCT_303902,图书音像,正品,疑似假货,negative,疑似假货
TRAIN_29525,PRODUCT_50246,图书音像,内容,内容不错,positive,内容不错
TRAIN_29527,PRODUCT_207122,鞋类箱包,物流,发货快,positive,发货快
TRAIN_29527,PRODUCT_207122,鞋类箱包,耐用,很耐用,positive,很耐用
TRAIN_29527,PRODUCT_207122,鞋类箱包,耐用,容易坏,negative,容易坏
TRAIN_29536,PRODUCT_43122,美妆个护,正品,疑似假货,negative,疑似假货
TRAIN_29540,PRODUCT_331120,手机/数码,质量,质量差,negative,质量差
TRAIN_29549,PRODUCT_315427,图书音像,内容,内容不错,positive,内容不错
TRAIN_29553,PRODUCT_395903,电脑/办公,推荐,会回购,positive,会回购
TRAIN_29561,PRODUCT_82836,图书音像,内容,内容不错,positive,内容不错
TRAIN_29568,PRODUCT_321427,图书音像,正品,正品放心,positive,正品放心
TRAIN_29569,PRODUCT_450621,钟表/首饰/眼镜/礼品,物流,发货快,positive,发货快
TRAIN_29574,PRODUCT_179263,图书音像,质量,质量好,positive,质量好
TRAIN_29577,PRODUCT_284575,图书音像,质量,质量好,positive,质量好
TRAIN_29578,PRODUCT_44957,电脑/办公,正品,正品放心,positive,正品放心
TRAIN_29584,PRODUCT_346563,图书音像,质量,质量好,positive,质量好
TRAIN_29588,PRODUCT_464305,电脑/办公,耐用,容易坏,negative,容易坏
TRAIN_29591,PRODUCT_504723,图书音像,质量,质量好,positive,质量好
TRAIN_29593,PRODUCT_301039,图书音像,内容,内容不错,positive,内容不错
TRAIN_29596,PRODUCT_244997,图书音像,内容,内容不错,positive,内容不错
TRAIN_29600,PRODUCT_444807,图书音像,质量,质量好,positive,质量好
TRAIN_29600,PRODUCT_444807,图书音像,物流,发货快,positive,发货快
TRAIN_29613,PRODUCT_141013,图书音像,正品,正品放心,positive,正品放心
TRAIN_29616,PRODUCT_516925,图书音像,质量,质量好,positive,质量好
TRAIN_29616,PRODUCT_516925,图书音像,正品,正品放心,positive,正品放心
TRAIN_29618,PRODUCT_61117,家用电器,包装,包装好,positive,包装好
TRAIN_29618,PRODUCT_61117,家用电器,耐用,很耐用,positive,很耐用
TRAIN_29627,PRODUCT_445697,食品/保健,正品,正品放心,positive,正品放心
TRAIN_29636,PRODUCT_7911,图书音像,质量,质量好,positive,质量好
TRAIN_29637,PRODUCT_382596,图书音像,内容,内容一般,negative,内容一般
TRAIN_29642,PRODUCT_322586,图书音像,物流,发货快,positive,发货快
TRAIN_29646,PRODUCT_136897,图书音像,包装,包装差,negative,包装差
TRAIN_29646,PRODUCT_136897,图书音像,正品,疑似假货,negative,疑似假货
TRAIN_29647,PRODUCT_406693,电脑/办公,质量,质量好,positive,质量好
TRAIN_29649,PRODUCT_154370,图书音像,推荐,会回购,positive,会回购
TRAIN_29653,PRODUCT_283373,电脑/办公,正品,正品放心,positive,正品放心
TRAIN_29653,PRODUCT_283373,电脑/办公,推荐,会回购,positive,会回购
TRAIN_29662,PRODUCT_38908,图书音像,物流,发货快,positive,发货快
TRAIN_29667,PRODUCT_361841,图书音像,正品,正品放心,positive,正品放心
TRAIN_29671,PRODUCT_50723,图书音像,质量,质量好,positive,质量好
TRAIN_29671,PRODUCT_50723,图书音像,推荐,会回购,positive,会回购
TRAIN_29673,PRODUCT_413798,图书音像,价格,性价比高,positive,性价比高
TRAIN_29680,PRODUCT_459030,图书音像,质量,质量好,positive,质量好
TRAIN_29688,PRODUCT_441261,钟表/首饰/眼镜/礼品,质量,质量差,negative,质量差
TRAIN_29695,PRODUCT_446837,图书音像,内容,内容不错,positive,内容不错
TRAIN_29701,PRODUCT_18145,图书音像,正品,正品放心,positive,正品放心
TRAIN_29703,PRODUCT_204178,图书音像,内容,内容不错,positive,内容不错
TRAIN_29706,PRODUCT_115187,图书音像,内容,内容不错,positive,内容不错
TRAIN_29713,PRODUCT_423999,图书音像,内容,内容一般,negative,内容一般
TRAIN_29714,PRODUCT_468094,图书音像,内容,内容不错,positive,内容不错
TRAIN_29717,PRODUCT_303875,图书音像,质量,质量好,positive,质量好
TRAIN_29724,PRODUCT_298194,图书音像,正品,正品放心,positive,正品放心
TRAIN_29727,PRODUCT_243441,电脑/办公,外观,外观好看,positive,外观好看
TRAIN_29735,PRODUCT_213027,电脑/办公,正品,正品放心,positive,正品放心
TRAIN_29759,PRODUCT_515724,手机/数码,耐用,很耐用,positive,很耐用
TRAIN_29764,PRODUCT_262056,电脑/办公,推荐,会回购,positive,会回购
TRAIN_29765,PRODUCT_203231,手机/数码,价格,价格贵,negative,价格贵
TRAIN_29772,PRODUCT_228351,图书音像,质量,质量好,positive,质量好
TRAIN_29772,PRODUCT_228351,图书音像,价格,性价比高,positive,性价比高
TRAIN_29774,PRODUCT_159298,图书音像,质量,质量差,negative,质量差
TRAIN_29774,PRODUCT_159298,图书音像,内容,内容不错,positive,内容不错
TRAIN_29781,PRODUCT_44398,图书音像,质量,质量好,positive,质量好
TRAIN_29785,PRODUCT_289748,图书音像,正品,疑似假货,negative,疑似假货
TRAIN_29786,PRODUCT_15618,图书音像,质量,质量好,positive,质量好
TRAIN_29794,PRODUCT_181521,美妆个护,正品,正品放心,positive,正品放心
TRAIN_29794,PRODUCT_181521,美妆个护,正品,疑似假货,negative,疑似假货
TRAIN_29795,PRODUCT_174403,图书音像,推荐,会回购,positive,会回购
TRAIN_29799,PRODUCT_61580,图书音像,质量,质量好,positive,质量好
TRAIN_29805,PRODUCT_503175,图书音像,正品,正品放心,positive,正品放心
TRAIN_29807,PRODUCT_272545,电脑/办公,质量,质量差,negative,质量差
TRAIN_29808,PRODUCT_396695,手机/数码,价格,性价比高,positive,性价比高
TRAIN_29815,PRODUCT_125857,图书音像,正品,正品放心,positive,正品放心
TRAIN_29828,PRODUCT_55396,图书音像,物流,发货快,positive,发货快
TRAIN_29834,PRODUCT_356001,图书音像,包装,包装好,positive,包装好
TRAIN_29839,PRODUCT_185214,电脑/办公,推荐,不推荐,negative,不推荐
TRAIN_29844,PRODUCT_386924,电脑/办公,质量,质量好,positive,质量好
TRAIN_29845,PRODUCT_7501,图书音像,价格,性价比高,positive,性价比高
TRAIN_29852,PRODUCT_336509,图书音像,推荐,会回购,positive,会回购
TRAIN_29857,PRODUCT_168614,母婴/玩具,正品,正品放心,positive,正品放心
TRAIN_29868,PRODUCT_464049,图书音像,价格,价格贵,negative,价格贵
TRAIN_29869,PRODUCT_26735,图书音像,包装,包装差,negative,包装差
TRAIN_29874,PRODUCT_196403,电脑/办公,价格,性价比高,positive,性价比高
TRAIN_29877,PRODUCT_494952,图书音像,质量,质量好,positive,质量好
TRAIN_29878,PRODUCT_78767,图书音像,价格,性价比高,positive,性价比高
TRAIN_29878,PRODUCT_78767,图书音像,正品,正品放心,positive,正品放心
TRAIN_29878,PRODUCT_78767,图书音像,正品,疑似假货,negative,疑似假货
TRAIN_29878,PRODUCT_78767,图书音像,推荐,会回购,positive,会回购
TRAIN_29885,PRODUCT_32431,其他,正品,正品放心,positive,正品放心
TRAIN_29886,PRODUCT_183312,图书音像,包装,包装差,negative,包装差
TRAIN_29889,PRODUCT_405864,电脑/办公,正品,正品放心,positive,正品放心
TRAIN_29891,PRODUCT_95376,图书音像,价格,性价比高,positive,性价比高
TRAIN_29904,PRODUCT_308008,家用电器,正品,正品放心,positive,正品放心
TRAIN_29920,PRODUCT_451760,食品/保健,味道,味道不错,positive,味道不错
TRAIN_29924,PRODUCT_514174,图书音像,包装,包装差,negative,包装差
TRAIN_29930,PRODUCT_107643,图书音像,质量,质量好,positive,质量好
TRAIN_29934,PRODUCT_130850,图书音像,物流,发货快,positive,发货快
TRAIN_29937,PRODUCT_187509,图书音像,正品,正品放心,positive,正品放心
TRAIN_29938,PRODUCT_387511,运动户外,质量,质量好,positive,质量好
TRAIN_29949,PRODUCT_213360,图书音像,内容,内容不错,positive,内容不错
TRAIN_29960,PRODUCT_286456,图书音像,正品,疑似假货,negative,疑似假货
TRAIN_29960,PRODUCT_286456,图书音像,内容,内容不错,positive,内容不错
TRAIN_29970,PRODUCT_141455,图书音像,质量,质量好,positive,质量好
TRAIN_29978,PRODUCT_344598,图书音像,正品,疑似假货,negative,疑似假货
TRAIN_29985,PRODUCT_71712,家用电器,正品,正品放心,positive,正品放心
TRAIN_29988,PRODUCT_310705,图书音像,物流,发货快,positive,发货快
TRAIN_29989,PRODUCT_51230,图书音像,质量,质量好,positive,质量好
TRAIN_29990,PRODUCT_322743,图书音像,正品,正品放心,positive,正品放心
TRAIN_29995,PRODUCT_314011,家居生活,耐用,很耐用,positive,很耐用
TRAIN_30001,PRODUCT_453707,电脑/办公,价格,性价比高,positive,性价比高
TRAIN_30002,PRODUCT_27742,电脑/办公,正品,正品放心,positive,正品放心
TRAIN_30002,PRODUCT_27742,电脑/办公,正品,疑似假货,negative,疑似假货
TRAIN_30006,PRODUCT_225775,电脑/办公,正品,正品放心,positive,正品放心
TRAIN_30013,PRODUCT_270244,图书音像,内容,内容不错,positive,内容不错
TRAIN_30017,PRODUCT_458770,图书音像,质量,质量好,positive,质量好
TRAIN_30017,PRODUCT_458770,图书音像,物流,发货快,positive,发货快
TRAIN_30023,PRODUCT_100017,图书音像,价格,性价比高,positive,性价比高
TRAIN_30025,PRODUCT_158773,图书音像,正品,正品放心,positive,正品放心
TRAIN_30031,PRODUCT_123013,美妆个护,耐用,容易坏,negative,容易坏
TRAIN_30031,PRODUCT_123013,美妆个护,味道,味道不错,positive,味道不错
TRAIN_30034,PRODUCT_342439,图书音像,价格,性价比高,positive,性价比高
TRAIN_30037,PRODUCT_486808,图书音像,物流,发货快,positive,发货快
TRAIN_30039,PRODUCT_440704,图书音像,物流,发货快,positive,发货快
TRAIN_30052,PRODUCT_247834,图书音像,内容,内容不错,positive,内容不错
TRAIN_30053,PRODUCT_265282,图书音像,质量,质量好,positive,质量好
TRAIN_30056,PRODUCT_433654,食品/保健,味道,味道不错,positive,味道不错
TRAIN_30071,PRODUCT_353137,图书音像,物流,发货快,positive,发货快
TRAIN_30072,PRODUCT_329171,图书音像,正品,疑似假货,negative,疑似假货
TRAIN_30084,PRODUCT_79248,服饰服装,推荐,会回购,positive,会回购
TRAIN_30088,PRODUCT_460409,电脑/办公,外观,外观好看,positive,外观好看
TRAIN_30097,PRODUCT_249764,食品/保健,味道,味道不错,positive,味道不错
TRAIN_30103,PRODUCT_518361,图书音像,正品,正品放心,positive,正品放心
TRAIN_30105,PRODUCT_236061,图书音像,质量,质量好,positive,质量好
TRAIN_30110,PRODUCT_362018,家居生活,质量,质量好,positive,质量好
TRAIN_30111,PRODUCT_48493,图书音像,包装,包装好,positive,包装好
TRAIN_30111,PRODUCT_48493,图书音像,正品,正品放心,positive,正品放心
TRAIN_30113,PRODUCT_71616,图书音像,内容,内容不错,positive,内容不错
TRAIN_30120,PRODUCT_78663,家具/家装/建材,价格,性价比高,positive,性价比高
TRAIN_30124,PRODUCT_481263,美妆个护,包装,包装差,negative,包装差
TRAIN_30130,PRODUCT_457344,图书音像,客服,客服差,negative,客服差
TRAIN_30130,PRODUCT_457344,图书音像,耐用,很耐用,positive,很耐用
TRAIN_30141,PRODUCT_439815,电脑/办公,价格,性价比高,positive,性价比高
TRAIN_30143,PRODUCT_122215,图书音像,包装,包装好,positive,包装好
TRAIN_30147,PRODUCT_380937,图书音像,质量,质量好,positive,质量好
TRAIN_30147,PRODUCT_380937,图书音像,正品,正品放心,positive,正品放心
TRAIN_30150,PRODUCT_405626,图书音像,价格,价格贵,negative,价格贵
TRAIN_30160,PRODUCT_375371,电脑/办公,正品,正品放心,positive,正品放心
TRAIN_30169,PRODUCT_188296,图书音像,价格,性价比高,positive,性价比高
TRAIN_30172,PRODUCT_288401,图书音像,包装,包装差,negative,包装差
TRAIN_30191,PRODUCT_172760,图书音像,质量,质量好,positive,质量好
TRAIN_30197,PRODUCT_212770,图书音像,推荐,会回购,positive,会回购
TRAIN_30198,PRODUCT_499716,图书音像,物流,发货快,positive,发货快
TRAIN_30207,PRODUCT_386983,图书音像,价格,性价比高,positive,性价比高
TRAIN_30213,PRODUCT_90208,图书音像,正品,疑似假货,negative,疑似假货
TRAIN_30220,PRODUCT_499473,图书音像,质量,质量好,positive,质量好
TRAIN_30221,PRODUCT_316579,母婴/玩具,价格,性价比高,positive,性价比高
TRAIN_30228,PRODUCT_96237,图书音像,内容,内容不错,positive,内容不错
TRAIN_30229,PRODUCT_101911,图书音像,正品,正品放心,positive,正品放心
TRAIN_30234,PRODUCT_457344,图书音像,质量,质量好,positive,质量好
TRAIN_30236,PRODUCT_284690,电脑/办公,质量,质量好,positive,质量好
TRAIN_30238,PRODUCT_257762,图书音像,质量,质量好,positive,质量好
TRAIN_30240,PRODUCT_427475,图书音像,质量,质量好,positive,质量好
TRAIN_30241,PRODUCT_104263,图书音像,推荐,会回购,positive,会回购
TRAIN_30244,PRODUCT_180404,图书音像,正品,正品放心,positive,正品放心
TRAIN_30250,PRODUCT_389086,手机/数码,屏幕,屏幕差,negative,屏幕差
TRAIN_30254,PRODUCT_74539,图书音像,正品,正品放心,positive,正品放心
TRAIN_30264,PRODUCT_80495,图书音像,质量,质量好,positive,质量好
TRAIN_30270,PRODUCT_31013,图书音像,价格,价格贵,negative,价格贵
TRAIN_30282,PRODUCT_37233,图书音像,质量,质量好,positive,质量好
TRAIN_30284,PRODUCT_260372,图书音像,内容,内容不错,positive,内容不错
TRAIN_30285,PRODUCT_108050,图书音像,正品,正品放心,positive,正品放心
TRAIN_30286,PRODUCT_462236,图书音像,推荐,会回购,positive,会回购
TRAIN_30286,PRODUCT_462236,图书音像,内容,内容一般,negative,内容一般
TRAIN_30292,PRODUCT_106640,图书音像,价格,性价比高,positive,性价比高
TRAIN_30294,PRODUCT_399559,图书音像,质量,质量好,positive,质量好
TRAIN_30300,PRODUCT_131091,图书音像,内容,内容不错,positive,内容不错
TRAIN_30306,PRODUCT_380404,图书音像,正品,疑似假货,negative,疑似假货
TRAIN_30315,PRODUCT_231480,食品/保健,味道,味道不错,positive,味道不错
TRAIN_30319,PRODUCT_291528,手机/数码,质量,质量差,negative,质量差
TRAIN_30321,PRODUCT_66142,钟表/首饰/眼镜/礼品,耐用,容易坏,negative,容易坏
TRAIN_30322,PRODUCT_449357,图书音像,正品,正品放心,positive,正品放心
TRAIN_30327,PRODUCT_504229,图书音像,价格,性价比高,positive,性价比高
TRAIN_30327,PRODUCT_504229,图书音像,内容,内容一般,negative,内容一般
TRAIN_30336,PRODUCT_277851,图书音像,质量,质量好,positive,质量好
TRAIN_30338,PRODUCT_305496,图书音像,推荐,会回购,positive,会回购
TRAIN_30339,PRODUCT_164400,图书音像,正品,疑似假货,negative,疑似假货
TRAIN_30342,PRODUCT_499494,图书音像,物流,发货快,positive,发货快
TRAIN_30357,PRODUCT_178372,美妆个护,正品,正品放心,positive,正品放心
TRAIN_30359,PRODUCT_445902,电脑/办公,价格,性价比高,positive,性价比高
TRAIN_30368,PRODUCT_524405,鞋类箱包,尺码,尺码不准,negative,尺码不准
TRAIN_30373,PRODUCT_200508,电脑/办公,正品,正品放心,positive,正品放心
TRAIN_30386,PRODUCT_433160,图书音像,推荐,不推荐,negative,不推荐
TRAIN_30390,PRODUCT_265838,图书音像,价格,性价比高,positive,性价比高
TRAIN_30392,PRODUCT_177794,图书音像,正品,正品放心,positive,正品放心
TRAIN_30393,PRODUCT_442186,图书音像,包装,包装好,positive,包装好
TRAIN_30394,PRODUCT_400764,家居生活,外观,外观好看,positive,外观好看
TRAIN_30398,PRODUCT_238718,图书音像,质量,质量好,positive,质量好
TRAIN_30412,PRODUCT_310174,图书音像,正品,正品放心,positive,正品放心
TRAIN_30415,PRODUCT_10514,美妆个护,包装,包装好,positive,包装好
TRAIN_30415,PRODUCT_10514,美妆个护,正品,正品放心,positive,正品放心
TRAIN_30418,PRODUCT_215088,食品/保健,正品,正品放心,positive,正品放心
TRAIN_30423,PRODUCT_436716,图书音像,包装,包装差,negative,包装差
TRAIN_30423,PRODUCT_436716,图书音像,正品,正品放心,positive,正品放心
TRAIN_30427,PRODUCT_9375,图书音像,正品,正品放心,positive,正品放心
TRAIN_30430,PRODUCT_216641,图书音像,包装,包装差,negative,包装差
TRAIN_30436,PRODUCT_443944,图书音像,质量,质量好,positive,质量好
TRAIN_30448,PRODUCT_41239,图书音像,正品,正品放心,positive,正品放心
TRAIN_30455,PRODUCT_468911,手机/数码,价格,性价比高,positive,性价比高
TRAIN_30470,PRODUCT_78003,图书音像,价格,性价比高,positive,性价比高
TRAIN_30470,PRODUCT_78003,图书音像,正品,疑似假货,negative,疑似假货
TRAIN_30472,PRODUCT_282737,图书音像,正品,正品放心,positive,正品放心
TRAIN_30480,PRODUCT_450790,图书音像,内容,内容不错,positive,内容不错
TRAIN_30481,PRODUCT_141708,美妆个护,正品,正品放心,positive,正品放心
TRAIN_30485,PRODUCT_179440,图书音像,价格,性价比高,positive,性价比高
TRAIN_30493,PRODUCT_142122,电脑/办公,包装,包装好,positive,包装好
TRAIN_30495,PRODUCT_414870,图书音像,包装,包装差,negative,包装差
TRAIN_30500,PRODUCT_246284,图书音像,包装,包装好,positive,包装好
TRAIN_30503,PRODUCT_444332,图书音像,质量,质量好,positive,质量好
TRAIN_30506,PRODUCT_90419,图书音像,物流,发货快,positive,发货快
TRAIN_30507,PRODUCT_127634,电脑/办公,物流,发货快,positive,发货快
TRAIN_30511,PRODUCT_282681,图书音像,耐用,很耐用,positive,很耐用
TRAIN_30513,PRODUCT_524409,手机/数码,物流,发货快,positive,发货快
TRAIN_30521,PRODUCT_138157,图书音像,正品,正品放心,positive,正品放心
TRAIN_30523,PRODUCT_275710,图书音像,正品,疑似假货,negative,疑似假货
TRAIN_30528,PRODUCT_275177,图书音像,耐用,容易坏,negative,容易坏
TRAIN_30541,PRODUCT_31258,家用电器,价格,性价比高,positive,性价比高
TRAIN_30549,PRODUCT_300811,图书音像,包装,包装好,positive,包装好
TRAIN_30553,PRODUCT_140270,图书音像,内容,内容不错,positive,内容不错
TRAIN_30571,PRODUCT_66050,图书音像,价格,价格贵,negative,价格贵
TRAIN_30572,PRODUCT_243749,家居生活,价格,性价比高,positive,性价比高
TRAIN_30575,PRODUCT_92293,家用电器,质量,质量好,positive,质量好
TRAIN_30584,PRODUCT_29793,图书音像,内容,内容不错,positive,内容不错
TRAIN_30586,PRODUCT_501337,图书音像,质量,质量好,positive,质量好
TRAIN_30586,PRODUCT_501337,图书音像,包装,包装好,positive,包装好
TRAIN_30598,PRODUCT_229666,图书音像,物流,发货快,positive,发货快
TRAIN_30599,PRODUCT_462418,电脑/办公,耐用,容易坏,negative,容易坏
TRAIN_30601,PRODUCT_287679,图书音像,内容,内容不错,positive,内容不错
TRAIN_30603,PRODUCT_261726,图书音像,正品,正品放心,positive,正品放心
TRAIN_30607,PRODUCT_423835,食品/保健,味道,味道不错,positive,味道不错
TRAIN_30619,PRODUCT_249646,图书音像,正品,正品放心,positive,正品放心
TRAIN_30620,PRODUCT_433704,图书音像,质量,质量好,positive,质量好
TRAIN_30620,PRODUCT_433704,图书音像,正品,正品放心,positive,正品放心
TRAIN_30623,PRODUCT_39411,图书音像,正品,正品放心,positive,正品放心
TRAIN_30629,PRODUCT_276616,图书音像,价格,性价比高,positive,性价比高
TRAIN_30631,PRODUCT_493402,图书音像,质量,质量好,positive,质量好
TRAIN_30631,PRODUCT_493402,图书音像,价格,性价比高,positive,性价比高
TRAIN_30633,PRODUCT_475185,图书音像,推荐,会回购,positive,会回购
TRAIN_30648,PRODUCT_12300,图书音像,质量,质量好,positive,质量好
TRAIN_30648,PRODUCT_12300,图书音像,正品,正品放心,positive,正品放心
TRAIN_30652,PRODUCT_108050,图书音像,正品,正品放心,positive,正品放心
TRAIN_30665,PRODUCT_149356,美妆个护,味道,味道不错,positive,味道不错
TRAIN_30673,PRODUCT_125273,美妆个护,正品,正品放心,positive,正品放心
TRAIN_30684,PRODUCT_79248,服饰服装,耐用,很耐用,positive,很耐用
TRAIN_30685,PRODUCT_9775,手机/数码,质量,质量好,positive,质量好
TRAIN_30688,PRODUCT_264970,图书音像,价格,性价比高,positive,性价比高
TRAIN_30691,PRODUCT_335854,图书音像,正品,正品放心,positive,正品放心
TRAIN_30700,PRODUCT_511007,电脑/办公,推荐,会回购,positive,会回购
TRAIN_30702,PRODUCT_492120,图书音像,物流,发货快,positive,发货快
TRAIN_30708,PRODUCT_312942,手机/数码,物流,发货快,positive,发货快
TRAIN_30709,PRODUCT_383389,家用电器,价格,性价比高,positive,性价比高
TRAIN_30717,PRODUCT_329052,图书音像,内容,内容一般,negative,内容一般
TRAIN_30719,PRODUCT_181352,图书音像,正品,正品放心,positive,正品放心
TRAIN_30724,PRODUCT_443703,图书音像,正品,疑似假货,negative,疑似假货
TRAIN_30729,PRODUCT_112938,图书音像,质量,质量差,negative,质量差
TRAIN_30730,PRODUCT_430306,电脑/办公,质量,质量好,positive,质量好
TRAIN_30748,PRODUCT_233025,手机/数码,推荐,会回购,positive,会回购
TRAIN_30752,PRODUCT_266150,图书音像,质量,质量好,positive,质量好
TRAIN_30760,PRODUCT_220251,图书音像,正品,正品放心,positive,正品放心
TRAIN_30768,PRODUCT_400583,图书音像,价格,性价比高,positive,性价比高
TRAIN_30768,PRODUCT_400583,图书音像,正品,正品放心,positive,正品放心
TRAIN_30771,PRODUCT_378278,图书音像,包装,包装差,negative,包装差
TRAIN_30775,PRODUCT_325251,家用电器,价格,性价比高,positive,性价比高
TRAIN_30776,PRODUCT_147540,美妆个护,味道,味道不错,positive,味道不错
TRAIN_30781,PRODUCT_510463,图书音像,质量,质量好,positive,质量好
TRAIN_30795,PRODUCT_146800,家具/家装/建材,耐用,很耐用,positive,很耐用
TRAIN_30796,PRODUCT_433629,食品/保健,味道,味道不错,positive,味道不错
TRAIN_30797,PRODUCT_73872,手机/数码,包装,包装差,negative,包装差
TRAIN_30797,PRODUCT_73872,手机/数码,耐用,容易坏,negative,容易坏
TRAIN_30807,PRODUCT_506822,图书音像,价格,性价比高,positive,性价比高
TRAIN_30810,PRODUCT_429432,图书音像,包装,包装差,negative,包装差
TRAIN_30810,PRODUCT_429432,图书音像,耐用,容易坏,negative,容易坏
TRAIN_30814,PRODUCT_260776,母婴/玩具,物流,发货快,positive,发货快
TRAIN_30822,PRODUCT_332781,电脑/办公,物流,发货快,positive,发货快
TRAIN_30824,PRODUCT_12455,图书音像,质量,质量好,positive,质量好
TRAIN_30828,PRODUCT_400377,图书音像,正品,疑似假货,negative,疑似假货
TRAIN_30830,PRODUCT_159236,美妆个护,正品,正品放心,positive,正品放心
TRAIN_30832,PRODUCT_106793,图书音像,正品,正品放心,positive,正品放心
TRAIN_30833,PRODUCT_102859,家用电器,价格,性价比高,positive,性价比高
TRAIN_30835,PRODUCT_89322,图书音像,包装,包装好,positive,包装好
TRAIN_30837,PRODUCT_110107,家居生活,质量,质量好,positive,质量好
TRAIN_30840,PRODUCT_36848,电脑/办公,正品,正品放心,positive,正品放心
TRAIN_30846,PRODUCT_518462,图书音像,正品,正品放心,positive,正品放心
TRAIN_30849,PRODUCT_213394,图书音像,质量,质量好,positive,质量好
TRAIN_30849,PRODUCT_213394,图书音像,物流,发货快,positive,发货快
TRAIN_30854,PRODUCT_480229,美妆个护,味道,味道不错,positive,味道不错
TRAIN_30857,PRODUCT_481481,钟表/首饰/眼镜/礼品,质量,质量好,positive,质量好
TRAIN_30859,PRODUCT_517279,电脑/办公,物流,发货快,positive,发货快
TRAIN_30862,PRODUCT_495933,图书音像,质量,质量好,positive,质量好
TRAIN_30862,PRODUCT_495933,图书音像,物流,发货快,positive,发货快
TRAIN_30863,PRODUCT_518890,电脑/办公,推荐,会回购,positive,会回购
TRAIN_30871,PRODUCT_468942,手机/数码,质量,质量好,positive,质量好
TRAIN_30881,PRODUCT_326892,图书音像,推荐,会回购,positive,会回购
TRAIN_30895,PRODUCT_149304,美妆个护,正品,正品放心,positive,正品放心
TRAIN_30898,PRODUCT_155248,图书音像,价格,性价比高,positive,性价比高
TRAIN_30901,PRODUCT_439176,图书音像,正品,正品放心,positive,正品放心
TRAIN_30902,PRODUCT_90955,图书音像,内容,内容不错,positive,内容不错
TRAIN_30904,PRODUCT_440984,电脑/办公,正品,正品放心,positive,正品放心
TRAIN_30915,PRODUCT_171279,图书音像,包装,包装好,positive,包装好
TRAIN_30917,PRODUCT_232963,手机/数码,价格,性价比高,positive,性价比高
TRAIN_30926,PRODUCT_234605,图书音像,质量,质量好,positive,质量好
TRAIN_30926,PRODUCT_234605,图书音像,内容,内容不错,positive,内容不错
TRAIN_30933,PRODUCT_173371,图书音像,物流,发货快,positive,发货快
TRAIN_30933,PRODUCT_173371,图书音像,正品,正品放心,positive,正品放心
TRAIN_30937,PRODUCT_248584,图书音像,包装,包装好,positive,包装好
TRAIN_30943,PRODUCT_460759,图书音像,质量,质量好,positive,质量好
TRAIN_30945,PRODUCT_20614,图书音像,价格,性价比高,positive,性价比高
TRAIN_30954,PRODUCT_119803,图书音像,价格,性价比高,positive,性价比高
TRAIN_30967,PRODUCT_345121,美妆个护,正品,正品放心,positive,正品放心
TRAIN_30969,PRODUCT_165948,图书音像,内容,内容不错,positive,内容不错
TRAIN_30977,PRODUCT_303121,图书音像,正品,疑似假货,negative,疑似假货
TRAIN_30979,PRODUCT_234742,图书音像,质量,质量好,positive,质量好
TRAIN_30980,PRODUCT_189342,图书音像,价格,性价比高,positive,性价比高
TRAIN_30981,PRODUCT_430013,图书音像,正品,正品放心,positive,正品放心
TRAIN_30992,PRODUCT_156270,电脑/办公,正品,疑似假货,negative,疑似假货
TRAIN_30994,PRODUCT_49806,家用电器,耐用,很耐用,positive,很耐用
TRAIN_30997,PRODUCT_120308,图书音像,正品,疑似假货,negative,疑似假货
TRAIN_31002,PRODUCT_396485,图书音像,推荐,会回购,positive,会回购
TRAIN_31008,PRODUCT_157852,美妆个护,正品,正品放心,positive,正品放心
TRAIN_31015,PRODUCT_107430,图书音像,包装,包装好,positive,包装好
TRAIN_31016,PRODUCT_350648,图书音像,物流,发货快,positive,发货快
TRAIN_31020,PRODUCT_282849,图书音像,推荐,会回购,positive,会回购
TRAIN_31020,PRODUCT_282849,图书音像,内容,内容不错,positive,内容不错
TRAIN_31028,PRODUCT_212310,图书音像,质量,质量好,positive,质量好
TRAIN_31029,PRODUCT_120020,图书音像,质量,质量好,positive,质量好
TRAIN_31032,PRODUCT_244007,图书音像,价格,价格贵,negative,价格贵
TRAIN_31034,PRODUCT_433271,图书音像,内容,内容一般,negative,内容一般
TRAIN_31036,PRODUCT_164989,图书音像,价格,价格贵,negative,价格贵
TRAIN_31046,PRODUCT_325087,图书音像,内容,内容不错,positive,内容不错
TRAIN_31049,PRODUCT_382595,图书音像,正品,正品放心,positive,正品放心
TRAIN_31051,PRODUCT_52047,图书音像,推荐,不推荐,negative,不推荐
TRAIN_31052,PRODUCT_195233,图书音像,价格,价格贵,negative,价格贵
TRAIN_31059,PRODUCT_106956,图书音像,质量,质量好,positive,质量好
TRAIN_31072,PRODUCT_365450,其他,质量,质量差,negative,质量差
TRAIN_31073,PRODUCT_324109,图书音像,价格,性价比高,positive,性价比高
TRAIN_31079,PRODUCT_61522,家具/家装/建材,质量,质量差,negative,质量差
TRAIN_31082,PRODUCT_22437,图书音像,正品,正品放心,positive,正品放心
TRAIN_31101,PRODUCT_451346,家用电器,价格,价格贵,negative,价格贵
TRAIN_31109,PRODUCT_36470,图书音像,物流,发货快,positive,发货快
TRAIN_31109,PRODUCT_36470,图书音像,正品,正品放心,positive,正品放心
TRAIN_31109,PRODUCT_36470,图书音像,内容,内容不错,positive,内容不错
TRAIN_31110,PRODUCT_47277,美妆个护,正品,正品放心,positive,正品放心
TRAIN_31118,PRODUCT_399319,家用电器,耐用,很耐用,positive,很耐用
TRAIN_31127,PRODUCT_429168,图书音像,质量,质量好,positive,质量好
TRAIN_31128,PRODUCT_171090,食品/保健,味道,味道不错,positive,味道不错
TRAIN_31134,PRODUCT_347172,运动户外,正品,正品放心,positive,正品放心
TRAIN_31135,PRODUCT_61026,家具/家装/建材,物流,发货快,positive,发货快
TRAIN_31137,PRODUCT_171291,图书音像,价格,性价比高,positive,性价比高
TRAIN_31143,PRODUCT_441042,美妆个护,包装,包装好,positive,包装好
TRAIN_31143,PRODUCT_441042,美妆个护,正品,正品放心,positive,正品放心
TRAIN_31149,PRODUCT_509636,图书音像,正品,疑似假货,negative,疑似假货
TRAIN_31160,PRODUCT_282757,家居生活,质量,质量好,positive,质量好
TRAIN_31162,PRODUCT_235867,图书音像,质量,质量好,positive,质量好
TRAIN_31162,PRODUCT_235867,图书音像,物流,发货快,positive,发货快
TRAIN_31165,PRODUCT_398994,图书音像,正品,疑似假货,negative,疑似假货
TRAIN_31181,PRODUCT_92377,手机/数码,耐用,很耐用,positive,很耐用
TRAIN_31195,PRODUCT_337872,手机/数码,包装,包装好,positive,包装好
TRAIN_31195,PRODUCT_337872,手机/数码,耐用,很耐用,positive,很耐用
TRAIN_31197,PRODUCT_43404,美妆个护,包装,包装好,positive,包装好
TRAIN_31212,PRODUCT_359244,母婴/玩具,质量,质量好,positive,质量好
TRAIN_31215,PRODUCT_177689,运动户外,耐用,很耐用,positive,很耐用
TRAIN_31217,PRODUCT_311251,图书音像,质量,质量好,positive,质量好
TRAIN_31222,PRODUCT_425534,图书音像,质量,质量好,positive,质量好
TRAIN_31237,PRODUCT_377669,美妆个护,价格,性价比高,positive,性价比高
TRAIN_31243,PRODUCT_254154,图书音像,正品,正品放心,positive,正品放心
TRAIN_31243,PRODUCT_254154,图书音像,正品,疑似假货,negative,疑似假货
TRAIN_31246,PRODUCT_128236,电脑/办公,质量,质量好,positive,质量好
TRAIN_31255,PRODUCT_437683,图书音像,物流,发货快,positive,发货快
TRAIN_31259,PRODUCT_96991,美妆个护,包装,包装差,negative,包装差
TRAIN_31265,PRODUCT_485931,图书音像,质量,质量差,negative,质量差
TRAIN_31266,PRODUCT_40387,图书音像,质量,质量好,positive,质量好
TRAIN_31267,PRODUCT_186278,运动户外,质量,质量差,negative,质量差
TRAIN_31267,PRODUCT_186278,运动户外,正品,疑似假货,negative,疑似假货
TRAIN_31280,PRODUCT_464743,图书音像,正品,正品放心,positive,正品放心
TRAIN_31280,PRODUCT_464743,图书音像,正品,疑似假货,negative,疑似假货
TRAIN_31285,PRODUCT_465380,图书音像,正品,正品放心,positive,正品放心
TRAIN_31292,PRODUCT_276420,图书音像,质量,质量好,positive,质量好
TRAIN_31310,PRODUCT_78121,图书音像,正品,疑似假货,negative,疑似假货
TRAIN_31316,PRODUCT_76947,图书音像,质量,质量好,positive,质量好
TRAIN_31327,PRODUCT_55123,图书音像,质量,质量好,positive,质量好
TRAIN_31351,PRODUCT_520897,图书音像,正品,正品放心,positive,正品放心
TRAIN_31352,PRODUCT_412147,手机/数码,正品,正品放心,positive,正品放心
TRAIN_31358,PRODUCT_156270,电脑/办公,价格,性价比高,positive,性价比高
TRAIN_31365,PRODUCT_62807,美妆个护,正品,正品放心,positive,正品放心
TRAIN_31369,PRODUCT_359966,图书音像,质量,质量差,negative,质量差
TRAIN_31369,PRODUCT_359966,图书音像,内容,内容不错,positive,内容不错
TRAIN_31369,PRODUCT_359966,图书音像,内容,内容一般,negative,内容一般
TRAIN_31371,PRODUCT_322139,图书音像,物流,发货快,positive,发货快
TRAIN_31371,PRODUCT_322139,图书音像,正品,正品放心,positive,正品放心
TRAIN_31384,PRODUCT_43262,图书音像,正品,正品放心,positive,正品放心
TRAIN_31391,PRODUCT_401270,图书音像,推荐,会回购,positive,会回购
TRAIN_31401,PRODUCT_138826,图书音像,质量,质量好,positive,质量好
TRAIN_31405,PRODUCT_292468,图书音像,质量,质量差,negative,质量差
TRAIN_31405,PRODUCT_292468,图书音像,耐用,容易坏,negative,容易坏
TRAIN_31409,PRODUCT_202689,图书音像,价格,价格贵,negative,价格贵
TRAIN_31413,PRODUCT_422735,图书音像,质量,质量好,positive,质量好
TRAIN_31414,PRODUCT_464243,家用电器,推荐,不推荐,negative,不推荐
TRAIN_31415,PRODUCT_228004,家用电器,耐用,很耐用,positive,很耐用
TRAIN_31416,PRODUCT_361225,家具/家装/建材,价格,价格贵,negative,价格贵
TRAIN_31417,PRODUCT_309156,家用电器,质量,质量差,negative,质量差
TRAIN_31427,PRODUCT_440984,电脑/办公,正品,正品放心,positive,正品放心
TRAIN_31432,PRODUCT_38627,图书音像,推荐,会回购,positive,会回购
TRAIN_31436,PRODUCT_106797,图书音像,正品,正品放心,positive,正品放心
TRAIN_31442,PRODUCT_335151,图书音像,包装,包装差,negative,包装差
TRAIN_31443,PRODUCT_266568,美妆个护,正品,正品放心,positive,正品放心
TRAIN_31452,PRODUCT_24340,图书音像,质量,质量好,positive,质量好
TRAIN_31456,PRODUCT_191155,图书音像,正品,正品放心,positive,正品放心
TRAIN_31457,PRODUCT_249434,图书音像,质量,质量差,negative,质量差
TRAIN_31461,PRODUCT_520577,图书音像,内容,内容不错,positive,内容不错
TRAIN_31464,PRODUCT_25534,图书音像,质量,质量好,positive,质量好
TRAIN_31473,PRODUCT_143820,食品/保健,推荐,会回购,positive,会回购
TRAIN_31475,PRODUCT_401987,电脑/办公,屏幕,屏幕差,negative,屏幕差
TRAIN_31480,PRODUCT_136876,家居生活,物流,发货快,positive,发货快
TRAIN_31482,PRODUCT_283568,手机/数码,正品,正品放心,positive,正品放心
TRAIN_31486,PRODUCT_490965,电脑/办公,物流,发货快,positive,发货快
TRAIN_31488,PRODUCT_216758,图书音像,包装,包装好,positive,包装好
TRAIN_31493,PRODUCT_124644,图书音像,包装,包装好,positive,包装好
TRAIN_31496,PRODUCT_155794,图书音像,质量,质量好,positive,质量好
TRAIN_31497,PRODUCT_421414,图书音像,物流,发货快,positive,发货快
TRAIN_31506,PRODUCT_396736,美妆个护,正品,正品放心,positive,正品放心
TRAIN_31509,PRODUCT_517851,图书音像,质量,质量好,positive,质量好
TRAIN_31513,PRODUCT_321358,图书音像,质量,质量好,positive,质量好
TRAIN_31514,PRODUCT_317509,图书音像,内容,内容不错,positive,内容不错
TRAIN_31520,PRODUCT_504129,电脑/办公,耐用,容易坏,negative,容易坏
TRAIN_31524,PRODUCT_110560,电脑/办公,质量,质量差,negative,质量差
TRAIN_31534,PRODUCT_30353,图书音像,质量,质量好,positive,质量好
TRAIN_31534,PRODUCT_30353,图书音像,包装,包装好,positive,包装好
TRAIN_31540,PRODUCT_307602,图书音像,质量,质量好,positive,质量好
TRAIN_31554,PRODUCT_410801,图书音像,内容,内容不错,positive,内容不错
TRAIN_31558,PRODUCT_74147,图书音像,正品,正品放心,positive,正品放心
TRAIN_31560,PRODUCT_21120,图书音像,内容,内容不错,positive,内容不错
TRAIN_31561,PRODUCT_468397,美妆个护,味道,味道不错,positive,味道不错
TRAIN_31562,PRODUCT_3348,手机/数码,质量,质量好,positive,质量好
TRAIN_31562,PRODUCT_3348,手机/数码,正品,正品放心,positive,正品放心
TRAIN_31562,PRODUCT_3348,手机/数码,正品,疑似假货,negative,疑似假货
TRAIN_31577,PRODUCT_220290,手机/数码,价格,性价比高,positive,性价比高
TRAIN_31596,PRODUCT_10589,手机/数码,耐用,很耐用,positive,很耐用
TRAIN_31599,PRODUCT_430717,手机/数码,价格,性价比高,positive,性价比高
TRAIN_31602,PRODUCT_301984,图书音像,正品,正品放心,positive,正品放心
TRAIN_31609,PRODUCT_328964,图书音像,包装,包装差,negative,包装差
TRAIN_31614,PRODUCT_86903,图书音像,包装,包装差,negative,包装差
TRAIN_31616,PRODUCT_210089,图书音像,正品,正品放心,positive,正品放心
TRAIN_31617,PRODUCT_457344,图书音像,质量,质量好,positive,质量好
TRAIN_31631,PRODUCT_440984,电脑/办公,外观,外观一般,negative,外观一般
TRAIN_31637,PRODUCT_251010,图书音像,物流,发货快,positive,发货快
TRAIN_31648,PRODUCT_150504,鞋类箱包,物流,发货快,positive,发货快
TRAIN_31648,PRODUCT_150504,鞋类箱包,包装,包装好,positive,包装好
TRAIN_31670,PRODUCT_280704,电脑/办公,质量,质量好,positive,质量好
TRAIN_31671,PRODUCT_450364,家居生活,正品,疑似假货,negative,疑似假货
TRAIN_31682,PRODUCT_10266,图书音像,物流,发货快,positive,发货快
TRAIN_31684,PRODUCT_65155,图书音像,正品,疑似假货,negative,疑似假货
TRAIN_31684,PRODUCT_65155,图书音像,内容,内容不错,positive,内容不错
TRAIN_31685,PRODUCT_463853,电脑/办公,价格,性价比高,positive,性价比高
TRAIN_31689,PRODUCT_45460,图书音像,质量,质量好,positive,质量好
TRAIN_31689,PRODUCT_45460,图书音像,物流,发货快,positive,发货快
TRAIN_31692,PRODUCT_341915,电脑/办公,价格,性价比高,positive,性价比高
TRAIN_31713,PRODUCT_417315,家用电器,物流,发货快,positive,发货快
TRAIN_31719,PRODUCT_187828,图书音像,内容,内容不错,positive,内容不错
TRAIN_31725,PRODUCT_307529,鞋类箱包,质量,质量好,positive,质量好
TRAIN_31725,PRODUCT_307529,鞋类箱包,价格,性价比高,positive,性价比高
TRAIN_31732,PRODUCT_202127,图书音像,包装,包装好,positive,包装好
TRAIN_31736,PRODUCT_383652,图书音像,正品,正品放心,positive,正品放心
TRAIN_31747,PRODUCT_483401,图书音像,质量,质量差,negative,质量差
TRAIN_31751,PRODUCT_264646,图书音像,质量,质量好,positive,质量好
TRAIN_31751,PRODUCT_264646,图书音像,内容,内容不错,positive,内容不错
TRAIN_31754,PRODUCT_500937,家居生活,质量,质量好,positive,质量好
TRAIN_31761,PRODUCT_286965,图书音像,质量,质量好,positive,质量好
TRAIN_31770,PRODUCT_311029,图书音像,价格,性价比高,positive,性价比高
TRAIN_31770,PRODUCT_311029,图书音像,内容,内容一般,negative,内容一般
TRAIN_31772,PRODUCT_400496,图书音像,正品,正品放心,positive,正品放心
TRAIN_31774,PRODUCT_26426,美妆个护,正品,正品放心,positive,正品放心
TRAIN_31777,PRODUCT_403683,图书音像,推荐,会回购,positive,会回购
TRAIN_31782,PRODUCT_178530,图书音像,内容,内容不错,positive,内容不错
TRAIN_31784,PRODUCT_279091,图书音像,质量,质量差,negative,质量差
TRAIN_31787,PRODUCT_200225,图书音像,质量,质量好,positive,质量好
TRAIN_31808,PRODUCT_283878,电脑/办公,外观,外观好看,positive,外观好看
TRAIN_31810,PRODUCT_127716,图书音像,质量,质量差,negative,质量差
TRAIN_31815,PRODUCT_9165,图书音像,价格,性价比高,positive,性价比高
TRAIN_31817,PRODUCT_179217,图书音像,物流,物流慢,negative,物流慢
TRAIN_31817,PRODUCT_179217,图书音像,内容,内容一般,negative,内容一般
TRAIN_31826,PRODUCT_61117,家用电器,价格,价格贵,negative,价格贵
TRAIN_31827,PRODUCT_467553,图书音像,质量,质量差,negative,质量差
TRAIN_31843,PRODUCT_450621,钟表/首饰/眼镜/礼品,正品,正品放心,positive,正品放心
TRAIN_31843,PRODUCT_450621,钟表/首饰/眼镜/礼品,正品,疑似假货,negative,疑似假货
TRAIN_31853,PRODUCT_185383,美妆个护,正品,正品放心,positive,正品放心
TRAIN_31860,PRODUCT_383250,手机/数码,价格,价格贵,negative,价格贵
TRAIN_31876,PRODUCT_312645,图书音像,物流,物流慢,negative,物流慢
TRAIN_31876,PRODUCT_312645,图书音像,正品,正品放心,positive,正品放心
TRAIN_31878,PRODUCT_404440,图书音像,正品,正品放心,positive,正品放心
TRAIN_31878,PRODUCT_404440,图书音像,内容,内容一般,negative,内容一般
TRAIN_31884,PRODUCT_364435,图书音像,内容,内容不错,positive,内容不错
TRAIN_31885,PRODUCT_358940,手机/数码,耐用,很耐用,positive,很耐用
TRAIN_31885,PRODUCT_358940,手机/数码,续航,续航差,negative,续航差
TRAIN_31886,PRODUCT_488654,图书音像,质量,质量好,positive,质量好
TRAIN_31889,PRODUCT_151052,图书音像,正品,正品放心,positive,正品放心
TRAIN_31897,PRODUCT_60573,家居生活,质量,质量好,positive,质量好
TRAIN_31899,PRODUCT_242899,图书音像,正品,正品放心,positive,正品放心
TRAIN_31899,PRODUCT_242899,图书音像,外观,外观一般,negative,外观一般
TRAIN_31907,PRODUCT_115030,电脑/办公,质量,质量好,positive,质量好
TRAIN_31912,PRODUCT_4179,手机/数码,价格,性价比高,positive,性价比高
TRAIN_31920,PRODUCT_381341,美妆个护,正品,正品放心,positive,正品放心
TRAIN_31926,PRODUCT_456040,图书音像,质量,质量差,negative,质量差
TRAIN_31929,PRODUCT_380595,图书音像,价格,性价比高,positive,性价比高
TRAIN_31931,PRODUCT_105702,图书音像,内容,内容不错,positive,内容不错
TRAIN_31944,PRODUCT_306530,图书音像,质量,质量好,positive,质量好
TRAIN_31957,PRODUCT_376302,图书音像,物流,发货快,positive,发货快
TRAIN_31959,PRODUCT_32086,美妆个护,正品,正品放心,positive,正品放心
TRAIN_31959,PRODUCT_32086,美妆个护,正品,疑似假货,negative,疑似假货
TRAIN_31960,PRODUCT_364347,图书音像,质量,质量好,positive,质量好
TRAIN_31961,PRODUCT_349959,图书音像,价格,价格贵,negative,价格贵
TRAIN_31964,PRODUCT_329921,美妆个护,包装,包装好,positive,包装好
TRAIN_31964,PRODUCT_329921,美妆个护,正品,正品放心,positive,正品放心
TRAIN_31965,PRODUCT_450814,图书音像,物流,发货快,positive,发货快
TRAIN_31974,PRODUCT_142907,图书音像,正品,正品放心,positive,正品放心
TRAIN_31975,PRODUCT_398904,图书音像,推荐,会回购,positive,会回购
TRAIN_31978,PRODUCT_295303,其他,正品,正品放心,positive,正品放心
TRAIN_31981,PRODUCT_109696,电脑/办公,价格,价格贵,negative,价格贵
TRAIN_31999,PRODUCT_464070,图书音像,物流,发货快,positive,发货快
TRAIN_32003,PRODUCT_228960,图书音像,质量,质量好,positive,质量好
TRAIN_32007,PRODUCT_347491,电脑/办公,正品,正品放心,positive,正品放心
TRAIN_32013,PRODUCT_493496,图书音像,质量,质量好,positive,质量好
TRAIN_32019,PRODUCT_137132,图书音像,质量,质量好,positive,质量好
TRAIN_32019,PRODUCT_137132,图书音像,物流,发货快,positive,发货快
TRAIN_32021,PRODUCT_508158,图书音像,质量,质量好,positive,质量好
TRAIN_32025,PRODUCT_127734,手机/数码,外观,外观好看,positive,外观好看
TRAIN_32029,PRODUCT_381988,家用电器,外观,外观好看,positive,外观好看
TRAIN_32031,PRODUCT_417233,食品/保健,味道,味道不错,positive,味道不错
TRAIN_32049,PRODUCT_341633,图书音像,包装,包装好,positive,包装好
TRAIN_32055,PRODUCT_108163,电脑/办公,质量,质量好,positive,质量好
TRAIN_32055,PRODUCT_108163,电脑/办公,物流,发货快,positive,发货快
TRAIN_32055,PRODUCT_108163,电脑/办公,正品,正品放心,positive,正品放心
TRAIN_32060,PRODUCT_96193,图书音像,物流,发货快,positive,发货快
TRAIN_32062,PRODUCT_302727,图书音像,质量,质量好,positive,质量好
TRAIN_32062,PRODUCT_302727,图书音像,物流,发货快,positive,发货快
TRAIN_32078,PRODUCT_384299,图书音像,包装,包装好,positive,包装好
TRAIN_32080,PRODUCT_266804,钟表/首饰/眼镜/礼品,正品,正品放心,positive,正品放心
TRAIN_32083,PRODUCT_94471,图书音像,推荐,会回购,positive,会回购
TRAIN_32085,PRODUCT_297271,图书音像,正品,正品放心,positive,正品放心
TRAIN_32089,PRODUCT_132545,母婴/玩具,质量,质量差,negative,质量差
TRAIN_32090,PRODUCT_41009,图书音像,质量,质量好,positive,质量好
TRAIN_32090,PRODUCT_41009,图书音像,包装,包装好,positive,包装好
TRAIN_32093,PRODUCT_128237,图书音像,质量,质量好,positive,质量好
TRAIN_32098,PRODUCT_13176,图书音像,内容,内容不错,positive,内容不错
TRAIN_32104,PRODUCT_276585,图书音像,质量,质量好,positive,质量好
TRAIN_32104,PRODUCT_276585,图书音像,包装,包装好,positive,包装好
TRAIN_32110,PRODUCT_288983,美妆个护,正品,正品放心,positive,正品放心
TRAIN_32118,PRODUCT_276803,图书音像,物流,发货快,positive,发货快
TRAIN_32120,PRODUCT_216099,图书音像,内容,内容不错,positive,内容不错
TRAIN_32124,PRODUCT_475190,图书音像,质量,质量差,negative,质量差
TRAIN_32130,PRODUCT_155794,图书音像,内容,内容不错,positive,内容不错
TRAIN_32137,PRODUCT_161055,图书音像,质量,质量好,positive,质量好
TRAIN_32140,PRODUCT_88730,图书音像,价格,性价比高,positive,性价比高
TRAIN_32152,PRODUCT_260518,电脑/办公,正品,正品放心,positive,正品放心
TRAIN_32159,PRODUCT_87188,手机/数码,价格,价格贵,negative,价格贵
TRAIN_32161,PRODUCT_233185,图书音像,推荐,会回购,positive,会回购
TRAIN_32169,PRODUCT_377377,图书音像,耐用,容易坏,negative,容易坏
TRAIN_32175,PRODUCT_516768,图书音像,质量,质量好,positive,质量好
TRAIN_32177,PRODUCT_445029,家用电器,质量,质量好,positive,质量好
TRAIN_32182,PRODUCT_314200,母婴/玩具,质量,质量好,positive,质量好
TRAIN_32189,PRODUCT_135269,图书音像,质量,质量差,negative,质量差
TRAIN_32198,PRODUCT_18399,图书音像,价格,性价比高,positive,性价比高
TRAIN_32199,PRODUCT_360086,图书音像,物流,发货快,positive,发货快
TRAIN_32199,PRODUCT_360086,图书音像,包装,包装好,positive,包装好
TRAIN_32203,PRODUCT_27861,手机/数码,包装,包装好,positive,包装好
TRAIN_32203,PRODUCT_27861,手机/数码,正品,正品放心,positive,正品放心
TRAIN_32204,PRODUCT_358174,图书音像,质量,质量好,positive,质量好
TRAIN_32214,PRODUCT_153629,图书音像,质量,质量好,positive,质量好
TRAIN_32214,PRODUCT_153629,图书音像,正品,正品放心,positive,正品放心
TRAIN_32225,PRODUCT_335762,电脑/办公,正品,正品放心,positive,正品放心
TRAIN_32231,PRODUCT_520941,图书音像,质量,质量差,negative,质量差
TRAIN_32231,PRODUCT_520941,图书音像,正品,疑似假货,negative,疑似假货
TRAIN_32240,PRODUCT_240435,图书音像,物流,发货快,positive,发货快
TRAIN_32242,PRODUCT_324873,美妆个护,味道,味道不错,positive,味道不错
TRAIN_32249,PRODUCT_474412,图书音像,正品,正品放心,positive,正品放心
TRAIN_32251,PRODUCT_488361,图书音像,质量,质量好,positive,质量好
TRAIN_32258,PRODUCT_378162,图书音像,推荐,会回购,positive,会回购
TRAIN_32258,PRODUCT_378162,图书音像,推荐,不推荐,negative,不推荐
TRAIN_32260,PRODUCT_440311,美妆个护,耐用,很耐用,positive,很耐用
TRAIN_32264,PRODUCT_393859,图书音像,质量,质量好,positive,质量好
TRAIN_32265,PRODUCT_286965,图书音像,质量,质量差,negative,质量差
TRAIN_32265,PRODUCT_286965,图书音像,正品,正品放心,positive,正品放心
TRAIN_32265,PRODUCT_286965,图书音像,正品,疑似假货,negative,疑似假货
TRAIN_32273,PRODUCT_206593,家居生活,价格,性价比高,positive,性价比高
TRAIN_32277,PRODUCT_410787,图书音像,正品,疑似假货,negative,疑似假货
TRAIN_32279,PRODUCT_237452,图书音像,质量,质量好,positive,质量好
TRAIN_32280,PRODUCT_298563,图书音像,质量,质量差,negative,质量差
TRAIN_32280,PRODUCT_298563,图书音像,正品,正品放心,positive,正品放心
TRAIN_32280,PRODUCT_298563,图书音像,正品,疑似假货,negative,疑似假货
TRAIN_32281,PRODUCT_403808,图书音像,质量,质量好,positive,质量好
TRAIN_32287,PRODUCT_7501,图书音像,价格,性价比高,positive,性价比高
TRAIN_32295,PRODUCT_377981,钟表/首饰/眼镜/礼品,正品,正品放心,positive,正品放心
TRAIN_32306,PRODUCT_350156,图书音像,推荐,会回购,positive,会回购
TRAIN_32310,PRODUCT_162069,手机/数码,正品,正品放心,positive,正品放心
TRAIN_32310,PRODUCT_162069,手机/数码,耐用,很耐用,positive,很耐用
TRAIN_32310,PRODUCT_162069,手机/数码,推荐,不推荐,negative,不推荐
TRAIN_32317,PRODUCT_171500,图书音像,内容,内容不错,positive,内容不错
TRAIN_32322,PRODUCT_114424,家居生活,外观,外观一般,negative,外观一般
TRAIN_32323,PRODUCT_473504,手机/数码,正品,正品放心,positive,正品放心
TRAIN_32335,PRODUCT_394008,图书音像,正品,正品放心,positive,正品放心
TRAIN_32336,PRODUCT_452359,图书音像,质量,质量好,positive,质量好
TRAIN_32340,PRODUCT_252741,图书音像,质量,质量好,positive,质量好
TRAIN_32356,PRODUCT_137200,美妆个护,价格,性价比高,positive,性价比高
TRAIN_32356,PRODUCT_137200,美妆个护,味道,味道不错,positive,味道不错
TRAIN_32359,PRODUCT_127734,手机/数码,质量,质量差,negative,质量差
TRAIN_32375,PRODUCT_189601,电脑/办公,耐用,很耐用,positive,很耐用
TRAIN_32377,PRODUCT_436439,电脑/办公,价格,性价比高,positive,性价比高
TRAIN_32382,PRODUCT_435790,手机/数码,续航,续航差,negative,续航差
TRAIN_32385,PRODUCT_289707,图书音像,内容,内容不错,positive,内容不错
TRAIN_32395,PRODUCT_327563,图书音像,质量,质量差,negative,质量差
TRAIN_32395,PRODUCT_327563,图书音像,正品,疑似假货,negative,疑似假货
TRAIN_32397,PRODUCT_497243,钟表/首饰/眼镜/礼品,正品,疑似假货,negative,疑似假货
TRAIN_32399,PRODUCT_10268,手机/数码,价格,性价比高,positive,性价比高
TRAIN_32405,PRODUCT_153565,图书音像,质量,质量好,positive,质量好
TRAIN_32406,PRODUCT_319662,电脑/办公,价格,性价比高,positive,性价比高
TRAIN_32415,PRODUCT_263179,美妆个护,价格,性价比高,positive,性价比高
TRAIN_32426,PRODUCT_67299,美妆个护,物流,发货快,positive,发货快
TRAIN_32427,PRODUCT_173873,电脑/办公,质量,质量好,positive,质量好
TRAIN_32427,PRODUCT_173873,电脑/办公,正品,正品放心,positive,正品放心
TRAIN_32427,PRODUCT_173873,电脑/办公,耐用,容易坏,negative,容易坏
TRAIN_32441,PRODUCT_412282,图书音像,正品,疑似假货,negative,疑似假货
TRAIN_32448,PRODUCT_312457,手机/数码,质量,质量好,positive,质量好
TRAIN_32462,PRODUCT_102475,图书音像,正品,疑似假货,negative,疑似假货
TRAIN_32468,PRODUCT_453039,图书音像,质量,质量好,positive,质量好
TRAIN_32472,PRODUCT_334697,图书音像,推荐,会回购,positive,会回购
TRAIN_32474,PRODUCT_463832,图书音像,质量,质量好,positive,质量好
TRAIN_32474,PRODUCT_463832,图书音像,推荐,会回购,positive,会回购
TRAIN_32474,PRODUCT_463832,图书音像,内容,内容不错,positive,内容不错
TRAIN_32475,PRODUCT_41095,电脑/办公,价格,性价比高,positive,性价比高
TRAIN_32476,PRODUCT_348005,图书音像,质量,质量好,positive,质量好
TRAIN_32477,PRODUCT_505419,电脑/办公,质量,质量好,positive,质量好
TRAIN_32482,PRODUCT_44443,图书音像,质量,质量差,negative,质量差
TRAIN_32486,PRODUCT_452941,图书音像,质量,质量好,positive,质量好
TRAIN_32490,PRODUCT_95136,家用电器,价格,价格贵,negative,价格贵
TRAIN_32494,PRODUCT_294192,电脑/办公,外观,外观好看,positive,外观好看
TRAIN_32504,PRODUCT_332023,图书音像,正品,正品放心,positive,正品放心
TRAIN_32510,PRODUCT_515137,图书音像,价格,性价比高,positive,性价比高
TRAIN_32514,PRODUCT_400897,图书音像,质量,质量好,positive,质量好
TRAIN_32515,PRODUCT_67333,图书音像,正品,疑似假货,negative,疑似假货
TRAIN_32515,PRODUCT_67333,图书音像,内容,内容不错,positive,内容不错
TRAIN_32516,PRODUCT_485325,图书音像,质量,质量好,positive,质量好
TRAIN_32516,PRODUCT_485325,图书音像,正品,正品放心,positive,正品放心
TRAIN_32527,PRODUCT_193570,图书音像,包装,包装差,negative,包装差
TRAIN_32529,PRODUCT_252333,图书音像,包装,包装差,negative,包装差
TRAIN_32531,PRODUCT_228186,图书音像,外观,外观一般,negative,外观一般
TRAIN_32538,PRODUCT_307470,图书音像,物流,发货快,positive,发货快
TRAIN_32538,PRODUCT_307470,图书音像,价格,性价比高,positive,性价比高
TRAIN_32540,PRODUCT_305418,图书音像,内容,内容一般,negative,内容一般
TRAIN_32547,PRODUCT_39863,图书音像,内容,内容不错,positive,内容不错
TRAIN_32552,PRODUCT_102100,图书音像,内容,内容不错,positive,内容不错
TRAIN_32561,PRODUCT_150704,图书音像,耐用,容易坏,negative,容易坏
TRAIN_32576,PRODUCT_324764,美妆个护,价格,价格贵,negative,价格贵
TRAIN_32579,PRODUCT_99832,图书音像,正品,正品放心,positive,正品放心
TRAIN_32579,PRODUCT_99832,图书音像,正品,疑似假货,negative,疑似假货
TRAIN_32587,PRODUCT_453381,电脑/办公,质量,质量好,positive,质量好
TRAIN_32587,PRODUCT_453381,电脑/办公,价格,性价比高,positive,性价比高
TRAIN_32593,PRODUCT_417660,家用电器,质量,质量好,positive,质量好
TRAIN_32596,PRODUCT_177155,图书音像,质量,质量差,negative,质量差
TRAIN_32596,PRODUCT_177155,图书音像,正品,正品放心,positive,正品放心
TRAIN_32596,PRODUCT_177155,图书音像,正品,疑似假货,negative,疑似假货
TRAIN_32611,PRODUCT_94339,图书音像,正品,疑似假货,negative,疑似假货
TRAIN_32619,PRODUCT_490768,图书音像,质量,质量差,negative,质量差
TRAIN_32622,PRODUCT_477526,图书音像,质量,质量好,positive,质量好
TRAIN_32625,PRODUCT_285740,图书音像,价格,价格贵,negative,价格贵
TRAIN_32631,PRODUCT_289282,图书音像,正品,正品放心,positive,正品放心
TRAIN_32633,PRODUCT_224719,手机/数码,包装,包装好,positive,包装好
TRAIN_32636,PRODUCT_92179,图书音像,内容,内容一般,negative,内容一般
TRAIN_32639,PRODUCT_482039,图书音像,正品,正品放心,positive,正品放心
TRAIN_32641,PRODUCT_242649,美妆个护,价格,性价比高,positive,性价比高
TRAIN_32655,PRODUCT_474697,图书音像,内容,内容不错,positive,内容不错
TRAIN_32656,PRODUCT_295701,图书音像,质量,质量好,positive,质量好
TRAIN_32658,PRODUCT_31241,家具/家装/建材,物流,发货快,positive,发货快
TRAIN_32658,PRODUCT_31241,家具/家装/建材,包装,包装差,negative,包装差
TRAIN_32664,PRODUCT_115080,图书音像,质量,质量好,positive,质量好
TRAIN_32667,PRODUCT_44736,手机/数码,正品,正品放心,positive,正品放心
TRAIN_32672,PRODUCT_137132,图书音像,正品,正品放心,positive,正品放心
TRAIN_32676,PRODUCT_259595,图书音像,外观,外观一般,negative,外观一般
TRAIN_32688,PRODUCT_28071,手机/数码,物流,发货快,positive,发货快
TRAIN_32705,PRODUCT_149047,图书音像,质量,质量好,positive,质量好
TRAIN_32714,PRODUCT_463774,图书音像,正品,正品放心,positive,正品放心
TRAIN_32716,PRODUCT_437285,图书音像,质量,质量好,positive,质量好
TRAIN_32716,PRODUCT_437285,图书音像,正品,疑似假货,negative,疑似假货
TRAIN_32718,PRODUCT_207816,图书音像,质量,质量好,positive,质量好
TRAIN_32719,PRODUCT_408626,家居生活,耐用,容易坏,negative,容易坏
TRAIN_32723,PRODUCT_349753,手机/数码,价格,性价比高,positive,性价比高
TRAIN_32726,PRODUCT_54416,图书音像,质量,质量好,positive,质量好
TRAIN_32737,PRODUCT_346347,电脑/办公,正品,正品放心,positive,正品放心
TRAIN_32748,PRODUCT_12300,图书音像,质量,质量好,positive,质量好
TRAIN_32754,PRODUCT_246051,图书音像,正品,疑似假货,negative,疑似假货
TRAIN_32761,PRODUCT_430421,图书音像,正品,正品放心,positive,正品放心
TRAIN_32766,PRODUCT_138048,图书音像,质量,质量好,positive,质量好
TRAIN_32766,PRODUCT_138048,图书音像,正品,正品放心,positive,正品放心
TRAIN_32769,PRODUCT_109641,手机/数码,正品,正品放心,positive,正品放心
TRAIN_32770,PRODUCT_36627,图书音像,内容,内容不错,positive,内容不错
TRAIN_32771,PRODUCT_276877,家用电器,物流,发货快,positive,发货快
TRAIN_32774,PRODUCT_282989,图书音像,内容,内容一般,negative,内容一般
TRAIN_32775,PRODUCT_235708,图书音像,内容,内容不错,positive,内容不错
TRAIN_32778,PRODUCT_500914,手机/数码,正品,正品放心,positive,正品放心
TRAIN_32778,PRODUCT_500914,手机/数码,推荐,会回购,positive,会回购
TRAIN_32783,PRODUCT_175254,电脑/办公,价格,价格贵,negative,价格贵
TRAIN_32784,PRODUCT_273512,图书音像,质量,质量好,positive,质量好
TRAIN_32785,PRODUCT_517924,图书音像,正品,正品放心,positive,正品放心
TRAIN_32799,PRODUCT_419409,图书音像,正品,正品放心,positive,正品放心
TRAIN_32803,PRODUCT_521549,图书音像,内容,内容不错,positive,内容不错
TRAIN_32809,PRODUCT_102570,电脑/办公,包装,包装好,positive,包装好
TRAIN_32810,PRODUCT_94009,图书音像,质量,质量好,positive,质量好
TRAIN_32811,PRODUCT_97247,手机/数码,耐用,容易坏,negative,容易坏
TRAIN_32821,PRODUCT_478960,家用电器,质量,质量好,positive,质量好
TRAIN_32825,PRODUCT_244589,图书音像,质量,质量好,positive,质量好
TRAIN_32838,PRODUCT_164095,图书音像,正品,正品放心,positive,正品放心
TRAIN_32843,PRODUCT_401110,家具/家装/建材,包装,包装好,positive,包装好
TRAIN_32845,PRODUCT_264852,图书音像,质量,质量好,positive,质量好
TRAIN_32846,PRODUCT_2969,图书音像,质量,质量好,positive,质量好
TRAIN_32849,PRODUCT_327018,图书音像,正品,疑似假货,negative,疑似假货
TRAIN_32859,PRODUCT_451595,手机/数码,正品,正品放心,positive,正品放心
TRAIN_32869,PRODUCT_238010,图书音像,质量,质量好,positive,质量好
TRAIN_32872,PRODUCT_492649,图书音像,正品,正品放心,positive,正品放心
TRAIN_32879,PRODUCT_156270,电脑/办公,正品,正品放心,positive,正品放心
TRAIN_32880,PRODUCT_10021,图书音像,内容,内容不错,positive,内容不错
TRAIN_32888,PRODUCT_412971,图书音像,正品,正品放心,positive,正品放心
TRAIN_32897,PRODUCT_297181,手机/数码,价格,性价比高,positive,性价比高
TRAIN_32898,PRODUCT_399532,美妆个护,味道,味道不错,positive,味道不错
TRAIN_32900,PRODUCT_355982,图书音像,质量,质量好,positive,质量好
TRAIN_32908,PRODUCT_303552,图书音像,质量,质量好,positive,质量好
TRAIN_32908,PRODUCT_303552,图书音像,正品,正品放心,positive,正品放心
TRAIN_32910,PRODUCT_490598,图书音像,推荐,会回购,positive,会回购
TRAIN_32915,PRODUCT_260518,电脑/办公,包装,包装好,positive,包装好
TRAIN_32915,PRODUCT_260518,电脑/办公,正品,正品放心,positive,正品放心
TRAIN_32917,PRODUCT_222846,图书音像,推荐,会回购,positive,会回购
TRAIN_32917,PRODUCT_222846,图书音像,内容,内容不错,positive,内容不错
TRAIN_32923,PRODUCT_201562,食品/保健,味道,味道不错,positive,味道不错
TRAIN_32932,PRODUCT_227625,图书音像,推荐,会回购,positive,会回购
TRAIN_32936,PRODUCT_397318,图书音像,质量,质量好,positive,质量好
TRAIN_32941,PRODUCT_266118,电脑/办公,物流,发货快,positive,发货快
TRAIN_32944,PRODUCT_42256,图书音像,正品,正品放心,positive,正品放心
TRAIN_32980,PRODUCT_359560,图书音像,物流,发货快,positive,发货快
TRAIN_32983,PRODUCT_275697,图书音像,物流,发货快,positive,发货快
TRAIN_32983,PRODUCT_275697,图书音像,包装,包装差,negative,包装差
TRAIN_32985,PRODUCT_468657,图书音像,质量,质量差,negative,质量差
TRAIN_32987,PRODUCT_43404,美妆个护,价格,性价比高,positive,性价比高
TRAIN_32987,PRODUCT_43404,美妆个护,正品,正品放心,positive,正品放心
TRAIN_32991,PRODUCT_365904,图书音像,价格,性价比高,positive,性价比高
TRAIN_32991,PRODUCT_365904,图书音像,正品,疑似假货,negative,疑似假货
TRAIN_32996,PRODUCT_119159,图书音像,物流,发货快,positive,发货快
TRAIN_32999,PRODUCT_404867,图书音像,内容,内容不错,positive,内容不错
TRAIN_33006,PRODUCT_447561,图书音像,质量,质量差,negative,质量差
TRAIN_33009,PRODUCT_290390,母婴/玩具,正品,正品放心,positive,正品放心
TRAIN_33012,PRODUCT_77799,图书音像,正品,疑似假货,negative,疑似假货
TRAIN_33023,PRODUCT_288857,图书音像,正品,疑似假货,negative,疑似假货
TRAIN_33031,PRODUCT_453801,电脑/办公,正品,正品放心,positive,正品放心
TRAIN_33033,PRODUCT_273761,图书音像,包装,包装好,positive,包装好
TRAIN_33033,PRODUCT_273761,图书音像,包装,包装差,negative,包装差
TRAIN_33036,PRODUCT_243987,家用电器,正品,正品放心,positive,正品放心
TRAIN_33037,PRODUCT_137132,图书音像,正品,正品放心,positive,正品放心
TRAIN_33042,PRODUCT_192106,图书音像,耐用,容易坏,negative,容易坏
TRAIN_33057,PRODUCT_38791,图书音像,质量,质量好,positive,质量好
TRAIN_33061,PRODUCT_176067,美妆个护,正品,疑似假货,negative,疑似假货
TRAIN_33062,PRODUCT_337264,图书音像,价格,性价比高,positive,性价比高
TRAIN_33063,PRODUCT_406143,图书音像,物流,发货快,positive,发货快
TRAIN_33063,PRODUCT_406143,图书音像,正品,正品放心,positive,正品放心
TRAIN_33072,PRODUCT_194752,家用电器,质量,质量好,positive,质量好
TRAIN_33080,PRODUCT_313897,家用电器,物流,发货快,positive,发货快
TRAIN_33081,PRODUCT_109342,图书音像,质量,质量好,positive,质量好
TRAIN_33083,PRODUCT_67333,图书音像,价格,价格贵,negative,价格贵
TRAIN_33084,PRODUCT_201389,电脑/办公,质量,质量好,positive,质量好
TRAIN_33089,PRODUCT_271037,图书音像,正品,正品放心,positive,正品放心
TRAIN_33090,PRODUCT_265838,图书音像,价格,性价比高,positive,性价比高
TRAIN_33091,PRODUCT_223192,手机/数码,正品,正品放心,positive,正品放心
TRAIN_33091,PRODUCT_223192,手机/数码,推荐,会回购,positive,会回购
TRAIN_33103,PRODUCT_346561,图书音像,内容,内容一般,negative,内容一般
TRAIN_33111,PRODUCT_142827,其他,质量,质量好,positive,质量好
TRAIN_33112,PRODUCT_477942,其他,质量,质量好,positive,质量好
TRAIN_33112,PRODUCT_477942,其他,物流,发货快,positive,发货快
TRAIN_33115,PRODUCT_35215,图书音像,内容,内容一般,negative,内容一般
TRAIN_33126,PRODUCT_141407,图书音像,质量,质量好,positive,质量好
TRAIN_33130,PRODUCT_497709,图书音像,内容,内容不错,positive,内容不错
TRAIN_33131,PRODUCT_117918,图书音像,正品,正品放心,positive,正品放心
TRAIN_33138,PRODUCT_100789,电脑/办公,价格,性价比高,positive,性价比高
TRAIN_33145,PRODUCT_156854,图书音像,推荐,会回购,positive,会回购
TRAIN_33146,PRODUCT_381573,家居生活,价格,性价比高,positive,性价比高
TRAIN_33146,PRODUCT_381573,家居生活,正品,正品放心,positive,正品放心
TRAIN_33162,PRODUCT_107576,美妆个护,味道,味道不错,positive,味道不错
TRAIN_33164,PRODUCT_33453,图书音像,推荐,会回购,positive,会回购
TRAIN_33168,PRODUCT_49967,图书音像,质量,质量好,positive,质量好
TRAIN_33171,PRODUCT_503934,食品/保健,味道,味道不错,positive,味道不错
TRAIN_33175,PRODUCT_209843,图书音像,正品,正品放心,positive,正品放心
TRAIN_33185,PRODUCT_38359,图书音像,物流,发货快,positive,发货快
TRAIN_33188,PRODUCT_522307,图书音像,质量,质量好,positive,质量好
TRAIN_33188,PRODUCT_522307,图书音像,内容,内容不错,positive,内容不错
TRAIN_33189,PRODUCT_295303,其他,正品,正品放心,positive,正品放心
TRAIN_33194,PRODUCT_130772,电脑/办公,价格,性价比高,positive,性价比高
TRAIN_33195,PRODUCT_258569,图书音像,质量,质量好,positive,质量好
TRAIN_33195,PRODUCT_258569,图书音像,正品,正品放心,positive,正品放心
TRAIN_33198,PRODUCT_495852,电脑/办公,质量,质量好,positive,质量好
TRAIN_33201,PRODUCT_183850,图书音像,正品,正品放心,positive,正品放心
TRAIN_33202,PRODUCT_230980,手机/数码,质量,质量差,negative,质量差
TRAIN_33206,PRODUCT_324007,美妆个护,正品,正品放心,positive,正品放心
TRAIN_33209,PRODUCT_267826,图书音像,质量,质量好,positive,质量好
TRAIN_33212,PRODUCT_166718,图书音像,质量,质量好,positive,质量好
TRAIN_33212,PRODUCT_166718,图书音像,物流,发货快,positive,发货快
TRAIN_33214,PRODUCT_52523,图书音像,质量,质量好,positive,质量好
TRAIN_33220,PRODUCT_484986,图书音像,正品,疑似假货,negative,疑似假货
TRAIN_33224,PRODUCT_253158,图书音像,质量,质量好,positive,质量好
TRAIN_33226,PRODUCT_477435,图书音像,正品,正品放心,positive,正品放心
TRAIN_33228,PRODUCT_393153,图书音像,正品,疑似假货,negative,疑似假货
TRAIN_33235,PRODUCT_251762,美妆个护,物流,发货快,positive,发货快
TRAIN_33238,PRODUCT_1531,图书音像,内容,内容不错,positive,内容不错
TRAIN_33243,PRODUCT_45908,电脑/办公,质量,质量差,negative,质量差
TRAIN_33247,PRODUCT_396898,图书音像,推荐,不推荐,negative,不推荐
TRAIN_33255,PRODUCT_434622,图书音像,内容,内容不错,positive,内容不错
TRAIN_33264,PRODUCT_10266,图书音像,物流,发货快,positive,发货快
TRAIN_33264,PRODUCT_10266,图书音像,内容,内容不错,positive,内容不错
TRAIN_33267,PRODUCT_9240,图书音像,质量,质量好,positive,质量好
TRAIN_33267,PRODUCT_9240,图书音像,正品,正品放心,positive,正品放心
TRAIN_33272,PRODUCT_297327,手机/数码,物流,发货快,positive,发货快
TRAIN_33272,PRODUCT_297327,手机/数码,正品,正品放心,positive,正品放心
TRAIN_33274,PRODUCT_451595,手机/数码,物流,发货快,positive,发货快
TRAIN_33285,PRODUCT_407004,图书音像,正品,正品放心,positive,正品放心
TRAIN_33321,PRODUCT_2652,图书音像,内容,内容不错,positive,内容不错
TRAIN_33332,PRODUCT_78843,图书音像,物流,发货快,positive,发货快
TRAIN_33337,PRODUCT_335685,图书音像,内容,内容不错,positive,内容不错
TRAIN_33349,PRODUCT_440318,图书音像,质量,质量好,positive,质量好
TRAIN_33361,PRODUCT_129613,图书音像,质量,质量好,positive,质量好
TRAIN_33371,PRODUCT_395903,电脑/办公,屏幕,屏幕差,negative,屏幕差
TRAIN_33374,PRODUCT_313081,图书音像,内容,内容不错,positive,内容不错
TRAIN_33375,PRODUCT_429729,图书音像,质量,质量好,positive,质量好
TRAIN_33376,PRODUCT_100244,图书音像,价格,价格贵,negative,价格贵
TRAIN_33381,PRODUCT_285130,手机/数码,物流,发货快,positive,发货快
TRAIN_33390,PRODUCT_203403,美妆个护,价格,性价比高,positive,性价比高
TRAIN_33391,PRODUCT_30630,图书音像,质量,质量好,positive,质量好
TRAIN_33395,PRODUCT_44957,电脑/办公,物流,发货快,positive,发货快
TRAIN_33407,PRODUCT_345125,家居生活,耐用,很耐用,positive,很耐用
TRAIN_33408,PRODUCT_385702,电脑/办公,正品,正品放心,positive,正品放心
TRAIN_33408,PRODUCT_385702,电脑/办公,耐用,很耐用,positive,很耐用
TRAIN_33410,PRODUCT_154971,食品/保健,味道,味道不错,positive,味道不错
TRAIN_33410,PRODUCT_154971,食品/保健,味道,味道一般,negative,味道一般
TRAIN_33413,PRODUCT_266546,图书音像,正品,正品放心,positive,正品放心
TRAIN_33417,PRODUCT_185359,美妆个护,推荐,会回购,positive,会回购
TRAIN_33421,PRODUCT_99485,手机/数码,包装,包装好,positive,包装好
TRAIN_33423,PRODUCT_215993,图书音像,内容,内容不错,positive,内容不错
TRAIN_33424,PRODUCT_443895,图书音像,正品,正品放心,positive,正品放心
TRAIN_33428,PRODUCT_176841,美妆个护,味道,味道不错,positive,味道不错
TRAIN_33431,PRODUCT_370599,美妆个护,味道,味道一般,negative,味道一般
TRAIN_33432,PRODUCT_85454,运动户外,物流,发货快,positive,发货快
TRAIN_33436,PRODUCT_188723,图书音像,内容,内容不错,positive,内容不错
TRAIN_33450,PRODUCT_470546,手机/数码,正品,疑似假货,negative,疑似假货
TRAIN_33452,PRODUCT_343503,图书音像,价格,性价比高,positive,性价比高
TRAIN_33460,PRODUCT_79187,图书音像,质量,质量好,positive,质量好
TRAIN_33462,PRODUCT_423393,钟表/首饰/眼镜/礼品,推荐,会回购,positive,会回购
TRAIN_33463,PRODUCT_456341,图书音像,内容,内容一般,negative,内容一般
TRAIN_33465,PRODUCT_112645,电脑/办公,正品,正品放心,positive,正品放心
TRAIN_33466,PRODUCT_176060,家用电器,物流,发货快,positive,发货快
TRAIN_33466,PRODUCT_176060,家用电器,包装,包装好,positive,包装好
TRAIN_33471,PRODUCT_156238,手机/数码,价格,性价比高,positive,性价比高
TRAIN_33473,PRODUCT_282681,图书音像,质量,质量好,positive,质量好
TRAIN_33477,PRODUCT_99513,家具/家装/建材,物流,发货快,positive,发货快
TRAIN_33493,PRODUCT_405475,食品/保健,味道,味道不错,positive,味道不错
TRAIN_33512,PRODUCT_293775,美妆个护,味道,味道不错,positive,味道不错
TRAIN_33515,PRODUCT_204359,电脑/办公,价格,性价比高,positive,性价比高
TRAIN_33516,PRODUCT_250137,家居生活,正品,正品放心,positive,正品放心
TRAIN_33525,PRODUCT_402669,图书音像,推荐,会回购,positive,会回购
TRAIN_33533,PRODUCT_427749,图书音像,正品,正品放心,positive,正品放心
TRAIN_33535,PRODUCT_459375,图书音像,正品,正品放心,positive,正品放心
TRAIN_33538,PRODUCT_108113,图书音像,正品,正品放心,positive,正品放心
TRAIN_33542,PRODUCT_479545,图书音像,质量,质量好,positive,质量好
TRAIN_33545,PRODUCT_240782,图书音像,价格,性价比高,positive,性价比高
TRAIN_33548,PRODUCT_115234,母婴/玩具,正品,正品放心,positive,正品放心
TRAIN_33553,PRODUCT_452208,图书音像,质量,质量好,positive,质量好
TRAIN_33560,PRODUCT_340831,图书音像,质量,质量好,positive,质量好
TRAIN_33572,PRODUCT_54602,图书音像,质量,质量好,positive,质量好
TRAIN_33574,PRODUCT_119327,图书音像,正品,正品放心,positive,正品放心
TRAIN_33576,PRODUCT_142519,图书音像,质量,质量好,positive,质量好
TRAIN_33576,PRODUCT_142519,图书音像,物流,发货快,positive,发货快
TRAIN_33577,PRODUCT_83226,图书音像,质量,质量差,negative,质量差
TRAIN_33583,PRODUCT_269251,图书音像,正品,疑似假货,negative,疑似假货
TRAIN_33584,PRODUCT_489690,手机/数码,耐用,容易坏,negative,容易坏
TRAIN_33592,PRODUCT_307592,手机/数码,正品,正品放心,positive,正品放心
TRAIN_33595,PRODUCT_32972,食品/保健,味道,味道不错,positive,味道不错
TRAIN_33600,PRODUCT_376161,其他,价格,性价比高,positive,性价比高
TRAIN_33602,PRODUCT_235696,图书音像,质量,质量差,negative,质量差
TRAIN_33620,PRODUCT_438670,图书音像,价格,性价比高,positive,性价比高
TRAIN_33624,PRODUCT_440984,电脑/办公,质量,质量好,positive,质量好
TRAIN_33624,PRODUCT_440984,电脑/办公,正品,正品放心,positive,正品放心
TRAIN_33627,PRODUCT_483345,手机/数码,质量,质量差,negative,质量差
TRAIN_33650,PRODUCT_445538,家用电器,包装,包装好,positive,包装好
TRAIN_33654,PRODUCT_305742,图书音像,正品,正品放心,positive,正品放心
TRAIN_33654,PRODUCT_305742,图书音像,正品,疑似假货,negative,疑似假货
TRAIN_33657,PRODUCT_404393,图书音像,质量,质量好,positive,质量好
TRAIN_33657,PRODUCT_404393,图书音像,正品,正品放心,positive,正品放心
TRAIN_33661,PRODUCT_3617,家用电器,正品,正品放心,positive,正品放心
TRAIN_33674,PRODUCT_374063,图书音像,内容,内容不错,positive,内容不错
TRAIN_33677,PRODUCT_458860,图书音像,包装,包装好,positive,包装好
TRAIN_33679,PRODUCT_244961,电脑/办公,物流,发货快,positive,发货快
TRAIN_33682,PRODUCT_273486,家用电器,正品,正品放心,positive,正品放心
TRAIN_33685,PRODUCT_309156,家用电器,正品,正品放心,positive,正品放心
TRAIN_33687,PRODUCT_47141,图书音像,质量,质量差,negative,质量差
TRAIN_33687,PRODUCT_47141,图书音像,正品,疑似假货,negative,疑似假货
TRAIN_33694,PRODUCT_509924,图书音像,正品,正品放心,positive,正品放心
TRAIN_33704,PRODUCT_400404,家居生活,质量,质量好,positive,质量好
TRAIN_33704,PRODUCT_400404,家居生活,价格,性价比高,positive,性价比高
TRAIN_33705,PRODUCT_234673,图书音像,质量,质量差,negative,质量差
TRAIN_33705,PRODUCT_234673,图书音像,内容,内容一般,negative,内容一般
TRAIN_33706,PRODUCT_514417,图书音像,物流,发货快,positive,发货快
TRAIN_33714,PRODUCT_498550,家用电器,价格,性价比高,positive,性价比高
TRAIN_33714,PRODUCT_498550,家用电器,价格,价格贵,negative,价格贵
TRAIN_33717,PRODUCT_395313,电脑/办公,质量,质量好,positive,质量好
TRAIN_33717,PRODUCT_395313,电脑/办公,物流,物流慢,negative,物流慢
TRAIN_33719,PRODUCT_401100,手机/数码,物流,发货快,positive,发货快
TRAIN_33722,PRODUCT_73531,机票/充值/票务/虚拟,推荐,不推荐,negative,不推荐
TRAIN_33727,PRODUCT_387179,图书音像,正品,正品放心,positive,正品放心
TRAIN_33728,PRODUCT_413567,电脑/办公,质量,质量好,positive,质量好
TRAIN_33728,PRODUCT_413567,电脑/办公,价格,性价比高,positive,性价比高
TRAIN_33731,PRODUCT_25100,电脑/办公,价格,性价比高,positive,性价比高
TRAIN_33735,PRODUCT_246886,图书音像,内容,内容不错,positive,内容不错
TRAIN_33738,PRODUCT_435433,图书音像,正品,疑似假货,negative,疑似假货
TRAIN_33739,PRODUCT_510804,图书音像,价格,性价比高,positive,性价比高
TRAIN_33743,PRODUCT_297998,图书音像,外观,外观一般,negative,外观一般
TRAIN_33744,PRODUCT_522887,手机/数码,质量,质量好,positive,质量好
TRAIN_33745,PRODUCT_47279,鞋类箱包,质量,质量差,negative,质量差
TRAIN_33745,PRODUCT_47279,鞋类箱包,耐用,容易坏,negative,容易坏
TRAIN_33758,PRODUCT_384483,图书音像,质量,质量好,positive,质量好
TRAIN_33759,PRODUCT_440548,家具/家装/建材,质量,质量好,positive,质量好
TRAIN_33759,PRODUCT_440548,家具/家装/建材,正品,正品放心,positive,正品放心
TRAIN_33760,PRODUCT_61143,图书音像,质量,质量好,positive,质量好
TRAIN_33762,PRODUCT_493095,手机/数码,屏幕,屏幕差,negative,屏幕差
TRAIN_33765,PRODUCT_67140,美妆个护,正品,正品放心,positive,正品放心
TRAIN_33766,PRODUCT_152108,图书音像,正品,疑似假货,negative,疑似假货
TRAIN_33766,PRODUCT_152108,图书音像,内容,内容一般,negative,内容一般
TRAIN_33770,PRODUCT_145448,图书音像,质量,质量好,positive,质量好
TRAIN_33777,PRODUCT_316081,图书音像,质量,质量好,positive,质量好
TRAIN_33781,PRODUCT_13019,电脑/办公,价格,性价比高,positive,性价比高
TRAIN_33792,PRODUCT_228720,图书音像,物流,发货快,positive,发货快
TRAIN_33794,PRODUCT_521359,图书音像,正品,疑似假货,negative,疑似假货
TRAIN_33803,PRODUCT_78856,图书音像,价格,性价比高,positive,性价比高
TRAIN_33809,PRODUCT_138492,图书音像,内容,内容一般,negative,内容一般
TRAIN_33810,PRODUCT_417767,图书音像,正品,正品放心,positive,正品放心
TRAIN_33812,PRODUCT_522457,图书音像,质量,质量好,positive,质量好
TRAIN_33829,PRODUCT_509551,家用电器,质量,质量好,positive,质量好
TRAIN_33829,PRODUCT_509551,家用电器,价格,性价比高,positive,性价比高
TRAIN_33831,PRODUCT_374685,家用电器,物流,发货快,positive,发货快
TRAIN_33835,PRODUCT_144884,美妆个护,包装,包装好,positive,包装好
TRAIN_33836,PRODUCT_237570,电脑/办公,质量,质量好,positive,质量好
TRAIN_33840,PRODUCT_358586,美妆个护,价格,性价比高,positive,性价比高
TRAIN_33842,PRODUCT_430319,母婴/玩具,正品,正品放心,positive,正品放心
TRAIN_33845,PRODUCT_160793,图书音像,价格,性价比高,positive,性价比高
TRAIN_33851,PRODUCT_437767,手机/数码,正品,正品放心,positive,正品放心
TRAIN_33856,PRODUCT_289003,运动户外,包装,包装差,negative,包装差
TRAIN_33860,PRODUCT_199363,图书音像,推荐,会回购,positive,会回购
TRAIN_33863,PRODUCT_524480,手机/数码,正品,正品放心,positive,正品放心
TRAIN_33869,PRODUCT_349570,图书音像,质量,质量好,positive,质量好
TRAIN_33869,PRODUCT_349570,图书音像,正品,正品放心,positive,正品放心
TRAIN_33874,PRODUCT_177794,图书音像,正品,正品放心,positive,正品放心
TRAIN_33874,PRODUCT_177794,图书音像,正品,疑似假货,negative,疑似假货
TRAIN_33881,PRODUCT_107115,图书音像,质量,质量好,positive,质量好
TRAIN_33881,PRODUCT_107115,图书音像,物流,发货快,positive,发货快
TRAIN_33882,PRODUCT_318919,家用电器,质量,质量好,positive,质量好
TRAIN_33890,PRODUCT_500496,图书音像,内容,内容不错,positive,内容不错
TRAIN_33897,PRODUCT_402515,图书音像,价格,性价比高,positive,性价比高
TRAIN_33908,PRODUCT_336639,图书音像,正品,疑似假货,negative,疑似假货
TRAIN_33910,PRODUCT_376464,图书音像,物流,发货快,positive,发货快
TRAIN_33911,PRODUCT_202135,图书音像,正品,正品放心,positive,正品放心
TRAIN_33911,PRODUCT_202135,图书音像,内容,内容不错,positive,内容不错
TRAIN_33917,PRODUCT_77560,图书音像,价格,性价比高,positive,性价比高
TRAIN_33931,PRODUCT_177916,图书音像,正品,正品放心,positive,正品放心
TRAIN_33932,PRODUCT_487043,图书音像,正品,正品放心,positive,正品放心
TRAIN_33939,PRODUCT_140421,图书音像,内容,内容不错,positive,内容不错
TRAIN_33943,PRODUCT_153415,图书音像,外观,外观一般,negative,外观一般
TRAIN_33943,PRODUCT_153415,图书音像,内容,内容不错,positive,内容不错
TRAIN_33947,PRODUCT_203267,图书音像,价格,性价比高,positive,性价比高
TRAIN_33951,PRODUCT_38770,图书音像,质量,质量好,positive,质量好
TRAIN_33951,PRODUCT_38770,图书音像,包装,包装好,positive,包装好
TRAIN_33951,PRODUCT_38770,图书音像,正品,正品放心,positive,正品放心
TRAIN_33959,PRODUCT_369341,图书音像,正品,疑似假货,negative,疑似假货
TRAIN_33960,PRODUCT_341943,图书音像,内容,内容不错,positive,内容不错
TRAIN_33963,PRODUCT_267705,图书音像,物流,发货快,positive,发货快
TRAIN_33974,PRODUCT_126914,电脑/办公,耐用,很耐用,positive,很耐用
TRAIN_33977,PRODUCT_302685,手机/数码,推荐,会回购,positive,会回购
TRAIN_33977,PRODUCT_302685,手机/数码,推荐,不推荐,negative,不推荐
TRAIN_33985,PRODUCT_374632,图书音像,价格,性价比高,positive,性价比高
TRAIN_33988,PRODUCT_442115,图书音像,内容,内容不错,positive,内容不错
TRAIN_33989,PRODUCT_365949,图书音像,包装,包装好,positive,包装好
TRAIN_34014,PRODUCT_183203,图书音像,包装,包装好,positive,包装好
TRAIN_34021,PRODUCT_44427,美妆个护,正品,正品放心,positive,正品放心
TRAIN_34021,PRODUCT_44427,美妆个护,耐用,很耐用,positive,很耐用
TRAIN_34026,PRODUCT_423236,图书音像,包装,包装好,positive,包装好
TRAIN_34032,PRODUCT_382248,其他,正品,正品放心,positive,正品放心
TRAIN_34035,PRODUCT_142922,图书音像,质量,质量好,positive,质量好
TRAIN_34044,PRODUCT_502151,图书音像,正品,正品放心,positive,正品放心
TRAIN_34046,PRODUCT_510836,图书音像,正品,正品放心,positive,正品放心
TRAIN_34048,PRODUCT_360368,图书音像,内容,内容不错,positive,内容不错
TRAIN_34058,PRODUCT_192437,图书音像,质量,质量好,positive,质量好
TRAIN_34060,PRODUCT_389789,图书音像,物流,发货快,positive,发货快
TRAIN_34060,PRODUCT_389789,图书音像,包装,包装好,positive,包装好
TRAIN_34067,PRODUCT_230649,家居生活,质量,质量好,positive,质量好
TRAIN_34069,PRODUCT_179728,电脑/办公,正品,正品放心,positive,正品放心
TRAIN_34071,PRODUCT_125989,图书音像,正品,正品放心,positive,正品放心
TRAIN_34072,PRODUCT_370082,图书音像,质量,质量好,positive,质量好
TRAIN_34074,PRODUCT_49456,图书音像,价格,性价比高,positive,性价比高
TRAIN_34076,PRODUCT_258033,图书音像,外观,外观一般,negative,外观一般
TRAIN_34080,PRODUCT_468871,图书音像,质量,质量好,positive,质量好
TRAIN_34085,PRODUCT_344988,图书音像,耐用,容易坏,negative,容易坏
TRAIN_34091,PRODUCT_67283,家居生活,质量,质量好,positive,质量好
TRAIN_34094,PRODUCT_77163,图书音像,正品,疑似假货,negative,疑似假货
TRAIN_34097,PRODUCT_387888,图书音像,质量,质量好,positive,质量好
TRAIN_34100,PRODUCT_109195,电脑/办公,质量,质量差,negative,质量差
TRAIN_34112,PRODUCT_114020,图书音像,正品,正品放心,positive,正品放心
TRAIN_34118,PRODUCT_249021,图书音像,质量,质量差,negative,质量差
TRAIN_34119,PRODUCT_224490,图书音像,正品,正品放心,positive,正品放心
TRAIN_34126,PRODUCT_287783,图书音像,质量,质量差,negative,质量差
TRAIN_34131,PRODUCT_396488,图书音像,质量,质量好,positive,质量好
TRAIN_34133,PRODUCT_141854,图书音像,推荐,会回购,positive,会回购
TRAIN_34138,PRODUCT_369802,美妆个护,味道,味道不错,positive,味道不错
TRAIN_34154,PRODUCT_399623,美妆个护,正品,正品放心,positive,正品放心
TRAIN_34155,PRODUCT_74318,图书音像,正品,正品放心,positive,正品放心
TRAIN_34163,PRODUCT_71616,图书音像,正品,正品放心,positive,正品放心
TRAIN_34170,PRODUCT_31258,家用电器,质量,质量好,positive,质量好
TRAIN_34175,PRODUCT_290390,母婴/玩具,物流,发货快,positive,发货快
TRAIN_34175,PRODUCT_290390,母婴/玩具,正品,正品放心,positive,正品放心
TRAIN_34177,PRODUCT_393479,家居生活,质量,质量好,positive,质量好
TRAIN_34183,PRODUCT_162583,手机/数码,包装,包装好,positive,包装好
TRAIN_34185,PRODUCT_57302,手机/数码,物流,发货快,positive,发货快
TRAIN_34187,PRODUCT_120097,家用电器,价格,性价比高,positive,性价比高
TRAIN_34190,PRODUCT_401160,图书音像,质量,质量好,positive,质量好
TRAIN_34191,PRODUCT_166908,图书音像,正品,正品放心,positive,正品放心
TRAIN_34198,PRODUCT_404619,食品/保健,味道,味道不错,positive,味道不错
TRAIN_34202,PRODUCT_145361,手机/数码,正品,正品放心,positive,正品放心
TRAIN_34203,PRODUCT_105621,图书音像,物流,发货快,positive,发货快
TRAIN_34205,PRODUCT_443975,美妆个护,包装,包装好,positive,包装好
TRAIN_34207,PRODUCT_435176,图书音像,内容,内容不错,positive,内容不错
TRAIN_34210,PRODUCT_475337,图书音像,价格,性价比高,positive,性价比高
TRAIN_34229,PRODUCT_25994,图书音像,正品,正品放心,positive,正品放心
TRAIN_34230,PRODUCT_249764,食品/保健,味道,味道不错,positive,味道不错
TRAIN_34231,PRODUCT_380094,图书音像,价格,价格贵,negative,价格贵
TRAIN_34236,PRODUCT_181346,图书音像,包装,包装差,negative,包装差
TRAIN_34237,PRODUCT_279241,手机/数码,物流,发货快,positive,发货快
TRAIN_34260,PRODUCT_60574,图书音像,内容,内容一般,negative,内容一般
TRAIN_34261,PRODUCT_322290,图书音像,价格,性价比高,positive,性价比高
TRAIN_34262,PRODUCT_71979,图书音像,正品,疑似假货,negative,疑似假货
TRAIN_34267,PRODUCT_267183,电脑/办公,正品,正品放心,positive,正品放心
TRAIN_34268,PRODUCT_314608,手机/数码,包装,包装好,positive,包装好
TRAIN_34275,PRODUCT_347090,图书音像,价格,性价比高,positive,性价比高
TRAIN_34276,PRODUCT_355483,图书音像,质量,质量好,positive,质量好
TRAIN_34282,PRODUCT_39370,图书音像,推荐,会回购,positive,会回购
TRAIN_34291,PRODUCT_50246,图书音像,正品,正品放心,positive,正品放心
TRAIN_34292,PRODUCT_316161,图书音像,内容,内容不错,positive,内容不错
TRAIN_34299,PRODUCT_481728,图书音像,质量,质量好,positive,质量好
TRAIN_34300,PRODUCT_431136,图书音像,正品,正品放心,positive,正品放心
TRAIN_34301,PRODUCT_143781,家居生活,物流,发货快,positive,发货快
TRAIN_34322,PRODUCT_230352,图书音像,质量,质量好,positive,质量好
TRAIN_34329,PRODUCT_38770,图书音像,正品,疑似假货,negative,疑似假货
TRAIN_34335,PRODUCT_388790,电脑/办公,正品,疑似假货,negative,疑似假货
TRAIN_34345,PRODUCT_209023,电脑/办公,价格,性价比高,positive,性价比高
TRAIN_34351,PRODUCT_203302,图书音像,正品,正品放心,positive,正品放心
TRAIN_34355,PRODUCT_405864,电脑/办公,价格,性价比高,positive,性价比高
TRAIN_34356,PRODUCT_276420,图书音像,正品,正品放心,positive,正品放心
TRAIN_34357,PRODUCT_492104,其他,价格,价格贵,negative,价格贵
TRAIN_34358,PRODUCT_308804,电脑/办公,推荐,不推荐,negative,不推荐
TRAIN_34362,PRODUCT_176067,美妆个护,正品,疑似假货,negative,疑似假货
TRAIN_34365,PRODUCT_129311,图书音像,包装,包装好,positive,包装好
TRAIN_34368,PRODUCT_39370,图书音像,质量,质量好,positive,质量好
TRAIN_34369,PRODUCT_291528,手机/数码,耐用,很耐用,positive,很耐用
TRAIN_34374,PRODUCT_66070,图书音像,质量,质量好,positive,质量好
TRAIN_34375,PRODUCT_129848,图书音像,物流,发货快,positive,发货快
TRAIN_34375,PRODUCT_129848,图书音像,推荐,不推荐,negative,不推荐
TRAIN_34378,PRODUCT_300930,图书音像,质量,质量好,positive,质量好
TRAIN_34378,PRODUCT_300930,图书音像,包装,包装好,positive,包装好
TRAIN_34383,PRODUCT_46403,电脑/办公,屏幕,屏幕差,negative,屏幕差
TRAIN_34384,PRODUCT_209933,电脑/办公,价格,性价比高,positive,性价比高
TRAIN_34394,PRODUCT_20644,图书音像,正品,正品放心,positive,正品放心
TRAIN_34417,PRODUCT_93898,图书音像,正品,疑似假货,negative,疑似假货
TRAIN_34430,PRODUCT_124509,图书音像,质量,质量好,positive,质量好
TRAIN_34446,PRODUCT_415894,图书音像,正品,正品放心,positive,正品放心
TRAIN_34455,PRODUCT_447997,手机/数码,价格,性价比高,positive,性价比高
TRAIN_34464,PRODUCT_150371,美妆个护,物流,发货快,positive,发货快
TRAIN_34465,PRODUCT_55605,图书音像,正品,正品放心,positive,正品放心
TRAIN_34472,PRODUCT_394070,电脑/办公,正品,正品放心,positive,正品放心
TRAIN_34478,PRODUCT_71078,图书音像,包装,包装好,positive,包装好
TRAIN_34486,PRODUCT_391861,食品/保健,价格,性价比高,positive,性价比高
TRAIN_34486,PRODUCT_391861,食品/保健,味道,味道不错,positive,味道不错
TRAIN_34489,PRODUCT_335605,图书音像,质量,质量好,positive,质量好
TRAIN_34490,PRODUCT_451943,图书音像,质量,质量好,positive,质量好
TRAIN_34505,PRODUCT_284214,图书音像,正品,正品放心,positive,正品放心
TRAIN_34510,PRODUCT_303055,图书音像,质量,质量好,positive,质量好
TRAIN_34518,PRODUCT_455753,图书音像,质量,质量好,positive,质量好
TRAIN_34521,PRODUCT_184090,手机/数码,质量,质量好,positive,质量好
TRAIN_34521,PRODUCT_184090,手机/数码,外观,外观一般,negative,外观一般
TRAIN_34522,PRODUCT_222870,图书音像,正品,正品放心,positive,正品放心
TRAIN_34534,PRODUCT_357993,图书音像,质量,质量好,positive,质量好
TRAIN_34534,PRODUCT_357993,图书音像,包装,包装好,positive,包装好
TRAIN_34537,PRODUCT_341746,图书音像,物流,发货快,positive,发货快
TRAIN_34539,PRODUCT_170773,图书音像,正品,正品放心,positive,正品放心
TRAIN_34558,PRODUCT_60949,电脑/办公,质量,质量差,negative,质量差
TRAIN_34560,PRODUCT_277169,图书音像,物流,发货快,positive,发货快
TRAIN_34572,PRODUCT_95598,图书音像,耐用,容易坏,negative,容易坏
TRAIN_34583,PRODUCT_4165,鞋类箱包,质量,质量好,positive,质量好
TRAIN_34583,PRODUCT_4165,鞋类箱包,耐用,很耐用,positive,很耐用
TRAIN_34584,PRODUCT_57794,图书音像,推荐,会回购,positive,会回购
TRAIN_34585,PRODUCT_19845,家具/家装/建材,质量,质量好,positive,质量好
TRAIN_34585,PRODUCT_19845,家具/家装/建材,耐用,很耐用,positive,很耐用
TRAIN_34592,PRODUCT_210891,图书音像,物流,发货快,positive,发货快
TRAIN_34599,PRODUCT_64475,图书音像,价格,价格贵,negative,价格贵
TRAIN_34604,PRODUCT_466644,图书音像,内容,内容不错,positive,内容不错
TRAIN_34606,PRODUCT_418638,电脑/办公,正品,正品放心,positive,正品放心
TRAIN_34615,PRODUCT_107265,图书音像,质量,质量好,positive,质量好
TRAIN_34621,PRODUCT_346978,电脑/办公,质量,质量好,positive,质量好
TRAIN_34625,PRODUCT_7835,图书音像,内容,内容不错,positive,内容不错
TRAIN_34632,PRODUCT_168793,图书音像,质量,质量好,positive,质量好
TRAIN_34638,PRODUCT_188892,美妆个护,正品,正品放心,positive,正品放心
TRAIN_34644,PRODUCT_37258,美妆个护,正品,正品放心,positive,正品放心
TRAIN_34645,PRODUCT_142201,图书音像,质量,质量好,positive,质量好
TRAIN_34651,PRODUCT_375889,家具/家装/建材,价格,性价比高,positive,性价比高
TRAIN_34659,PRODUCT_160003,图书音像,质量,质量好,positive,质量好
TRAIN_34661,PRODUCT_61469,电脑/办公,质量,质量好,positive,质量好
TRAIN_34662,PRODUCT_340895,美妆个护,正品,正品放心,positive,正品放心
TRAIN_34662,PRODUCT_340895,美妆个护,味道,味道不错,positive,味道不错
TRAIN_34669,PRODUCT_494938,电脑/办公,推荐,会回购,positive,会回购
TRAIN_34674,PRODUCT_45990,家用电器,耐用,容易坏,negative,容易坏
TRAIN_34676,PRODUCT_249545,图书音像,质量,质量差,negative,质量差
TRAIN_34676,PRODUCT_249545,图书音像,正品,正品放心,positive,正品放心
TRAIN_34681,PRODUCT_312717,图书音像,质量,质量好,positive,质量好
TRAIN_34684,PRODUCT_135156,图书音像,质量,质量差,negative,质量差
TRAIN_34684,PRODUCT_135156,图书音像,物流,发货快,positive,发货快
TRAIN_34684,PRODUCT_135156,图书音像,正品,疑似假货,negative,疑似假货
TRAIN_34693,PRODUCT_306064,食品/保健,味道,味道不错,positive,味道不错
TRAIN_34696,PRODUCT_517050,图书音像,价格,性价比高,positive,性价比高
TRAIN_34702,PRODUCT_89397,图书音像,正品,正品放心,positive,正品放心
TRAIN_34704,PRODUCT_37625,图书音像,正品,正品放心,positive,正品放心
TRAIN_34705,PRODUCT_223881,图书音像,质量,质量好,positive,质量好
TRAIN_34710,PRODUCT_404816,图书音像,内容,内容一般,negative,内容一般
TRAIN_34712,PRODUCT_88730,图书音像,包装,包装好,positive,包装好
TRAIN_34714,PRODUCT_49806,家用电器,价格,性价比高,positive,性价比高
TRAIN_34724,PRODUCT_508974,图书音像,推荐,会回购,positive,会回购
TRAIN_34731,PRODUCT_464243,家用电器,价格,性价比高,positive,性价比高
TRAIN_34742,PRODUCT_90935,电脑/办公,推荐,会回购,positive,会回购
TRAIN_34747,PRODUCT_32417,食品/保健,味道,味道不错,positive,味道不错
TRAIN_34747,PRODUCT_32417,食品/保健,新鲜,很新鲜,positive,很新鲜
TRAIN_34749,PRODUCT_17222,电脑/办公,质量,质量好,positive,质量好
TRAIN_34756,PRODUCT_479597,图书音像,价格,价格贵,negative,价格贵
TRAIN_34757,PRODUCT_404761,图书音像,质量,质量好,positive,质量好
TRAIN_34770,PRODUCT_75320,手机/数码,耐用,容易坏,negative,容易坏
TRAIN_34771,PRODUCT_486720,图书音像,价格,性价比高,positive,性价比高
TRAIN_34773,PRODUCT_41772,图书音像,包装,包装好,positive,包装好
TRAIN_34781,PRODUCT_152949,图书音像,正品,正品放心,positive,正品放心
TRAIN_34782,PRODUCT_149356,美妆个护,味道,味道不错,positive,味道不错
TRAIN_34787,PRODUCT_143424,图书音像,质量,质量好,positive,质量好
TRAIN_34787,PRODUCT_143424,图书音像,正品,正品放心,positive,正品放心
TRAIN_34795,PRODUCT_434069,美妆个护,味道,味道不错,positive,味道不错
TRAIN_34796,PRODUCT_338310,手机/数码,价格,性价比高,positive,性价比高
TRAIN_34800,PRODUCT_253145,图书音像,质量,质量好,positive,质量好
TRAIN_34801,PRODUCT_440580,图书音像,正品,疑似假货,negative,疑似假货
TRAIN_34803,PRODUCT_140273,图书音像,正品,正品放心,positive,正品放心
TRAIN_34805,PRODUCT_377907,家居生活,耐用,很耐用,positive,很耐用
TRAIN_34807,PRODUCT_497714,图书音像,正品,正品放心,positive,正品放心
TRAIN_34811,PRODUCT_184842,图书音像,物流,发货快,positive,发货快
TRAIN_34815,PRODUCT_184833,手机/数码,质量,质量好,positive,质量好
TRAIN_34815,PRODUCT_184833,手机/数码,外观,外观一般,negative,外观一般
TRAIN_34816,PRODUCT_131602,图书音像,推荐,会回购,positive,会回购
TRAIN_34821,PRODUCT_204803,图书音像,物流,发货快,positive,发货快
TRAIN_34826,PRODUCT_23637,图书音像,价格,价格贵,negative,价格贵
TRAIN_34828,PRODUCT_45812,图书音像,推荐,会回购,positive,会回购
TRAIN_34834,PRODUCT_412585,美妆个护,物流,发货快,positive,发货快
TRAIN_34841,PRODUCT_90079,图书音像,质量,质量好,positive,质量好
TRAIN_34841,PRODUCT_90079,图书音像,物流,发货快,positive,发货快
TRAIN_34842,PRODUCT_104877,美妆个护,价格,性价比高,positive,性价比高
TRAIN_34846,PRODUCT_433313,图书音像,正品,正品放心,positive,正品放心
TRAIN_34846,PRODUCT_433313,图书音像,正品,疑似假货,negative,疑似假货
TRAIN_34848,PRODUCT_51377,图书音像,质量,质量好,positive,质量好
TRAIN_34853,PRODUCT_32152,图书音像,包装,包装差,negative,包装差
TRAIN_34858,PRODUCT_235807,图书音像,价格,性价比高,positive,性价比高
TRAIN_34862,PRODUCT_362616,图书音像,质量,质量好,positive,质量好
TRAIN_34864,PRODUCT_433704,图书音像,正品,正品放心,positive,正品放心
TRAIN_34874,PRODUCT_422631,图书音像,内容,内容不错,positive,内容不错
TRAIN_34875,PRODUCT_176842,美妆个护,包装,包装好,positive,包装好
TRAIN_34876,PRODUCT_351368,图书音像,正品,疑似假货,negative,疑似假货
TRAIN_34879,PRODUCT_423481,美妆个护,味道,味道不错,positive,味道不错
TRAIN_34892,PRODUCT_412356,美妆个护,正品,疑似假货,negative,疑似假货
TRAIN_34893,PRODUCT_180423,电脑/办公,耐用,很耐用,positive,很耐用
TRAIN_34896,PRODUCT_47486,图书音像,正品,正品放心,positive,正品放心
TRAIN_34909,PRODUCT_366160,电脑/办公,包装,包装好,positive,包装好
TRAIN_34910,PRODUCT_113575,图书音像,价格,性价比高,positive,性价比高
TRAIN_34910,PRODUCT_113575,图书音像,耐用,很耐用,positive,很耐用
TRAIN_34927,PRODUCT_50605,图书音像,包装,包装好,positive,包装好
TRAIN_34941,PRODUCT_213729,其他,质量,质量好,positive,质量好
TRAIN_34941,PRODUCT_213729,其他,包装,包装好,positive,包装好
TRAIN_34942,PRODUCT_381187,家用电器,物流,发货快,positive,发货快
TRAIN_34952,PRODUCT_339186,图书音像,质量,质量好,positive,质量好
TRAIN_34953,PRODUCT_388509,电脑/办公,耐用,容易坏,negative,容易坏
TRAIN_34957,PRODUCT_56781,图书音像,质量,质量差,negative,质量差
TRAIN_34957,PRODUCT_56781,图书音像,内容,内容一般,negative,内容一般
TRAIN_34970,PRODUCT_346704,图书音像,质量,质量好,positive,质量好
TRAIN_34974,PRODUCT_371678,图书音像,推荐,会回购,positive,会回购
TRAIN_34984,PRODUCT_50708,家具/家装/建材,价格,价格贵,negative,价格贵
TRAIN_34984,PRODUCT_50708,家具/家装/建材,推荐,不推荐,negative,不推荐
TRAIN_34985,PRODUCT_79300,家具/家装/建材,质量,质量好,positive,质量好
TRAIN_34987,PRODUCT_477055,家用电器,物流,发货快,positive,发货快
TRAIN_34992,PRODUCT_236146,图书音像,质量,质量好,positive,质量好
TRAIN_34996,PRODUCT_228109,图书音像,正品,正品放心,positive,正品放心
TRAIN_34999,PRODUCT_3432,图书音像,包装,包装差,negative,包装差
TRAIN_35020,PRODUCT_457386,美妆个护,正品,正品放心,positive,正品放心
TRAIN_35020,PRODUCT_457386,美妆个护,味道,味道不错,positive,味道不错
TRAIN_35030,PRODUCT_277920,图书音像,质量,质量好,positive,质量好
TRAIN_35040,PRODUCT_194593,图书音像,物流,发货快,positive,发货快
TRAIN_35040,PRODUCT_194593,图书音像,正品,正品放心,positive,正品放心
TRAIN_35046,PRODUCT_465526,家具/家装/建材,耐用,容易坏,negative,容易坏
TRAIN_35048,PRODUCT_522041,图书音像,物流,发货快,positive,发货快
TRAIN_35053,PRODUCT_479226,图书音像,质量,质量好,positive,质量好
TRAIN_35053,PRODUCT_479226,图书音像,正品,正品放心,positive,正品放心
TRAIN_35055,PRODUCT_221495,手机/数码,价格,性价比高,positive,性价比高
TRAIN_35057,PRODUCT_62451,家具/家装/建材,耐用,很耐用,positive,很耐用
TRAIN_35058,PRODUCT_179318,食品/保健,味道,味道不错,positive,味道不错
TRAIN_35059,PRODUCT_393356,图书音像,物流,发货快,positive,发货快
TRAIN_35059,PRODUCT_393356,图书音像,正品,正品放心,positive,正品放心
TRAIN_35070,PRODUCT_121958,家具/家装/建材,价格,性价比高,positive,性价比高
TRAIN_35075,PRODUCT_32431,其他,正品,正品放心,positive,正品放心
TRAIN_35081,PRODUCT_429880,母婴/玩具,价格,价格贵,negative,价格贵
TRAIN_35084,PRODUCT_454608,电脑/办公,质量,质量差,negative,质量差
TRAIN_35084,PRODUCT_454608,电脑/办公,耐用,容易坏,negative,容易坏
TRAIN_35088,PRODUCT_433739,钟表/首饰/眼镜/礼品,正品,正品放心,positive,正品放心
TRAIN_35089,PRODUCT_376857,图书音像,包装,包装好,positive,包装好
TRAIN_35090,PRODUCT_463123,美妆个护,正品,疑似假货,negative,疑似假货
TRAIN_35091,PRODUCT_92261,电脑/办公,质量,质量好,positive,质量好
TRAIN_35092,PRODUCT_374581,电脑/办公,质量,质量好,positive,质量好
TRAIN_35115,PRODUCT_119558,图书音像,内容,内容不错,positive,内容不错
TRAIN_35119,PRODUCT_202068,电脑/办公,质量,质量差,negative,质量差
TRAIN_35133,PRODUCT_37445,图书音像,正品,正品放心,positive,正品放心
TRAIN_35134,PRODUCT_408585,手机/数码,包装,包装好,positive,包装好
TRAIN_35134,PRODUCT_408585,手机/数码,正品,正品放心,positive,正品放心
TRAIN_35145,PRODUCT_464823,图书音像,物流,发货快,positive,发货快
TRAIN_35151,PRODUCT_515984,图书音像,价格,价格贵,negative,价格贵
TRAIN_35158,PRODUCT_172312,图书音像,价格,性价比高,positive,性价比高
TRAIN_35159,PRODUCT_453871,图书音像,包装,包装好,positive,包装好
TRAIN_35182,PRODUCT_370515,图书音像,包装,包装好,positive,包装好
TRAIN_35188,PRODUCT_241313,美妆个护,味道,味道不错,positive,味道不错
TRAIN_35194,PRODUCT_490031,家用电器,正品,正品放心,positive,正品放心
TRAIN_35200,PRODUCT_66195,美妆个护,味道,味道不错,positive,味道不错
TRAIN_35211,PRODUCT_433739,钟表/首饰/眼镜/礼品,正品,正品放心,positive,正品放心
TRAIN_35213,PRODUCT_465128,家用电器,质量,质量好,positive,质量好
TRAIN_35213,PRODUCT_465128,家用电器,价格,性价比高,positive,性价比高
TRAIN_35217,PRODUCT_142430,机票/充值/票务/虚拟,包装,包装好,positive,包装好
TRAIN_35234,PRODUCT_513761,图书音像,价格,价格贵,negative,价格贵
TRAIN_35236,PRODUCT_172116,家用电器,价格,价格贵,negative,价格贵
TRAIN_35241,PRODUCT_310216,图书音像,正品,正品放心,positive,正品放心
TRAIN_35243,PRODUCT_392327,图书音像,包装,包装差,negative,包装差
TRAIN_35245,PRODUCT_203852,图书音像,包装,包装差,negative,包装差
TRAIN_35250,PRODUCT_325977,图书音像,正品,正品放心,positive,正品放心
TRAIN_35251,PRODUCT_27322,家具/家装/建材,质量,质量好,positive,质量好
TRAIN_35251,PRODUCT_27322,家具/家装/建材,物流,发货快,positive,发货快
TRAIN_35289,PRODUCT_293271,图书音像,内容,内容不错,positive,内容不错
TRAIN_35293,PRODUCT_36777,图书音像,质量,质量好,positive,质量好
TRAIN_35294,PRODUCT_348686,图书音像,物流,发货快,positive,发货快
TRAIN_35294,PRODUCT_348686,图书音像,正品,正品放心,positive,正品放心
TRAIN_35297,PRODUCT_371233,图书音像,正品,正品放心,positive,正品放心
TRAIN_35298,PRODUCT_1531,图书音像,包装,包装好,positive,包装好
TRAIN_35298,PRODUCT_1531,图书音像,正品,正品放心,positive,正品放心
TRAIN_35301,PRODUCT_36934,图书音像,质量,质量好,positive,质量好
TRAIN_35302,PRODUCT_345450,图书音像,推荐,会回购,positive,会回购
TRAIN_35315,PRODUCT_346827,图书音像,正品,疑似假货,negative,疑似假货
TRAIN_35316,PRODUCT_117610,图书音像,正品,正品放心,positive,正品放心
TRAIN_35319,PRODUCT_104398,电脑/办公,价格,性价比高,positive,性价比高
TRAIN_35323,PRODUCT_74155,图书音像,包装,包装好,positive,包装好
TRAIN_35335,PRODUCT_440984,电脑/办公,正品,正品放心,positive,正品放心
TRAIN_35336,PRODUCT_522215,图书音像,质量,质量好,positive,质量好
TRAIN_35345,PRODUCT_446357,图书音像,质量,质量好,positive,质量好
TRAIN_35359,PRODUCT_334711,美妆个护,正品,疑似假货,negative,疑似假货
TRAIN_35361,PRODUCT_306496,图书音像,内容,内容不错,positive,内容不错
TRAIN_35368,PRODUCT_275788,家具/家装/建材,质量,质量差,negative,质量差
TRAIN_35372,PRODUCT_224477,图书音像,质量,质量好,positive,质量好
TRAIN_35372,PRODUCT_224477,图书音像,物流,发货快,positive,发货快
TRAIN_35378,PRODUCT_275220,图书音像,正品,疑似假货,negative,疑似假货
TRAIN_35379,PRODUCT_445750,图书音像,正品,正品放心,positive,正品放心
TRAIN_35379,PRODUCT_445750,图书音像,正品,疑似假货,negative,疑似假货
TRAIN_35381,PRODUCT_146754,图书音像,物流,发货快,positive,发货快
TRAIN_35385,PRODUCT_355483,图书音像,包装,包装好,positive,包装好
TRAIN_35385,PRODUCT_355483,图书音像,包装,包装差,negative,包装差
TRAIN_35385,PRODUCT_355483,图书音像,正品,正品放心,positive,正品放心
TRAIN_35387,PRODUCT_270270,美妆个护,味道,味道不错,positive,味道不错
TRAIN_35391,PRODUCT_335052,图书音像,质量,质量好,positive,质量好
TRAIN_35393,PRODUCT_384608,电脑/办公,正品,正品放心,positive,正品放心
TRAIN_35395,PRODUCT_263983,图书音像,价格,性价比高,positive,性价比高
TRAIN_35396,PRODUCT_223034,图书音像,内容,内容不错,positive,内容不错
TRAIN_35399,PRODUCT_296949,图书音像,正品,正品放心,positive,正品放心
TRAIN_35400,PRODUCT_149392,家用电器,正品,正品放心,positive,正品放心
TRAIN_35406,PRODUCT_404162,美妆个护,正品,正品放心,positive,正品放心
TRAIN_35412,PRODUCT_361876,图书音像,正品,疑似假货,negative,疑似假货
TRAIN_35417,PRODUCT_272384,家用电器,价格,价格贵,negative,价格贵
TRAIN_35417,PRODUCT_272384,家用电器,正品,正品放心,positive,正品放心
TRAIN_35418,PRODUCT_418427,图书音像,质量,质量好,positive,质量好
TRAIN_35434,PRODUCT_192212,手机/数码,耐用,容易坏,negative,容易坏
TRAIN_35446,PRODUCT_446441,图书音像,质量,质量好,positive,质量好
TRAIN_35446,PRODUCT_446441,图书音像,物流,发货快,positive,发货快
TRAIN_35449,PRODUCT_323183,图书音像,推荐,不推荐,negative,不推荐
TRAIN_35451,PRODUCT_405503,鞋类箱包,正品,正品放心,positive,正品放心
TRAIN_35452,PRODUCT_200192,美妆个护,味道,味道不错,positive,味道不错
TRAIN_35468,PRODUCT_500475,手机/数码,价格,价格贵,negative,价格贵
TRAIN_35469,PRODUCT_160111,图书音像,质量,质量好,positive,质量好
TRAIN_35471,PRODUCT_108000,图书音像,物流,发货快,positive,发货快
TRAIN_35473,PRODUCT_76876,图书音像,正品,疑似假货,negative,疑似假货
TRAIN_35476,PRODUCT_122156,图书音像,耐用,容易坏,negative,容易坏
TRAIN_35483,PRODUCT_231597,手机/数码,耐用,很耐用,positive,很耐用
TRAIN_35484,PRODUCT_289601,食品/保健,味道,味道不错,positive,味道不错
TRAIN_35485,PRODUCT_336739,其他,价格,性价比高,positive,性价比高
TRAIN_35490,PRODUCT_334052,图书音像,物流,发货快,positive,发货快
TRAIN_35495,PRODUCT_166094,图书音像,质量,质量好,positive,质量好
TRAIN_35497,PRODUCT_311938,美妆个护,正品,正品放心,positive,正品放心
TRAIN_35499,PRODUCT_91811,家用电器,价格,性价比高,positive,性价比高
TRAIN_35501,PRODUCT_324786,图书音像,包装,包装差,negative,包装差
TRAIN_35506,PRODUCT_23676,图书音像,包装,包装差,negative,包装差
TRAIN_35507,PRODUCT_501126,图书音像,内容,内容不错,positive,内容不错
TRAIN_35518,PRODUCT_125975,图书音像,正品,疑似假货,negative,疑似假货
TRAIN_35521,PRODUCT_342836,图书音像,内容,内容不错,positive,内容不错
TRAIN_35522,PRODUCT_162642,图书音像,内容,内容不错,positive,内容不错
TRAIN_35524,PRODUCT_511943,其他,正品,正品放心,positive,正品放心
TRAIN_35526,PRODUCT_289601,食品/保健,味道,味道不错,positive,味道不错
TRAIN_35527,PRODUCT_441107,图书音像,内容,内容不错,positive,内容不错
TRAIN_35531,PRODUCT_432408,图书音像,价格,性价比高,positive,性价比高
TRAIN_35543,PRODUCT_50246,图书音像,推荐,会回购,positive,会回购
TRAIN_35544,PRODUCT_75642,图书音像,质量,质量好,positive,质量好
TRAIN_35544,PRODUCT_75642,图书音像,正品,正品放心,positive,正品放心
TRAIN_35549,PRODUCT_509551,家用电器,耐用,容易坏,negative,容易坏
TRAIN_35563,PRODUCT_516811,电脑/办公,价格,性价比高,positive,性价比高
TRAIN_35564,PRODUCT_417320,美妆个护,味道,味道不错,positive,味道不错
TRAIN_35566,PRODUCT_258890,家居生活,价格,性价比高,positive,性价比高
TRAIN_35569,PRODUCT_505664,电脑/办公,耐用,很耐用,positive,很耐用
TRAIN_35571,PRODUCT_29325,家用电器,质量,质量好,positive,质量好
TRAIN_35573,PRODUCT_306063,家用电器,物流,发货快,positive,发货快
TRAIN_35576,PRODUCT_250137,家居生活,正品,正品放心,positive,正品放心
TRAIN_35577,PRODUCT_21391,手机/数码,耐用,容易坏,negative,容易坏
TRAIN_35579,PRODUCT_24912,图书音像,物流,发货快,positive,发货快
TRAIN_35596,PRODUCT_114817,鞋类箱包,质量,质量差,negative,质量差
TRAIN_35613,PRODUCT_66011,图书音像,质量,质量好,positive,质量好
TRAIN_35613,PRODUCT_66011,图书音像,正品,正品放心,positive,正品放心
TRAIN_35615,PRODUCT_51097,图书音像,推荐,会回购,positive,会回购
TRAIN_35621,PRODUCT_444332,图书音像,价格,性价比高,positive,性价比高
TRAIN_35630,PRODUCT_509716,图书音像,物流,发货快,positive,发货快
TRAIN_35631,PRODUCT_171291,图书音像,推荐,会回购,positive,会回购
TRAIN_35632,PRODUCT_326622,手机/数码,正品,正品放心,positive,正品放心
TRAIN_35633,PRODUCT_326016,图书音像,价格,性价比高,positive,性价比高
TRAIN_35644,PRODUCT_84778,电脑/办公,质量,质量差,negative,质量差
TRAIN_35656,PRODUCT_377802,家居生活,包装,包装好,positive,包装好
TRAIN_35661,PRODUCT_296275,图书音像,正品,正品放心,positive,正品放心
TRAIN_35664,PRODUCT_439080,图书音像,物流,发货快,positive,发货快
TRAIN_35668,PRODUCT_155532,电脑/办公,质量,质量好,positive,质量好
TRAIN_35686,PRODUCT_363860,图书音像,质量,质量差,negative,质量差
TRAIN_35703,PRODUCT_101364,图书音像,质量,质量好,positive,质量好
TRAIN_35705,PRODUCT_149047,图书音像,物流,发货快,positive,发货快
TRAIN_35709,PRODUCT_389913,图书音像,推荐,不推荐,negative,不推荐
TRAIN_35711,PRODUCT_156270,电脑/办公,正品,正品放心,positive,正品放心
TRAIN_35718,PRODUCT_133843,图书音像,内容,内容不错,positive,内容不错
TRAIN_35721,PRODUCT_315704,图书音像,正品,疑似假货,negative,疑似假货
TRAIN_35722,PRODUCT_334471,图书音像,价格,价格贵,negative,价格贵
TRAIN_35728,PRODUCT_501299,图书音像,正品,正品放心,positive,正品放心
TRAIN_35740,PRODUCT_406747,电脑/办公,物流,发货快,positive,发货快
TRAIN_35749,PRODUCT_452678,钟表/首饰/眼镜/礼品,质量,质量好,positive,质量好
TRAIN_35753,PRODUCT_442752,运动户外,正品,正品放心,positive,正品放心
TRAIN_35757,PRODUCT_329949,图书音像,价格,性价比高,positive,性价比高
TRAIN_35758,PRODUCT_12329,图书音像,质量,质量好,positive,质量好
TRAIN_35778,PRODUCT_230609,图书音像,正品,正品放心,positive,正品放心
TRAIN_35780,PRODUCT_317328,手机/数码,包装,包装好,positive,包装好
TRAIN_35781,PRODUCT_499477,图书音像,外观,外观一般,negative,外观一般
TRAIN_35782,PRODUCT_340079,图书音像,内容,内容不错,positive,内容不错
TRAIN_35801,PRODUCT_119152,家具/家装/建材,耐用,很耐用,positive,很耐用
TRAIN_35803,PRODUCT_33933,鞋类箱包,外观,外观好看,positive,外观好看
TRAIN_35817,PRODUCT_38558,家用电器,质量,质量好,positive,质量好
TRAIN_35817,PRODUCT_38558,家用电器,物流,发货快,positive,发货快
TRAIN_35819,PRODUCT_129370,美妆个护,正品,正品放心,positive,正品放心
TRAIN_35826,PRODUCT_354261,图书音像,质量,质量好,positive,质量好
TRAIN_35827,PRODUCT_157877,图书音像,质量,质量好,positive,质量好
TRAIN_35828,PRODUCT_150352,图书音像,物流,发货快,positive,发货快
TRAIN_35833,PRODUCT_147622,美妆个护,味道,味道不错,positive,味道不错
TRAIN_35835,PRODUCT_359965,图书音像,包装,包装好,positive,包装好
TRAIN_35835,PRODUCT_359965,图书音像,正品,正品放心,positive,正品放心
TRAIN_35841,PRODUCT_207384,图书音像,质量,质量好,positive,质量好
TRAIN_35848,PRODUCT_286965,图书音像,价格,价格贵,negative,价格贵
TRAIN_35854,PRODUCT_164088,美妆个护,正品,疑似假货,negative,疑似假货
TRAIN_35856,PRODUCT_263510,图书音像,包装,包装好,positive,包装好
TRAIN_35857,PRODUCT_156354,家具/家装/建材,包装,包装差,negative,包装差
TRAIN_35860,PRODUCT_121166,图书音像,质量,质量好,positive,质量好
TRAIN_35865,PRODUCT_346697,电脑/办公,质量,质量好,positive,质量好
TRAIN_35866,PRODUCT_258344,手机/数码,耐用,很耐用,positive,很耐用
TRAIN_35866,PRODUCT_258344,手机/数码,续航,续航差,negative,续航差
TRAIN_35870,PRODUCT_215197,图书音像,质量,质量好,positive,质量好
TRAIN_35870,PRODUCT_215197,图书音像,物流,发货快,positive,发货快
TRAIN_35882,PRODUCT_92669,图书音像,正品,正品放心,positive,正品放心
TRAIN_35883,PRODUCT_213087,图书音像,正品,正品放心,positive,正品放心
TRAIN_35885,PRODUCT_124919,手机/数码,推荐,不推荐,negative,不推荐
TRAIN_35891,PRODUCT_360771,手机/数码,正品,疑似假货,negative,疑似假货
TRAIN_35914,PRODUCT_492943,图书音像,质量,质量好,positive,质量好
TRAIN_35919,PRODUCT_255505,图书音像,物流,发货快,positive,发货快
TRAIN_35933,PRODUCT_318213,图书音像,正品,正品放心,positive,正品放心
TRAIN_35935,PRODUCT_410180,图书音像,质量,质量好,positive,质量好
TRAIN_35940,PRODUCT_50066,图书音像,内容,内容不错,positive,内容不错
TRAIN_35945,PRODUCT_96804,图书音像,内容,内容不错,positive,内容不错
TRAIN_35946,PRODUCT_127899,手机/数码,耐用,很耐用,positive,很耐用
TRAIN_35946,PRODUCT_127899,手机/数码,续航,续航差,negative,续航差
TRAIN_35947,PRODUCT_284227,图书音像,内容,内容不错,positive,内容不错
TRAIN_35954,PRODUCT_215132,图书音像,正品,正品放心,positive,正品放心
TRAIN_35974,PRODUCT_13852,电脑/办公,外观,外观好看,positive,外观好看
TRAIN_35975,PRODUCT_185921,图书音像,质量,质量好,positive,质量好
TRAIN_35975,PRODUCT_185921,图书音像,物流,发货快,positive,发货快
TRAIN_36019,PRODUCT_182196,电脑/办公,价格,性价比高,positive,性价比高
TRAIN_36021,PRODUCT_288119,手机/数码,耐用,容易坏,negative,容易坏
TRAIN_36036,PRODUCT_457358,钟表/首饰/眼镜/礼品,外观,外观好看,positive,外观好看
TRAIN_36037,PRODUCT_209397,图书音像,质量,质量差,negative,质量差
TRAIN_36037,PRODUCT_209397,图书音像,推荐,不推荐,negative,不推荐
TRAIN_36039,PRODUCT_489031,电脑/办公,质量,质量好,positive,质量好
TRAIN_36039,PRODUCT_489031,电脑/办公,推荐,会回购,positive,会回购
TRAIN_36040,PRODUCT_3096,图书音像,正品,正品放心,positive,正品放心
TRAIN_36041,PRODUCT_39174,家用电器,价格,性价比高,positive,性价比高
TRAIN_36050,PRODUCT_108113,图书音像,正品,疑似假货,negative,疑似假货
TRAIN_36055,PRODUCT_133032,图书音像,价格,性价比高,positive,性价比高
TRAIN_36061,PRODUCT_468186,图书音像,质量,质量差,negative,质量差
TRAIN_36063,PRODUCT_435554,图书音像,价格,性价比高,positive,性价比高
TRAIN_36066,PRODUCT_241956,图书音像,质量,质量好,positive,质量好
TRAIN_36066,PRODUCT_241956,图书音像,推荐,会回购,positive,会回购
TRAIN_36068,PRODUCT_405174,图书音像,正品,疑似假货,negative,疑似假货
TRAIN_36071,PRODUCT_211520,图书音像,质量,质量好,positive,质量好
TRAIN_36071,PRODUCT_211520,图书音像,物流,发货快,positive,发货快
TRAIN_36071,PRODUCT_211520,图书音像,推荐,会回购,positive,会回购
TRAIN_36076,PRODUCT_515995,图书音像,质量,质量好,positive,质量好
TRAIN_36076,PRODUCT_515995,图书音像,物流,发货快,positive,发货快
TRAIN_36079,PRODUCT_80956,图书音像,物流,发货快,positive,发货快
TRAIN_36079,PRODUCT_80956,图书音像,正品,正品放心,positive,正品放心
TRAIN_36085,PRODUCT_14807,图书音像,质量,质量好,positive,质量好
TRAIN_36100,PRODUCT_335278,图书音像,价格,性价比高,positive,性价比高
TRAIN_36104,PRODUCT_48347,美妆个护,质量,质量好,positive,质量好
TRAIN_36107,PRODUCT_201618,图书音像,内容,内容一般,negative,内容一般
TRAIN_36124,PRODUCT_236949,电脑/办公,价格,性价比高,positive,性价比高
TRAIN_36138,PRODUCT_337659,美妆个护,推荐,会回购,positive,会回购
TRAIN_36148,PRODUCT_493155,家居生活,质量,质量好,positive,质量好
TRAIN_36153,PRODUCT_490031,家用电器,正品,疑似假货,negative,疑似假货
TRAIN_36162,PRODUCT_154775,图书音像,正品,疑似假货,negative,疑似假货
TRAIN_36179,PRODUCT_170671,图书音像,价格,性价比高,positive,性价比高
TRAIN_36181,PRODUCT_99129,图书音像,推荐,会回购,positive,会回购
TRAIN_36186,PRODUCT_464243,家用电器,价格,价格贵,negative,价格贵
TRAIN_36199,PRODUCT_186757,图书音像,包装,包装差,negative,包装差
TRAIN_36199,PRODUCT_186757,图书音像,耐用,很耐用,positive,很耐用
TRAIN_36201,PRODUCT_286569,电脑/办公,质量,质量差,negative,质量差
TRAIN_36201,PRODUCT_286569,电脑/办公,耐用,容易坏,negative,容易坏
TRAIN_36205,PRODUCT_321993,图书音像,质量,质量好,positive,质量好
TRAIN_36210,PRODUCT_328413,家居生活,价格,性价比高,positive,性价比高
TRAIN_36212,PRODUCT_14168,图书音像,正品,正品放心,positive,正品放心
TRAIN_36220,PRODUCT_340885,家用电器,耐用,很耐用,positive,很耐用
TRAIN_36224,PRODUCT_240522,图书音像,质量,质量好,positive,质量好
TRAIN_36224,PRODUCT_240522,图书音像,包装,包装差,negative,包装差
TRAIN_36225,PRODUCT_176732,图书音像,质量,质量好,positive,质量好
TRAIN_36232,PRODUCT_308771,手机/数码,包装,包装好,positive,包装好
TRAIN_36234,PRODUCT_124477,图书音像,物流,发货快,positive,发货快
TRAIN_36246,PRODUCT_242128,家用电器,推荐,会回购,positive,会回购
TRAIN_36248,PRODUCT_317546,图书音像,质量,质量好,positive,质量好
TRAIN_36264,PRODUCT_418638,电脑/办公,物流,发货快,positive,发货快
TRAIN_36264,PRODUCT_418638,电脑/办公,正品,正品放心,positive,正品放心
TRAIN_36276,PRODUCT_250383,美妆个护,耐用,很耐用,positive,很耐用
TRAIN_36280,PRODUCT_118231,图书音像,质量,质量好,positive,质量好
TRAIN_36286,PRODUCT_399248,家居生活,质量,质量好,positive,质量好
TRAIN_36296,PRODUCT_96261,图书音像,质量,质量好,positive,质量好
TRAIN_36298,PRODUCT_200226,钟表/首饰/眼镜/礼品,质量,质量好,positive,质量好
TRAIN_36298,PRODUCT_200226,钟表/首饰/眼镜/礼品,正品,正品放心,positive,正品放心
TRAIN_36299,PRODUCT_170369,图书音像,推荐,不推荐,negative,不推荐
TRAIN_36306,PRODUCT_24734,图书音像,质量,质量好,positive,质量好
TRAIN_36307,PRODUCT_471934,手机/数码,价格,性价比高,positive,性价比高
TRAIN_36312,PRODUCT_55547,食品/保健,味道,味道不错,positive,味道不错
TRAIN_36318,PRODUCT_44957,电脑/办公,价格,价格贵,negative,价格贵
TRAIN_36319,PRODUCT_304595,图书音像,质量,质量好,positive,质量好
TRAIN_36328,PRODUCT_477639,图书音像,正品,疑似假货,negative,疑似假货
TRAIN_36328,PRODUCT_477639,图书音像,内容,内容不错,positive,内容不错
TRAIN_36331,PRODUCT_20267,美妆个护,正品,正品放心,positive,正品放心
TRAIN_36332,PRODUCT_429834,图书音像,内容,内容不错,positive,内容不错
TRAIN_36333,PRODUCT_459424,手机/数码,正品,正品放心,positive,正品放心
TRAIN_36342,PRODUCT_376025,图书音像,内容,内容一般,negative,内容一般
TRAIN_36344,PRODUCT_73749,图书音像,内容,内容不错,positive,内容不错
TRAIN_36347,PRODUCT_453382,家用电器,质量,质量好,positive,质量好
TRAIN_36347,PRODUCT_453382,家用电器,价格,性价比高,positive,性价比高
TRAIN_36369,PRODUCT_441014,电脑/办公,耐用,容易坏,negative,容易坏
TRAIN_36369,PRODUCT_441014,电脑/办公,推荐,不推荐,negative,不推荐
TRAIN_36370,PRODUCT_336167,图书音像,价格,性价比高,positive,性价比高
TRAIN_36371,PRODUCT_146791,钟表/首饰/眼镜/礼品,正品,正品放心,positive,正品放心
TRAIN_36372,PRODUCT_515214,图书音像,物流,发货快,positive,发货快
TRAIN_36383,PRODUCT_488906,图书音像,内容,内容不错,positive,内容不错
TRAIN_36390,PRODUCT_341531,图书音像,包装,包装好,positive,包装好
TRAIN_36392,PRODUCT_446140,图书音像,内容,内容不错,positive,内容不错
TRAIN_36396,PRODUCT_361497,图书音像,内容,内容不错,positive,内容不错
TRAIN_36405,PRODUCT_113058,图书音像,内容,内容不错,positive,内容不错
TRAIN_36410,PRODUCT_295303,其他,价格,性价比高,positive,性价比高
TRAIN_36411,PRODUCT_395730,图书音像,质量,质量好,positive,质量好
TRAIN_36417,PRODUCT_397858,图书音像,正品,正品放心,positive,正品放心
TRAIN_36425,PRODUCT_156203,图书音像,正品,正品放心,positive,正品放心
TRAIN_36426,PRODUCT_106793,图书音像,正品,正品放心,positive,正品放心
TRAIN_36428,PRODUCT_91741,图书音像,包装,包装好,positive,包装好
TRAIN_36429,PRODUCT_473818,图书音像,耐用,容易坏,negative,容易坏
TRAIN_36433,PRODUCT_188071,家具/家装/建材,耐用,很耐用,positive,很耐用
TRAIN_36437,PRODUCT_327781,图书音像,正品,正品放心,positive,正品放心
TRAIN_36442,PRODUCT_96035,图书音像,质量,质量好,positive,质量好
TRAIN_36448,PRODUCT_481967,图书音像,物流,发货快,positive,发货快
TRAIN_36456,PRODUCT_129147,图书音像,物流,发货快,positive,发货快
TRAIN_36458,PRODUCT_256069,图书音像,正品,正品放心,positive,正品放心
TRAIN_36461,PRODUCT_418378,图书音像,质量,质量好,positive,质量好
TRAIN_36473,PRODUCT_83541,图书音像,质量,质量差,negative,质量差
TRAIN_36473,PRODUCT_83541,图书音像,正品,疑似假货,negative,疑似假货
TRAIN_36478,PRODUCT_78606,美妆个护,正品,正品放心,positive,正品放心
TRAIN_36479,PRODUCT_431507,手机/数码,正品,正品放心,positive,正品放心
TRAIN_36486,PRODUCT_325251,家用电器,正品,正品放心,positive,正品放心
TRAIN_36494,PRODUCT_148690,图书音像,内容,内容不错,positive,内容不错
TRAIN_36501,PRODUCT_264365,图书音像,质量,质量好,positive,质量好
TRAIN_36505,PRODUCT_49538,图书音像,耐用,很耐用,positive,很耐用
TRAIN_36511,PRODUCT_204506,手机/数码,质量,质量好,positive,质量好
TRAIN_36511,PRODUCT_204506,手机/数码,包装,包装好,positive,包装好
TRAIN_36515,PRODUCT_208350,图书音像,正品,正品放心,positive,正品放心
TRAIN_36518,PRODUCT_166413,家居生活,质量,质量好,positive,质量好
TRAIN_36521,PRODUCT_28085,图书音像,内容,内容不错,positive,内容不错
TRAIN_36523,PRODUCT_469595,图书音像,质量,质量好,positive,质量好
TRAIN_36528,PRODUCT_102487,图书音像,正品,正品放心,positive,正品放心
TRAIN_36533,PRODUCT_322000,图书音像,正品,正品放心,positive,正品放心
TRAIN_36539,PRODUCT_446180,电脑/办公,价格,性价比高,positive,性价比高
TRAIN_36541,PRODUCT_260518,电脑/办公,正品,正品放心,positive,正品放心
TRAIN_36544,PRODUCT_74065,图书音像,包装,包装差,negative,包装差
TRAIN_36545,PRODUCT_298195,图书音像,正品,正品放心,positive,正品放心
TRAIN_36546,PRODUCT_388153,图书音像,内容,内容不错,positive,内容不错
TRAIN_36549,PRODUCT_264894,家居生活,耐用,很耐用,positive,很耐用
TRAIN_36550,PRODUCT_324537,食品/保健,正品,正品放心,positive,正品放心
TRAIN_36558,PRODUCT_351621,母婴/玩具,质量,质量好,positive,质量好
TRAIN_36577,PRODUCT_346697,电脑/办公,价格,性价比高,positive,性价比高
TRAIN_36578,PRODUCT_382986,图书音像,质量,质量好,positive,质量好
TRAIN_36587,PRODUCT_273761,图书音像,质量,质量好,positive,质量好
TRAIN_36599,PRODUCT_25799,图书音像,质量,质量好,positive,质量好
TRAIN_36602,PRODUCT_438603,图书音像,包装,包装差,negative,包装差
TRAIN_36608,PRODUCT_482249,图书音像,质量,质量好,positive,质量好
TRAIN_36611,PRODUCT_242128,家用电器,质量,质量好,positive,质量好
TRAIN_36611,PRODUCT_242128,家用电器,包装,包装好,positive,包装好
TRAIN_36612,PRODUCT_364881,图书音像,质量,质量好,positive,质量好
TRAIN_36618,PRODUCT_505565,电脑/办公,正品,正品放心,positive,正品放心
TRAIN_36621,PRODUCT_231236,图书音像,正品,正品放心,positive,正品放心
TRAIN_36632,PRODUCT_147622,美妆个护,正品,正品放心,positive,正品放心
TRAIN_36632,PRODUCT_147622,美妆个护,正品,疑似假货,negative,疑似假货
TRAIN_36632,PRODUCT_147622,美妆个护,味道,味道不错,positive,味道不错
TRAIN_36636,PRODUCT_348580,图书音像,推荐,会回购,positive,会回购
TRAIN_36647,PRODUCT_185307,图书音像,质量,质量好,positive,质量好
TRAIN_36649,PRODUCT_10529,手机/数码,正品,正品放心,positive,正品放心
TRAIN_36649,PRODUCT_10529,手机/数码,耐用,容易坏,negative,容易坏
TRAIN_36651,PRODUCT_306731,图书音像,包装,包装好,positive,包装好
TRAIN_36653,PRODUCT_206809,图书音像,正品,正品放心,positive,正品放心
TRAIN_36657,PRODUCT_395546,电脑/办公,质量,质量好,positive,质量好
TRAIN_36658,PRODUCT_73908,图书音像,内容,内容不错,positive,内容不错
TRAIN_36660,PRODUCT_307342,图书音像,正品,正品放心,positive,正品放心
TRAIN_36665,PRODUCT_403155,家具/家装/建材,质量,质量好,positive,质量好
TRAIN_36676,PRODUCT_197279,家用电器,价格,性价比高,positive,性价比高
TRAIN_36681,PRODUCT_298479,图书音像,质量,质量好,positive,质量好
TRAIN_36682,PRODUCT_97710,图书音像,价格,性价比高,positive,性价比高
TRAIN_36686,PRODUCT_477486,手机/数码,耐用,容易坏,negative,容易坏
TRAIN_36686,PRODUCT_477486,手机/数码,屏幕,屏幕清晰,positive,屏幕清晰
TRAIN_36695,PRODUCT_383455,图书音像,物流,发货快,positive,发货快
TRAIN_36697,PRODUCT_200161,家用电器,正品,正品放心,positive,正品放心
TRAIN_36700,PRODUCT_75755,图书音像,正品,正品放心,positive,正品放心
TRAIN_36706,PRODUCT_430604,图书音像,正品,疑似假货,negative,疑似假货
TRAIN_36707,PRODUCT_96158,电脑/办公,质量,质量好,positive,质量好
TRAIN_36710,PRODUCT_466718,图书音像,质量,质量好,positive,质量好
TRAIN_36710,PRODUCT_466718,图书音像,正品,正品放心,positive,正品放心
TRAIN_36713,PRODUCT_308498,图书音像,正品,正品放心,positive,正品放心
TRAIN_36723,PRODUCT_63208,图书音像,内容,内容不错,positive,内容不错
TRAIN_36734,PRODUCT_62107,图书音像,价格,性价比高,positive,性价比高
TRAIN_36735,PRODUCT_366466,图书音像,质量,质量差,negative,质量差
TRAIN_36736,PRODUCT_199942,图书音像,正品,正品放心,positive,正品放心
TRAIN_36739,PRODUCT_78608,家用电器,耐用,容易坏,negative,容易坏
TRAIN_36740,PRODUCT_67333,图书音像,推荐,会回购,positive,会回购
TRAIN_36742,PRODUCT_430537,图书音像,内容,内容不错,positive,内容不错
TRAIN_36751,PRODUCT_377913,家用电器,物流,发货快,positive,发货快
TRAIN_36754,PRODUCT_83251,图书音像,内容,内容不错,positive,内容不错
TRAIN_36759,PRODUCT_348382,图书音像,正品,疑似假货,negative,疑似假货
TRAIN_36760,PRODUCT_489007,手机/数码,价格,价格贵,negative,价格贵
TRAIN_36760,PRODUCT_489007,手机/数码,外观,外观好看,positive,外观好看
TRAIN_36764,PRODUCT_394008,图书音像,包装,包装好,positive,包装好
TRAIN_36769,PRODUCT_463214,美妆个护,味道,味道不错,positive,味道不错
TRAIN_36777,PRODUCT_407428,电脑/办公,价格,性价比高,positive,性价比高
TRAIN_36778,PRODUCT_122980,图书音像,价格,性价比高,positive,性价比高
TRAIN_36783,PRODUCT_410576,图书音像,质量,质量好,positive,质量好
TRAIN_36784,PRODUCT_306667,电脑/办公,价格,性价比高,positive,性价比高
TRAIN_36787,PRODUCT_425283,电脑/办公,价格,性价比高,positive,性价比高
TRAIN_36787,PRODUCT_425283,电脑/办公,外观,外观一般,negative,外观一般
TRAIN_36789,PRODUCT_301012,图书音像,质量,质量好,positive,质量好
TRAIN_36797,PRODUCT_371702,图书音像,物流,发货快,positive,发货快
TRAIN_36800,PRODUCT_10747,图书音像,正品,正品放心,positive,正品放心
TRAIN_36814,PRODUCT_500050,图书音像,正品,正品放心,positive,正品放心
TRAIN_36816,PRODUCT_512569,图书音像,质量,质量好,positive,质量好
TRAIN_36817,PRODUCT_283262,图书音像,价格,性价比高,positive,性价比高
TRAIN_36819,PRODUCT_410148,图书音像,正品,疑似假货,negative,疑似假货
TRAIN_36822,PRODUCT_230649,家居生活,推荐,会回购,positive,会回购
TRAIN_36828,PRODUCT_224891,图书音像,正品,正品放心,positive,正品放心
TRAIN_36846,PRODUCT_73239,美妆个护,味道,味道不错,positive,味道不错
TRAIN_36847,PRODUCT_405734,图书音像,正品,正品放心,positive,正品放心
TRAIN_36848,PRODUCT_129314,美妆个护,外观,外观好看,positive,外观好看
TRAIN_36855,PRODUCT_334080,家居生活,价格,性价比高,positive,性价比高
TRAIN_36877,PRODUCT_50246,图书音像,内容,内容不错,positive,内容不错
TRAIN_36881,PRODUCT_139236,图书音像,物流,发货快,positive,发货快
TRAIN_36892,PRODUCT_224487,图书音像,质量,质量好,positive,质量好
TRAIN_36893,PRODUCT_166321,图书音像,物流,发货快,positive,发货快
TRAIN_36898,PRODUCT_178075,图书音像,质量,质量好,positive,质量好
TRAIN_36904,PRODUCT_462627,食品/保健,味道,味道不错,positive,味道不错
TRAIN_36907,PRODUCT_310285,图书音像,正品,疑似假货,negative,疑似假货
TRAIN_36911,PRODUCT_430319,母婴/玩具,质量,质量好,positive,质量好
TRAIN_36911,PRODUCT_430319,母婴/玩具,物流,发货快,positive,发货快
TRAIN_36912,PRODUCT_2652,图书音像,物流,发货快,positive,发货快
TRAIN_36916,PRODUCT_286290,图书音像,内容,内容不错,positive,内容不错
TRAIN_36928,PRODUCT_400691,图书音像,正品,正品放心,positive,正品放心
TRAIN_36932,PRODUCT_393314,图书音像,正品,正品放心,positive,正品放心
TRAIN_36936,PRODUCT_298563,图书音像,包装,包装差,negative,包装差
TRAIN_36937,PRODUCT_411773,图书音像,质量,质量好,positive,质量好
TRAIN_36938,PRODUCT_74149,电脑/办公,正品,正品放心,positive,正品放心
TRAIN_36940,PRODUCT_328319,图书音像,质量,质量好,positive,质量好
TRAIN_36940,PRODUCT_328319,图书音像,正品,疑似假货,negative,疑似假货
TRAIN_36966,PRODUCT_461739,图书音像,质量,质量好,positive,质量好
TRAIN_36975,PRODUCT_233569,手机/数码,物流,发货快,positive,发货快
TRAIN_36977,PRODUCT_365871,电脑/办公,质量,质量差,negative,质量差
TRAIN_36979,PRODUCT_331120,手机/数码,耐用,容易坏,negative,容易坏
TRAIN_36989,PRODUCT_223554,图书音像,内容,内容一般,negative,内容一般
TRAIN_36994,PRODUCT_287331,图书音像,物流,发货快,positive,发货快
TRAIN_37009,PRODUCT_399546,美妆个护,正品,正品放心,positive,正品放心
TRAIN_37025,PRODUCT_507583,图书音像,质量,质量好,positive,质量好
TRAIN_37034,PRODUCT_335762,电脑/办公,正品,正品放心,positive,正品放心
TRAIN_37040,PRODUCT_58978,图书音像,质量,质量好,positive,质量好
TRAIN_37041,PRODUCT_519825,图书音像,价格,性价比高,positive,性价比高
TRAIN_37045,PRODUCT_72887,图书音像,质量,质量差,negative,质量差
TRAIN_37045,PRODUCT_72887,图书音像,内容,内容一般,negative,内容一般
TRAIN_37067,PRODUCT_186678,图书音像,质量,质量差,negative,质量差
TRAIN_37070,PRODUCT_319722,母婴/玩具,正品,正品放心,positive,正品放心
TRAIN_37079,PRODUCT_230028,图书音像,质量,质量差,negative,质量差
TRAIN_37079,PRODUCT_230028,图书音像,正品,疑似假货,negative,疑似假货
TRAIN_37085,PRODUCT_405276,电脑/办公,价格,性价比高,positive,性价比高
TRAIN_37089,PRODUCT_417320,美妆个护,味道,味道不错,positive,味道不错
TRAIN_37095,PRODUCT_61598,图书音像,外观,外观一般,negative,外观一般
TRAIN_37096,PRODUCT_104756,图书音像,正品,疑似假货,negative,疑似假货
TRAIN_37101,PRODUCT_390361,电脑/办公,质量,质量好,positive,质量好
TRAIN_37107,PRODUCT_70202,图书音像,包装,包装好,positive,包装好
TRAIN_37124,PRODUCT_321893,图书音像,价格,性价比高,positive,性价比高
TRAIN_37126,PRODUCT_371942,图书音像,质量,质量好,positive,质量好
TRAIN_37131,PRODUCT_315896,图书音像,正品,正品放心,positive,正品放心
TRAIN_37164,PRODUCT_482856,电脑/办公,质量,质量差,negative,质量差
TRAIN_37171,PRODUCT_293738,图书音像,推荐,不推荐,negative,不推荐
TRAIN_37176,PRODUCT_82566,图书音像,质量,质量差,negative,质量差
TRAIN_37182,PRODUCT_240782,图书音像,价格,性价比高,positive,性价比高
TRAIN_37188,PRODUCT_476528,图书音像,物流,发货快,positive,发货快
TRAIN_37189,PRODUCT_16684,图书音像,包装,包装好,positive,包装好
TRAIN_37189,PRODUCT_16684,图书音像,包装,包装差,negative,包装差
TRAIN_37195,PRODUCT_131318,电脑/办公,包装,包装好,positive,包装好
TRAIN_37195,PRODUCT_131318,电脑/办公,价格,性价比高,positive,性价比高
TRAIN_37195,PRODUCT_131318,电脑/办公,正品,正品放心,positive,正品放心
TRAIN_37198,PRODUCT_101237,图书音像,正品,正品放心,positive,正品放心
TRAIN_37202,PRODUCT_514259,图书音像,质量,质量好,positive,质量好
TRAIN_37213,PRODUCT_283689,图书音像,正品,正品放心,positive,正品放心
TRAIN_37223,PRODUCT_217551,图书音像,质量,质量好,positive,质量好
TRAIN_37223,PRODUCT_217551,图书音像,客服,客服好,positive,客服好
TRAIN_37225,PRODUCT_159610,图书音像,质量,质量好,positive,质量好
TRAIN_37225,PRODUCT_159610,图书音像,正品,正品放心,positive,正品放心
TRAIN_37234,PRODUCT_339857,图书音像,推荐,会回购,positive,会回购
TRAIN_37239,PRODUCT_305606,电脑/办公,推荐,会回购,positive,会回购
TRAIN_37241,PRODUCT_154775,图书音像,包装,包装好,positive,包装好
TRAIN_37246,PRODUCT_408576,图书音像,正品,正品放心,positive,正品放心
TRAIN_37247,PRODUCT_177836,其他,质量,质量好,positive,质量好
TRAIN_37251,PRODUCT_391824,图书音像,质量,质量好,positive,质量好
TRAIN_37256,PRODUCT_513348,电脑/办公,耐用,容易坏,negative,容易坏
TRAIN_37258,PRODUCT_180800,手机/数码,价格,价格贵,negative,价格贵
TRAIN_37259,PRODUCT_112645,电脑/办公,质量,质量好,positive,质量好
TRAIN_37262,PRODUCT_436478,手机/数码,价格,性价比高,positive,性价比高
TRAIN_37264,PRODUCT_521159,食品/保健,味道,味道不错,positive,味道不错
TRAIN_37265,PRODUCT_9813,图书音像,价格,价格贵,negative,价格贵
TRAIN_37268,PRODUCT_394008,图书音像,价格,性价比高,positive,性价比高
TRAIN_37272,PRODUCT_191180,图书音像,质量,质量好,positive,质量好
TRAIN_37272,PRODUCT_191180,图书音像,包装,包装好,positive,包装好
TRAIN_37272,PRODUCT_191180,图书音像,正品,正品放心,positive,正品放心
TRAIN_37286,PRODUCT_168160,图书音像,价格,性价比高,positive,性价比高
TRAIN_37286,PRODUCT_168160,图书音像,客服,客服好,positive,客服好
TRAIN_37291,PRODUCT_202874,图书音像,正品,正品放心,positive,正品放心
TRAIN_37293,PRODUCT_233329,鞋类箱包,正品,正品放心,positive,正品放心
TRAIN_37293,PRODUCT_233329,鞋类箱包,正品,疑似假货,negative,疑似假货
TRAIN_37293,PRODUCT_233329,鞋类箱包,耐用,很耐用,positive,很耐用
TRAIN_37296,PRODUCT_359077,图书音像,质量,质量好,positive,质量好
TRAIN_37300,PRODUCT_145315,手机/数码,价格,价格贵,negative,价格贵
TRAIN_37318,PRODUCT_95632,图书音像,价格,价格贵,negative,价格贵
TRAIN_37324,PRODUCT_248258,鞋类箱包,质量,质量好,positive,质量好
TRAIN_37324,PRODUCT_248258,鞋类箱包,尺码,尺码合适,positive,尺码合适
TRAIN_37325,PRODUCT_276165,图书音像,价格,性价比高,positive,性价比高
TRAIN_37328,PRODUCT_158697,图书音像,价格,价格贵,negative,价格贵
TRAIN_37331,PRODUCT_279241,手机/数码,物流,发货快,positive,发货快
TRAIN_37331,PRODUCT_279241,手机/数码,正品,正品放心,positive,正品放心
TRAIN_37337,PRODUCT_230562,图书音像,质量,质量好,positive,质量好
TRAIN_37346,PRODUCT_380779,图书音像,内容,内容不错,positive,内容不错
TRAIN_37347,PRODUCT_56221,家具/家装/建材,正品,正品放心,positive,正品放心
TRAIN_37352,PRODUCT_90734,美妆个护,外观,外观一般,negative,外观一般
TRAIN_37353,PRODUCT_141962,食品/保健,味道,味道不错,positive,味道不错
TRAIN_37355,PRODUCT_324188,图书音像,质量,质量好,positive,质量好
TRAIN_37355,PRODUCT_324188,图书音像,正品,正品放心,positive,正品放心
TRAIN_37365,PRODUCT_506390,电脑/办公,物流,发货快,positive,发货快
TRAIN_37365,PRODUCT_506390,电脑/办公,包装,包装好,positive,包装好
TRAIN_37368,PRODUCT_194368,图书音像,外观,外观一般,negative,外观一般
TRAIN_37373,PRODUCT_409414,图书音像,物流,发货快,positive,发货快
TRAIN_37375,PRODUCT_495256,图书音像,推荐,会回购,positive,会回购
TRAIN_37378,PRODUCT_196403,电脑/办公,价格,性价比高,positive,性价比高
TRAIN_37378,PRODUCT_196403,电脑/办公,正品,正品放心,positive,正品放心
TRAIN_37381,PRODUCT_291528,手机/数码,价格,性价比高,positive,性价比高
TRAIN_37384,PRODUCT_98279,图书音像,外观,外观好看,positive,外观好看
TRAIN_37394,PRODUCT_327600,家用电器,包装,包装好,positive,包装好
TRAIN_37400,PRODUCT_415059,手机/数码,质量,质量好,positive,质量好
TRAIN_37418,PRODUCT_291075,电脑/办公,正品,正品放心,positive,正品放心
TRAIN_37419,PRODUCT_77940,图书音像,价格,性价比高,positive,性价比高
TRAIN_37422,PRODUCT_359901,图书音像,内容,内容一般,negative,内容一般
TRAIN_37423,PRODUCT_216179,手机/数码,外观,外观好看,positive,外观好看
TRAIN_37426,PRODUCT_363009,图书音像,推荐,会回购,positive,会回购
TRAIN_37428,PRODUCT_501779,图书音像,正品,正品放心,positive,正品放心
TRAIN_37428,PRODUCT_501779,图书音像,正品,疑似假货,negative,疑似假货
TRAIN_37431,PRODUCT_254285,美妆个护,正品,疑似假货,negative,疑似假货
TRAIN_37449,PRODUCT_382004,家居生活,质量,质量好,positive,质量好
TRAIN_37451,PRODUCT_163882,图书音像,正品,正品放心,positive,正品放心
TRAIN_37456,PRODUCT_154916,手机/数码,物流,发货快,positive,发货快
TRAIN_37456,PRODUCT_154916,手机/数码,包装,包装好,positive,包装好
TRAIN_37467,PRODUCT_212774,电脑/办公,物流,发货快,positive,发货快
TRAIN_37467,PRODUCT_212774,电脑/办公,正品,正品放心,positive,正品放心
TRAIN_37467,PRODUCT_212774,电脑/办公,正品,疑似假货,negative,疑似假货
TRAIN_37468,PRODUCT_210780,图书音像,正品,疑似假货,negative,疑似假货
TRAIN_37473,PRODUCT_215965,图书音像,正品,疑似假货,negative,疑似假货
TRAIN_37477,PRODUCT_76878,图书音像,质量,质量好,positive,质量好
TRAIN_37482,PRODUCT_339256,美妆个护,正品,正品放心,positive,正品放心
TRAIN_37484,PRODUCT_330729,家具/家装/建材,正品,正品放心,positive,正品放心
TRAIN_37485,PRODUCT_147441,图书音像,物流,发货快,positive,发货快
TRAIN_37487,PRODUCT_126332,图书音像,外观,外观一般,negative,外观一般
TRAIN_37499,PRODUCT_503250,图书音像,正品,正品放心,positive,正品放心
TRAIN_37509,PRODUCT_211533,图书音像,耐用,容易坏,negative,容易坏
TRAIN_37515,PRODUCT_312930,图书音像,物流,物流慢,negative,物流慢
TRAIN_37521,PRODUCT_501643,图书音像,耐用,容易坏,negative,容易坏
TRAIN_37536,PRODUCT_114535,图书音像,物流,发货快,positive,发货快
TRAIN_37546,PRODUCT_202127,图书音像,质量,质量好,positive,质量好
TRAIN_37551,PRODUCT_107643,图书音像,物流,发货快,positive,发货快
TRAIN_37555,PRODUCT_225276,手机/数码,耐用,容易坏,negative,容易坏
TRAIN_37569,PRODUCT_468752,图书音像,质量,质量差,negative,质量差
TRAIN_37576,PRODUCT_444377,图书音像,质量,质量好,positive,质量好
TRAIN_37589,PRODUCT_39057,图书音像,内容,内容不错,positive,内容不错
TRAIN_37594,PRODUCT_160449,其他,正品,疑似假货,negative,疑似假货
TRAIN_37601,PRODUCT_278116,图书音像,内容,内容不错,positive,内容不错
TRAIN_37606,PRODUCT_204148,图书音像,质量,质量差,negative,质量差
TRAIN_37606,PRODUCT_204148,图书音像,推荐,不推荐,negative,不推荐
TRAIN_37607,PRODUCT_322193,图书音像,质量,质量好,positive,质量好
TRAIN_37620,PRODUCT_168406,美妆个护,正品,正品放心,positive,正品放心
TRAIN_37628,PRODUCT_60212,家居生活,正品,正品放心,positive,正品放心
TRAIN_37633,PRODUCT_282216,图书音像,质量,质量好,positive,质量好
TRAIN_37642,PRODUCT_512697,图书音像,价格,性价比高,positive,性价比高
TRAIN_37648,PRODUCT_75087,手机/数码,正品,疑似假货,negative,疑似假货
TRAIN_37655,PRODUCT_15550,家居生活,耐用,很耐用,positive,很耐用
TRAIN_37656,PRODUCT_339723,图书音像,质量,质量好,positive,质量好
TRAIN_37679,PRODUCT_445273,图书音像,正品,正品放心,positive,正品放心
TRAIN_37686,PRODUCT_341715,钟表/首饰/眼镜/礼品,物流,发货快,positive,发货快
TRAIN_37687,PRODUCT_369802,美妆个护,正品,正品放心,positive,正品放心
TRAIN_37687,PRODUCT_369802,美妆个护,正品,疑似假货,negative,疑似假货
TRAIN_37696,PRODUCT_496863,图书音像,价格,性价比高,positive,性价比高
TRAIN_37696,PRODUCT_496863,图书音像,推荐,会回购,positive,会回购
TRAIN_37699,PRODUCT_294413,电脑/办公,外观,外观好看,positive,外观好看
TRAIN_37709,PRODUCT_460168,图书音像,价格,性价比高,positive,性价比高
TRAIN_37714,PRODUCT_465638,家用电器,质量,质量好,positive,质量好
TRAIN_37722,PRODUCT_182502,图书音像,质量,质量好,positive,质量好
TRAIN_37723,PRODUCT_107643,图书音像,质量,质量好,positive,质量好
TRAIN_37736,PRODUCT_178421,家具/家装/建材,质量,质量好,positive,质量好
TRAIN_37744,PRODUCT_466588,图书音像,包装,包装差,negative,包装差
TRAIN_37748,PRODUCT_474898,美妆个护,味道,味道不错,positive,味道不错
TRAIN_37755,PRODUCT_77743,图书音像,内容,内容不错,positive,内容不错
TRAIN_37759,PRODUCT_487848,手机/数码,质量,质量好,positive,质量好
TRAIN_37760,PRODUCT_351839,美妆个护,味道,味道不错,positive,味道不错
TRAIN_37775,PRODUCT_262618,图书音像,内容,内容不错,positive,内容不错
TRAIN_37776,PRODUCT_178078,图书音像,物流,发货快,positive,发货快
TRAIN_37789,PRODUCT_201562,食品/保健,价格,价格贵,negative,价格贵
TRAIN_37794,PRODUCT_440180,图书音像,质量,质量好,positive,质量好
TRAIN_37797,PRODUCT_466915,图书音像,质量,质量好,positive,质量好
TRAIN_37797,PRODUCT_466915,图书音像,正品,正品放心,positive,正品放心
TRAIN_37800,PRODUCT_142828,图书音像,价格,价格贵,negative,价格贵
TRAIN_37810,PRODUCT_468397,美妆个护,味道,味道不错,positive,味道不错
TRAIN_37811,PRODUCT_465424,家用电器,耐用,很耐用,positive,很耐用
TRAIN_37811,PRODUCT_465424,家用电器,续航,续航差,negative,续航差
TRAIN_37820,PRODUCT_509357,图书音像,正品,正品放心,positive,正品放心
TRAIN_37823,PRODUCT_382458,图书音像,质量,质量好,positive,质量好
TRAIN_37830,PRODUCT_501299,图书音像,正品,正品放心,positive,正品放心
TRAIN_37834,PRODUCT_513761,图书音像,价格,性价比高,positive,性价比高
TRAIN_37841,PRODUCT_347044,图书音像,耐用,容易坏,negative,容易坏
TRAIN_37843,PRODUCT_343322,电脑/办公,耐用,很耐用,positive,很耐用
TRAIN_37864,PRODUCT_283712,图书音像,质量,质量好,positive,质量好
TRAIN_37866,PRODUCT_161503,图书音像,正品,正品放心,positive,正品放心
TRAIN_37884,PRODUCT_84022,图书音像,质量,质量好,positive,质量好
TRAIN_37884,PRODUCT_84022,图书音像,物流,发货快,positive,发货快
TRAIN_37887,PRODUCT_298563,图书音像,正品,疑似假货,negative,疑似假货
TRAIN_37890,PRODUCT_216545,图书音像,质量,质量好,positive,质量好
TRAIN_37899,PRODUCT_19137,图书音像,正品,正品放心,positive,正品放心
TRAIN_37903,PRODUCT_404546,图书音像,质量,质量好,positive,质量好
TRAIN_37904,PRODUCT_91642,食品/保健,价格,性价比高,positive,性价比高
TRAIN_37916,PRODUCT_481521,图书音像,内容,内容不错,positive,内容不错
TRAIN_37931,PRODUCT_503377,运动户外,质量,质量差,negative,质量差
TRAIN_37936,PRODUCT_497514,图书音像,正品,正品放心,positive,正品放心
TRAIN_37939,PRODUCT_160622,图书音像,价格,性价比高,positive,性价比高
TRAIN_37940,PRODUCT_79372,图书音像,质量,质量好,positive,质量好
TRAIN_37940,PRODUCT_79372,图书音像,内容,内容不错,positive,内容不错
TRAIN_37948,PRODUCT_284686,电脑/办公,物流,发货快,positive,发货快
TRAIN_37949,PRODUCT_428717,图书音像,正品,正品放心,positive,正品放心
TRAIN_37950,PRODUCT_285207,母婴/玩具,正品,正品放心,positive,正品放心
TRAIN_37960,PRODUCT_350758,图书音像,包装,包装好,positive,包装好
TRAIN_37961,PRODUCT_75736,图书音像,质量,质量差,negative,质量差
TRAIN_37971,PRODUCT_491489,图书音像,推荐,会回购,positive,会回购
TRAIN_37978,PRODUCT_494191,图书音像,物流,发货快,positive,发货快
TRAIN_37984,PRODUCT_450908,图书音像,质量,质量好,positive,质量好
TRAIN_37987,PRODUCT_356582,图书音像,质量,质量好,positive,质量好
TRAIN_37997,PRODUCT_254869,图书音像,价格,价格贵,negative,价格贵
TRAIN_37999,PRODUCT_492498,图书音像,内容,内容不错,positive,内容不错
TRAIN_38004,PRODUCT_256519,图书音像,正品,正品放心,positive,正品放心
TRAIN_38010,PRODUCT_434466,母婴/玩具,质量,质量好,positive,质量好
TRAIN_38015,PRODUCT_288118,图书音像,质量,质量好,positive,质量好
TRAIN_38016,PRODUCT_39038,图书音像,推荐,不推荐,negative,不推荐
TRAIN_38037,PRODUCT_345991,图书音像,质量,质量好,positive,质量好
TRAIN_38041,PRODUCT_62465,图书音像,内容,内容不错,positive,内容不错
TRAIN_38051,PRODUCT_254248,图书音像,质量,质量好,positive,质量好
TRAIN_38056,PRODUCT_497704,图书音像,物流,发货快,positive,发货快
TRAIN_38066,PRODUCT_188901,图书音像,价格,性价比高,positive,性价比高
TRAIN_38082,PRODUCT_14522,图书音像,正品,正品放心,positive,正品放心
TRAIN_38084,PRODUCT_244961,电脑/办公,质量,质量差,negative,质量差
TRAIN_38094,PRODUCT_304614,家居生活,价格,性价比高,positive,性价比高
TRAIN_38097,PRODUCT_300746,图书音像,质量,质量好,positive,质量好
TRAIN_38102,PRODUCT_46622,电脑/办公,正品,正品放心,positive,正品放心
TRAIN_38105,PRODUCT_387343,食品/保健,耐用,容易坏,negative,容易坏
TRAIN_38105,PRODUCT_387343,食品/保健,推荐,不推荐,negative,不推荐
TRAIN_38108,PRODUCT_36848,电脑/办公,正品,正品放心,positive,正品放心
TRAIN_38123,PRODUCT_206079,图书音像,物流,发货快,positive,发货快
TRAIN_38128,PRODUCT_202367,美妆个护,味道,味道不错,positive,味道不错
TRAIN_38129,PRODUCT_137686,电脑/办公,质量,质量好,positive,质量好
TRAIN_38129,PRODUCT_137686,电脑/办公,物流,发货快,positive,发货快
TRAIN_38132,PRODUCT_154941,运动户外,价格,性价比高,positive,性价比高
TRAIN_38142,PRODUCT_353721,图书音像,质量,质量好,positive,质量好
TRAIN_38149,PRODUCT_89893,图书音像,质量,质量好,positive,质量好
TRAIN_38154,PRODUCT_279241,手机/数码,物流,发货快,positive,发货快
TRAIN_38162,PRODUCT_367157,手机/数码,屏幕,屏幕差,negative,屏幕差
TRAIN_38169,PRODUCT_288585,图书音像,质量,质量好,positive,质量好
TRAIN_38169,PRODUCT_288585,图书音像,正品,正品放心,positive,正品放心
TRAIN_38175,PRODUCT_32357,母婴/玩具,正品,正品放心,positive,正品放心
TRAIN_38177,PRODUCT_178195,家用电器,外观,外观好看,positive,外观好看
TRAIN_38179,PRODUCT_7580,图书音像,正品,正品放心,positive,正品放心
TRAIN_38180,PRODUCT_348585,图书音像,推荐,不推荐,negative,不推荐
TRAIN_38182,PRODUCT_100327,其他,质量,质量好,positive,质量好
TRAIN_38182,PRODUCT_100327,其他,正品,正品放心,positive,正品放心
TRAIN_38188,PRODUCT_401110,家具/家装/建材,推荐,会回购,positive,会回购
TRAIN_38191,PRODUCT_92690,图书音像,质量,质量好,positive,质量好
TRAIN_38197,PRODUCT_414870,图书音像,价格,价格贵,negative,价格贵
TRAIN_38204,PRODUCT_360805,家居生活,价格,性价比高,positive,性价比高
TRAIN_38210,PRODUCT_333815,图书音像,质量,质量好,positive,质量好
TRAIN_38214,PRODUCT_365173,美妆个护,味道,味道不错,positive,味道不错
TRAIN_38220,PRODUCT_61008,母婴/玩具,质量,质量好,positive,质量好
TRAIN_38224,PRODUCT_10266,图书音像,质量,质量差,negative,质量差
TRAIN_38226,PRODUCT_39462,手机/数码,正品,正品放心,positive,正品放心
TRAIN_38228,PRODUCT_182146,图书音像,质量,质量好,positive,质量好
TRAIN_38229,PRODUCT_206809,图书音像,包装,包装差,negative,包装差
TRAIN_38229,PRODUCT_206809,图书音像,正品,疑似假货,negative,疑似假货
TRAIN_38229,PRODUCT_206809,图书音像,耐用,容易坏,negative,容易坏
TRAIN_38236,PRODUCT_156270,电脑/办公,正品,疑似假货,negative,疑似假货
TRAIN_38243,PRODUCT_457344,图书音像,正品,正品放心,positive,正品放心
TRAIN_38243,PRODUCT_457344,图书音像,外观,外观好看,positive,外观好看
TRAIN_38261,PRODUCT_114746,电脑/办公,质量,质量好,positive,质量好
TRAIN_38261,PRODUCT_114746,电脑/办公,正品,疑似假货,negative,疑似假货
TRAIN_38278,PRODUCT_313229,图书音像,包装,包装好,positive,包装好
TRAIN_38280,PRODUCT_135269,图书音像,质量,质量好,positive,质量好
TRAIN_38281,PRODUCT_130876,图书音像,质量,质量好,positive,质量好
TRAIN_38289,PRODUCT_331390,图书音像,物流,物流慢,negative,物流慢
TRAIN_38294,PRODUCT_46126,服饰服装,尺码,尺码合适,positive,尺码合适
TRAIN_38298,PRODUCT_236173,图书音像,质量,质量好,positive,质量好
TRAIN_38298,PRODUCT_236173,图书音像,正品,正品放心,positive,正品放心
TRAIN_38299,PRODUCT_376882,图书音像,内容,内容不错,positive,内容不错
TRAIN_38302,PRODUCT_16022,图书音像,正品,正品放心,positive,正品放心
TRAIN_38303,PRODUCT_43502,家居生活,耐用,容易坏,negative,容易坏
TRAIN_38305,PRODUCT_369769,图书音像,正品,正品放心,positive,正品放心
TRAIN_38310,PRODUCT_94270,图书音像,正品,正品放心,positive,正品放心
TRAIN_38312,PRODUCT_251950,图书音像,内容,内容不错,positive,内容不错
TRAIN_38313,PRODUCT_384608,电脑/办公,耐用,很耐用,positive,很耐用
TRAIN_38314,PRODUCT_95185,家用电器,包装,包装好,positive,包装好
TRAIN_38320,PRODUCT_403808,图书音像,质量,质量好,positive,质量好
TRAIN_38321,PRODUCT_363012,图书音像,质量,质量好,positive,质量好
TRAIN_38324,PRODUCT_426755,美妆个护,正品,正品放心,positive,正品放心
TRAIN_38331,PRODUCT_24401,图书音像,质量,质量好,positive,质量好
TRAIN_38345,PRODUCT_124644,图书音像,质量,质量差,negative,质量差
TRAIN_38350,PRODUCT_400404,家居生活,价格,性价比高,positive,性价比高
TRAIN_38352,PRODUCT_286808,图书音像,内容,内容一般,negative,内容一般
TRAIN_38357,PRODUCT_55985,电脑/办公,物流,发货快,positive,发货快
TRAIN_38358,PRODUCT_404037,图书音像,质量,质量好,positive,质量好
TRAIN_38358,PRODUCT_404037,图书音像,正品,正品放心,positive,正品放心
TRAIN_38361,PRODUCT_401254,家居生活,价格,性价比高,positive,性价比高
TRAIN_38362,PRODUCT_2616,图书音像,正品,正品放心,positive,正品放心
TRAIN_38362,PRODUCT_2616,图书音像,正品,疑似假货,negative,疑似假货
TRAIN_38363,PRODUCT_504489,图书音像,推荐,会回购,positive,会回购
TRAIN_38381,PRODUCT_337730,图书音像,包装,包装好,positive,包装好
TRAIN_38384,PRODUCT_189182,家具/家装/建材,质量,质量好,positive,质量好
TRAIN_38384,PRODUCT_189182,家具/家装/建材,耐用,很耐用,positive,很耐用
TRAIN_38386,PRODUCT_196329,家居生活,质量,质量差,negative,质量差
TRAIN_38392,PRODUCT_453625,其他,物流,发货快,positive,发货快
TRAIN_38398,PRODUCT_211824,美妆个护,味道,味道不错,positive,味道不错
TRAIN_38405,PRODUCT_498275,图书音像,质量,质量好,positive,质量好
TRAIN_38405,PRODUCT_498275,图书音像,价格,性价比高,positive,性价比高
TRAIN_38408,PRODUCT_11013,图书音像,物流,发货快,positive,发货快
TRAIN_38414,PRODUCT_234923,图书音像,质量,质量差,negative,质量差
TRAIN_38419,PRODUCT_110205,电脑/办公,正品,疑似假货,negative,疑似假货
TRAIN_38419,PRODUCT_110205,电脑/办公,屏幕,屏幕差,negative,屏幕差
TRAIN_38420,PRODUCT_331947,手机/数码,屏幕,屏幕差,negative,屏幕差
TRAIN_38425,PRODUCT_138107,电脑/办公,耐用,容易坏,negative,容易坏
TRAIN_38429,PRODUCT_94194,图书音像,价格,性价比高,positive,性价比高
TRAIN_38432,PRODUCT_440984,电脑/办公,正品,疑似假货,negative,疑似假货
TRAIN_38434,PRODUCT_383952,图书音像,内容,内容不错,positive,内容不错
TRAIN_38442,PRODUCT_235062,图书音像,质量,质量差,negative,质量差
TRAIN_38444,PRODUCT_129639,图书音像,质量,质量好,positive,质量好
TRAIN_38452,PRODUCT_381341,美妆个护,味道,味道不错,positive,味道不错
TRAIN_38457,PRODUCT_150204,食品/保健,味道,味道不错,positive,味道不错
TRAIN_38469,PRODUCT_422036,图书音像,价格,性价比高,positive,性价比高
TRAIN_38488,PRODUCT_447076,鞋类箱包,外观,外观一般,negative,外观一般
TRAIN_38499,PRODUCT_324063,图书音像,质量,质量好,positive,质量好
TRAIN_38505,PRODUCT_273375,手机/数码,质量,质量差,negative,质量差
TRAIN_38506,PRODUCT_4763,食品/保健,物流,发货快,positive,发货快
TRAIN_38506,PRODUCT_4763,食品/保健,包装,包装好,positive,包装好
TRAIN_38506,PRODUCT_4763,食品/保健,客服,客服好,positive,客服好
TRAIN_38510,PRODUCT_43386,美妆个护,味道,味道不错,positive,味道不错
TRAIN_38512,PRODUCT_459424,手机/数码,推荐,不推荐,negative,不推荐
TRAIN_38521,PRODUCT_413814,图书音像,价格,性价比高,positive,性价比高
TRAIN_38534,PRODUCT_13719,食品/保健,味道,味道不错,positive,味道不错
TRAIN_38535,PRODUCT_424163,家用电器,质量,质量好,positive,质量好
TRAIN_38535,PRODUCT_424163,家用电器,价格,性价比高,positive,性价比高
TRAIN_38546,PRODUCT_495671,图书音像,内容,内容不错,positive,内容不错
TRAIN_38553,PRODUCT_54417,图书音像,质量,质量好,positive,质量好
TRAIN_38556,PRODUCT_42305,图书音像,质量,质量好,positive,质量好
TRAIN_38560,PRODUCT_166301,图书音像,质量,质量好,positive,质量好
TRAIN_38574,PRODUCT_257476,图书音像,质量,质量差,negative,质量差
TRAIN_38582,PRODUCT_53672,图书音像,价格,价格贵,negative,价格贵
TRAIN_38583,PRODUCT_62537,美妆个护,味道,味道不错,positive,味道不错
TRAIN_38592,PRODUCT_345048,图书音像,正品,正品放心,positive,正品放心
TRAIN_38593,PRODUCT_477888,图书音像,质量,质量好,positive,质量好
TRAIN_38595,PRODUCT_513150,图书音像,正品,正品放心,positive,正品放心
TRAIN_38606,PRODUCT_274332,图书音像,质量,质量好,positive,质量好
TRAIN_38615,PRODUCT_424602,美妆个护,物流,发货快,positive,发货快
TRAIN_38615,PRODUCT_424602,美妆个护,推荐,会回购,positive,会回购
TRAIN_38621,PRODUCT_475853,其他,推荐,会回购,positive,会回购
TRAIN_38631,PRODUCT_336809,电脑/办公,推荐,会回购,positive,会回购
TRAIN_38633,PRODUCT_121064,鞋类箱包,耐用,很耐用,positive,很耐用
TRAIN_38648,PRODUCT_424395,图书音像,正品,正品放心,positive,正品放心
TRAIN_38655,PRODUCT_253247,图书音像,包装,包装好,positive,包装好
TRAIN_38655,PRODUCT_253247,图书音像,内容,内容不错,positive,内容不错
TRAIN_38657,PRODUCT_183206,电脑/办公,正品,正品放心,positive,正品放心
TRAIN_38661,PRODUCT_167226,手机/数码,正品,正品放心,positive,正品放心
TRAIN_38661,PRODUCT_167226,手机/数码,耐用,很耐用,positive,很耐用
TRAIN_38663,PRODUCT_376536,电脑/办公,正品,正品放心,positive,正品放心
TRAIN_38668,PRODUCT_183011,图书音像,物流,发货快,positive,发货快
TRAIN_38671,PRODUCT_327014,图书音像,内容,内容不错,positive,内容不错
TRAIN_38672,PRODUCT_468653,图书音像,质量,质量好,positive,质量好
TRAIN_38676,PRODUCT_42633,电脑/办公,物流,物流慢,negative,物流慢
TRAIN_38676,PRODUCT_42633,电脑/办公,包装,包装好,positive,包装好
TRAIN_38677,PRODUCT_492719,家居生活,耐用,很耐用,positive,很耐用
TRAIN_38678,PRODUCT_186435,图书音像,正品,正品放心,positive,正品放心
TRAIN_38678,PRODUCT_186435,图书音像,正品,疑似假货,negative,疑似假货
TRAIN_38679,PRODUCT_250129,电脑/办公,质量,质量好,positive,质量好
TRAIN_38681,PRODUCT_250158,图书音像,质量,质量好,positive,质量好
TRAIN_38684,PRODUCT_422896,图书音像,质量,质量好,positive,质量好
TRAIN_38689,PRODUCT_98820,图书音像,正品,正品放心,positive,正品放心
TRAIN_38697,PRODUCT_334726,家用电器,价格,性价比高,positive,性价比高
TRAIN_38697,PRODUCT_334726,家用电器,耐用,很耐用,positive,很耐用
TRAIN_38702,PRODUCT_117239,图书音像,价格,性价比高,positive,性价比高
TRAIN_38708,PRODUCT_441759,电脑/办公,价格,性价比高,positive,性价比高
TRAIN_38712,PRODUCT_410576,图书音像,质量,质量好,positive,质量好
TRAIN_38713,PRODUCT_252308,图书音像,价格,性价比高,positive,性价比高
TRAIN_38714,PRODUCT_230555,图书音像,包装,包装差,negative,包装差
TRAIN_38732,PRODUCT_60073,图书音像,正品,疑似假货,negative,疑似假货
TRAIN_38733,PRODUCT_235920,钟表/首饰/眼镜/礼品,耐用,很耐用,positive,很耐用
TRAIN_38738,PRODUCT_343475,家用电器,质量,质量好,positive,质量好
TRAIN_38740,PRODUCT_419974,图书音像,物流,发货快,positive,发货快
TRAIN_38740,PRODUCT_419974,图书音像,包装,包装差,negative,包装差
TRAIN_38746,PRODUCT_402244,电脑/办公,质量,质量差,negative,质量差
TRAIN_38746,PRODUCT_402244,电脑/办公,耐用,容易坏,negative,容易坏
TRAIN_38764,PRODUCT_455655,图书音像,正品,疑似假货,negative,疑似假货
TRAIN_38764,PRODUCT_455655,图书音像,内容,内容一般,negative,内容一般
TRAIN_38768,PRODUCT_335931,图书音像,包装,包装好,positive,包装好
TRAIN_38770,PRODUCT_401926,图书音像,价格,性价比高,positive,性价比高
TRAIN_38770,PRODUCT_401926,图书音像,内容,内容不错,positive,内容不错
TRAIN_38772,PRODUCT_432833,图书音像,质量,质量好,positive,质量好
TRAIN_38776,PRODUCT_186631,图书音像,包装,包装差,negative,包装差
TRAIN_38777,PRODUCT_505990,手机/数码,推荐,会回购,positive,会回购
TRAIN_38781,PRODUCT_136368,图书音像,质量,质量好,positive,质量好
TRAIN_38788,PRODUCT_331622,运动户外,耐用,很耐用,positive,很耐用
TRAIN_38807,PRODUCT_79130,图书音像,物流,发货快,positive,发货快
TRAIN_38808,PRODUCT_398216,图书音像,包装,包装差,negative,包装差
TRAIN_38812,PRODUCT_50756,电脑/办公,质量,质量好,positive,质量好
TRAIN_38814,PRODUCT_375817,图书音像,价格,性价比高,positive,性价比高
TRAIN_38815,PRODUCT_45044,图书音像,价格,价格贵,negative,价格贵
TRAIN_38815,PRODUCT_45044,图书音像,内容,内容一般,negative,内容一般
TRAIN_38821,PRODUCT_241806,手机/数码,屏幕,屏幕差,negative,屏幕差
TRAIN_38822,PRODUCT_243490,其他,质量,质量好,positive,质量好
TRAIN_38822,PRODUCT_243490,其他,质量,质量差,negative,质量差
TRAIN_38822,PRODUCT_243490,其他,包装,包装差,negative,包装差
TRAIN_38823,PRODUCT_464515,母婴/玩具,正品,正品放心,positive,正品放心
TRAIN_38823,PRODUCT_464515,母婴/玩具,推荐,不推荐,negative,不推荐
TRAIN_38827,PRODUCT_11614,图书音像,物流,发货快,positive,发货快
TRAIN_38832,PRODUCT_336579,母婴/玩具,质量,质量好,positive,质量好
TRAIN_38835,PRODUCT_112965,图书音像,质量,质量好,positive,质量好
TRAIN_38837,PRODUCT_306994,图书音像,质量,质量好,positive,质量好
TRAIN_38838,PRODUCT_173328,电脑/办公,价格,性价比高,positive,性价比高
TRAIN_38839,PRODUCT_23571,图书音像,质量,质量好,positive,质量好
TRAIN_38845,PRODUCT_354699,图书音像,物流,发货快,positive,发货快
TRAIN_38845,PRODUCT_354699,图书音像,包装,包装好,positive,包装好
TRAIN_38845,PRODUCT_354699,图书音像,正品,正品放心,positive,正品放心
TRAIN_38850,PRODUCT_403390,图书音像,质量,质量好,positive,质量好
TRAIN_38858,PRODUCT_36819,图书音像,正品,正品放心,positive,正品放心
TRAIN_38866,PRODUCT_85145,图书音像,正品,疑似假货,negative,疑似假货
TRAIN_38866,PRODUCT_85145,图书音像,内容,内容不错,positive,内容不错
TRAIN_38867,PRODUCT_56523,图书音像,包装,包装好,positive,包装好
TRAIN_38867,PRODUCT_56523,图书音像,正品,正品放心,positive,正品放心
TRAIN_38877,PRODUCT_522715,电脑/办公,物流,发货快,positive,发货快
TRAIN_38877,PRODUCT_522715,电脑/办公,正品,正品放心,positive,正品放心
TRAIN_38878,PRODUCT_282769,图书音像,质量,质量好,positive,质量好
TRAIN_38883,PRODUCT_36029,图书音像,内容,内容一般,negative,内容一般
TRAIN_38890,PRODUCT_358756,图书音像,内容,内容不错,positive,内容不错
TRAIN_38891,PRODUCT_103197,图书音像,推荐,会回购,positive,会回购
TRAIN_38894,PRODUCT_445713,图书音像,内容,内容不错,positive,内容不错
TRAIN_38895,PRODUCT_242357,美妆个护,正品,正品放心,positive,正品放心
TRAIN_38910,PRODUCT_31626,美妆个护,价格,价格贵,negative,价格贵
TRAIN_38915,PRODUCT_223932,家用电器,价格,性价比高,positive,性价比高
TRAIN_38920,PRODUCT_155937,图书音像,正品,正品放心,positive,正品放心
TRAIN_38923,PRODUCT_293775,美妆个护,味道,味道不错,positive,味道不错
TRAIN_38924,PRODUCT_445273,图书音像,物流,发货快,positive,发货快
TRAIN_38937,PRODUCT_284488,家居生活,质量,质量差,negative,质量差
TRAIN_38939,PRODUCT_324301,图书音像,包装,包装差,negative,包装差
TRAIN_38939,PRODUCT_324301,图书音像,正品,正品放心,positive,正品放心
TRAIN_38939,PRODUCT_324301,图书音像,正品,疑似假货,negative,疑似假货
TRAIN_38946,PRODUCT_234764,图书音像,质量,质量好,positive,质量好
TRAIN_38953,PRODUCT_132915,鞋类箱包,价格,性价比高,positive,性价比高
TRAIN_38956,PRODUCT_345244,图书音像,质量,质量差,negative,质量差
TRAIN_38957,PRODUCT_421759,图书音像,质量,质量好,positive,质量好
TRAIN_38957,PRODUCT_421759,图书音像,物流,发货快,positive,发货快
TRAIN_38965,PRODUCT_200192,美妆个护,味道,味道不错,positive,味道不错
TRAIN_38967,PRODUCT_441894,食品/保健,味道,味道不错,positive,味道不错
TRAIN_38967,PRODUCT_441894,食品/保健,新鲜,很新鲜,positive,很新鲜
TRAIN_38969,PRODUCT_358860,家居生活,价格,性价比高,positive,性价比高
TRAIN_38975,PRODUCT_160902,图书音像,内容,内容不错,positive,内容不错
TRAIN_38978,PRODUCT_417639,美妆个护,物流,发货快,positive,发货快
TRAIN_38986,PRODUCT_301061,电脑/办公,物流,发货快,positive,发货快
TRAIN_38987,PRODUCT_154078,图书音像,质量,质量好,positive,质量好
TRAIN_38987,PRODUCT_154078,图书音像,物流,发货快,positive,发货快
TRAIN_38997,PRODUCT_278251,鞋类箱包,质量,质量好,positive,质量好
TRAIN_39000,PRODUCT_389146,图书音像,正品,正品放心,positive,正品放心
TRAIN_39004,PRODUCT_342122,图书音像,正品,疑似假货,negative,疑似假货
TRAIN_39005,PRODUCT_498623,图书音像,质量,质量好,positive,质量好
TRAIN_39009,PRODUCT_144841,图书音像,物流,发货快,positive,发货快
TRAIN_39009,PRODUCT_144841,图书音像,包装,包装好,positive,包装好
TRAIN_39015,PRODUCT_238605,手机/数码,耐用,很耐用,positive,很耐用
TRAIN_39016,PRODUCT_447307,其他,质量,质量好,positive,质量好
TRAIN_39023,PRODUCT_286965,图书音像,物流,发货快,positive,发货快
TRAIN_39023,PRODUCT_286965,图书音像,正品,正品放心,positive,正品放心
TRAIN_39030,PRODUCT_393415,家居生活,包装,包装好,positive,包装好
TRAIN_39038,PRODUCT_67054,电脑/办公,质量,质量好,positive,质量好
TRAIN_39039,PRODUCT_331335,电脑/办公,物流,发货快,positive,发货快
TRAIN_39039,PRODUCT_331335,电脑/办公,推荐,会回购,positive,会回购
TRAIN_39047,PRODUCT_136532,图书音像,质量,质量好,positive,质量好
TRAIN_39053,PRODUCT_84706,图书音像,价格,性价比高,positive,性价比高
TRAIN_39061,PRODUCT_230609,图书音像,推荐,会回购,positive,会回购
TRAIN_39064,PRODUCT_89457,图书音像,内容,内容不错,positive,内容不错
TRAIN_39072,PRODUCT_409882,图书音像,外观,外观一般,negative,外观一般
TRAIN_39073,PRODUCT_36848,电脑/办公,物流,物流慢,negative,物流慢
TRAIN_39076,PRODUCT_505404,电脑/办公,耐用,容易坏,negative,容易坏
TRAIN_39081,PRODUCT_265195,图书音像,质量,质量好,positive,质量好
TRAIN_39081,PRODUCT_265195,图书音像,正品,正品放心,positive,正品放心
TRAIN_39091,PRODUCT_155156,图书音像,外观,外观一般,negative,外观一般
TRAIN_39092,PRODUCT_61522,家具/家装/建材,质量,质量好,positive,质量好
TRAIN_39099,PRODUCT_299507,图书音像,质量,质量好,positive,质量好
TRAIN_39100,PRODUCT_489096,图书音像,包装,包装差,negative,包装差
TRAIN_39101,PRODUCT_106822,图书音像,推荐,不推荐,negative,不推荐
TRAIN_39113,PRODUCT_479694,图书音像,推荐,会回购,positive,会回购
TRAIN_39122,PRODUCT_134777,手机/数码,包装,包装好,positive,包装好
TRAIN_39146,PRODUCT_66017,图书音像,质量,质量好,positive,质量好
TRAIN_39146,PRODUCT_66017,图书音像,正品,正品放心,positive,正品放心
TRAIN_39159,PRODUCT_473334,图书音像,物流,发货快,positive,发货快
TRAIN_39179,PRODUCT_506977,鞋类箱包,质量,质量好,positive,质量好
TRAIN_39179,PRODUCT_506977,鞋类箱包,质量,质量差,negative,质量差
TRAIN_39182,PRODUCT_306672,钟表/首饰/眼镜/礼品,价格,性价比高,positive,性价比高
TRAIN_39185,PRODUCT_396298,图书音像,质量,质量好,positive,质量好
TRAIN_39187,PRODUCT_391254,美妆个护,质量,质量好,positive,质量好
TRAIN_39187,PRODUCT_391254,美妆个护,价格,性价比高,positive,性价比高
TRAIN_39193,PRODUCT_30012,图书音像,质量,质量差,negative,质量差
TRAIN_39207,PRODUCT_36099,图书音像,正品,正品放心,positive,正品放心
TRAIN_39211,PRODUCT_118222,图书音像,正品,正品放心,positive,正品放心
TRAIN_39215,PRODUCT_3585,图书音像,正品,疑似假货,negative,疑似假货
TRAIN_39216,PRODUCT_348986,电脑/办公,物流,发货快,positive,发货快
TRAIN_39224,PRODUCT_366455,电脑/办公,包装,包装好,positive,包装好
TRAIN_39226,PRODUCT_256484,家用电器,耐用,很耐用,positive,很耐用
TRAIN_39234,PRODUCT_207853,图书音像,质量,质量好,positive,质量好
TRAIN_39244,PRODUCT_463670,手机/数码,物流,发货快,positive,发货快
TRAIN_39244,PRODUCT_463670,手机/数码,物流,物流慢,negative,物流慢
TRAIN_39254,PRODUCT_49321,图书音像,质量,质量好,positive,质量好
TRAIN_39255,PRODUCT_295385,钟表/首饰/眼镜/礼品,正品,正品放心,positive,正品放心
TRAIN_39257,PRODUCT_348018,图书音像,内容,内容不错,positive,内容不错
TRAIN_39260,PRODUCT_453381,电脑/办公,物流,发货快,positive,发货快
TRAIN_39261,PRODUCT_328938,家用电器,续航,续航差,negative,续航差
TRAIN_39263,PRODUCT_499798,图书音像,正品,正品放心,positive,正品放心
TRAIN_39263,PRODUCT_499798,图书音像,正品,疑似假货,negative,疑似假货
TRAIN_39285,PRODUCT_300294,电脑/办公,推荐,会回购,positive,会回购
TRAIN_39295,PRODUCT_460030,图书音像,正品,正品放心,positive,正品放心
TRAIN_39297,PRODUCT_230293,手机/数码,续航,续航差,negative,续航差
TRAIN_39301,PRODUCT_318251,美妆个护,耐用,容易坏,negative,容易坏
TRAIN_39314,PRODUCT_340045,图书音像,质量,质量好,positive,质量好
TRAIN_39330,PRODUCT_207886,图书音像,正品,疑似假货,negative,疑似假货
TRAIN_39332,PRODUCT_392395,图书音像,耐用,很耐用,positive,很耐用
TRAIN_39338,PRODUCT_375828,电脑/办公,价格,性价比高,positive,性价比高
TRAIN_39345,PRODUCT_439165,图书音像,内容,内容一般,negative,内容一般
TRAIN_39346,PRODUCT_335678,美妆个护,正品,正品放心,positive,正品放心
TRAIN_39348,PRODUCT_499249,图书音像,内容,内容不错,positive,内容不错
TRAIN_39349,PRODUCT_337229,图书音像,正品,正品放心,positive,正品放心
TRAIN_39350,PRODUCT_482115,图书音像,质量,质量好,positive,质量好
TRAIN_39350,PRODUCT_482115,图书音像,物流,发货快,positive,发货快
TRAIN_39350,PRODUCT_482115,图书音像,内容,内容不错,positive,内容不错
TRAIN_39353,PRODUCT_513122,图书音像,外观,外观好看,positive,外观好看
TRAIN_39354,PRODUCT_294844,图书音像,质量,质量好,positive,质量好
TRAIN_39358,PRODUCT_83526,食品/保健,价格,性价比高,positive,性价比高
TRAIN_39359,PRODUCT_504642,图书音像,正品,疑似假货,negative,疑似假货
TRAIN_39361,PRODUCT_259360,母婴/玩具,正品,正品放心,positive,正品放心
TRAIN_39363,PRODUCT_385702,电脑/办公,价格,性价比高,positive,性价比高
TRAIN_39384,PRODUCT_31715,图书音像,正品,正品放心,positive,正品放心
TRAIN_39394,PRODUCT_415502,图书音像,价格,性价比高,positive,性价比高
TRAIN_39394,PRODUCT_415502,图书音像,正品,正品放心,positive,正品放心
TRAIN_39395,PRODUCT_453398,家居生活,价格,性价比高,positive,性价比高
TRAIN_39398,PRODUCT_351077,手机/数码,包装,包装好,positive,包装好
TRAIN_39401,PRODUCT_343715,手机/数码,正品,正品放心,positive,正品放心
TRAIN_39414,PRODUCT_294844,图书音像,质量,质量差,negative,质量差
TRAIN_39414,PRODUCT_294844,图书音像,正品,正品放心,positive,正品放心
TRAIN_39419,PRODUCT_388509,电脑/办公,质量,质量好,positive,质量好
TRAIN_39422,PRODUCT_404726,图书音像,质量,质量好,positive,质量好
TRAIN_39422,PRODUCT_404726,图书音像,推荐,不推荐,negative,不推荐
TRAIN_39423,PRODUCT_184020,运动户外,质量,质量差,negative,质量差
TRAIN_39424,PRODUCT_117426,图书音像,质量,质量好,positive,质量好
TRAIN_39425,PRODUCT_511790,手机/数码,质量,质量好,positive,质量好
TRAIN_39435,PRODUCT_429759,图书音像,正品,正品放心,positive,正品放心
TRAIN_39437,PRODUCT_102950,家居生活,价格,性价比高,positive,性价比高
TRAIN_39454,PRODUCT_331335,电脑/办公,价格,性价比高,positive,性价比高
TRAIN_39457,PRODUCT_441137,美妆个护,正品,正品放心,positive,正品放心
TRAIN_39465,PRODUCT_146810,美妆个护,正品,正品放心,positive,正品放心
TRAIN_39466,PRODUCT_465547,图书音像,物流,发货快,positive,发货快
TRAIN_39466,PRODUCT_465547,图书音像,价格,性价比高,positive,性价比高
TRAIN_39476,PRODUCT_129370,美妆个护,味道,味道不错,positive,味道不错
TRAIN_39478,PRODUCT_71391,图书音像,推荐,不推荐,negative,不推荐
TRAIN_39486,PRODUCT_197288,手机/数码,正品,正品放心,positive,正品放心
TRAIN_39490,PRODUCT_404440,图书音像,质量,质量好,positive,质量好
TRAIN_39498,PRODUCT_325,图书音像,正品,正品放心,positive,正品放心
TRAIN_39499,PRODUCT_321924,图书音像,质量,质量差,negative,质量差
TRAIN_39507,PRODUCT_314329,图书音像,包装,包装好,positive,包装好
TRAIN_39510,PRODUCT_230995,图书音像,推荐,会回购,positive,会回购
TRAIN_39511,PRODUCT_188108,图书音像,质量,质量好,positive,质量好
TRAIN_39512,PRODUCT_428359,美妆个护,耐用,很耐用,positive,很耐用
TRAIN_39513,PRODUCT_369802,美妆个护,包装,包装好,positive,包装好
TRAIN_39518,PRODUCT_277132,美妆个护,物流,发货快,positive,发货快
TRAIN_39520,PRODUCT_205295,图书音像,正品,疑似假货,negative,疑似假货
TRAIN_39527,PRODUCT_430556,家用电器,包装,包装好,positive,包装好
TRAIN_39531,PRODUCT_488259,美妆个护,质量,质量好,positive,质量好
TRAIN_39535,PRODUCT_515183,图书音像,质量,质量好,positive,质量好
TRAIN_39546,PRODUCT_276102,鞋类箱包,正品,正品放心,positive,正品放心
TRAIN_39552,PRODUCT_417504,图书音像,质量,质量好,positive,质量好
TRAIN_39552,PRODUCT_417504,图书音像,价格,性价比高,positive,性价比高
TRAIN_39566,PRODUCT_178421,家具/家装/建材,质量,质量差,negative,质量差
TRAIN_39566,PRODUCT_178421,家具/家装/建材,耐用,容易坏,negative,容易坏
TRAIN_39569,PRODUCT_138130,图书音像,内容,内容不错,positive,内容不错
TRAIN_39588,PRODUCT_15191,图书音像,质量,质量好,positive,质量好
TRAIN_39600,PRODUCT_212441,图书音像,质量,质量好,positive,质量好
TRAIN_39601,PRODUCT_321254,图书音像,正品,正品放心,positive,正品放心
TRAIN_39605,PRODUCT_102323,美妆个护,味道,味道不错,positive,味道不错
TRAIN_39607,PRODUCT_199363,图书音像,正品,正品放心,positive,正品放心
TRAIN_39609,PRODUCT_102950,家居生活,正品,正品放心,positive,正品放心
TRAIN_39612,PRODUCT_83526,食品/保健,味道,味道不错,positive,味道不错
TRAIN_39612,PRODUCT_83526,食品/保健,味道,味道一般,negative,味道一般
TRAIN_39614,PRODUCT_178589,电脑/办公,耐用,容易坏,negative,容易坏
TRAIN_39621,PRODUCT_182019,图书音像,内容,内容不错,positive,内容不错
TRAIN_39623,PRODUCT_130910,其他,质量,质量好,positive,质量好
TRAIN_39626,PRODUCT_376870,图书音像,正品,正品放心,positive,正品放心
TRAIN_39630,PRODUCT_184165,图书音像,内容,内容不错,positive,内容不错
TRAIN_39631,PRODUCT_48802,图书音像,质量,质量好,positive,质量好
TRAIN_39631,PRODUCT_48802,图书音像,物流,发货快,positive,发货快
TRAIN_39639,PRODUCT_195156,电脑/办公,价格,性价比高,positive,性价比高
TRAIN_39642,PRODUCT_516925,图书音像,正品,正品放心,positive,正品放心
TRAIN_39642,PRODUCT_516925,图书音像,正品,疑似假货,negative,疑似假货
TRAIN_39644,PRODUCT_131210,家居生活,价格,性价比高,positive,性价比高
TRAIN_39644,PRODUCT_131210,家居生活,正品,正品放心,positive,正品放心
TRAIN_39646,PRODUCT_317030,食品/保健,味道,味道不错,positive,味道不错
TRAIN_39648,PRODUCT_447668,图书音像,正品,正品放心,positive,正品放心
TRAIN_39648,PRODUCT_447668,图书音像,推荐,会回购,positive,会回购
TRAIN_39655,PRODUCT_258758,图书音像,质量,质量好,positive,质量好
TRAIN_39655,PRODUCT_258758,图书音像,价格,性价比高,positive,性价比高
TRAIN_39656,PRODUCT_477381,图书音像,正品,正品放心,positive,正品放心
TRAIN_39675,PRODUCT_176455,图书音像,正品,正品放心,positive,正品放心
TRAIN_39675,PRODUCT_176455,图书音像,正品,疑似假货,negative,疑似假货
TRAIN_39677,PRODUCT_82381,钟表/首饰/眼镜/礼品,价格,性价比高,positive,性价比高
TRAIN_39682,PRODUCT_223740,图书音像,质量,质量好,positive,质量好
TRAIN_39683,PRODUCT_435414,图书音像,质量,质量差,negative,质量差
TRAIN_39688,PRODUCT_513772,图书音像,包装,包装差,negative,包装差
TRAIN_39694,PRODUCT_50935,电脑/办公,价格,性价比高,positive,性价比高
TRAIN_39704,PRODUCT_194663,图书音像,质量,质量好,positive,质量好
TRAIN_39704,PRODUCT_194663,图书音像,内容,内容不错,positive,内容不错
TRAIN_39706,PRODUCT_200161,家用电器,正品,正品放心,positive,正品放心
TRAIN_39722,PRODUCT_247461,图书音像,正品,正品放心,positive,正品放心
TRAIN_39725,PRODUCT_47447,手机/数码,包装,包装好,positive,包装好
TRAIN_39725,PRODUCT_47447,手机/数码,正品,疑似假货,negative,疑似假货
TRAIN_39727,PRODUCT_19845,家具/家装/建材,物流,发货快,positive,发货快
TRAIN_39734,PRODUCT_160111,图书音像,内容,内容不错,positive,内容不错
TRAIN_39735,PRODUCT_329171,图书音像,正品,正品放心,positive,正品放心
TRAIN_39738,PRODUCT_502048,图书音像,质量,质量好,positive,质量好
TRAIN_39740,PRODUCT_196110,家具/家装/建材,耐用,很耐用,positive,很耐用
TRAIN_39750,PRODUCT_10266,图书音像,内容,内容不错,positive,内容不错
TRAIN_39757,PRODUCT_136967,图书音像,价格,性价比高,positive,性价比高
TRAIN_39758,PRODUCT_85125,美妆个护,价格,性价比高,positive,性价比高
TRAIN_39760,PRODUCT_132990,手机/数码,屏幕,屏幕差,negative,屏幕差
TRAIN_39764,PRODUCT_123584,图书音像,正品,正品放心,positive,正品放心
TRAIN_39767,PRODUCT_424637,手机/数码,价格,性价比高,positive,性价比高
TRAIN_39772,PRODUCT_287019,图书音像,质量,质量差,negative,质量差
TRAIN_39773,PRODUCT_337433,图书音像,内容,内容不错,positive,内容不错
TRAIN_39782,PRODUCT_67534,图书音像,正品,疑似假货,negative,疑似假货
TRAIN_39784,PRODUCT_481481,钟表/首饰/眼镜/礼品,正品,正品放心,positive,正品放心
TRAIN_39787,PRODUCT_440701,美妆个护,价格,性价比高,positive,性价比高
TRAIN_39789,PRODUCT_186934,图书音像,物流,物流慢,negative,物流慢
TRAIN_39795,PRODUCT_54477,其他,质量,质量好,positive,质量好
TRAIN_39795,PRODUCT_54477,其他,价格,价格贵,negative,价格贵
TRAIN_39798,PRODUCT_524318,图书音像,内容,内容不错,positive,内容不错
TRAIN_39809,PRODUCT_116159,手机/数码,正品,正品放心,positive,正品放心
TRAIN_39813,PRODUCT_123088,图书音像,内容,内容不错,positive,内容不错
TRAIN_39816,PRODUCT_119152,家具/家装/建材,价格,性价比高,positive,性价比高
TRAIN_39820,PRODUCT_391331,图书音像,正品,正品放心,positive,正品放心
TRAIN_39848,PRODUCT_394008,图书音像,正品,正品放心,positive,正品放心
TRAIN_39849,PRODUCT_237731,电脑/办公,质量,质量好,positive,质量好
TRAIN_39854,PRODUCT_286993,图书音像,质量,质量好,positive,质量好
TRAIN_39857,PRODUCT_472638,图书音像,质量,质量好,positive,质量好
TRAIN_39860,PRODUCT_97162,图书音像,价格,性价比高,positive,性价比高
TRAIN_39865,PRODUCT_63321,家用电器,质量,质量好,positive,质量好
TRAIN_39865,PRODUCT_63321,家用电器,价格,价格贵,negative,价格贵
TRAIN_39867,PRODUCT_362821,图书音像,正品,正品放心,positive,正品放心
TRAIN_39881,PRODUCT_445830,图书音像,价格,价格贵,negative,价格贵
TRAIN_39884,PRODUCT_60357,美妆个护,正品,正品放心,positive,正品放心
TRAIN_39885,PRODUCT_247604,图书音像,正品,正品放心,positive,正品放心
TRAIN_39885,PRODUCT_247604,图书音像,推荐,会回购,positive,会回购
TRAIN_39889,PRODUCT_487698,母婴/玩具,正品,正品放心,positive,正品放心
TRAIN_39893,PRODUCT_30081,电脑/办公,耐用,很耐用,positive,很耐用
TRAIN_39894,PRODUCT_317568,图书音像,正品,疑似假货,negative,疑似假货
TRAIN_39896,PRODUCT_261342,图书音像,物流,发货快,positive,发货快
TRAIN_39900,PRODUCT_496919,图书音像,正品,正品放心,positive,正品放心
TRAIN_39901,PRODUCT_364311,图书音像,内容,内容不错,positive,内容不错
TRAIN_39902,PRODUCT_477910,图书音像,内容,内容不错,positive,内容不错
TRAIN_39916,PRODUCT_299798,图书音像,质量,质量好,positive,质量好
TRAIN_39933,PRODUCT_436642,图书音像,质量,质量好,positive,质量好
TRAIN_39938,PRODUCT_359089,图书音像,质量,质量好,positive,质量好
TRAIN_39938,PRODUCT_359089,图书音像,内容,内容不错,positive,内容不错
TRAIN_39947,PRODUCT_256054,手机/数码,推荐,会回购,positive,会回购
TRAIN_39956,PRODUCT_506514,电脑/办公,质量,质量好,positive,质量好
TRAIN_39958,PRODUCT_425885,手机/数码,屏幕,屏幕差,negative,屏幕差
TRAIN_39959,PRODUCT_435206,图书音像,价格,性价比高,positive,性价比高
TRAIN_39961,PRODUCT_45175,电脑/办公,质量,质量好,positive,质量好
TRAIN_39963,PRODUCT_407980,手机/数码,质量,质量好,positive,质量好
TRAIN_39964,PRODUCT_428205,图书音像,正品,疑似假货,negative,疑似假货
TRAIN_39972,PRODUCT_36804,图书音像,质量,质量好,positive,质量好
TRAIN_39977,PRODUCT_103413,运动户外,价格,性价比高,positive,性价比高
TRAIN_39982,PRODUCT_236112,家居生活,价格,性价比高,positive,性价比高
TRAIN_39983,PRODUCT_38150,食品/保健,正品,正品放心,positive,正品放心
TRAIN_39990,PRODUCT_63341,图书音像,质量,质量好,positive,质量好
TRAIN_39990,PRODUCT_63341,图书音像,正品,正品放心,positive,正品放心
TRAIN_39995,PRODUCT_179287,电脑/办公,正品,正品放心,positive,正品放心
TRAIN_39997,PRODUCT_239330,图书音像,内容,内容一般,negative,内容一般
TRAIN_39998,PRODUCT_293563,家居生活,质量,质量好,positive,质量好
TRAIN_40015,PRODUCT_107576,美妆个护,味道,味道不错,positive,味道不错
TRAIN_40019,PRODUCT_173874,电脑/办公,正品,正品放心,positive,正品放心
TRAIN_40020,PRODUCT_160462,图书音像,内容,内容不错,positive,内容不错
TRAIN_40022,PRODUCT_474630,图书音像,质量,质量好,positive,质量好
TRAIN_40031,PRODUCT_316399,图书音像,包装,包装好,positive,包装好
TRAIN_40031,PRODUCT_316399,图书音像,正品,正品放心,positive,正品放心
TRAIN_40041,PRODUCT_462285,图书音像,质量,质量好,positive,质量好
TRAIN_40041,PRODUCT_462285,图书音像,包装,包装好,positive,包装好
TRAIN_40067,PRODUCT_15059,图书音像,物流,发货快,positive,发货快
TRAIN_40068,PRODUCT_276420,图书音像,正品,正品放心,positive,正品放心
TRAIN_40084,PRODUCT_7895,电脑/办公,质量,质量好,positive,质量好
TRAIN_40088,PRODUCT_43269,图书音像,包装,包装好,positive,包装好
TRAIN_40088,PRODUCT_43269,图书音像,正品,正品放心,positive,正品放心
TRAIN_40105,PRODUCT_514575,图书音像,推荐,会回购,positive,会回购
TRAIN_40110,PRODUCT_223771,图书音像,包装,包装好,positive,包装好
TRAIN_40112,PRODUCT_258847,图书音像,推荐,会回购,positive,会回购
TRAIN_40113,PRODUCT_120946,图书音像,内容,内容不错,positive,内容不错
TRAIN_40119,PRODUCT_376213,手机/数码,质量,质量好,positive,质量好
TRAIN_40119,PRODUCT_376213,手机/数码,耐用,很耐用,positive,很耐用
TRAIN_40120,PRODUCT_238718,图书音像,包装,包装好,positive,包装好
TRAIN_40126,PRODUCT_232605,电脑/办公,质量,质量差,negative,质量差
TRAIN_40126,PRODUCT_232605,电脑/办公,价格,性价比高,positive,性价比高
TRAIN_40126,PRODUCT_232605,电脑/办公,耐用,容易坏,negative,容易坏
TRAIN_40126,PRODUCT_232605,电脑/办公,推荐,不推荐,negative,不推荐
TRAIN_40133,PRODUCT_153889,图书音像,内容,内容不错,positive,内容不错
TRAIN_40136,PRODUCT_505565,电脑/办公,耐用,容易坏,negative,容易坏
TRAIN_40140,PRODUCT_194723,图书音像,内容,内容不错,positive,内容不错
TRAIN_40142,PRODUCT_282800,图书音像,质量,质量好,positive,质量好
TRAIN_40142,PRODUCT_282800,图书音像,内容,内容一般,negative,内容一般
TRAIN_40146,PRODUCT_342021,图书音像,正品,正品放心,positive,正品放心
TRAIN_40147,PRODUCT_64578,图书音像,质量,质量好,positive,质量好
TRAIN_40164,PRODUCT_287144,图书音像,质量,质量好,positive,质量好
TRAIN_40165,PRODUCT_148114,图书音像,质量,质量好,positive,质量好
TRAIN_40168,PRODUCT_498703,图书音像,正品,疑似假货,negative,疑似假货
TRAIN_40168,PRODUCT_498703,图书音像,推荐,不推荐,negative,不推荐
TRAIN_40168,PRODUCT_498703,图书音像,内容,内容一般,negative,内容一般
TRAIN_40169,PRODUCT_289183,图书音像,物流,发货快,positive,发货快
TRAIN_40189,PRODUCT_445465,其他,耐用,很耐用,positive,很耐用
TRAIN_40196,PRODUCT_15611,手机/数码,正品,正品放心,positive,正品放心
TRAIN_40201,PRODUCT_402510,图书音像,物流,发货快,positive,发货快
TRAIN_40202,PRODUCT_18659,图书音像,内容,内容不错,positive,内容不错
TRAIN_40215,PRODUCT_282434,图书音像,价格,性价比高,positive,性价比高
TRAIN_40218,PRODUCT_271441,图书音像,正品,正品放心,positive,正品放心
TRAIN_40230,PRODUCT_231236,图书音像,质量,质量好,positive,质量好
TRAIN_40233,PRODUCT_389116,家用电器,耐用,很耐用,positive,很耐用
TRAIN_40233,PRODUCT_389116,家用电器,耐用,容易坏,negative,容易坏
TRAIN_40233,PRODUCT_389116,家用电器,续航,续航差,negative,续航差
TRAIN_40240,PRODUCT_40127,图书音像,内容,内容一般,negative,内容一般
TRAIN_40244,PRODUCT_424480,美妆个护,包装,包装好,positive,包装好
TRAIN_40247,PRODUCT_14630,手机/数码,质量,质量好,positive,质量好
TRAIN_40247,PRODUCT_14630,手机/数码,价格,性价比高,positive,性价比高
TRAIN_40250,PRODUCT_348342,电脑/办公,质量,质量好,positive,质量好
TRAIN_40255,PRODUCT_172208,图书音像,内容,内容一般,negative,内容一般
TRAIN_40261,PRODUCT_324561,图书音像,质量,质量好,positive,质量好
TRAIN_40285,PRODUCT_103746,图书音像,质量,质量好,positive,质量好
TRAIN_40292,PRODUCT_294672,电脑/办公,推荐,会回购,positive,会回购
TRAIN_40295,PRODUCT_53452,图书音像,质量,质量好,positive,质量好
TRAIN_40298,PRODUCT_72809,图书音像,正品,正品放心,positive,正品放心
TRAIN_40304,PRODUCT_455149,图书音像,内容,内容不错,positive,内容不错
TRAIN_40312,PRODUCT_508881,图书音像,包装,包装好,positive,包装好
TRAIN_40316,PRODUCT_381452,图书音像,质量,质量好,positive,质量好
TRAIN_40316,PRODUCT_381452,图书音像,正品,正品放心,positive,正品放心
TRAIN_40322,PRODUCT_82820,图书音像,质量,质量好,positive,质量好
TRAIN_40326,PRODUCT_267201,图书音像,质量,质量好,positive,质量好
TRAIN_40330,PRODUCT_518859,手机/数码,质量,质量好,positive,质量好
TRAIN_40330,PRODUCT_518859,手机/数码,价格,性价比高,positive,性价比高
TRAIN_40334,PRODUCT_335131,图书音像,质量,质量好,positive,质量好
TRAIN_40334,PRODUCT_335131,图书音像,价格,性价比高,positive,性价比高
TRAIN_40335,PRODUCT_523583,图书音像,质量,质量好,positive,质量好
TRAIN_40335,PRODUCT_523583,图书音像,物流,发货快,positive,发货快
TRAIN_40336,PRODUCT_44831,图书音像,正品,正品放心,positive,正品放心
TRAIN_40337,PRODUCT_28463,图书音像,正品,正品放心,positive,正品放心
TRAIN_40339,PRODUCT_126387,电脑/办公,正品,正品放心,positive,正品放心
TRAIN_40340,PRODUCT_108634,图书音像,物流,发货快,positive,发货快
TRAIN_40340,PRODUCT_108634,图书音像,正品,正品放心,positive,正品放心
TRAIN_40352,PRODUCT_230669,电脑/办公,包装,包装好,positive,包装好
TRAIN_40352,PRODUCT_230669,电脑/办公,正品,正品放心,positive,正品放心
TRAIN_40354,PRODUCT_276605,手机/数码,耐用,很耐用,positive,很耐用
TRAIN_40354,PRODUCT_276605,手机/数码,续航,续航差,negative,续航差
TRAIN_40368,PRODUCT_142055,图书音像,质量,质量好,positive,质量好
TRAIN_40376,PRODUCT_430116,图书音像,正品,正品放心,positive,正品放心
TRAIN_40379,PRODUCT_459392,电脑/办公,价格,性价比高,positive,性价比高
TRAIN_40380,PRODUCT_261936,图书音像,质量,质量好,positive,质量好
TRAIN_40386,PRODUCT_308044,食品/保健,新鲜,很新鲜,positive,很新鲜
TRAIN_40394,PRODUCT_60035,美妆个护,味道,味道不错,positive,味道不错
TRAIN_40398,PRODUCT_39607,电脑/办公,质量,质量好,positive,质量好
TRAIN_40403,PRODUCT_243608,图书音像,质量,质量好,positive,质量好
TRAIN_40403,PRODUCT_243608,图书音像,包装,包装好,positive,包装好
TRAIN_40405,PRODUCT_467672,图书音像,内容,内容不错,positive,内容不错
TRAIN_40417,PRODUCT_195233,图书音像,质量,质量好,positive,质量好
TRAIN_40429,PRODUCT_447714,图书音像,质量,质量好,positive,质量好
TRAIN_40431,PRODUCT_72705,图书音像,价格,性价比高,positive,性价比高
TRAIN_40440,PRODUCT_57420,美妆个护,质量,质量好,positive,质量好
TRAIN_40445,PRODUCT_269251,图书音像,内容,内容不错,positive,内容不错
TRAIN_40447,PRODUCT_259731,食品/保健,正品,疑似假货,negative,疑似假货
TRAIN_40448,PRODUCT_502981,图书音像,质量,质量好,positive,质量好
TRAIN_40450,PRODUCT_277544,图书音像,物流,发货快,positive,发货快
TRAIN_40458,PRODUCT_457792,家用电器,质量,质量差,negative,质量差
TRAIN_40459,PRODUCT_380140,图书音像,价格,性价比高,positive,性价比高
TRAIN_40461,PRODUCT_377980,电脑/办公,质量,质量好,positive,质量好
TRAIN_40461,PRODUCT_377980,电脑/办公,物流,发货快,positive,发货快
TRAIN_40461,PRODUCT_377980,电脑/办公,正品,正品放心,positive,正品放心
TRAIN_40462,PRODUCT_151288,母婴/玩具,质量,质量好,positive,质量好
TRAIN_40462,PRODUCT_151288,母婴/玩具,正品,正品放心,positive,正品放心
TRAIN_40466,PRODUCT_336883,图书音像,质量,质量好,positive,质量好
TRAIN_40468,PRODUCT_434104,其他,价格,性价比高,positive,性价比高
TRAIN_40472,PRODUCT_438432,美妆个护,味道,味道不错,positive,味道不错
TRAIN_40473,PRODUCT_498673,图书音像,内容,内容不错,positive,内容不错
TRAIN_40481,PRODUCT_220284,手机/数码,包装,包装好,positive,包装好
TRAIN_40489,PRODUCT_86877,家具/家装/建材,质量,质量好,positive,质量好
TRAIN_40501,PRODUCT_497036,图书音像,价格,性价比高,positive,性价比高
TRAIN_40509,PRODUCT_212102,手机/数码,正品,正品放心,positive,正品放心
TRAIN_40512,PRODUCT_77858,食品/保健,价格,性价比高,positive,性价比高
TRAIN_40514,PRODUCT_137956,手机/数码,包装,包装好,positive,包装好
TRAIN_40514,PRODUCT_137956,手机/数码,耐用,很耐用,positive,很耐用
TRAIN_40524,PRODUCT_442048,图书音像,价格,性价比高,positive,性价比高
TRAIN_40525,PRODUCT_16646,家具/家装/建材,价格,性价比高,positive,性价比高
TRAIN_40526,PRODUCT_96171,图书音像,价格,性价比高,positive,性价比高
TRAIN_40527,PRODUCT_359466,图书音像,质量,质量好,positive,质量好
TRAIN_40533,PRODUCT_40392,图书音像,物流,发货快,positive,发货快
TRAIN_40533,PRODUCT_40392,图书音像,正品,正品放心,positive,正品放心
TRAIN_40539,PRODUCT_72206,手机/数码,耐用,容易坏,negative,容易坏
TRAIN_40540,PRODUCT_259703,图书音像,内容,内容不错,positive,内容不错
TRAIN_40546,PRODUCT_141629,钟表/首饰/眼镜/礼品,价格,性价比高,positive,性价比高
TRAIN_40549,PRODUCT_168804,图书音像,质量,质量好,positive,质量好
TRAIN_40566,PRODUCT_156270,电脑/办公,物流,发货快,positive,发货快
TRAIN_40576,PRODUCT_398689,图书音像,推荐,会回购,positive,会回购
TRAIN_40576,PRODUCT_398689,图书音像,推荐,不推荐,negative,不推荐
TRAIN_40576,PRODUCT_398689,图书音像,内容,内容一般,negative,内容一般
TRAIN_40578,PRODUCT_464243,家用电器,质量,质量好,positive,质量好
TRAIN_40579,PRODUCT_432412,图书音像,物流,发货快,positive,发货快
TRAIN_40586,PRODUCT_392477,图书音像,质量,质量好,positive,质量好
TRAIN_40593,PRODUCT_150446,图书音像,质量,质量好,positive,质量好
TRAIN_40593,PRODUCT_150446,图书音像,正品,正品放心,positive,正品放心
TRAIN_40594,PRODUCT_225747,电脑/办公,外观,外观好看,positive,外观好看
TRAIN_40595,PRODUCT_91079,图书音像,质量,质量好,positive,质量好
TRAIN_40595,PRODUCT_91079,图书音像,内容,内容不错,positive,内容不错
TRAIN_40598,PRODUCT_107703,图书音像,内容,内容一般,negative,内容一般
TRAIN_40602,PRODUCT_12494,图书音像,正品,疑似假货,negative,疑似假货
TRAIN_40622,PRODUCT_44730,图书音像,质量,质量好,positive,质量好
TRAIN_40625,PRODUCT_251761,美妆个护,正品,正品放心,positive,正品放心
TRAIN_40630,PRODUCT_79187,图书音像,质量,质量好,positive,质量好
TRAIN_40635,PRODUCT_375683,图书音像,内容,内容不错,positive,内容不错
TRAIN_40639,PRODUCT_370300,图书音像,正品,正品放心,positive,正品放心
TRAIN_40640,PRODUCT_520457,图书音像,价格,性价比高,positive,性价比高
TRAIN_40641,PRODUCT_77939,图书音像,质量,质量好,positive,质量好
TRAIN_40641,PRODUCT_77939,图书音像,物流,发货快,positive,发货快
TRAIN_40642,PRODUCT_194684,图书音像,正品,正品放心,positive,正品放心
TRAIN_40653,PRODUCT_101143,图书音像,包装,包装好,positive,包装好
TRAIN_40662,PRODUCT_122980,图书音像,物流,发货快,positive,发货快
TRAIN_40671,PRODUCT_399623,美妆个护,正品,正品放心,positive,正品放心
TRAIN_40695,PRODUCT_179025,美妆个护,味道,味道不错,positive,味道不错
TRAIN_40697,PRODUCT_164056,图书音像,包装,包装差,negative,包装差
TRAIN_40699,PRODUCT_25256,电脑/办公,价格,性价比高,positive,性价比高
TRAIN_40704,PRODUCT_370389,图书音像,质量,质量差,negative,质量差
TRAIN_40706,PRODUCT_215466,图书音像,质量,质量好,positive,质量好
TRAIN_40724,PRODUCT_365650,图书音像,物流,发货快,positive,发货快
TRAIN_40724,PRODUCT_365650,图书音像,推荐,会回购,positive,会回购
TRAIN_40732,PRODUCT_375962,图书音像,正品,正品放心,positive,正品放心
TRAIN_40736,PRODUCT_251986,图书音像,正品,正品放心,positive,正品放心
TRAIN_40738,PRODUCT_177377,图书音像,推荐,会回购,positive,会回购
TRAIN_40747,PRODUCT_329567,图书音像,内容,内容不错,positive,内容不错
TRAIN_40751,PRODUCT_230384,图书音像,价格,性价比高,positive,性价比高
TRAIN_40767,PRODUCT_396580,图书音像,质量,质量好,positive,质量好
TRAIN_40775,PRODUCT_385707,美妆个护,正品,正品放心,positive,正品放心
TRAIN_40778,PRODUCT_477486,手机/数码,质量,质量差,negative,质量差
TRAIN_40778,PRODUCT_477486,手机/数码,正品,疑似假货,negative,疑似假货
TRAIN_40782,PRODUCT_510925,图书音像,正品,正品放心,positive,正品放心
TRAIN_40791,PRODUCT_26339,图书音像,内容,内容不错,positive,内容不错
TRAIN_40797,PRODUCT_129348,美妆个护,价格,性价比高,positive,性价比高
TRAIN_40799,PRODUCT_59330,图书音像,正品,正品放心,positive,正品放心
TRAIN_40802,PRODUCT_162897,图书音像,内容,内容不错,positive,内容不错
TRAIN_40822,PRODUCT_179884,钟表/首饰/眼镜/礼品,质量,质量好,positive,质量好
TRAIN_40825,PRODUCT_162503,图书音像,推荐,不推荐,negative,不推荐
TRAIN_40828,PRODUCT_409081,图书音像,耐用,很耐用,positive,很耐用
TRAIN_40828,PRODUCT_409081,图书音像,推荐,会回购,positive,会回购
TRAIN_40835,PRODUCT_465282,图书音像,质量,质量好,positive,质量好
TRAIN_40839,PRODUCT_303422,图书音像,内容,内容不错,positive,内容不错
TRAIN_40846,PRODUCT_521359,图书音像,质量,质量好,positive,质量好
TRAIN_40848,PRODUCT_344736,图书音像,物流,发货快,positive,发货快
TRAIN_40850,PRODUCT_307551,鞋类箱包,质量,质量好,positive,质量好
TRAIN_40855,PRODUCT_102081,家具/家装/建材,价格,性价比高,positive,性价比高
TRAIN_40860,PRODUCT_250705,手机/数码,耐用,容易坏,negative,容易坏
TRAIN_40875,PRODUCT_509924,图书音像,价格,性价比高,positive,性价比高
TRAIN_40886,PRODUCT_434466,母婴/玩具,价格,性价比高,positive,性价比高
TRAIN_40888,PRODUCT_429682,图书音像,价格,性价比高,positive,性价比高
TRAIN_40889,PRODUCT_84087,图书音像,正品,正品放心,positive,正品放心
TRAIN_40891,PRODUCT_220346,手机/数码,屏幕,屏幕差,negative,屏幕差
TRAIN_40892,PRODUCT_491906,图书音像,推荐,会回购,positive,会回购
TRAIN_40899,PRODUCT_60301,图书音像,外观,外观一般,negative,外观一般
TRAIN_40900,PRODUCT_384236,图书音像,质量,质量好,positive,质量好
TRAIN_40900,PRODUCT_384236,图书音像,价格,性价比高,positive,性价比高
TRAIN_40900,PRODUCT_384236,图书音像,内容,内容不错,positive,内容不错
TRAIN_40909,PRODUCT_58401,电脑/办公,物流,发货快,positive,发货快
TRAIN_40922,PRODUCT_331728,图书音像,质量,质量好,positive,质量好
TRAIN_40926,PRODUCT_399559,图书音像,质量,质量好,positive,质量好
TRAIN_40932,PRODUCT_335356,图书音像,内容,内容不错,positive,内容不错
TRAIN_40937,PRODUCT_260124,图书音像,内容,内容不错,positive,内容不错
TRAIN_40941,PRODUCT_501709,食品/保健,味道,味道不错,positive,味道不错
TRAIN_40949,PRODUCT_137246,图书音像,正品,疑似假货,negative,疑似假货
TRAIN_40956,PRODUCT_123990,图书音像,外观,外观一般,negative,外观一般
TRAIN_40972,PRODUCT_247506,图书音像,质量,质量差,negative,质量差
TRAIN_40974,PRODUCT_99429,电脑/办公,质量,质量好,positive,质量好
TRAIN_40974,PRODUCT_99429,电脑/办公,物流,发货快,positive,发货快
TRAIN_40974,PRODUCT_99429,电脑/办公,价格,性价比高,positive,性价比高
TRAIN_40984,PRODUCT_478691,电脑/办公,物流,发货快,positive,发货快
TRAIN_40993,PRODUCT_196483,家用电器,外观,外观好看,positive,外观好看
TRAIN_41004,PRODUCT_501233,图书音像,质量,质量好,positive,质量好
TRAIN_41004,PRODUCT_501233,图书音像,价格,性价比高,positive,性价比高
TRAIN_41011,PRODUCT_326376,图书音像,质量,质量差,negative,质量差
TRAIN_41012,PRODUCT_247637,图书音像,价格,性价比高,positive,性价比高
TRAIN_41025,PRODUCT_511007,电脑/办公,包装,包装好,positive,包装好
TRAIN_41026,PRODUCT_312695,电脑/办公,正品,正品放心,positive,正品放心
TRAIN_41027,PRODUCT_220079,图书音像,包装,包装好,positive,包装好
TRAIN_41030,PRODUCT_261780,手机/数码,正品,正品放心,positive,正品放心
TRAIN_41030,PRODUCT_261780,手机/数码,续航,续航差,negative,续航差
TRAIN_41046,PRODUCT_510463,图书音像,正品,正品放心,positive,正品放心
TRAIN_41050,PRODUCT_68132,手机/数码,质量,质量好,positive,质量好
TRAIN_41050,PRODUCT_68132,手机/数码,正品,正品放心,positive,正品放心
TRAIN_41050,PRODUCT_68132,手机/数码,正品,疑似假货,negative,疑似假货
TRAIN_41052,PRODUCT_508990,图书音像,价格,价格贵,negative,价格贵
TRAIN_41062,PRODUCT_464060,图书音像,质量,质量差,negative,质量差
TRAIN_41062,PRODUCT_464060,图书音像,正品,正品放心,positive,正品放心
TRAIN_41065,PRODUCT_120346,电脑/办公,正品,正品放心,positive,正品放心
TRAIN_41075,PRODUCT_133297,图书音像,内容,内容不错,positive,内容不错
TRAIN_41079,PRODUCT_93252,图书音像,正品,疑似假货,negative,疑似假货
TRAIN_41080,PRODUCT_183850,图书音像,内容,内容不错,positive,内容不错
TRAIN_41081,PRODUCT_10650,手机/数码,质量,质量差,negative,质量差
TRAIN_41083,PRODUCT_410986,手机/数码,正品,正品放心,positive,正品放心
TRAIN_41125,PRODUCT_319033,家用电器,质量,质量好,positive,质量好
TRAIN_41126,PRODUCT_219559,食品/保健,正品,正品放心,positive,正品放心
TRAIN_41129,PRODUCT_344977,图书音像,质量,质量差,negative,质量差
TRAIN_41129,PRODUCT_344977,图书音像,内容,内容一般,negative,内容一般
TRAIN_41130,PRODUCT_257489,图书音像,质量,质量好,positive,质量好
TRAIN_41130,PRODUCT_257489,图书音像,正品,正品放心,positive,正品放心
TRAIN_41135,PRODUCT_439833,家具/家装/建材,耐用,容易坏,negative,容易坏
TRAIN_41141,PRODUCT_20327,图书音像,内容,内容不错,positive,内容不错
TRAIN_41151,PRODUCT_480999,图书音像,价格,性价比高,positive,性价比高
TRAIN_41151,PRODUCT_480999,图书音像,内容,内容不错,positive,内容不错
TRAIN_41152,PRODUCT_203643,手机/数码,正品,正品放心,positive,正品放心
TRAIN_41157,PRODUCT_407755,手机/数码,质量,质量好,positive,质量好
TRAIN_41169,PRODUCT_121319,电脑/办公,质量,质量好,positive,质量好
TRAIN_41173,PRODUCT_151780,其他,价格,价格贵,negative,价格贵
TRAIN_41198,PRODUCT_420332,图书音像,质量,质量好,positive,质量好
TRAIN_41198,PRODUCT_420332,图书音像,正品,正品放心,positive,正品放心
TRAIN_41218,PRODUCT_213349,图书音像,质量,质量好,positive,质量好
TRAIN_41218,PRODUCT_213349,图书音像,包装,包装好,positive,包装好
TRAIN_41218,PRODUCT_213349,图书音像,正品,正品放心,positive,正品放心
TRAIN_41223,PRODUCT_403352,图书音像,正品,正品放心,positive,正品放心
TRAIN_41225,PRODUCT_506514,电脑/办公,质量,质量差,negative,质量差
TRAIN_41225,PRODUCT_506514,电脑/办公,耐用,容易坏,negative,容易坏
TRAIN_41228,PRODUCT_494208,家用电器,质量,质量好,positive,质量好
TRAIN_41229,PRODUCT_421523,图书音像,包装,包装差,negative,包装差
TRAIN_41230,PRODUCT_330649,电脑/办公,质量,质量好,positive,质量好
TRAIN_41239,PRODUCT_405016,电脑/办公,正品,正品放心,positive,正品放心
TRAIN_41258,PRODUCT_329184,图书音像,质量,质量好,positive,质量好
TRAIN_41258,PRODUCT_329184,图书音像,正品,正品放心,positive,正品放心
TRAIN_41260,PRODUCT_509924,图书音像,内容,内容不错,positive,内容不错
TRAIN_41264,PRODUCT_254020,家用电器,价格,性价比高,positive,性价比高
TRAIN_41276,PRODUCT_153876,图书音像,质量,质量好,positive,质量好
TRAIN_41308,PRODUCT_214192,电脑/办公,质量,质量好,positive,质量好
TRAIN_41311,PRODUCT_289408,图书音像,质量,质量好,positive,质量好
TRAIN_41311,PRODUCT_289408,图书音像,物流,发货快,positive,发货快
TRAIN_41318,PRODUCT_412421,图书音像,推荐,会回购,positive,会回购
TRAIN_41320,PRODUCT_335762,电脑/办公,质量,质量好,positive,质量好
TRAIN_41322,PRODUCT_121223,其他,正品,疑似假货,negative,疑似假货
TRAIN_41324,PRODUCT_394724,图书音像,内容,内容不错,positive,内容不错
TRAIN_41332,PRODUCT_365263,图书音像,推荐,会回购,positive,会回购
TRAIN_41336,PRODUCT_185715,手机/数码,物流,物流慢,negative,物流慢
TRAIN_41339,PRODUCT_73492,图书音像,价格,性价比高,positive,性价比高
TRAIN_41367,PRODUCT_521422,图书音像,质量,质量好,positive,质量好
TRAIN_41374,PRODUCT_280953,图书音像,包装,包装差,negative,包装差
TRAIN_41396,PRODUCT_405518,图书音像,包装,包装差,negative,包装差
TRAIN_41396,PRODUCT_405518,图书音像,正品,正品放心,positive,正品放心
TRAIN_41414,PRODUCT_358741,图书音像,推荐,会回购,positive,会回购
TRAIN_41417,PRODUCT_383245,家具/家装/建材,价格,性价比高,positive,性价比高
TRAIN_41423,PRODUCT_38117,图书音像,质量,质量好,positive,质量好
TRAIN_41423,PRODUCT_38117,图书音像,物流,物流慢,negative,物流慢
TRAIN_41423,PRODUCT_38117,图书音像,正品,正品放心,positive,正品放心
TRAIN_41424,PRODUCT_130393,家用电器,价格,性价比高,positive,性价比高
TRAIN_41424,PRODUCT_130393,家用电器,推荐,会回购,positive,会回购
TRAIN_41428,PRODUCT_208221,图书音像,质量,质量差,negative,质量差
TRAIN_41438,PRODUCT_159236,美妆个护,味道,味道不错,positive,味道不错
TRAIN_41443,PRODUCT_236969,图书音像,价格,性价比高,positive,性价比高
TRAIN_41443,PRODUCT_236969,图书音像,外观,外观一般,negative,外观一般
TRAIN_41449,PRODUCT_51265,家具/家装/建材,包装,包装好,positive,包装好
TRAIN_41451,PRODUCT_517502,图书音像,内容,内容不错,positive,内容不错
TRAIN_41482,PRODUCT_503961,图书音像,质量,质量好,positive,质量好
TRAIN_41482,PRODUCT_503961,图书音像,价格,性价比高,positive,性价比高
TRAIN_41482,PRODUCT_503961,图书音像,内容,内容不错,positive,内容不错
TRAIN_41484,PRODUCT_450557,图书音像,物流,发货快,positive,发货快
TRAIN_41485,PRODUCT_427549,图书音像,质量,质量好,positive,质量好
TRAIN_41486,PRODUCT_327563,图书音像,价格,性价比高,positive,性价比高
TRAIN_41495,PRODUCT_176997,家居生活,价格,性价比高,positive,性价比高
TRAIN_41512,PRODUCT_7713,家居生活,正品,正品放心,positive,正品放心
TRAIN_41514,PRODUCT_416571,美妆个护,包装,包装好,positive,包装好
TRAIN_41515,PRODUCT_124947,电脑/办公,质量,质量差,negative,质量差
TRAIN_41515,PRODUCT_124947,电脑/办公,推荐,不推荐,negative,不推荐
TRAIN_41518,PRODUCT_468397,美妆个护,味道,味道不错,positive,味道不错
TRAIN_41522,PRODUCT_63843,图书音像,正品,正品放心,positive,正品放心
TRAIN_41539,PRODUCT_87216,手机/数码,推荐,不推荐,negative,不推荐
TRAIN_41539,PRODUCT_87216,手机/数码,屏幕,屏幕差,negative,屏幕差
TRAIN_41552,PRODUCT_15122,家用电器,质量,质量好,positive,质量好
TRAIN_41559,PRODUCT_104395,图书音像,正品,疑似假货,negative,疑似假货
TRAIN_41563,PRODUCT_270722,图书音像,价格,性价比高,positive,性价比高
TRAIN_41563,PRODUCT_270722,图书音像,内容,内容一般,negative,内容一般
TRAIN_41570,PRODUCT_520501,图书音像,包装,包装好,positive,包装好
TRAIN_41589,PRODUCT_283878,电脑/办公,价格,性价比高,positive,性价比高
TRAIN_41592,PRODUCT_262210,图书音像,质量,质量好,positive,质量好
TRAIN_41592,PRODUCT_262210,图书音像,物流,发货快,positive,发货快
TRAIN_41595,PRODUCT_205341,图书音像,内容,内容不错,positive,内容不错
TRAIN_41599,PRODUCT_36956,图书音像,质量,质量好,positive,质量好
TRAIN_41600,PRODUCT_166893,家用电器,质量,质量好,positive,质量好
TRAIN_41609,PRODUCT_357594,图书音像,质量,质量好,positive,质量好
TRAIN_41618,PRODUCT_405565,电脑/办公,质量,质量好,positive,质量好
TRAIN_41619,PRODUCT_37046,手机/数码,正品,正品放心,positive,正品放心
TRAIN_41621,PRODUCT_506367,手机/数码,正品,正品放心,positive,正品放心
TRAIN_41629,PRODUCT_455615,母婴/玩具,质量,质量好,positive,质量好
TRAIN_41630,PRODUCT_415783,图书音像,正品,疑似假货,negative,疑似假货
TRAIN_41639,PRODUCT_397753,图书音像,质量,质量好,positive,质量好
TRAIN_41649,PRODUCT_99372,家用电器,正品,疑似假货,negative,疑似假货
TRAIN_41651,PRODUCT_493889,图书音像,质量,质量好,positive,质量好
TRAIN_41651,PRODUCT_493889,图书音像,内容,内容不错,positive,内容不错
TRAIN_41653,PRODUCT_306672,钟表/首饰/眼镜/礼品,外观,外观好看,positive,外观好看
TRAIN_41655,PRODUCT_262044,图书音像,推荐,会回购,positive,会回购
TRAIN_41674,PRODUCT_73706,美妆个护,味道,味道不错,positive,味道不错
TRAIN_41685,PRODUCT_83526,食品/保健,味道,味道不错,positive,味道不错
TRAIN_41687,PRODUCT_230417,图书音像,正品,正品放心,positive,正品放心
TRAIN_41696,PRODUCT_287367,图书音像,正品,疑似假货,negative,疑似假货
TRAIN_41702,PRODUCT_487901,图书音像,质量,质量好,positive,质量好
TRAIN_41704,PRODUCT_309964,图书音像,包装,包装差,negative,包装差
TRAIN_41713,PRODUCT_205295,图书音像,质量,质量差,negative,质量差
TRAIN_41715,PRODUCT_283415,电脑/办公,正品,正品放心,positive,正品放心
TRAIN_41715,PRODUCT_283415,电脑/办公,正品,疑似假货,negative,疑似假货
TRAIN_41729,PRODUCT_365346,母婴/玩具,正品,正品放心,positive,正品放心
TRAIN_41730,PRODUCT_174544,手机/数码,正品,正品放心,positive,正品放心
TRAIN_41750,PRODUCT_433710,美妆个护,正品,正品放心,positive,正品放心
TRAIN_41752,PRODUCT_377216,家用电器,正品,正品放心,positive,正品放心
TRAIN_41754,PRODUCT_49949,图书音像,内容,内容不错,positive,内容不错
TRAIN_41759,PRODUCT_267534,图书音像,价格,性价比高,positive,性价比高
TRAIN_41766,PRODUCT_289036,图书音像,正品,正品放心,positive,正品放心
TRAIN_41768,PRODUCT_307529,鞋类箱包,物流,发货快,positive,发货快
TRAIN_41771,PRODUCT_2799,电脑/办公,正品,正品放心,positive,正品放心
TRAIN_41775,PRODUCT_421436,图书音像,质量,质量好,positive,质量好
TRAIN_41783,PRODUCT_377039,手机/数码,正品,正品放心,positive,正品放心
TRAIN_41784,PRODUCT_101757,其他,质量,质量差,negative,质量差
TRAIN_41790,PRODUCT_336515,电脑/办公,质量,质量好,positive,质量好
TRAIN_41790,PRODUCT_336515,电脑/办公,价格,性价比高,positive,性价比高
TRAIN_41795,PRODUCT_457728,电脑/办公,耐用,很耐用,positive,很耐用
TRAIN_41797,PRODUCT_476244,手机/数码,包装,包装好,positive,包装好
TRAIN_41802,PRODUCT_451141,图书音像,推荐,不推荐,negative,不推荐
TRAIN_41816,PRODUCT_424290,图书音像,正品,正品放心,positive,正品放心
TRAIN_41824,PRODUCT_242647,图书音像,质量,质量好,positive,质量好
TRAIN_41825,PRODUCT_225478,图书音像,质量,质量好,positive,质量好
TRAIN_41826,PRODUCT_124225,图书音像,包装,包装好,positive,包装好
TRAIN_41826,PRODUCT_124225,图书音像,内容,内容不错,positive,内容不错
TRAIN_41829,PRODUCT_278042,家用电器,质量,质量好,positive,质量好
TRAIN_41829,PRODUCT_278042,家用电器,价格,性价比高,positive,性价比高
TRAIN_41831,PRODUCT_137779,图书音像,正品,正品放心,positive,正品放心
TRAIN_41832,PRODUCT_318919,家用电器,正品,正品放心,positive,正品放心
TRAIN_41836,PRODUCT_95480,图书音像,价格,性价比高,positive,性价比高
TRAIN_41836,PRODUCT_95480,图书音像,正品,正品放心,positive,正品放心
TRAIN_41838,PRODUCT_370239,图书音像,质量,质量好,positive,质量好
TRAIN_41843,PRODUCT_351839,美妆个护,味道,味道不错,positive,味道不错
TRAIN_41844,PRODUCT_109195,电脑/办公,正品,正品放心,positive,正品放心
TRAIN_41846,PRODUCT_137686,电脑/办公,质量,质量好,positive,质量好
TRAIN_41855,PRODUCT_58455,手机/数码,质量,质量好,positive,质量好
TRAIN_41861,PRODUCT_260776,母婴/玩具,质量,质量好,positive,质量好
TRAIN_41874,PRODUCT_195156,电脑/办公,正品,正品放心,positive,正品放心
TRAIN_41877,PRODUCT_166838,电脑/办公,质量,质量好,positive,质量好
TRAIN_41878,PRODUCT_119413,图书音像,包装,包装差,negative,包装差
TRAIN_41881,PRODUCT_459553,手机/数码,正品,正品放心,positive,正品放心
TRAIN_41898,PRODUCT_26601,图书音像,内容,内容不错,positive,内容不错
TRAIN_41909,PRODUCT_203928,鞋类箱包,尺码,尺码不准,negative,尺码不准
TRAIN_41917,PRODUCT_358176,图书音像,推荐,不推荐,negative,不推荐
TRAIN_41925,PRODUCT_223289,图书音像,价格,性价比高,positive,性价比高
TRAIN_41930,PRODUCT_399938,图书音像,质量,质量好,positive,质量好
TRAIN_41943,PRODUCT_414870,图书音像,物流,发货快,positive,发货快
TRAIN_41946,PRODUCT_429432,图书音像,物流,发货快,positive,发货快
TRAIN_41952,PRODUCT_500305,图书音像,质量,质量好,positive,质量好
TRAIN_41955,PRODUCT_83152,美妆个护,味道,味道不错,positive,味道不错
TRAIN_41956,PRODUCT_313976,电脑/办公,质量,质量好,positive,质量好
TRAIN_41956,PRODUCT_313976,电脑/办公,包装,包装好,positive,包装好
TRAIN_41962,PRODUCT_254954,图书音像,耐用,容易坏,negative,容易坏
TRAIN_41964,PRODUCT_7073,图书音像,内容,内容不错,positive,内容不错
TRAIN_41970,PRODUCT_459196,图书音像,质量,质量好,positive,质量好
TRAIN_41977,PRODUCT_64578,图书音像,正品,正品放心,positive,正品放心
TRAIN_41978,PRODUCT_306639,家居生活,质量,质量好,positive,质量好
TRAIN_41980,PRODUCT_94701,图书音像,推荐,会回购,positive,会回购
TRAIN_41981,PRODUCT_316729,图书音像,价格,性价比高,positive,性价比高
TRAIN_41981,PRODUCT_316729,图书音像,内容,内容一般,negative,内容一般
TRAIN_41988,PRODUCT_258613,图书音像,质量,质量好,positive,质量好
TRAIN_41988,PRODUCT_258613,图书音像,正品,正品放心,positive,正品放心
TRAIN_41992,PRODUCT_310285,图书音像,质量,质量好,positive,质量好
TRAIN_41994,PRODUCT_97434,图书音像,正品,正品放心,positive,正品放心
TRAIN_42000,PRODUCT_66499,图书音像,包装,包装差,negative,包装差
TRAIN_42003,PRODUCT_469542,家用电器,耐用,容易坏,negative,容易坏
TRAIN_42005,PRODUCT_219192,美妆个护,正品,疑似假货,negative,疑似假货
TRAIN_42009,PRODUCT_120522,图书音像,内容,内容不错,positive,内容不错
TRAIN_42010,PRODUCT_180129,图书音像,质量,质量好,positive,质量好
TRAIN_42014,PRODUCT_10266,图书音像,物流,发货快,positive,发货快
TRAIN_42015,PRODUCT_115922,家居生活,质量,质量好,positive,质量好
TRAIN_42025,PRODUCT_521408,美妆个护,价格,性价比高,positive,性价比高
TRAIN_42025,PRODUCT_521408,美妆个护,正品,正品放心,positive,正品放心
TRAIN_42029,PRODUCT_294914,图书音像,内容,内容不错,positive,内容不错
TRAIN_42032,PRODUCT_189104,图书音像,物流,发货快,positive,发货快
TRAIN_42032,PRODUCT_189104,图书音像,价格,性价比高,positive,性价比高
TRAIN_42035,PRODUCT_481419,图书音像,质量,质量好,positive,质量好
TRAIN_42035,PRODUCT_481419,图书音像,价格,性价比高,positive,性价比高
TRAIN_42040,PRODUCT_432666,图书音像,正品,正品放心,positive,正品放心
TRAIN_42044,PRODUCT_16916,图书音像,价格,性价比高,positive,性价比高
TRAIN_42045,PRODUCT_43867,手机/数码,包装,包装好,positive,包装好
TRAIN_42047,PRODUCT_306600,图书音像,内容,内容一般,negative,内容一般
TRAIN_42048,PRODUCT_270329,图书音像,推荐,会回购,positive,会回购
TRAIN_42050,PRODUCT_255186,食品/保健,味道,味道不错,positive,味道不错
TRAIN_42054,PRODUCT_177642,美妆个护,正品,正品放心,positive,正品放心
TRAIN_42054,PRODUCT_177642,美妆个护,味道,味道不错,positive,味道不错
TRAIN_42061,PRODUCT_67756,手机/数码,屏幕,屏幕清晰,positive,屏幕清晰
TRAIN_42062,PRODUCT_236887,图书音像,内容,内容不错,positive,内容不错
TRAIN_42064,PRODUCT_284879,鞋类箱包,质量,质量好,positive,质量好
TRAIN_42066,PRODUCT_443795,图书音像,质量,质量好,positive,质量好
TRAIN_42069,PRODUCT_425205,家用电器,价格,性价比高,positive,性价比高
TRAIN_42072,PRODUCT_7911,图书音像,质量,质量好,positive,质量好
TRAIN_42075,PRODUCT_312400,图书音像,质量,质量好,positive,质量好
TRAIN_42087,PRODUCT_52279,家具/家装/建材,耐用,很耐用,positive,很耐用
TRAIN_42090,PRODUCT_65678,图书音像,价格,性价比高,positive,性价比高
TRAIN_42091,PRODUCT_486392,图书音像,质量,质量好,positive,质量好
TRAIN_42093,PRODUCT_381988,家用电器,耐用,容易坏,negative,容易坏
TRAIN_42099,PRODUCT_241234,图书音像,耐用,容易坏,negative,容易坏
TRAIN_42106,PRODUCT_398572,图书音像,内容,内容不错,positive,内容不错
TRAIN_42109,PRODUCT_333334,图书音像,价格,性价比高,positive,性价比高
TRAIN_42110,PRODUCT_74823,电脑/办公,质量,质量差,negative,质量差
TRAIN_42111,PRODUCT_317730,图书音像,质量,质量好,positive,质量好
TRAIN_42124,PRODUCT_85839,图书音像,质量,质量好,positive,质量好
TRAIN_42124,PRODUCT_85839,图书音像,价格,性价比高,positive,性价比高
TRAIN_42125,PRODUCT_29959,图书音像,物流,发货快,positive,发货快
TRAIN_42128,PRODUCT_156550,手机/数码,质量,质量好,positive,质量好
TRAIN_42140,PRODUCT_40179,图书音像,物流,发货快,positive,发货快
TRAIN_42153,PRODUCT_500061,图书音像,正品,正品放心,positive,正品放心
TRAIN_42161,PRODUCT_437285,图书音像,正品,疑似假货,negative,疑似假货
TRAIN_42174,PRODUCT_50994,美妆个护,味道,味道不错,positive,味道不错
TRAIN_42178,PRODUCT_407428,电脑/办公,正品,正品放心,positive,正品放心
TRAIN_42185,PRODUCT_54561,美妆个护,味道,味道不错,positive,味道不错
TRAIN_42186,PRODUCT_324109,图书音像,价格,性价比高,positive,性价比高
TRAIN_42188,PRODUCT_14898,图书音像,价格,性价比高,positive,性价比高
TRAIN_42202,PRODUCT_105627,图书音像,质量,质量好,positive,质量好
TRAIN_42203,PRODUCT_468098,图书音像,正品,正品放心,positive,正品放心
TRAIN_42206,PRODUCT_160415,美妆个护,物流,发货快,positive,发货快
TRAIN_42209,PRODUCT_317770,母婴/玩具,外观,外观好看,positive,外观好看
TRAIN_42213,PRODUCT_433939,图书音像,质量,质量好,positive,质量好
TRAIN_42217,PRODUCT_61818,图书音像,正品,正品放心,positive,正品放心
TRAIN_42226,PRODUCT_55965,图书音像,质量,质量好,positive,质量好
TRAIN_42226,PRODUCT_55965,图书音像,正品,正品放心,positive,正品放心
TRAIN_42226,PRODUCT_55965,图书音像,内容,内容不错,positive,内容不错
TRAIN_42232,PRODUCT_491170,图书音像,外观,外观好看,positive,外观好看
TRAIN_42233,PRODUCT_377981,钟表/首饰/眼镜/礼品,正品,正品放心,positive,正品放心
TRAIN_42233,PRODUCT_377981,钟表/首饰/眼镜/礼品,正品,疑似假货,negative,疑似假货
TRAIN_42240,PRODUCT_187650,图书音像,正品,疑似假货,negative,疑似假货
TRAIN_42240,PRODUCT_187650,图书音像,推荐,不推荐,negative,不推荐
TRAIN_42242,PRODUCT_213394,图书音像,质量,质量好,positive,质量好
TRAIN_42244,PRODUCT_341271,图书音像,质量,质量差,negative,质量差
TRAIN_42247,PRODUCT_195221,图书音像,包装,包装差,negative,包装差
TRAIN_42254,PRODUCT_516351,图书音像,价格,性价比高,positive,性价比高
TRAIN_42255,PRODUCT_45944,图书音像,物流,发货快,positive,发货快
TRAIN_42261,PRODUCT_399877,图书音像,质量,质量好,positive,质量好
TRAIN_42266,PRODUCT_165948,图书音像,内容,内容不错,positive,内容不错
TRAIN_42267,PRODUCT_282969,图书音像,包装,包装差,negative,包装差
TRAIN_42270,PRODUCT_459553,手机/数码,正品,正品放心,positive,正品放心
TRAIN_42285,PRODUCT_270594,电脑/办公,正品,疑似假货,negative,疑似假货
TRAIN_42289,PRODUCT_523235,图书音像,内容,内容一般,negative,内容一般
TRAIN_42296,PRODUCT_439423,图书音像,质量,质量好,positive,质量好
TRAIN_42300,PRODUCT_125753,图书音像,正品,疑似假货,negative,疑似假货
TRAIN_42305,PRODUCT_136865,图书音像,内容,内容不错,positive,内容不错
TRAIN_42307,PRODUCT_331013,电脑/办公,价格,价格贵,negative,价格贵
TRAIN_42311,PRODUCT_328632,图书音像,质量,质量好,positive,质量好
TRAIN_42314,PRODUCT_485566,图书音像,内容,内容不错,positive,内容不错
TRAIN_42319,PRODUCT_351952,图书音像,正品,正品放心,positive,正品放心
TRAIN_42322,PRODUCT_2256,图书音像,内容,内容一般,negative,内容一般
TRAIN_42325,PRODUCT_228004,家用电器,推荐,会回购,positive,会回购
TRAIN_42326,PRODUCT_366642,图书音像,内容,内容不错,positive,内容不错
TRAIN_42335,PRODUCT_525228,运动户外,正品,正品放心,positive,正品放心
TRAIN_42338,PRODUCT_173328,电脑/办公,质量,质量差,negative,质量差
TRAIN_42341,PRODUCT_375600,图书音像,正品,正品放心,positive,正品放心
TRAIN_42345,PRODUCT_47275,美妆个护,正品,疑似假货,negative,疑似假货
TRAIN_42348,PRODUCT_436384,图书音像,质量,质量差,negative,质量差
TRAIN_42349,PRODUCT_144092,图书音像,质量,质量好,positive,质量好
TRAIN_42350,PRODUCT_155794,图书音像,正品,正品放心,positive,正品放心
TRAIN_42350,PRODUCT_155794,图书音像,外观,外观好看,positive,外观好看
TRAIN_42351,PRODUCT_265452,图书音像,物流,发货快,positive,发货快
TRAIN_42351,PRODUCT_265452,图书音像,正品,正品放心,positive,正品放心
TRAIN_42355,PRODUCT_5830,图书音像,包装,包装好,positive,包装好
TRAIN_42360,PRODUCT_376803,电脑/办公,物流,发货快,positive,发货快
TRAIN_42366,PRODUCT_440694,家用电器,正品,正品放心,positive,正品放心
TRAIN_42368,PRODUCT_257476,图书音像,质量,质量好,positive,质量好
TRAIN_42374,PRODUCT_492555,图书音像,价格,性价比高,positive,性价比高
TRAIN_42375,PRODUCT_387734,图书音像,质量,质量好,positive,质量好
TRAIN_42376,PRODUCT_423285,手机/数码,质量,质量好,positive,质量好
TRAIN_42385,PRODUCT_219819,图书音像,内容,内容不错,positive,内容不错
TRAIN_42388,PRODUCT_394095,电脑/办公,质量,质量好,positive,质量好
TRAIN_42390,PRODUCT_415062,图书音像,质量,质量差,negative,质量差
TRAIN_42390,PRODUCT_415062,图书音像,正品,正品放心,positive,正品放心
TRAIN_42394,PRODUCT_364376,图书音像,包装,包装好,positive,包装好
TRAIN_42403,PRODUCT_481927,图书音像,价格,性价比高,positive,性价比高
TRAIN_42404,PRODUCT_275062,图书音像,包装,包装好,positive,包装好
TRAIN_42404,PRODUCT_275062,图书音像,耐用,容易坏,negative,容易坏
TRAIN_42411,PRODUCT_524987,图书音像,质量,质量好,positive,质量好
TRAIN_42412,PRODUCT_220472,图书音像,价格,性价比高,positive,性价比高
TRAIN_42413,PRODUCT_451346,家用电器,质量,质量好,positive,质量好
TRAIN_42413,PRODUCT_451346,家用电器,物流,发货快,positive,发货快
TRAIN_42418,PRODUCT_102031,电脑/办公,质量,质量好,positive,质量好
TRAIN_42418,PRODUCT_102031,电脑/办公,正品,正品放心,positive,正品放心
TRAIN_42418,PRODUCT_102031,电脑/办公,推荐,会回购,positive,会回购
TRAIN_42422,PRODUCT_276042,美妆个护,正品,正品放心,positive,正品放心
TRAIN_42428,PRODUCT_67973,其他,价格,性价比高,positive,性价比高
TRAIN_42436,PRODUCT_466099,手机/数码,正品,正品放心,positive,正品放心
TRAIN_42439,PRODUCT_456688,图书音像,质量,质量好,positive,质量好
TRAIN_42446,PRODUCT_235351,图书音像,质量,质量好,positive,质量好
TRAIN_42450,PRODUCT_340498,图书音像,正品,正品放心,positive,正品放心
TRAIN_42456,PRODUCT_243075,家用电器,质量,质量好,positive,质量好
TRAIN_42467,PRODUCT_161470,图书音像,正品,正品放心,positive,正品放心
TRAIN_42474,PRODUCT_183408,图书音像,质量,质量差,negative,质量差
TRAIN_42476,PRODUCT_307195,食品/保健,味道,味道不错,positive,味道不错
TRAIN_42485,PRODUCT_283312,图书音像,价格,性价比高,positive,性价比高
TRAIN_42485,PRODUCT_283312,图书音像,价格,价格贵,negative,价格贵
TRAIN_42485,PRODUCT_283312,图书音像,内容,内容不错,positive,内容不错
TRAIN_42486,PRODUCT_401701,图书音像,质量,质量好,positive,质量好
TRAIN_42491,PRODUCT_259687,图书音像,质量,质量好,positive,质量好
TRAIN_42492,PRODUCT_407428,电脑/办公,正品,正品放心,positive,正品放心
TRAIN_42495,PRODUCT_346311,食品/保健,味道,味道不错,positive,味道不错
TRAIN_42499,PRODUCT_363925,图书音像,质量,质量好,positive,质量好
TRAIN_42509,PRODUCT_295036,图书音像,推荐,会回购,positive,会回购
TRAIN_42510,PRODUCT_30557,图书音像,内容,内容不错,positive,内容不错
TRAIN_42514,PRODUCT_524594,手机/数码,价格,性价比高,positive,性价比高
TRAIN_42518,PRODUCT_365904,图书音像,物流,发货快,positive,发货快
TRAIN_42520,PRODUCT_308528,手机/数码,正品,正品放心,positive,正品放心
TRAIN_42522,PRODUCT_247796,电脑/办公,耐用,很耐用,positive,很耐用
TRAIN_42531,PRODUCT_393063,电脑/办公,物流,发货快,positive,发货快
TRAIN_42534,PRODUCT_254179,图书音像,价格,性价比高,positive,性价比高
TRAIN_42537,PRODUCT_521321,食品/保健,物流,发货快,positive,发货快
TRAIN_42537,PRODUCT_521321,食品/保健,味道,味道不错,positive,味道不错
TRAIN_42540,PRODUCT_289282,图书音像,质量,质量好,positive,质量好
TRAIN_42540,PRODUCT_289282,图书音像,正品,正品放心,positive,正品放心
TRAIN_42554,PRODUCT_218849,图书音像,质量,质量好,positive,质量好
TRAIN_42556,PRODUCT_434268,家居生活,质量,质量好,positive,质量好
TRAIN_42563,PRODUCT_320711,手机/数码,物流,发货快,positive,发货快
TRAIN_42569,PRODUCT_4498,图书音像,正品,正品放心,positive,正品放心
TRAIN_42571,PRODUCT_265838,图书音像,物流,发货快,positive,发货快
TRAIN_42571,PRODUCT_265838,图书音像,价格,性价比高,positive,性价比高
TRAIN_42580,PRODUCT_220633,图书音像,内容,内容不错,positive,内容不错
TRAIN_42587,PRODUCT_429626,图书音像,价格,性价比高,positive,性价比高
TRAIN_42588,PRODUCT_200591,图书音像,质量,质量好,positive,质量好
TRAIN_42592,PRODUCT_487818,美妆个护,价格,性价比高,positive,性价比高
TRAIN_42598,PRODUCT_56075,鞋类箱包,质量,质量差,negative,质量差
TRAIN_42598,PRODUCT_56075,鞋类箱包,尺码,尺码不准,negative,尺码不准
TRAIN_42604,PRODUCT_476499,图书音像,价格,性价比高,positive,性价比高
TRAIN_42626,PRODUCT_188539,手机/数码,质量,质量好,positive,质量好
TRAIN_42626,PRODUCT_188539,手机/数码,物流,发货快,positive,发货快
TRAIN_42626,PRODUCT_188539,手机/数码,包装,包装好,positive,包装好
TRAIN_42631,PRODUCT_395440,家用电器,价格,价格贵,negative,价格贵
TRAIN_42650,PRODUCT_250137,家居生活,价格,性价比高,positive,性价比高
TRAIN_42652,PRODUCT_191839,家用电器,质量,质量差,negative,质量差
TRAIN_42652,PRODUCT_191839,家用电器,耐用,容易坏,negative,容易坏
TRAIN_42652,PRODUCT_191839,家用电器,推荐,不推荐,negative,不推荐
TRAIN_42656,PRODUCT_427771,图书音像,正品,正品放心,positive,正品放心
TRAIN_42662,PRODUCT_235062,图书音像,耐用,容易坏,negative,容易坏
TRAIN_42666,PRODUCT_234323,图书音像,正品,疑似假货,negative,疑似假货
TRAIN_42668,PRODUCT_213427,图书音像,质量,质量好,positive,质量好
TRAIN_42669,PRODUCT_246167,图书音像,质量,质量好,positive,质量好
TRAIN_42670,PRODUCT_102295,图书音像,推荐,会回购,positive,会回购
TRAIN_42691,PRODUCT_480826,图书音像,正品,正品放心,positive,正品放心
TRAIN_42698,PRODUCT_336041,图书音像,物流,发货快,positive,发货快
TRAIN_42701,PRODUCT_124579,图书音像,质量,质量好,positive,质量好
TRAIN_42709,PRODUCT_131506,美妆个护,正品,正品放心,positive,正品放心
TRAIN_42712,PRODUCT_362393,美妆个护,包装,包装好,positive,包装好
TRAIN_42714,PRODUCT_44414,图书音像,质量,质量好,positive,质量好
TRAIN_42715,PRODUCT_72561,母婴/玩具,正品,正品放心,positive,正品放心
TRAIN_42719,PRODUCT_188705,图书音像,推荐,不推荐,negative,不推荐
TRAIN_42720,PRODUCT_318499,图书音像,内容,内容一般,negative,内容一般
TRAIN_42722,PRODUCT_86325,图书音像,内容,内容不错,positive,内容不错
TRAIN_42727,PRODUCT_358474,图书音像,质量,质量好,positive,质量好
TRAIN_42736,PRODUCT_320518,手机/数码,外观,外观一般,negative,外观一般
TRAIN_42738,PRODUCT_228830,图书音像,正品,正品放心,positive,正品放心
TRAIN_42748,PRODUCT_504340,图书音像,正品,正品放心,positive,正品放心
TRAIN_42750,PRODUCT_233309,手机/数码,质量,质量好,positive,质量好
TRAIN_42754,PRODUCT_29262,电脑/办公,质量,质量好,positive,质量好
TRAIN_42758,PRODUCT_114501,手机/数码,正品,正品放心,positive,正品放心
TRAIN_42768,PRODUCT_182682,图书音像,内容,内容一般,negative,内容一般
TRAIN_42774,PRODUCT_24880,图书音像,质量,质量好,positive,质量好
TRAIN_42779,PRODUCT_140336,电脑/办公,正品,正品放心,positive,正品放心
TRAIN_42781,PRODUCT_318612,图书音像,内容,内容不错,positive,内容不错
TRAIN_42783,PRODUCT_111682,家用电器,质量,质量好,positive,质量好
TRAIN_42783,PRODUCT_111682,家用电器,价格,性价比高,positive,性价比高
TRAIN_42790,PRODUCT_173371,图书音像,正品,正品放心,positive,正品放心
TRAIN_42806,PRODUCT_66522,美妆个护,味道,味道不错,positive,味道不错
TRAIN_42807,PRODUCT_87274,图书音像,正品,正品放心,positive,正品放心
TRAIN_42810,PRODUCT_127731,图书音像,质量,质量好,positive,质量好
TRAIN_42810,PRODUCT_127731,图书音像,正品,正品放心,positive,正品放心
TRAIN_42821,PRODUCT_114446,图书音像,内容,内容不错,positive,内容不错
TRAIN_42828,PRODUCT_398242,图书音像,推荐,会回购,positive,会回购
TRAIN_42837,PRODUCT_523637,图书音像,内容,内容不错,positive,内容不错
TRAIN_42846,PRODUCT_375828,电脑/办公,价格,性价比高,positive,性价比高
TRAIN_42846,PRODUCT_375828,电脑/办公,外观,外观好看,positive,外观好看
TRAIN_42848,PRODUCT_434874,图书音像,正品,正品放心,positive,正品放心
TRAIN_42854,PRODUCT_435053,图书音像,内容,内容不错,positive,内容不错
TRAIN_42861,PRODUCT_269440,图书音像,质量,质量好,positive,质量好
TRAIN_42866,PRODUCT_71110,家居生活,质量,质量差,negative,质量差
TRAIN_42866,PRODUCT_71110,家居生活,耐用,容易坏,negative,容易坏
TRAIN_42874,PRODUCT_499169,图书音像,正品,正品放心,positive,正品放心
TRAIN_42879,PRODUCT_31333,图书音像,质量,质量好,positive,质量好
TRAIN_42882,PRODUCT_137149,美妆个护,物流,发货快,positive,发货快
TRAIN_42886,PRODUCT_391042,图书音像,正品,疑似假货,negative,疑似假货
TRAIN_42894,PRODUCT_148402,美妆个护,价格,性价比高,positive,性价比高
TRAIN_42901,PRODUCT_506514,电脑/办公,价格,性价比高,positive,性价比高
TRAIN_42907,PRODUCT_477639,图书音像,内容,内容不错,positive,内容不错
TRAIN_42914,PRODUCT_156270,电脑/办公,包装,包装好,positive,包装好
TRAIN_42914,PRODUCT_156270,电脑/办公,正品,正品放心,positive,正品放心
TRAIN_42919,PRODUCT_405708,图书音像,质量,质量好,positive,质量好
TRAIN_42920,PRODUCT_322249,图书音像,内容,内容不错,positive,内容不错
TRAIN_42922,PRODUCT_75022,图书音像,正品,正品放心,positive,正品放心
TRAIN_42924,PRODUCT_182901,图书音像,内容,内容不错,positive,内容不错
TRAIN_42925,PRODUCT_247968,电脑/办公,质量,质量好,positive,质量好
TRAIN_42928,PRODUCT_75965,电脑/办公,正品,正品放心,positive,正品放心
TRAIN_42941,PRODUCT_376443,图书音像,正品,正品放心,positive,正品放心
TRAIN_42943,PRODUCT_443754,图书音像,质量,质量好,positive,质量好
TRAIN_42943,PRODUCT_443754,图书音像,物流,物流慢,negative,物流慢
TRAIN_42945,PRODUCT_278144,图书音像,质量,质量差,negative,质量差
TRAIN_42947,PRODUCT_454064,家居生活,质量,质量好,positive,质量好
TRAIN_42962,PRODUCT_310285,图书音像,正品,正品放心,positive,正品放心
TRAIN_42962,PRODUCT_310285,图书音像,正品,疑似假货,negative,疑似假货
TRAIN_42967,PRODUCT_522005,服饰服装,质量,质量好,positive,质量好
TRAIN_42975,PRODUCT_181454,图书音像,价格,性价比高,positive,性价比高
TRAIN_42982,PRODUCT_159564,图书音像,正品,正品放心,positive,正品放心
TRAIN_42982,PRODUCT_159564,图书音像,正品,疑似假货,negative,疑似假货
TRAIN_42985,PRODUCT_457273,钟表/首饰/眼镜/礼品,推荐,不推荐,negative,不推荐
TRAIN_42990,PRODUCT_252090,图书音像,质量,质量好,positive,质量好
TRAIN_42996,PRODUCT_82412,图书音像,价格,价格贵,negative,价格贵
TRAIN_43006,PRODUCT_250893,图书音像,质量,质量好,positive,质量好
TRAIN_43013,PRODUCT_490031,家用电器,耐用,很耐用,positive,很耐用
TRAIN_43016,PRODUCT_319292,图书音像,内容,内容不错,positive,内容不错
TRAIN_43023,PRODUCT_141204,图书音像,推荐,会回购,positive,会回购
TRAIN_43028,PRODUCT_432288,图书音像,正品,疑似假货,negative,疑似假货
TRAIN_43033,PRODUCT_75551,图书音像,正品,正品放心,positive,正品放心
TRAIN_43053,PRODUCT_237923,电脑/办公,正品,疑似假货,negative,疑似假货
TRAIN_43059,PRODUCT_246528,图书音像,正品,正品放心,positive,正品放心
TRAIN_43066,PRODUCT_76758,图书音像,包装,包装好,positive,包装好
TRAIN_43067,PRODUCT_494521,图书音像,物流,发货快,positive,发货快
TRAIN_43067,PRODUCT_494521,图书音像,正品,正品放心,positive,正品放心
TRAIN_43073,PRODUCT_109195,电脑/办公,包装,包装好,positive,包装好
TRAIN_43080,PRODUCT_206307,家用电器,外观,外观一般,negative,外观一般
TRAIN_43083,PRODUCT_323613,图书音像,内容,内容不错,positive,内容不错
TRAIN_43085,PRODUCT_60606,图书音像,质量,质量好,positive,质量好
TRAIN_43096,PRODUCT_264734,电脑/办公,价格,性价比高,positive,性价比高
TRAIN_43106,PRODUCT_81255,电脑/办公,质量,质量好,positive,质量好
TRAIN_43106,PRODUCT_81255,电脑/办公,物流,发货快,positive,发货快
TRAIN_43111,PRODUCT_207208,图书音像,耐用,很耐用,positive,很耐用
TRAIN_43111,PRODUCT_207208,图书音像,耐用,容易坏,negative,容易坏
TRAIN_43114,PRODUCT_375288,母婴/玩具,物流,发货快,positive,发货快
TRAIN_43122,PRODUCT_492649,图书音像,质量,质量好,positive,质量好
TRAIN_43123,PRODUCT_114535,图书音像,物流,发货快,positive,发货快
TRAIN_43129,PRODUCT_323284,图书音像,正品,疑似假货,negative,疑似假货
TRAIN_43133,PRODUCT_333648,手机/数码,正品,正品放心,positive,正品放心
TRAIN_43140,PRODUCT_492943,图书音像,质量,质量好,positive,质量好
TRAIN_43147,PRODUCT_432302,美妆个护,正品,疑似假货,negative,疑似假货
TRAIN_43158,PRODUCT_35839,图书音像,质量,质量好,positive,质量好
TRAIN_43161,PRODUCT_236146,图书音像,质量,质量差,negative,质量差
TRAIN_43161,PRODUCT_236146,图书音像,正品,疑似假货,negative,疑似假货
TRAIN_43168,PRODUCT_508881,图书音像,正品,正品放心,positive,正品放心
TRAIN_43173,PRODUCT_417706,手机/数码,质量,质量好,positive,质量好
TRAIN_43173,PRODUCT_417706,手机/数码,物流,发货快,positive,发货快
TRAIN_43173,PRODUCT_417706,手机/数码,推荐,会回购,positive,会回购
TRAIN_43177,PRODUCT_423835,食品/保健,味道,味道不错,positive,味道不错
TRAIN_43178,PRODUCT_382546,电脑/办公,正品,疑似假货,negative,疑似假货
TRAIN_43186,PRODUCT_367157,手机/数码,价格,性价比高,positive,性价比高
TRAIN_43216,PRODUCT_109911,家具/家装/建材,质量,质量好,positive,质量好
TRAIN_43219,PRODUCT_48050,图书音像,内容,内容不错,positive,内容不错
TRAIN_43220,PRODUCT_35561,图书音像,推荐,会回购,positive,会回购
TRAIN_43229,PRODUCT_130542,图书音像,推荐,会回购,positive,会回购
TRAIN_43236,PRODUCT_55442,手机/数码,耐用,容易坏,negative,容易坏
TRAIN_43247,PRODUCT_130542,图书音像,质量,质量好,positive,质量好
TRAIN_43263,PRODUCT_3229,图书音像,正品,正品放心,positive,正品放心
TRAIN_43269,PRODUCT_19819,图书音像,质量,质量好,positive,质量好
TRAIN_43269,PRODUCT_19819,图书音像,物流,发货快,positive,发货快
TRAIN_43269,PRODUCT_19819,图书音像,价格,性价比高,positive,性价比高
TRAIN_43284,PRODUCT_465424,家用电器,外观,外观好看,positive,外观好看
TRAIN_43287,PRODUCT_513150,图书音像,物流,发货快,positive,发货快
TRAIN_43290,PRODUCT_108865,图书音像,质量,质量好,positive,质量好
TRAIN_43292,PRODUCT_342373,图书音像,价格,性价比高,positive,性价比高
TRAIN_43293,PRODUCT_142785,图书音像,内容,内容不错,positive,内容不错
TRAIN_43295,PRODUCT_72206,手机/数码,价格,性价比高,positive,性价比高
TRAIN_43297,PRODUCT_469959,美妆个护,推荐,会回购,positive,会回购
TRAIN_43298,PRODUCT_37549,图书音像,物流,发货快,positive,发货快
TRAIN_43299,PRODUCT_57365,手机/数码,物流,发货快,positive,发货快
TRAIN_43299,PRODUCT_57365,手机/数码,价格,性价比高,positive,性价比高
TRAIN_43305,PRODUCT_165413,图书音像,质量,质量好,positive,质量好
TRAIN_43305,PRODUCT_165413,图书音像,正品,正品放心,positive,正品放心
TRAIN_43313,PRODUCT_324845,图书音像,物流,发货快,positive,发货快
TRAIN_43316,PRODUCT_278463,图书音像,质量,质量差,negative,质量差
TRAIN_43316,PRODUCT_278463,图书音像,包装,包装差,negative,包装差
TRAIN_43322,PRODUCT_150228,图书音像,质量,质量好,positive,质量好
TRAIN_43322,PRODUCT_150228,图书音像,正品,正品放心,positive,正品放心
TRAIN_43325,PRODUCT_240048,图书音像,内容,内容不错,positive,内容不错
TRAIN_43330,PRODUCT_39370,图书音像,质量,质量好,positive,质量好
TRAIN_43340,PRODUCT_284034,图书音像,正品,正品放心,positive,正品放心
TRAIN_43341,PRODUCT_55751,电脑/办公,物流,发货快,positive,发货快
TRAIN_43342,PRODUCT_125792,钟表/首饰/眼镜/礼品,正品,正品放心,positive,正品放心
TRAIN_43342,PRODUCT_125792,钟表/首饰/眼镜/礼品,正品,疑似假货,negative,疑似假货
TRAIN_43348,PRODUCT_164394,图书音像,质量,质量差,negative,质量差
TRAIN_43348,PRODUCT_164394,图书音像,包装,包装差,negative,包装差
TRAIN_43348,PRODUCT_164394,图书音像,内容,内容一般,negative,内容一般
TRAIN_43349,PRODUCT_75156,图书音像,正品,正品放心,positive,正品放心
TRAIN_43350,PRODUCT_44730,图书音像,内容,内容不错,positive,内容不错
TRAIN_43353,PRODUCT_61589,图书音像,包装,包装差,negative,包装差
TRAIN_43356,PRODUCT_215567,手机/数码,价格,价格贵,negative,价格贵
TRAIN_43375,PRODUCT_517747,电脑/办公,物流,发货快,positive,发货快
TRAIN_43381,PRODUCT_387752,图书音像,包装,包装差,negative,包装差
TRAIN_43385,PRODUCT_119969,母婴/玩具,质量,质量好,positive,质量好
TRAIN_43387,PRODUCT_284575,图书音像,质量,质量好,positive,质量好
TRAIN_43388,PRODUCT_38770,图书音像,正品,正品放心,positive,正品放心
TRAIN_43389,PRODUCT_241313,美妆个护,味道,味道不错,positive,味道不错
TRAIN_43390,PRODUCT_268032,家用电器,价格,性价比高,positive,性价比高
TRAIN_43393,PRODUCT_371678,图书音像,价格,价格贵,negative,价格贵
TRAIN_43399,PRODUCT_137132,图书音像,内容,内容不错,positive,内容不错
TRAIN_43401,PRODUCT_412272,食品/保健,味道,味道不错,positive,味道不错
TRAIN_43402,PRODUCT_408854,其他,质量,质量差,negative,质量差
TRAIN_43416,PRODUCT_265838,图书音像,价格,性价比高,positive,性价比高
TRAIN_43417,PRODUCT_36657,图书音像,推荐,会回购,positive,会回购
TRAIN_43418,PRODUCT_194452,图书音像,推荐,不推荐,negative,不推荐
TRAIN_43431,PRODUCT_36848,电脑/办公,价格,性价比高,positive,性价比高
TRAIN_43431,PRODUCT_36848,电脑/办公,正品,正品放心,positive,正品放心
TRAIN_43443,PRODUCT_416937,家具/家装/建材,价格,性价比高,positive,性价比高
TRAIN_43443,PRODUCT_416937,家具/家装/建材,耐用,很耐用,positive,很耐用
TRAIN_43447,PRODUCT_434268,家居生活,物流,发货快,positive,发货快
TRAIN_43458,PRODUCT_18007,图书音像,质量,质量好,positive,质量好
TRAIN_43460,PRODUCT_415580,图书音像,价格,价格贵,negative,价格贵
TRAIN_43464,PRODUCT_240724,图书音像,质量,质量好,positive,质量好
TRAIN_43467,PRODUCT_150205,图书音像,质量,质量好,positive,质量好
TRAIN_43469,PRODUCT_35561,图书音像,质量,质量好,positive,质量好
TRAIN_43470,PRODUCT_294959,图书音像,正品,正品放心,positive,正品放心
TRAIN_43471,PRODUCT_306573,家用电器,质量,质量好,positive,质量好
TRAIN_43471,PRODUCT_306573,家用电器,物流,发货快,positive,发货快
TRAIN_43471,PRODUCT_306573,家用电器,价格,性价比高,positive,性价比高
TRAIN_43479,PRODUCT_131602,图书音像,包装,包装好,positive,包装好
TRAIN_43479,PRODUCT_131602,图书音像,正品,正品放心,positive,正品放心
TRAIN_43482,PRODUCT_67971,图书音像,正品,正品放心,positive,正品放心
TRAIN_43490,PRODUCT_35970,图书音像,质量,质量好,positive,质量好
TRAIN_43498,PRODUCT_213027,电脑/办公,包装,包装好,positive,包装好
TRAIN_43499,PRODUCT_92230,家用电器,质量,质量差,negative,质量差
TRAIN_43503,PRODUCT_266055,家具/家装/建材,包装,包装好,positive,包装好
TRAIN_43503,PRODUCT_266055,家具/家装/建材,包装,包装差,negative,包装差
TRAIN_43509,PRODUCT_308133,图书音像,包装,包装好,positive,包装好
TRAIN_43509,PRODUCT_308133,图书音像,内容,内容不错,positive,内容不错
TRAIN_43517,PRODUCT_492492,电脑/办公,价格,性价比高,positive,性价比高
TRAIN_43519,PRODUCT_316001,图书音像,包装,包装差,negative,包装差
TRAIN_43521,PRODUCT_289871,图书音像,包装,包装差,negative,包装差
TRAIN_43522,PRODUCT_220387,手机/数码,正品,正品放心,positive,正品放心
TRAIN_43523,PRODUCT_90038,图书音像,正品,正品放心,positive,正品放心
TRAIN_43525,PRODUCT_188501,其他,包装,包装差,negative,包装差
TRAIN_43525,PRODUCT_188501,其他,正品,正品放心,positive,正品放心
TRAIN_43551,PRODUCT_25897,图书音像,正品,正品放心,positive,正品放心
TRAIN_43556,PRODUCT_72489,家用电器,价格,性价比高,positive,性价比高
TRAIN_43559,PRODUCT_60253,图书音像,正品,正品放心,positive,正品放心
TRAIN_43560,PRODUCT_156270,电脑/办公,质量,质量好,positive,质量好
TRAIN_43560,PRODUCT_156270,电脑/办公,物流,发货快,positive,发货快
TRAIN_43562,PRODUCT_125335,图书音像,正品,疑似假货,negative,疑似假货
TRAIN_43565,PRODUCT_140436,图书音像,正品,正品放心,positive,正品放心
TRAIN_43565,PRODUCT_140436,图书音像,正品,疑似假货,negative,疑似假货
TRAIN_43570,PRODUCT_53596,图书音像,物流,发货快,positive,发货快
TRAIN_43570,PRODUCT_53596,图书音像,正品,正品放心,positive,正品放心
TRAIN_43573,PRODUCT_205119,图书音像,质量,质量好,positive,质量好
TRAIN_43573,PRODUCT_205119,图书音像,正品,正品放心,positive,正品放心
TRAIN_43579,PRODUCT_177796,家具/家装/建材,价格,性价比高,positive,性价比高
TRAIN_43579,PRODUCT_177796,家具/家装/建材,价格,价格贵,negative,价格贵
TRAIN_43579,PRODUCT_177796,家具/家装/建材,耐用,很耐用,positive,很耐用
TRAIN_43587,PRODUCT_504928,美妆个护,正品,正品放心,positive,正品放心
TRAIN_43587,PRODUCT_504928,美妆个护,正品,疑似假货,negative,疑似假货
TRAIN_43591,PRODUCT_471085,图书音像,正品,疑似假货,negative,疑似假货
TRAIN_43594,PRODUCT_244589,图书音像,质量,质量好,positive,质量好
TRAIN_43594,PRODUCT_244589,图书音像,价格,性价比高,positive,性价比高
TRAIN_43601,PRODUCT_423285,手机/数码,正品,正品放心,positive,正品放心
TRAIN_43606,PRODUCT_376136,图书音像,价格,性价比高,positive,性价比高
TRAIN_43613,PRODUCT_10514,美妆个护,物流,发货快,positive,发货快
TRAIN_43615,PRODUCT_433775,家用电器,价格,性价比高,positive,性价比高
TRAIN_43617,PRODUCT_452433,其他,物流,发货快,positive,发货快
TRAIN_43617,PRODUCT_452433,其他,包装,包装好,positive,包装好
TRAIN_43618,PRODUCT_514611,图书音像,质量,质量好,positive,质量好
TRAIN_43621,PRODUCT_213643,鞋类箱包,质量,质量差,negative,质量差
TRAIN_43621,PRODUCT_213643,鞋类箱包,推荐,不推荐,negative,不推荐
TRAIN_43637,PRODUCT_520556,图书音像,质量,质量差,negative,质量差
TRAIN_43638,PRODUCT_229720,图书音像,质量,质量好,positive,质量好
TRAIN_43653,PRODUCT_510438,图书音像,正品,正品放心,positive,正品放心
TRAIN_43662,PRODUCT_285130,手机/数码,物流,发货快,positive,发货快
TRAIN_43665,PRODUCT_249228,家用电器,质量,质量好,positive,质量好
TRAIN_43665,PRODUCT_249228,家用电器,价格,性价比高,positive,性价比高
TRAIN_43667,PRODUCT_375725,食品/保健,味道,味道不错,positive,味道不错
TRAIN_43669,PRODUCT_166843,图书音像,正品,正品放心,positive,正品放心
TRAIN_43671,PRODUCT_504489,图书音像,质量,质量好,positive,质量好
TRAIN_43672,PRODUCT_511007,电脑/办公,质量,质量好,positive,质量好
TRAIN_43681,PRODUCT_128070,图书音像,内容,内容一般,negative,内容一般
TRAIN_43682,PRODUCT_147571,图书音像,质量,质量好,positive,质量好
TRAIN_43682,PRODUCT_147571,图书音像,正品,正品放心,positive,正品放心
TRAIN_43682,PRODUCT_147571,图书音像,正品,疑似假货,negative,疑似假货
TRAIN_43683,PRODUCT_416937,家具/家装/建材,质量,质量好,positive,质量好
TRAIN_43686,PRODUCT_59070,图书音像,价格,性价比高,positive,性价比高
TRAIN_43687,PRODUCT_276616,图书音像,包装,包装好,positive,包装好
TRAIN_43690,PRODUCT_358586,美妆个护,正品,正品放心,positive,正品放心
TRAIN_43697,PRODUCT_225717,图书音像,内容,内容不错,positive,内容不错
TRAIN_43701,PRODUCT_389074,图书音像,价格,性价比高,positive,性价比高
TRAIN_43703,PRODUCT_137125,图书音像,正品,正品放心,positive,正品放心
TRAIN_43707,PRODUCT_43002,图书音像,质量,质量好,positive,质量好
TRAIN_43708,PRODUCT_345244,图书音像,物流,发货快,positive,发货快
TRAIN_43712,PRODUCT_44979,食品/保健,味道,味道不错,positive,味道不错
TRAIN_43724,PRODUCT_489384,手机/数码,价格,性价比高,positive,性价比高
TRAIN_43728,PRODUCT_228712,图书音像,正品,疑似假货,negative,疑似假货
TRAIN_43744,PRODUCT_322155,图书音像,质量,质量好,positive,质量好
TRAIN_43744,PRODUCT_322155,图书音像,物流,发货快,positive,发货快
TRAIN_43749,PRODUCT_68508,电脑/办公,物流,发货快,positive,发货快
TRAIN_43749,PRODUCT_68508,电脑/办公,价格,性价比高,positive,性价比高
TRAIN_43749,PRODUCT_68508,电脑/办公,推荐,会回购,positive,会回购
TRAIN_43755,PRODUCT_309179,钟表/首饰/眼镜/礼品,正品,正品放心,positive,正品放心
TRAIN_43755,PRODUCT_309179,钟表/首饰/眼镜/礼品,正品,疑似假货,negative,疑似假货
TRAIN_43763,PRODUCT_359377,图书音像,耐用,容易坏,negative,容易坏
TRAIN_43768,PRODUCT_196457,手机/数码,外观,外观好看,positive,外观好看
TRAIN_43772,PRODUCT_225512,图书音像,质量,质量好,positive,质量好
TRAIN_43775,PRODUCT_445036,图书音像,内容,内容不错,positive,内容不错
TRAIN_43778,PRODUCT_164314,图书音像,内容,内容不错,positive,内容不错
TRAIN_43781,PRODUCT_312626,钟表/首饰/眼镜/礼品,价格,性价比高,positive,性价比高
TRAIN_43781,PRODUCT_312626,钟表/首饰/眼镜/礼品,正品,正品放心,positive,正品放心
TRAIN_43781,PRODUCT_312626,钟表/首饰/眼镜/礼品,正品,疑似假货,negative,疑似假货
TRAIN_43783,PRODUCT_2251,图书音像,质量,质量好,positive,质量好
TRAIN_43803,PRODUCT_377980,电脑/办公,价格,性价比高,positive,性价比高
TRAIN_43804,PRODUCT_112731,图书音像,质量,质量好,positive,质量好
TRAIN_43808,PRODUCT_49852,母婴/玩具,物流,发货快,positive,发货快
TRAIN_43813,PRODUCT_408823,家用电器,耐用,容易坏,negative,容易坏
TRAIN_43821,PRODUCT_79442,图书音像,价格,价格贵,negative,价格贵
TRAIN_43822,PRODUCT_148160,图书音像,质量,质量好,positive,质量好
TRAIN_43826,PRODUCT_480396,美妆个护,物流,物流慢,negative,物流慢
TRAIN_43826,PRODUCT_480396,美妆个护,正品,正品放心,positive,正品放心
TRAIN_43827,PRODUCT_107217,美妆个护,味道,味道不错,positive,味道不错
TRAIN_43830,PRODUCT_120946,图书音像,内容,内容不错,positive,内容不错
TRAIN_43832,PRODUCT_171825,电脑/办公,正品,正品放心,positive,正品放心
TRAIN_43837,PRODUCT_448718,电脑/办公,耐用,容易坏,negative,容易坏
TRAIN_43845,PRODUCT_500746,电脑/办公,价格,性价比高,positive,性价比高
TRAIN_43846,PRODUCT_312679,图书音像,质量,质量好,positive,质量好
TRAIN_43848,PRODUCT_444554,图书音像,价格,性价比高,positive,性价比高
TRAIN_43852,PRODUCT_249683,电脑/办公,质量,质量差,negative,质量差
TRAIN_43860,PRODUCT_184077,图书音像,质量,质量好,positive,质量好
TRAIN_43864,PRODUCT_248987,图书音像,正品,正品放心,positive,正品放心
TRAIN_43867,PRODUCT_162836,图书音像,物流,发货快,positive,发货快
TRAIN_43873,PRODUCT_493793,家用电器,正品,正品放心,positive,正品放心
TRAIN_43876,PRODUCT_362883,图书音像,质量,质量差,negative,质量差
TRAIN_43887,PRODUCT_324063,图书音像,质量,质量好,positive,质量好
TRAIN_43891,PRODUCT_143380,家用电器,价格,性价比高,positive,性价比高
TRAIN_43892,PRODUCT_28071,手机/数码,正品,正品放心,positive,正品放心
TRAIN_43893,PRODUCT_345244,图书音像,质量,质量好,positive,质量好
TRAIN_43900,PRODUCT_17768,手机/数码,耐用,很耐用,positive,很耐用
TRAIN_43910,PRODUCT_370727,图书音像,质量,质量差,negative,质量差
TRAIN_43913,PRODUCT_45023,家用电器,质量,质量好,positive,质量好
TRAIN_43915,PRODUCT_277378,图书音像,内容,内容一般,negative,内容一般
TRAIN_43918,PRODUCT_332631,图书音像,质量,质量好,positive,质量好
TRAIN_43919,PRODUCT_90506,图书音像,正品,正品放心,positive,正品放心
TRAIN_43923,PRODUCT_8364,图书音像,包装,包装好,positive,包装好
TRAIN_43926,PRODUCT_359023,图书音像,正品,疑似假货,negative,疑似假货
TRAIN_43931,PRODUCT_374960,图书音像,物流,发货快,positive,发货快
TRAIN_43931,PRODUCT_374960,图书音像,包装,包装好,positive,包装好
TRAIN_43936,PRODUCT_464964,电脑/办公,质量,质量好,positive,质量好
TRAIN_43936,PRODUCT_464964,电脑/办公,价格,性价比高,positive,性价比高
TRAIN_43936,PRODUCT_464964,电脑/办公,推荐,不推荐,negative,不推荐
TRAIN_43939,PRODUCT_508941,图书音像,推荐,会回购,positive,会回购
TRAIN_43945,PRODUCT_488645,图书音像,推荐,会回购,positive,会回购
TRAIN_43955,PRODUCT_463165,图书音像,包装,包装差,negative,包装差
TRAIN_43957,PRODUCT_203333,图书音像,价格,价格贵,negative,价格贵
TRAIN_43962,PRODUCT_331097,图书音像,价格,性价比高,positive,性价比高
TRAIN_43967,PRODUCT_312457,手机/数码,质量,质量差,negative,质量差
TRAIN_43971,PRODUCT_7911,图书音像,质量,质量好,positive,质量好
TRAIN_43973,PRODUCT_261776,家具/家装/建材,推荐,会回购,positive,会回购
TRAIN_43978,PRODUCT_69560,图书音像,正品,正品放心,positive,正品放心
TRAIN_43979,PRODUCT_263268,电脑/办公,价格,性价比高,positive,性价比高
TRAIN_43991,PRODUCT_32934,电脑/办公,物流,发货快,positive,发货快
TRAIN_43992,PRODUCT_208083,手机/数码,质量,质量好,positive,质量好
TRAIN_43992,PRODUCT_208083,手机/数码,价格,价格贵,negative,价格贵
TRAIN_43996,PRODUCT_3274,图书音像,质量,质量好,positive,质量好
TRAIN_43996,PRODUCT_3274,图书音像,价格,性价比高,positive,性价比高
TRAIN_44014,PRODUCT_182616,图书音像,质量,质量好,positive,质量好
TRAIN_44014,PRODUCT_182616,图书音像,物流,发货快,positive,发货快
TRAIN_44016,PRODUCT_170100,图书音像,包装,包装差,negative,包装差
TRAIN_44016,PRODUCT_170100,图书音像,正品,正品放心,positive,正品放心
TRAIN_44017,PRODUCT_435903,图书音像,价格,性价比高,positive,性价比高
TRAIN_44019,PRODUCT_154769,美妆个护,价格,价格贵,negative,价格贵
TRAIN_44032,PRODUCT_462026,图书音像,质量,质量差,negative,质量差
TRAIN_44034,PRODUCT_411345,图书音像,质量,质量好,positive,质量好
TRAIN_44034,PRODUCT_411345,图书音像,正品,疑似假货,negative,疑似假货
TRAIN_44035,PRODUCT_117036,图书音像,质量,质量好,positive,质量好
TRAIN_44037,PRODUCT_60876,图书音像,物流,发货快,positive,发货快
TRAIN_44047,PRODUCT_288461,图书音像,价格,性价比高,positive,性价比高
TRAIN_44049,PRODUCT_61117,家用电器,质量,质量好,positive,质量好
TRAIN_44054,PRODUCT_54832,图书音像,物流,发货快,positive,发货快
TRAIN_44059,PRODUCT_298750,图书音像,正品,正品放心,positive,正品放心
TRAIN_44061,PRODUCT_381988,家用电器,价格,性价比高,positive,性价比高
TRAIN_44065,PRODUCT_503277,图书音像,内容,内容不错,positive,内容不错
TRAIN_44069,PRODUCT_456138,图书音像,正品,正品放心,positive,正品放心
TRAIN_44070,PRODUCT_427479,图书音像,物流,发货快,positive,发货快
TRAIN_44076,PRODUCT_365543,电脑/办公,物流,发货快,positive,发货快
TRAIN_44083,PRODUCT_444013,电脑/办公,耐用,容易坏,negative,容易坏
TRAIN_44084,PRODUCT_375311,食品/保健,包装,包装好,positive,包装好
TRAIN_44086,PRODUCT_145694,手机/数码,价格,性价比高,positive,性价比高
TRAIN_44093,PRODUCT_90323,钟表/首饰/眼镜/礼品,质量,质量好,positive,质量好
TRAIN_44099,PRODUCT_423282,图书音像,质量,质量好,positive,质量好
TRAIN_44103,PRODUCT_189133,图书音像,正品,正品放心,positive,正品放心
TRAIN_44105,PRODUCT_510131,图书音像,正品,正品放心,positive,正品放心
TRAIN_44109,PRODUCT_440906,食品/保健,味道,味道不错,positive,味道不错
TRAIN_44113,PRODUCT_487723,图书音像,内容,内容不错,positive,内容不错
TRAIN_44115,PRODUCT_522369,图书音像,价格,性价比高,positive,性价比高
TRAIN_44117,PRODUCT_105569,图书音像,包装,包装差,negative,包装差
TRAIN_44151,PRODUCT_91068,电脑/办公,正品,正品放心,positive,正品放心
TRAIN_44152,PRODUCT_207201,家具/家装/建材,质量,质量好,positive,质量好
TRAIN_44155,PRODUCT_468839,图书音像,正品,正品放心,positive,正品放心
TRAIN_44184,PRODUCT_78032,图书音像,内容,内容一般,negative,内容一般
TRAIN_44185,PRODUCT_368660,图书音像,质量,质量好,positive,质量好
TRAIN_44189,PRODUCT_265452,图书音像,质量,质量好,positive,质量好
TRAIN_44189,PRODUCT_265452,图书音像,物流,发货快,positive,发货快
TRAIN_44194,PRODUCT_2041,图书音像,推荐,会回购,positive,会回购
TRAIN_44194,PRODUCT_2041,图书音像,推荐,不推荐,negative,不推荐
TRAIN_44206,PRODUCT_14346,图书音像,质量,质量好,positive,质量好
TRAIN_44206,PRODUCT_14346,图书音像,正品,正品放心,positive,正品放心
TRAIN_44206,PRODUCT_14346,图书音像,内容,内容不错,positive,内容不错
TRAIN_44212,PRODUCT_304800,图书音像,耐用,容易坏,negative,容易坏
TRAIN_44224,PRODUCT_412046,图书音像,正品,疑似假货,negative,疑似假货
TRAIN_44228,PRODUCT_223929,图书音像,质量,质量差,negative,质量差
TRAIN_44232,PRODUCT_161383,电脑/办公,正品,疑似假货,negative,疑似假货
TRAIN_44258,PRODUCT_40918,电脑/办公,耐用,容易坏,negative,容易坏
TRAIN_44260,PRODUCT_125365,美妆个护,味道,味道不错,positive,味道不错
TRAIN_44261,PRODUCT_224719,手机/数码,正品,正品放心,positive,正品放心
TRAIN_44266,PRODUCT_465550,图书音像,内容,内容不错,positive,内容不错
TRAIN_44273,PRODUCT_333967,图书音像,包装,包装差,negative,包装差
TRAIN_44274,PRODUCT_24912,图书音像,质量,质量好,positive,质量好
TRAIN_44274,PRODUCT_24912,图书音像,正品,正品放心,positive,正品放心
TRAIN_44274,PRODUCT_24912,图书音像,内容,内容不错,positive,内容不错
TRAIN_44281,PRODUCT_347198,电脑/办公,耐用,容易坏,negative,容易坏
TRAIN_44283,PRODUCT_381330,美妆个护,价格,性价比高,positive,性价比高
TRAIN_44287,PRODUCT_243461,家具/家装/建材,质量,质量好,positive,质量好
TRAIN_44298,PRODUCT_149977,图书音像,内容,内容不错,positive,内容不错
TRAIN_44306,PRODUCT_497046,图书音像,内容,内容一般,negative,内容一般
TRAIN_44309,PRODUCT_185070,家用电器,价格,价格贵,negative,价格贵
TRAIN_44311,PRODUCT_341673,图书音像,质量,质量好,positive,质量好
TRAIN_44319,PRODUCT_427013,图书音像,内容,内容不错,positive,内容不错
TRAIN_44338,PRODUCT_439705,手机/数码,包装,包装好,positive,包装好
TRAIN_44338,PRODUCT_439705,手机/数码,正品,正品放心,positive,正品放心
TRAIN_44341,PRODUCT_201168,图书音像,正品,正品放心,positive,正品放心
TRAIN_44342,PRODUCT_196110,家具/家装/建材,耐用,很耐用,positive,很耐用
TRAIN_44345,PRODUCT_289601,食品/保健,味道,味道不错,positive,味道不错
TRAIN_44347,PRODUCT_409109,手机/数码,客服,客服差,negative,客服差
TRAIN_44349,PRODUCT_503277,图书音像,物流,发货快,positive,发货快
TRAIN_44351,PRODUCT_154775,图书音像,内容,内容不错,positive,内容不错
TRAIN_44356,PRODUCT_355763,图书音像,正品,疑似假货,negative,疑似假货
TRAIN_44357,PRODUCT_355575,服饰服装,质量,质量好,positive,质量好
TRAIN_44371,PRODUCT_415741,图书音像,内容,内容不错,positive,内容不错
TRAIN_44377,PRODUCT_406187,图书音像,质量,质量好,positive,质量好
TRAIN_44377,PRODUCT_406187,图书音像,正品,正品放心,positive,正品放心
TRAIN_44386,PRODUCT_99429,电脑/办公,屏幕,屏幕差,negative,屏幕差
TRAIN_44391,PRODUCT_160594,电脑/办公,推荐,会回购,positive,会回购
TRAIN_44401,PRODUCT_249911,图书音像,质量,质量好,positive,质量好
TRAIN_44404,PRODUCT_319779,电脑/办公,外观,外观好看,positive,外观好看
TRAIN_44409,PRODUCT_100914,手机/数码,正品,正品放心,positive,正品放心
TRAIN_44410,PRODUCT_293775,美妆个护,正品,正品放心,positive,正品放心
TRAIN_44410,PRODUCT_293775,美妆个护,味道,味道不错,positive,味道不错
TRAIN_44414,PRODUCT_360592,图书音像,正品,正品放心,positive,正品放心
TRAIN_44420,PRODUCT_399546,美妆个护,价格,性价比高,positive,性价比高
TRAIN_44421,PRODUCT_32439,电脑/办公,价格,性价比高,positive,性价比高
TRAIN_44425,PRODUCT_2616,图书音像,物流,发货快,positive,发货快
TRAIN_44425,PRODUCT_2616,图书音像,价格,价格贵,negative,价格贵
TRAIN_44426,PRODUCT_250137,家居生活,耐用,很耐用,positive,很耐用
TRAIN_44431,PRODUCT_92690,图书音像,质量,质量好,positive,质量好
TRAIN_44439,PRODUCT_89922,图书音像,质量,质量好,positive,质量好
TRAIN_44439,PRODUCT_89922,图书音像,物流,发货快,positive,发货快
TRAIN_44440,PRODUCT_19845,家具/家装/建材,耐用,很耐用,positive,很耐用
TRAIN_44446,PRODUCT_523832,图书音像,内容,内容不错,positive,内容不错
TRAIN_44448,PRODUCT_213394,图书音像,质量,质量好,positive,质量好
TRAIN_44449,PRODUCT_173394,图书音像,推荐,会回购,positive,会回购
TRAIN_44449,PRODUCT_173394,图书音像,推荐,不推荐,negative,不推荐
TRAIN_44459,PRODUCT_484486,电脑/办公,正品,正品放心,positive,正品放心
TRAIN_44471,PRODUCT_382051,图书音像,质量,质量差,negative,质量差
TRAIN_44477,PRODUCT_235559,图书音像,质量,质量好,positive,质量好
TRAIN_44477,PRODUCT_235559,图书音像,正品,正品放心,positive,正品放心
TRAIN_44481,PRODUCT_406927,电脑/办公,价格,价格贵,negative,价格贵
TRAIN_44481,PRODUCT_406927,电脑/办公,正品,正品放心,positive,正品放心
TRAIN_44482,PRODUCT_9791,图书音像,正品,正品放心,positive,正品放心
TRAIN_44484,PRODUCT_71243,美妆个护,味道,味道不错,positive,味道不错
TRAIN_44489,PRODUCT_453833,图书音像,质量,质量好,positive,质量好
TRAIN_44489,PRODUCT_453833,图书音像,包装,包装好,positive,包装好
TRAIN_44496,PRODUCT_205119,图书音像,正品,疑似假货,negative,疑似假货
TRAIN_44498,PRODUCT_94683,图书音像,推荐,会回购,positive,会回购
TRAIN_44500,PRODUCT_67458,图书音像,内容,内容不错,positive,内容不错
TRAIN_44516,PRODUCT_32664,家用电器,质量,质量好,positive,质量好
TRAIN_44516,PRODUCT_32664,家用电器,正品,正品放心,positive,正品放心
TRAIN_44518,PRODUCT_137345,图书音像,内容,内容不错,positive,内容不错
TRAIN_44520,PRODUCT_394568,图书音像,价格,性价比高,positive,性价比高
TRAIN_44534,PRODUCT_365904,图书音像,正品,正品放心,positive,正品放心
TRAIN_44537,PRODUCT_174438,手机/数码,价格,性价比高,positive,性价比高
TRAIN_44539,PRODUCT_139890,电脑/办公,物流,发货快,positive,发货快
TRAIN_44540,PRODUCT_33919,手机/数码,正品,正品放心,positive,正品放心
TRAIN_44546,PRODUCT_508265,图书音像,正品,正品放心,positive,正品放心
TRAIN_44553,PRODUCT_246905,图书音像,质量,质量好,positive,质量好
TRAIN_44558,PRODUCT_389101,图书音像,内容,内容一般,negative,内容一般
TRAIN_44559,PRODUCT_360885,图书音像,质量,质量好,positive,质量好
TRAIN_44559,PRODUCT_360885,图书音像,正品,正品放心,positive,正品放心
TRAIN_44567,PRODUCT_107576,美妆个护,味道,味道不错,positive,味道不错
TRAIN_44568,PRODUCT_390577,图书音像,包装,包装好,positive,包装好
TRAIN_44571,PRODUCT_461738,图书音像,包装,包装好,positive,包装好
TRAIN_44583,PRODUCT_217954,美妆个护,包装,包装差,negative,包装差
TRAIN_44585,PRODUCT_102837,图书音像,质量,质量好,positive,质量好
TRAIN_44589,PRODUCT_387880,图书音像,内容,内容不错,positive,内容不错
TRAIN_44600,PRODUCT_202556,手机/数码,物流,发货快,positive,发货快
TRAIN_44607,PRODUCT_79248,服饰服装,正品,正品放心,positive,正品放心
TRAIN_44615,PRODUCT_142737,图书音像,推荐,会回购,positive,会回购
TRAIN_44621,PRODUCT_385500,图书音像,正品,正品放心,positive,正品放心
TRAIN_44621,PRODUCT_385500,图书音像,正品,疑似假货,negative,疑似假货
TRAIN_44629,PRODUCT_273287,家用电器,价格,性价比高,positive,性价比高
TRAIN_44631,PRODUCT_351289,图书音像,包装,包装差,negative,包装差
TRAIN_44632,PRODUCT_397685,图书音像,正品,疑似假货,negative,疑似假货
TRAIN_44634,PRODUCT_156270,电脑/办公,包装,包装好,positive,包装好
TRAIN_44634,PRODUCT_156270,电脑/办公,价格,性价比高,positive,性价比高
TRAIN_44637,PRODUCT_477526,图书音像,推荐,会回购,positive,会回购
TRAIN_44639,PRODUCT_521385,美妆个护,价格,性价比高,positive,性价比高
TRAIN_44641,PRODUCT_248194,美妆个护,味道,味道不错,positive,味道不错
TRAIN_44645,PRODUCT_158760,家居生活,质量,质量好,positive,质量好
TRAIN_44655,PRODUCT_20488,电脑/办公,质量,质量好,positive,质量好
TRAIN_44657,PRODUCT_30353,图书音像,正品,正品放心,positive,正品放心
TRAIN_44663,PRODUCT_358794,图书音像,价格,性价比高,positive,性价比高
TRAIN_44667,PRODUCT_111744,图书音像,质量,质量好,positive,质量好
TRAIN_44668,PRODUCT_92480,手机/数码,正品,正品放心,positive,正品放心
TRAIN_44676,PRODUCT_458875,图书音像,价格,性价比高,positive,性价比高
TRAIN_44678,PRODUCT_269610,图书音像,质量,质量好,positive,质量好
TRAIN_44681,PRODUCT_306764,图书音像,质量,质量好,positive,质量好
TRAIN_44681,PRODUCT_306764,图书音像,物流,发货快,positive,发货快
TRAIN_44692,PRODUCT_152114,图书音像,价格,价格贵,negative,价格贵
TRAIN_44695,PRODUCT_507246,图书音像,物流,发货快,positive,发货快
TRAIN_44696,PRODUCT_376711,图书音像,内容,内容不错,positive,内容不错
TRAIN_44706,PRODUCT_434909,图书音像,正品,正品放心,positive,正品放心
TRAIN_44708,PRODUCT_480534,图书音像,物流,发货快,positive,发货快
TRAIN_44708,PRODUCT_480534,图书音像,正品,正品放心,positive,正品放心
TRAIN_44730,PRODUCT_428462,图书音像,正品,正品放心,positive,正品放心
TRAIN_44732,PRODUCT_119835,图书音像,内容,内容不错,positive,内容不错
TRAIN_44733,PRODUCT_517714,手机/数码,质量,质量好,positive,质量好
TRAIN_44735,PRODUCT_476770,图书音像,耐用,容易坏,negative,容易坏
TRAIN_44743,PRODUCT_448159,图书音像,质量,质量差,negative,质量差
TRAIN_44743,PRODUCT_448159,图书音像,正品,疑似假货,negative,疑似假货
TRAIN_44749,PRODUCT_243804,手机/数码,正品,正品放心,positive,正品放心
TRAIN_44753,PRODUCT_57562,家具/家装/建材,质量,质量好,positive,质量好
TRAIN_44754,PRODUCT_286316,图书音像,内容,内容一般,negative,内容一般
TRAIN_44764,PRODUCT_33260,图书音像,物流,发货快,positive,发货快
TRAIN_44764,PRODUCT_33260,图书音像,推荐,不推荐,negative,不推荐
TRAIN_44769,PRODUCT_390144,家具/家装/建材,质量,质量好,positive,质量好
TRAIN_44769,PRODUCT_390144,家具/家装/建材,耐用,很耐用,positive,很耐用
TRAIN_44777,PRODUCT_294150,图书音像,质量,质量好,positive,质量好
TRAIN_44778,PRODUCT_8056,图书音像,包装,包装好,positive,包装好
TRAIN_44779,PRODUCT_361867,图书音像,质量,质量好,positive,质量好
TRAIN_44782,PRODUCT_521263,图书音像,质量,质量好,positive,质量好
TRAIN_44788,PRODUCT_333923,图书音像,价格,性价比高,positive,性价比高
TRAIN_44788,PRODUCT_333923,图书音像,正品,正品放心,positive,正品放心
TRAIN_44790,PRODUCT_206696,图书音像,价格,性价比高,positive,性价比高
TRAIN_44791,PRODUCT_511952,家具/家装/建材,物流,发货快,positive,发货快
TRAIN_44791,PRODUCT_511952,家具/家装/建材,包装,包装好,positive,包装好
TRAIN_44797,PRODUCT_430717,手机/数码,价格,性价比高,positive,性价比高
TRAIN_44798,PRODUCT_45172,图书音像,耐用,很耐用,positive,很耐用
TRAIN_44803,PRODUCT_247884,图书音像,价格,性价比高,positive,性价比高
TRAIN_44810,PRODUCT_36848,电脑/办公,正品,正品放心,positive,正品放心
TRAIN_44811,PRODUCT_370421,电脑/办公,耐用,容易坏,negative,容易坏
TRAIN_44815,PRODUCT_226097,图书音像,包装,包装好,positive,包装好
TRAIN_44818,PRODUCT_419710,手机/数码,耐用,很耐用,positive,很耐用
TRAIN_44818,PRODUCT_419710,手机/数码,推荐,不推荐,negative,不推荐
TRAIN_44822,PRODUCT_100327,其他,质量,质量好,positive,质量好
TRAIN_44828,PRODUCT_494310,图书音像,物流,发货快,positive,发货快
TRAIN_44837,PRODUCT_511649,食品/保健,物流,发货快,positive,发货快
TRAIN_44837,PRODUCT_511649,食品/保健,正品,正品放心,positive,正品放心
TRAIN_44840,PRODUCT_55668,图书音像,价格,性价比高,positive,性价比高
TRAIN_44845,PRODUCT_41333,图书音像,质量,质量好,positive,质量好
TRAIN_44845,PRODUCT_41333,图书音像,耐用,很耐用,positive,很耐用
TRAIN_44848,PRODUCT_418637,家用电器,质量,质量好,positive,质量好
TRAIN_44866,PRODUCT_126960,图书音像,正品,正品放心,positive,正品放心
TRAIN_44878,PRODUCT_112786,图书音像,质量,质量好,positive,质量好
TRAIN_44880,PRODUCT_395237,图书音像,价格,性价比高,positive,性价比高
TRAIN_44884,PRODUCT_113544,美妆个护,价格,性价比高,positive,性价比高
TRAIN_44884,PRODUCT_113544,美妆个护,正品,正品放心,positive,正品放心
TRAIN_44884,PRODUCT_113544,美妆个护,推荐,会回购,positive,会回购
TRAIN_44888,PRODUCT_389965,图书音像,正品,正品放心,positive,正品放心
TRAIN_44888,PRODUCT_389965,图书音像,正品,疑似假货,negative,疑似假货
TRAIN_44893,PRODUCT_133283,电脑/办公,正品,正品放心,positive,正品放心
TRAIN_44915,PRODUCT_273289,图书音像,质量,质量好,positive,质量好
TRAIN_44920,PRODUCT_43002,图书音像,外观,外观一般,negative,外观一般
TRAIN_44927,PRODUCT_124947,电脑/办公,质量,质量好,positive,质量好
TRAIN_44928,PRODUCT_325209,电脑/办公,耐用,容易坏,negative,容易坏
TRAIN_44942,PRODUCT_466198,图书音像,物流,发货快,positive,发货快
TRAIN_44945,PRODUCT_113152,图书音像,正品,正品放心,positive,正品放心
TRAIN_44948,PRODUCT_364624,图书音像,内容,内容一般,negative,内容一般
TRAIN_44949,PRODUCT_26793,图书音像,质量,质量好,positive,质量好
TRAIN_44952,PRODUCT_266725,家居生活,质量,质量好,positive,质量好
TRAIN_44953,PRODUCT_459015,手机/数码,质量,质量好,positive,质量好
TRAIN_44957,PRODUCT_337800,家用电器,外观,外观好看,positive,外观好看
TRAIN_44958,PRODUCT_434314,图书音像,外观,外观一般,negative,外观一般
TRAIN_44966,PRODUCT_272671,图书音像,物流,发货快,positive,发货快
TRAIN_44966,PRODUCT_272671,图书音像,包装,包装好,positive,包装好
TRAIN_44971,PRODUCT_7764,图书音像,包装,包装差,negative,包装差
TRAIN_44976,PRODUCT_397858,图书音像,物流,发货快,positive,发货快
TRAIN_44978,PRODUCT_450231,图书音像,质量,质量好,positive,质量好
TRAIN_44980,PRODUCT_449946,图书音像,正品,疑似假货,negative,疑似假货
TRAIN_44985,PRODUCT_121126,图书音像,质量,质量好,positive,质量好
TRAIN_44985,PRODUCT_121126,图书音像,物流,发货快,positive,发货快
TRAIN_44988,PRODUCT_60357,美妆个护,正品,正品放心,positive,正品放心
TRAIN_44990,PRODUCT_423536,母婴/玩具,质量,质量好,positive,质量好
TRAIN_44994,PRODUCT_211633,图书音像,价格,性价比高,positive,性价比高
TRAIN_45007,PRODUCT_479852,图书音像,内容,内容不错,positive,内容不错
TRAIN_45018,PRODUCT_289726,手机/数码,价格,价格贵,negative,价格贵
TRAIN_45019,PRODUCT_79149,图书音像,质量,质量好,positive,质量好
TRAIN_45024,PRODUCT_261969,图书音像,内容,内容不错,positive,内容不错
TRAIN_45038,PRODUCT_209471,家居生活,价格,性价比高,positive,性价比高
TRAIN_45038,PRODUCT_209471,家居生活,耐用,很耐用,positive,很耐用
TRAIN_45043,PRODUCT_463809,图书音像,推荐,不推荐,negative,不推荐
TRAIN_45043,PRODUCT_463809,图书音像,内容,内容一般,negative,内容一般
TRAIN_45045,PRODUCT_363711,图书音像,质量,质量差,negative,质量差
TRAIN_45047,PRODUCT_322610,图书音像,质量,质量好,positive,质量好
TRAIN_45048,PRODUCT_337317,手机/数码,质量,质量差,negative,质量差
TRAIN_45054,PRODUCT_265889,图书音像,内容,内容不错,positive,内容不错
TRAIN_45057,PRODUCT_282746,图书音像,正品,正品放心,positive,正品放心
TRAIN_45059,PRODUCT_339838,图书音像,正品,疑似假货,negative,疑似假货
TRAIN_45072,PRODUCT_452279,电脑/办公,正品,正品放心,positive,正品放心
TRAIN_45074,PRODUCT_474919,图书音像,内容,内容不错,positive,内容不错
TRAIN_45075,PRODUCT_416419,图书音像,质量,质量好,positive,质量好
TRAIN_45075,PRODUCT_416419,图书音像,物流,发货快,positive,发货快
TRAIN_45075,PRODUCT_416419,图书音像,正品,正品放心,positive,正品放心
TRAIN_45089,PRODUCT_341715,钟表/首饰/眼镜/礼品,正品,正品放心,positive,正品放心
TRAIN_45092,PRODUCT_12753,图书音像,价格,性价比高,positive,性价比高
TRAIN_45136,PRODUCT_154345,图书音像,质量,质量好,positive,质量好
TRAIN_45141,PRODUCT_24220,图书音像,质量,质量好,positive,质量好
TRAIN_45147,PRODUCT_291413,图书音像,正品,正品放心,positive,正品放心
TRAIN_45147,PRODUCT_291413,图书音像,内容,内容不错,positive,内容不错
TRAIN_45155,PRODUCT_167111,图书音像,价格,性价比高,positive,性价比高
TRAIN_45161,PRODUCT_56687,图书音像,物流,发货快,positive,发货快
TRAIN_45169,PRODUCT_363707,图书音像,推荐,会回购,positive,会回购
TRAIN_45179,PRODUCT_402621,图书音像,内容,内容不错,positive,内容不错
TRAIN_45182,PRODUCT_225630,图书音像,正品,正品放心,positive,正品放心
TRAIN_45185,PRODUCT_26824,家用电器,包装,包装差,negative,包装差
TRAIN_45189,PRODUCT_127948,图书音像,价格,性价比高,positive,性价比高
TRAIN_45195,PRODUCT_498623,图书音像,内容,内容不错,positive,内容不错
TRAIN_45199,PRODUCT_43006,家用电器,正品,正品放心,positive,正品放心
TRAIN_45206,PRODUCT_363450,图书音像,质量,质量好,positive,质量好
TRAIN_45210,PRODUCT_41902,图书音像,包装,包装差,negative,包装差
TRAIN_45216,PRODUCT_295794,图书音像,物流,发货快,positive,发货快
TRAIN_45216,PRODUCT_295794,图书音像,价格,性价比高,positive,性价比高
TRAIN_45225,PRODUCT_480826,图书音像,正品,正品放心,positive,正品放心
TRAIN_45229,PRODUCT_322916,图书音像,包装,包装好,positive,包装好
TRAIN_45230,PRODUCT_48099,图书音像,正品,正品放心,positive,正品放心
TRAIN_45247,PRODUCT_94408,图书音像,物流,发货快,positive,发货快
TRAIN_45247,PRODUCT_94408,图书音像,正品,疑似假货,negative,疑似假货
TRAIN_45262,PRODUCT_159062,美妆个护,外观,外观一般,negative,外观一般
TRAIN_45264,PRODUCT_49167,图书音像,内容,内容一般,negative,内容一般
TRAIN_45269,PRODUCT_82704,图书音像,价格,性价比高,positive,性价比高
TRAIN_45269,PRODUCT_82704,图书音像,内容,内容一般,negative,内容一般
TRAIN_45273,PRODUCT_331366,图书音像,质量,质量好,positive,质量好
TRAIN_45294,PRODUCT_290952,图书音像,内容,内容不错,positive,内容不错
TRAIN_45301,PRODUCT_504129,电脑/办公,正品,正品放心,positive,正品放心
TRAIN_45317,PRODUCT_213399,家居生活,质量,质量好,positive,质量好
TRAIN_45320,PRODUCT_112938,图书音像,包装,包装好,positive,包装好
TRAIN_45328,PRODUCT_125245,图书音像,内容,内容不错,positive,内容不错
TRAIN_45330,PRODUCT_432634,图书音像,正品,疑似假货,negative,疑似假货
TRAIN_45333,PRODUCT_317940,图书音像,内容,内容不错,positive,内容不错
TRAIN_45338,PRODUCT_407004,图书音像,质量,质量好,positive,质量好
TRAIN_45339,PRODUCT_148581,美妆个护,正品,正品放心,positive,正品放心
TRAIN_45343,PRODUCT_451339,美妆个护,味道,味道不错,positive,味道不错
TRAIN_45345,PRODUCT_476244,手机/数码,质量,质量差,negative,质量差
TRAIN_45346,PRODUCT_356727,图书音像,质量,质量好,positive,质量好
TRAIN_45351,PRODUCT_168160,图书音像,内容,内容不错,positive,内容不错
TRAIN_45356,PRODUCT_363987,图书音像,外观,外观一般,negative,外观一般
TRAIN_45358,PRODUCT_381341,美妆个护,价格,价格贵,negative,价格贵
TRAIN_45358,PRODUCT_381341,美妆个护,味道,味道不错,positive,味道不错
TRAIN_45365,PRODUCT_57406,图书音像,包装,包装差,negative,包装差
TRAIN_45366,PRODUCT_164551,图书音像,质量,质量好,positive,质量好
TRAIN_45375,PRODUCT_30353,图书音像,质量,质量好,positive,质量好
TRAIN_45382,PRODUCT_222527,美妆个护,味道,味道不错,positive,味道不错
TRAIN_45389,PRODUCT_155340,电脑/办公,质量,质量好,positive,质量好
TRAIN_45404,PRODUCT_88358,电脑/办公,质量,质量好,positive,质量好
TRAIN_45406,PRODUCT_213550,图书音像,质量,质量好,positive,质量好
TRAIN_45409,PRODUCT_383209,美妆个护,包装,包装差,negative,包装差
TRAIN_45409,PRODUCT_383209,美妆个护,正品,疑似假货,negative,疑似假货
TRAIN_45418,PRODUCT_219030,图书音像,正品,正品放心,positive,正品放心
TRAIN_45423,PRODUCT_12710,图书音像,内容,内容不错,positive,内容不错
TRAIN_45427,PRODUCT_86142,图书音像,物流,发货快,positive,发货快
TRAIN_45429,PRODUCT_376091,图书音像,正品,正品放心,positive,正品放心
TRAIN_45430,PRODUCT_100007,图书音像,价格,性价比高,positive,性价比高
TRAIN_45431,PRODUCT_14542,图书音像,质量,质量好,positive,质量好
TRAIN_45431,PRODUCT_14542,图书音像,物流,发货快,positive,发货快
TRAIN_45431,PRODUCT_14542,图书音像,正品,正品放心,positive,正品放心
TRAIN_45436,PRODUCT_3953,家居生活,价格,性价比高,positive,性价比高
TRAIN_45444,PRODUCT_149226,母婴/玩具,质量,质量好,positive,质量好
TRAIN_45445,PRODUCT_309964,图书音像,正品,疑似假货,negative,疑似假货
TRAIN_45463,PRODUCT_481927,图书音像,物流,发货快,positive,发货快
TRAIN_45466,PRODUCT_493646,服饰服装,质量,质量好,positive,质量好
TRAIN_45466,PRODUCT_493646,服饰服装,物流,发货快,positive,发货快
TRAIN_45468,PRODUCT_429054,运动户外,耐用,容易坏,negative,容易坏
TRAIN_45476,PRODUCT_471643,图书音像,价格,性价比高,positive,性价比高
TRAIN_45483,PRODUCT_385702,电脑/办公,质量,质量差,negative,质量差
TRAIN_45493,PRODUCT_439463,图书音像,正品,正品放心,positive,正品放心
TRAIN_45494,PRODUCT_439176,图书音像,质量,质量好,positive,质量好
TRAIN_45506,PRODUCT_316867,图书音像,内容,内容不错,positive,内容不错
TRAIN_45513,PRODUCT_180593,图书音像,正品,正品放心,positive,正品放心
TRAIN_45515,PRODUCT_33204,图书音像,正品,疑似假货,negative,疑似假货
TRAIN_45521,PRODUCT_456068,图书音像,推荐,会回购,positive,会回购
TRAIN_45523,PRODUCT_180740,图书音像,质量,质量好,positive,质量好
TRAIN_45531,PRODUCT_299943,图书音像,价格,价格贵,negative,价格贵
TRAIN_45533,PRODUCT_439821,图书音像,正品,正品放心,positive,正品放心
TRAIN_45535,PRODUCT_138649,图书音像,物流,发货快,positive,发货快
TRAIN_45537,PRODUCT_42585,图书音像,质量,质量好,positive,质量好
TRAIN_45538,PRODUCT_49329,手机/数码,价格,性价比高,positive,性价比高
TRAIN_45539,PRODUCT_286564,图书音像,正品,正品放心,positive,正品放心
TRAIN_45548,PRODUCT_386259,图书音像,质量,质量好,positive,质量好
TRAIN_45555,PRODUCT_470191,电脑/办公,价格,性价比高,positive,性价比高
TRAIN_45557,PRODUCT_237872,图书音像,质量,质量好,positive,质量好
TRAIN_45559,PRODUCT_48300,图书音像,内容,内容不错,positive,内容不错
TRAIN_45564,PRODUCT_7702,手机/数码,耐用,容易坏,negative,容易坏
TRAIN_45567,PRODUCT_60297,图书音像,内容,内容不错,positive,内容不错
TRAIN_45569,PRODUCT_436475,手机/数码,正品,正品放心,positive,正品放心
TRAIN_45572,PRODUCT_72952,图书音像,耐用,容易坏,negative,容易坏
TRAIN_45573,PRODUCT_236037,图书音像,正品,正品放心,positive,正品放心
TRAIN_45579,PRODUCT_490031,家用电器,正品,正品放心,positive,正品放心
TRAIN_45582,PRODUCT_152269,美妆个护,味道,味道不错,positive,味道不错
TRAIN_45584,PRODUCT_201032,图书音像,物流,发货快,positive,发货快
TRAIN_45585,PRODUCT_420539,手机/数码,耐用,容易坏,negative,容易坏
TRAIN_45588,PRODUCT_202818,电脑/办公,质量,质量好,positive,质量好
TRAIN_45589,PRODUCT_131318,电脑/办公,包装,包装好,positive,包装好
TRAIN_45590,PRODUCT_517267,图书音像,质量,质量好,positive,质量好
TRAIN_45599,PRODUCT_50144,图书音像,价格,性价比高,positive,性价比高
TRAIN_45603,PRODUCT_429054,运动户外,质量,质量好,positive,质量好
TRAIN_45609,PRODUCT_24933,电脑/办公,物流,发货快,positive,发货快
TRAIN_45610,PRODUCT_325836,电脑/办公,价格,性价比高,positive,性价比高
TRAIN_45629,PRODUCT_444103,图书音像,价格,性价比高,positive,性价比高
TRAIN_45629,PRODUCT_444103,图书音像,正品,正品放心,positive,正品放心
TRAIN_45635,PRODUCT_181346,图书音像,包装,包装差,negative,包装差
TRAIN_45653,PRODUCT_56513,图书音像,质量,质量差,negative,质量差
TRAIN_45659,PRODUCT_101337,图书音像,质量,质量好,positive,质量好
TRAIN_45670,PRODUCT_341044,图书音像,正品,正品放心,positive,正品放心
TRAIN_45671,PRODUCT_308458,图书音像,质量,质量好,positive,质量好
TRAIN_45671,PRODUCT_308458,图书音像,物流,发货快,positive,发货快
TRAIN_45672,PRODUCT_393063,电脑/办公,质量,质量好,positive,质量好
TRAIN_45679,PRODUCT_75547,鞋类箱包,正品,正品放心,positive,正品放心
TRAIN_45682,PRODUCT_243804,手机/数码,物流,发货快,positive,发货快
TRAIN_45682,PRODUCT_243804,手机/数码,价格,性价比高,positive,性价比高
TRAIN_45686,PRODUCT_514033,手机/数码,质量,质量好,positive,质量好
TRAIN_45691,PRODUCT_30592,图书音像,质量,质量好,positive,质量好
TRAIN_45695,PRODUCT_397828,图书音像,内容,内容不错,positive,内容不错
TRAIN_45698,PRODUCT_337229,图书音像,包装,包装好,positive,包装好
TRAIN_45701,PRODUCT_25740,图书音像,质量,质量好,positive,质量好
TRAIN_45707,PRODUCT_388919,图书音像,质量,质量好,positive,质量好
TRAIN_45709,PRODUCT_429682,图书音像,质量,质量好,positive,质量好
TRAIN_45710,PRODUCT_144023,图书音像,内容,内容不错,positive,内容不错
TRAIN_45718,PRODUCT_399623,美妆个护,正品,正品放心,positive,正品放心
TRAIN_45727,PRODUCT_149613,美妆个护,正品,疑似假货,negative,疑似假货
TRAIN_45727,PRODUCT_149613,美妆个护,味道,味道不错,positive,味道不错
TRAIN_45728,PRODUCT_376323,图书音像,质量,质量差,negative,质量差
TRAIN_45728,PRODUCT_376323,图书音像,内容,内容一般,negative,内容一般
TRAIN_45731,PRODUCT_417315,家用电器,耐用,很耐用,positive,很耐用
TRAIN_45735,PRODUCT_282655,图书音像,正品,正品放心,positive,正品放心
TRAIN_45736,PRODUCT_321751,图书音像,正品,正品放心,positive,正品放心
TRAIN_45738,PRODUCT_310772,图书音像,质量,质量好,positive,质量好
TRAIN_45740,PRODUCT_73676,图书音像,包装,包装差,negative,包装差
TRAIN_45744,PRODUCT_444434,图书音像,价格,性价比高,positive,性价比高
TRAIN_45754,PRODUCT_14703,图书音像,质量,质量好,positive,质量好
TRAIN_45762,PRODUCT_152740,图书音像,正品,疑似假货,negative,疑似假货
TRAIN_45766,PRODUCT_366877,家用电器,物流,发货快,positive,发货快
TRAIN_45773,PRODUCT_364943,电脑/办公,质量,质量好,positive,质量好
TRAIN_45776,PRODUCT_299190,图书音像,包装,包装差,negative,包装差
TRAIN_45777,PRODUCT_387929,图书音像,质量,质量好,positive,质量好
TRAIN_45777,PRODUCT_387929,图书音像,正品,正品放心,positive,正品放心
TRAIN_45777,PRODUCT_387929,图书音像,推荐,不推荐,negative,不推荐
TRAIN_45780,PRODUCT_335482,其他,正品,正品放心,positive,正品放心
TRAIN_45781,PRODUCT_493108,电脑/办公,质量,质量好,positive,质量好
TRAIN_45783,PRODUCT_27433,图书音像,包装,包装好,positive,包装好
TRAIN_45818,PRODUCT_369881,图书音像,质量,质量好,positive,质量好
TRAIN_45821,PRODUCT_342953,美妆个护,正品,正品放心,positive,正品放心
TRAIN_45821,PRODUCT_342953,美妆个护,味道,味道不错,positive,味道不错
TRAIN_45824,PRODUCT_366510,图书音像,质量,质量好,positive,质量好
TRAIN_45827,PRODUCT_406871,食品/保健,味道,味道不错,positive,味道不错
TRAIN_45828,PRODUCT_313423,图书音像,质量,质量好,positive,质量好
TRAIN_45828,PRODUCT_313423,图书音像,正品,正品放心,positive,正品放心
TRAIN_45838,PRODUCT_401928,手机/数码,物流,发货快,positive,发货快
TRAIN_45838,PRODUCT_401928,手机/数码,包装,包装好,positive,包装好
TRAIN_45838,PRODUCT_401928,手机/数码,正品,正品放心,positive,正品放心
TRAIN_45841,PRODUCT_50246,图书音像,质量,质量好,positive,质量好
TRAIN_45842,PRODUCT_1601,家用电器,正品,正品放心,positive,正品放心
TRAIN_45847,PRODUCT_241806,手机/数码,质量,质量好,positive,质量好
TRAIN_45856,PRODUCT_437767,手机/数码,推荐,不推荐,negative,不推荐
TRAIN_45862,PRODUCT_195017,图书音像,价格,性价比高,positive,性价比高
TRAIN_45864,PRODUCT_288251,图书音像,质量,质量好,positive,质量好
TRAIN_45865,PRODUCT_7326,图书音像,物流,发货快,positive,发货快
TRAIN_45866,PRODUCT_426756,母婴/玩具,物流,发货快,positive,发货快
TRAIN_45871,PRODUCT_504295,图书音像,物流,发货快,positive,发货快
TRAIN_45871,PRODUCT_504295,图书音像,正品,正品放心,positive,正品放心
TRAIN_45872,PRODUCT_486951,钟表/首饰/眼镜/礼品,质量,质量好,positive,质量好
TRAIN_45888,PRODUCT_508371,图书音像,内容,内容不错,positive,内容不错
TRAIN_45897,PRODUCT_277676,图书音像,质量,质量好,positive,质量好
TRAIN_45918,PRODUCT_154821,手机/数码,物流,发货快,positive,发货快
TRAIN_45920,PRODUCT_458667,美妆个护,价格,性价比高,positive,性价比高
TRAIN_45926,PRODUCT_421281,美妆个护,味道,味道不错,positive,味道不错
TRAIN_45929,PRODUCT_243441,电脑/办公,正品,正品放心,positive,正品放心
TRAIN_45929,PRODUCT_243441,电脑/办公,正品,疑似假货,negative,疑似假货
TRAIN_45935,PRODUCT_380747,图书音像,质量,质量好,positive,质量好
TRAIN_45961,PRODUCT_67553,家用电器,正品,正品放心,positive,正品放心
TRAIN_45964,PRODUCT_200825,图书音像,内容,内容不错,positive,内容不错
TRAIN_45968,PRODUCT_76949,图书音像,价格,性价比高,positive,性价比高
TRAIN_45969,PRODUCT_177794,图书音像,价格,价格贵,negative,价格贵
TRAIN_45970,PRODUCT_102676,家用电器,耐用,容易坏,negative,容易坏
TRAIN_45972,PRODUCT_424278,手机/数码,价格,价格贵,negative,价格贵
TRAIN_45974,PRODUCT_523583,图书音像,正品,正品放心,positive,正品放心
TRAIN_45980,PRODUCT_260644,电脑/办公,价格,价格贵,negative,价格贵
TRAIN_45987,PRODUCT_100891,运动户外,正品,正品放心,positive,正品放心
TRAIN_45993,PRODUCT_51385,图书音像,质量,质量好,positive,质量好
TRAIN_45995,PRODUCT_423379,图书音像,质量,质量好,positive,质量好
TRAIN_45995,PRODUCT_423379,图书音像,正品,正品放心,positive,正品放心
TRAIN_46000,PRODUCT_197834,图书音像,质量,质量好,positive,质量好
TRAIN_46000,PRODUCT_197834,图书音像,包装,包装好,positive,包装好
TRAIN_46001,PRODUCT_289908,图书音像,外观,外观一般,negative,外观一般
TRAIN_46001,PRODUCT_289908,图书音像,内容,内容一般,negative,内容一般
TRAIN_46012,PRODUCT_458,图书音像,质量,质量好,positive,质量好
TRAIN_46017,PRODUCT_331610,电脑/办公,价格,性价比高,positive,性价比高
TRAIN_46033,PRODUCT_15284,图书音像,内容,内容不错,positive,内容不错
TRAIN_46038,PRODUCT_275023,图书音像,价格,性价比高,positive,性价比高
TRAIN_46039,PRODUCT_192212,手机/数码,外观,外观好看,positive,外观好看
TRAIN_46043,PRODUCT_368115,图书音像,推荐,会回购,positive,会回购
TRAIN_46043,PRODUCT_368115,图书音像,推荐,不推荐,negative,不推荐
TRAIN_46046,PRODUCT_374800,图书音像,质量,质量好,positive,质量好
TRAIN_46046,PRODUCT_374800,图书音像,内容,内容不错,positive,内容不错
TRAIN_46047,PRODUCT_242594,手机/数码,正品,正品放心,positive,正品放心
TRAIN_46058,PRODUCT_247689,母婴/玩具,物流,发货快,positive,发货快
TRAIN_46058,PRODUCT_247689,母婴/玩具,包装,包装好,positive,包装好
TRAIN_46067,PRODUCT_140336,电脑/办公,价格,价格贵,negative,价格贵
TRAIN_46067,PRODUCT_140336,电脑/办公,正品,正品放心,positive,正品放心
TRAIN_46067,PRODUCT_140336,电脑/办公,正品,疑似假货,negative,疑似假货
TRAIN_46075,PRODUCT_166345,图书音像,质量,质量好,positive,质量好
TRAIN_46084,PRODUCT_395569,图书音像,包装,包装好,positive,包装好
TRAIN_46084,PRODUCT_395569,图书音像,包装,包装差,negative,包装差
TRAIN_46088,PRODUCT_509624,图书音像,内容,内容不错,positive,内容不错
TRAIN_46092,PRODUCT_131602,图书音像,价格,性价比高,positive,性价比高
TRAIN_46094,PRODUCT_511337,图书音像,正品,正品放心,positive,正品放心
TRAIN_46096,PRODUCT_270495,美妆个护,正品,正品放心,positive,正品放心
TRAIN_46105,PRODUCT_157178,图书音像,正品,正品放心,positive,正品放心
TRAIN_46113,PRODUCT_487447,图书音像,价格,性价比高,positive,性价比高
TRAIN_46119,PRODUCT_236674,图书音像,内容,内容不错,positive,内容不错
TRAIN_46121,PRODUCT_248668,图书音像,物流,发货快,positive,发货快
TRAIN_46129,PRODUCT_350404,手机/数码,价格,性价比高,positive,性价比高
TRAIN_46146,PRODUCT_312217,图书音像,包装,包装差,negative,包装差
TRAIN_46155,PRODUCT_109696,电脑/办公,物流,发货快,positive,发货快
TRAIN_46156,PRODUCT_293775,美妆个护,正品,正品放心,positive,正品放心
TRAIN_46156,PRODUCT_293775,美妆个护,正品,疑似假货,negative,疑似假货
TRAIN_46156,PRODUCT_293775,美妆个护,味道,味道不错,positive,味道不错
TRAIN_46159,PRODUCT_206146,图书音像,质量,质量好,positive,质量好
TRAIN_46161,PRODUCT_277722,图书音像,价格,性价比高,positive,性价比高
TRAIN_46164,PRODUCT_258225,图书音像,质量,质量好,positive,质量好
TRAIN_46168,PRODUCT_235187,图书音像,正品,疑似假货,negative,疑似假货
TRAIN_46168,PRODUCT_235187,图书音像,内容,内容一般,negative,内容一般
TRAIN_46176,PRODUCT_335067,图书音像,物流,发货快,positive,发货快
TRAIN_46176,PRODUCT_335067,图书音像,包装,包装好,positive,包装好
TRAIN_46180,PRODUCT_291037,图书音像,包装,包装好,positive,包装好
TRAIN_46181,PRODUCT_345096,图书音像,质量,质量差,negative,质量差
TRAIN_46195,PRODUCT_493108,电脑/办公,质量,质量好,positive,质量好
TRAIN_46195,PRODUCT_493108,电脑/办公,耐用,很耐用,positive,很耐用
TRAIN_46208,PRODUCT_295079,其他,正品,疑似假货,negative,疑似假货
TRAIN_46213,PRODUCT_361061,图书音像,外观,外观一般,negative,外观一般
TRAIN_46225,PRODUCT_7326,图书音像,质量,质量好,positive,质量好
TRAIN_46228,PRODUCT_375037,图书音像,内容,内容不错,positive,内容不错
TRAIN_46246,PRODUCT_79163,图书音像,包装,包装好,positive,包装好
TRAIN_46246,PRODUCT_79163,图书音像,正品,正品放心,positive,正品放心
TRAIN_46255,PRODUCT_258031,图书音像,质量,质量好,positive,质量好
TRAIN_46264,PRODUCT_377888,图书音像,质量,质量好,positive,质量好
TRAIN_46266,PRODUCT_231918,图书音像,质量,质量好,positive,质量好
TRAIN_46267,PRODUCT_345124,家居生活,价格,性价比高,positive,性价比高
TRAIN_46278,PRODUCT_436303,母婴/玩具,正品,正品放心,positive,正品放心
TRAIN_46285,PRODUCT_154407,家用电器,推荐,会回购,positive,会回购
TRAIN_46288,PRODUCT_452845,家用电器,质量,质量好,positive,质量好
TRAIN_46291,PRODUCT_180225,图书音像,物流,发货快,positive,发货快
TRAIN_46295,PRODUCT_183364,图书音像,推荐,会回购,positive,会回购
TRAIN_46296,PRODUCT_319779,电脑/办公,质量,质量好,positive,质量好
TRAIN_46297,PRODUCT_85345,图书音像,正品,疑似假货,negative,疑似假货
TRAIN_46306,PRODUCT_336939,家用电器,价格,性价比高,positive,性价比高
TRAIN_46306,PRODUCT_336939,家用电器,正品,正品放心,positive,正品放心
TRAIN_46308,PRODUCT_218407,图书音像,质量,质量好,positive,质量好
TRAIN_46309,PRODUCT_200629,图书音像,质量,质量好,positive,质量好
TRAIN_46311,PRODUCT_92480,手机/数码,耐用,容易坏,negative,容易坏
TRAIN_46314,PRODUCT_295000,电脑/办公,正品,正品放心,positive,正品放心
TRAIN_46315,PRODUCT_64224,图书音像,物流,发货快,positive,发货快
TRAIN_46316,PRODUCT_401160,图书音像,外观,外观一般,negative,外观一般
TRAIN_46350,PRODUCT_253625,美妆个护,正品,正品放心,positive,正品放心
TRAIN_46357,PRODUCT_299472,手机/数码,质量,质量好,positive,质量好
TRAIN_46368,PRODUCT_298562,图书音像,质量,质量好,positive,质量好
TRAIN_46370,PRODUCT_514226,图书音像,正品,正品放心,positive,正品放心
TRAIN_46370,PRODUCT_514226,图书音像,正品,疑似假货,negative,疑似假货
TRAIN_46371,PRODUCT_176067,美妆个护,耐用,很耐用,positive,很耐用
TRAIN_46372,PRODUCT_75187,图书音像,质量,质量差,negative,质量差
TRAIN_46372,PRODUCT_75187,图书音像,推荐,不推荐,negative,不推荐
TRAIN_46375,PRODUCT_520505,图书音像,内容,内容不错,positive,内容不错
TRAIN_46382,PRODUCT_276616,图书音像,价格,性价比高,positive,性价比高
TRAIN_46384,PRODUCT_192803,图书音像,质量,质量好,positive,质量好
TRAIN_46394,PRODUCT_144098,电脑/办公,正品,正品放心,positive,正品放心
TRAIN_46395,PRODUCT_188892,美妆个护,包装,包装差,negative,包装差
TRAIN_46395,PRODUCT_188892,美妆个护,正品,正品放心,positive,正品放心
TRAIN_46405,PRODUCT_100844,图书音像,推荐,会回购,positive,会回购
TRAIN_46415,PRODUCT_82820,图书音像,质量,质量好,positive,质量好
TRAIN_46417,PRODUCT_468711,美妆个护,正品,正品放心,positive,正品放心
TRAIN_46420,PRODUCT_1776,图书音像,内容,内容不错,positive,内容不错
TRAIN_46422,PRODUCT_121277,图书音像,质量,质量好,positive,质量好
TRAIN_46423,PRODUCT_275286,图书音像,正品,正品放心,positive,正品放心
TRAIN_46431,PRODUCT_124537,图书音像,正品,正品放心,positive,正品放心
TRAIN_46443,PRODUCT_71073,图书音像,内容,内容一般,negative,内容一般
TRAIN_46455,PRODUCT_328587,图书音像,正品,疑似假货,negative,疑似假货
TRAIN_46455,PRODUCT_328587,图书音像,内容,内容不错,positive,内容不错
TRAIN_46457,PRODUCT_62341,图书音像,质量,质量差,negative,质量差
TRAIN_46457,PRODUCT_62341,图书音像,推荐,不推荐,negative,不推荐
TRAIN_46458,PRODUCT_454483,图书音像,正品,正品放心,positive,正品放心
TRAIN_46464,PRODUCT_226554,家居生活,正品,正品放心,positive,正品放心
TRAIN_46465,PRODUCT_119734,图书音像,正品,正品放心,positive,正品放心
TRAIN_46470,PRODUCT_501163,图书音像,质量,质量差,negative,质量差
TRAIN_46470,PRODUCT_501163,图书音像,正品,疑似假货,negative,疑似假货
TRAIN_46472,PRODUCT_430537,图书音像,物流,发货快,positive,发货快
TRAIN_46476,PRODUCT_346347,电脑/办公,正品,正品放心,positive,正品放心
TRAIN_46477,PRODUCT_395569,图书音像,正品,疑似假货,negative,疑似假货
TRAIN_46482,PRODUCT_173328,电脑/办公,价格,性价比高,positive,性价比高
TRAIN_46489,PRODUCT_521002,图书音像,质量,质量好,positive,质量好
TRAIN_46490,PRODUCT_289601,食品/保健,味道,味道不错,positive,味道不错
TRAIN_46493,PRODUCT_470523,图书音像,质量,质量好,positive,质量好
TRAIN_46493,PRODUCT_470523,图书音像,包装,包装好,positive,包装好
TRAIN_46500,PRODUCT_36992,电脑/办公,质量,质量好,positive,质量好
TRAIN_46503,PRODUCT_274091,其他,价格,性价比高,positive,性价比高
TRAIN_46505,PRODUCT_475806,图书音像,内容,内容不错,positive,内容不错
TRAIN_46511,PRODUCT_510754,图书音像,质量,质量好,positive,质量好
TRAIN_46511,PRODUCT_510754,图书音像,物流,发货快,positive,发货快
TRAIN_46515,PRODUCT_426236,图书音像,质量,质量好,positive,质量好
TRAIN_46519,PRODUCT_12787,图书音像,正品,正品放心,positive,正品放心
TRAIN_46525,PRODUCT_408569,手机/数码,价格,性价比高,positive,性价比高
TRAIN_46525,PRODUCT_408569,手机/数码,屏幕,屏幕清晰,positive,屏幕清晰
TRAIN_46529,PRODUCT_343715,手机/数码,价格,性价比高,positive,性价比高
TRAIN_46531,PRODUCT_19855,图书音像,正品,正品放心,positive,正品放心
TRAIN_46550,PRODUCT_39010,图书音像,质量,质量好,positive,质量好
TRAIN_46557,PRODUCT_32276,美妆个护,味道,味道不错,positive,味道不错
TRAIN_46567,PRODUCT_164332,图书音像,价格,性价比高,positive,性价比高
TRAIN_46572,PRODUCT_292653,图书音像,内容,内容不错,positive,内容不错
TRAIN_46578,PRODUCT_200591,图书音像,外观,外观一般,negative,外观一般
TRAIN_46582,PRODUCT_455164,图书音像,包装,包装差,negative,包装差
TRAIN_46583,PRODUCT_319740,图书音像,正品,正品放心,positive,正品放心
TRAIN_46589,PRODUCT_147765,图书音像,包装,包装好,positive,包装好
TRAIN_46597,PRODUCT_96035,图书音像,正品,正品放心,positive,正品放心
TRAIN_46604,PRODUCT_248199,图书音像,外观,外观好看,positive,外观好看
TRAIN_46610,PRODUCT_49852,母婴/玩具,价格,性价比高,positive,性价比高
TRAIN_46612,PRODUCT_348005,图书音像,质量,质量好,positive,质量好
TRAIN_46617,PRODUCT_334687,图书音像,正品,正品放心,positive,正品放心
TRAIN_46622,PRODUCT_151508,图书音像,包装,包装好,positive,包装好
TRAIN_46630,PRODUCT_203104,电脑/办公,价格,性价比高,positive,性价比高
TRAIN_46636,PRODUCT_122980,图书音像,质量,质量好,positive,质量好
TRAIN_46639,PRODUCT_353721,图书音像,质量,质量好,positive,质量好
TRAIN_46639,PRODUCT_353721,图书音像,价格,性价比高,positive,性价比高
TRAIN_46645,PRODUCT_478840,图书音像,内容,内容不错,positive,内容不错
TRAIN_46646,PRODUCT_304647,美妆个护,推荐,不推荐,negative,不推荐
TRAIN_46656,PRODUCT_21826,其他,正品,正品放心,positive,正品放心
TRAIN_46670,PRODUCT_365426,图书音像,物流,发货快,positive,发货快
TRAIN_46675,PRODUCT_405316,家具/家装/建材,质量,质量好,positive,质量好
TRAIN_46676,PRODUCT_112613,家用电器,包装,包装好,positive,包装好
TRAIN_46691,PRODUCT_141708,美妆个护,质量,质量好,positive,质量好
TRAIN_46704,PRODUCT_206880,图书音像,质量,质量差,negative,质量差
TRAIN_46705,PRODUCT_435406,图书音像,物流,物流慢,negative,物流慢
TRAIN_46712,PRODUCT_1301,家居生活,正品,正品放心,positive,正品放心
TRAIN_46713,PRODUCT_15292,图书音像,包装,包装差,negative,包装差
TRAIN_46721,PRODUCT_250553,图书音像,正品,正品放心,positive,正品放心
TRAIN_46723,PRODUCT_238737,图书音像,推荐,会回购,positive,会回购
TRAIN_46723,PRODUCT_238737,图书音像,内容,内容不错,positive,内容不错
TRAIN_46726,PRODUCT_475570,图书音像,质量,质量好,positive,质量好
TRAIN_46732,PRODUCT_235202,图书音像,质量,质量好,positive,质量好
TRAIN_46734,PRODUCT_477765,图书音像,正品,正品放心,positive,正品放心
TRAIN_46735,PRODUCT_89580,家用电器,质量,质量好,positive,质量好
TRAIN_46739,PRODUCT_220544,图书音像,内容,内容不错,positive,内容不错
TRAIN_46768,PRODUCT_492352,图书音像,正品,正品放心,positive,正品放心
TRAIN_46778,PRODUCT_130711,图书音像,质量,质量好,positive,质量好
TRAIN_46779,PRODUCT_289924,手机/数码,价格,性价比高,positive,性价比高
TRAIN_46795,PRODUCT_360800,手机/数码,推荐,会回购,positive,会回购
TRAIN_46799,PRODUCT_305831,手机/数码,推荐,会回购,positive,会回购
TRAIN_46801,PRODUCT_510374,图书音像,内容,内容不错,positive,内容不错
TRAIN_46803,PRODUCT_510018,食品/保健,味道,味道不错,positive,味道不错
TRAIN_46804,PRODUCT_236142,图书音像,物流,发货快,positive,发货快
TRAIN_46811,PRODUCT_158760,家居生活,正品,疑似假货,negative,疑似假货
TRAIN_46820,PRODUCT_435267,图书音像,质量,质量好,positive,质量好
TRAIN_46821,PRODUCT_44229,食品/保健,味道,味道不错,positive,味道不错
TRAIN_46823,PRODUCT_422530,图书音像,包装,包装好,positive,包装好
TRAIN_46825,PRODUCT_211367,图书音像,质量,质量好,positive,质量好
TRAIN_46826,PRODUCT_179333,图书音像,质量,质量好,positive,质量好
TRAIN_46826,PRODUCT_179333,图书音像,物流,发货快,positive,发货快
TRAIN_46835,PRODUCT_279241,手机/数码,正品,正品放心,positive,正品放心
TRAIN_46854,PRODUCT_458709,图书音像,质量,质量好,positive,质量好
TRAIN_46862,PRODUCT_520980,图书音像,质量,质量好,positive,质量好
TRAIN_46863,PRODUCT_272740,图书音像,推荐,会回购,positive,会回购
TRAIN_46868,PRODUCT_523385,图书音像,质量,质量好,positive,质量好
TRAIN_46870,PRODUCT_209724,手机/数码,质量,质量好,positive,质量好
TRAIN_46881,PRODUCT_84518,图书音像,正品,正品放心,positive,正品放心
TRAIN_46886,PRODUCT_79018,图书音像,价格,性价比高,positive,性价比高
TRAIN_46890,PRODUCT_188071,家具/家装/建材,耐用,很耐用,positive,很耐用
TRAIN_46910,PRODUCT_353497,图书音像,推荐,会回购,positive,会回购
TRAIN_46921,PRODUCT_263508,图书音像,质量,质量好,positive,质量好
TRAIN_46923,PRODUCT_78134,美妆个护,味道,味道不错,positive,味道不错
TRAIN_46924,PRODUCT_389077,图书音像,物流,发货快,positive,发货快
TRAIN_46926,PRODUCT_453206,美妆个护,正品,正品放心,positive,正品放心
TRAIN_46931,PRODUCT_406979,图书音像,价格,性价比高,positive,性价比高
TRAIN_46935,PRODUCT_66263,手机/数码,正品,正品放心,positive,正品放心
TRAIN_46937,PRODUCT_453801,电脑/办公,物流,发货快,positive,发货快
TRAIN_46937,PRODUCT_453801,电脑/办公,包装,包装好,positive,包装好
TRAIN_46938,PRODUCT_13585,图书音像,质量,质量好,positive,质量好
TRAIN_46940,PRODUCT_425990,手机/数码,正品,正品放心,positive,正品放心
TRAIN_46950,PRODUCT_178168,图书音像,内容,内容不错,positive,内容不错
TRAIN_46953,PRODUCT_383707,图书音像,质量,质量好,positive,质量好
TRAIN_46953,PRODUCT_383707,图书音像,价格,性价比高,positive,性价比高
TRAIN_46954,PRODUCT_20580,手机/数码,物流,发货快,positive,发货快
TRAIN_46954,PRODUCT_20580,手机/数码,正品,正品放心,positive,正品放心
TRAIN_46956,PRODUCT_66561,图书音像,质量,质量好,positive,质量好
TRAIN_46956,PRODUCT_66561,图书音像,正品,正品放心,positive,正品放心
TRAIN_46962,PRODUCT_433962,食品/保健,味道,味道不错,positive,味道不错
TRAIN_46968,PRODUCT_511961,其他,正品,正品放心,positive,正品放心
TRAIN_46976,PRODUCT_408051,图书音像,价格,价格贵,negative,价格贵
TRAIN_46976,PRODUCT_408051,图书音像,正品,正品放心,positive,正品放心
TRAIN_46979,PRODUCT_509337,图书音像,推荐,会回购,positive,会回购
TRAIN_46994,PRODUCT_232108,手机/数码,质量,质量好,positive,质量好
TRAIN_46994,PRODUCT_232108,手机/数码,物流,发货快,positive,发货快
TRAIN_46996,PRODUCT_339516,图书音像,质量,质量好,positive,质量好
TRAIN_46997,PRODUCT_218631,家用电器,物流,发货快,positive,发货快
TRAIN_46997,PRODUCT_218631,家用电器,价格,价格贵,negative,价格贵
TRAIN_46998,PRODUCT_246699,图书音像,内容,内容不错,positive,内容不错
TRAIN_46999,PRODUCT_387340,电脑/办公,正品,正品放心,positive,正品放心
TRAIN_46999,PRODUCT_387340,电脑/办公,正品,疑似假货,negative,疑似假货
TRAIN_47002,PRODUCT_245373,图书音像,质量,质量差,negative,质量差
TRAIN_47010,PRODUCT_267244,食品/保健,味道,味道不错,positive,味道不错
TRAIN_47012,PRODUCT_283265,美妆个护,耐用,很耐用,positive,很耐用
TRAIN_47016,PRODUCT_154775,图书音像,质量,质量好,positive,质量好
TRAIN_47022,PRODUCT_423285,手机/数码,推荐,会回购,positive,会回购
TRAIN_47024,PRODUCT_54540,图书音像,包装,包装好,positive,包装好
TRAIN_47028,PRODUCT_28862,图书音像,外观,外观一般,negative,外观一般
TRAIN_47039,PRODUCT_497243,钟表/首饰/眼镜/礼品,价格,性价比高,positive,性价比高
TRAIN_47055,PRODUCT_12455,图书音像,内容,内容不错,positive,内容不错
TRAIN_47066,PRODUCT_151291,电脑/办公,物流,发货快,positive,发货快
TRAIN_47066,PRODUCT_151291,电脑/办公,包装,包装好,positive,包装好
TRAIN_47070,PRODUCT_72721,母婴/玩具,价格,性价比高,positive,性价比高
TRAIN_47075,PRODUCT_277978,美妆个护,包装,包装好,positive,包装好
TRAIN_47075,PRODUCT_277978,美妆个护,正品,正品放心,positive,正品放心
TRAIN_47079,PRODUCT_148242,图书音像,推荐,不推荐,negative,不推荐
TRAIN_47090,PRODUCT_266755,图书音像,价格,性价比高,positive,性价比高
TRAIN_47092,PRODUCT_105943,图书音像,价格,性价比高,positive,性价比高
TRAIN_47097,PRODUCT_69317,手机/数码,耐用,容易坏,negative,容易坏
TRAIN_47098,PRODUCT_478022,图书音像,耐用,容易坏,negative,容易坏
TRAIN_47105,PRODUCT_125393,食品/保健,味道,味道不错,positive,味道不错
TRAIN_47121,PRODUCT_294413,电脑/办公,正品,正品放心,positive,正品放心
TRAIN_47123,PRODUCT_172809,电脑/办公,推荐,不推荐,negative,不推荐
TRAIN_47128,PRODUCT_249764,食品/保健,正品,疑似假货,negative,疑似假货
TRAIN_47128,PRODUCT_249764,食品/保健,味道,味道不错,positive,味道不错
TRAIN_47130,PRODUCT_182035,图书音像,推荐,不推荐,negative,不推荐
TRAIN_47131,PRODUCT_275376,图书音像,内容,内容不错,positive,内容不错
TRAIN_47137,PRODUCT_490031,家用电器,质量,质量好,positive,质量好
TRAIN_47153,PRODUCT_472433,电脑/办公,物流,发货快,positive,发货快
TRAIN_47162,PRODUCT_250885,电脑/办公,屏幕,屏幕差,negative,屏幕差
TRAIN_47168,PRODUCT_431294,手机/数码,价格,性价比高,positive,性价比高
TRAIN_47173,PRODUCT_260518,电脑/办公,质量,质量好,positive,质量好
TRAIN_47182,PRODUCT_101348,图书音像,正品,正品放心,positive,正品放心
TRAIN_47185,PRODUCT_484057,图书音像,内容,内容不错,positive,内容不错
TRAIN_47188,PRODUCT_433313,图书音像,质量,质量好,positive,质量好
TRAIN_47197,PRODUCT_335278,图书音像,质量,质量好,positive,质量好
TRAIN_47200,PRODUCT_27861,手机/数码,质量,质量好,positive,质量好
TRAIN_47200,PRODUCT_27861,手机/数码,推荐,会回购,positive,会回购
TRAIN_47205,PRODUCT_336936,图书音像,包装,包装好,positive,包装好
TRAIN_47206,PRODUCT_30608,美妆个护,味道,味道不错,positive,味道不错
TRAIN_47207,PRODUCT_478840,图书音像,质量,质量好,positive,质量好
TRAIN_47216,PRODUCT_160597,图书音像,正品,正品放心,positive,正品放心
TRAIN_47238,PRODUCT_256069,图书音像,质量,质量好,positive,质量好
TRAIN_47241,PRODUCT_520650,图书音像,包装,包装好,positive,包装好
TRAIN_47246,PRODUCT_79699,图书音像,正品,疑似假货,negative,疑似假货
TRAIN_47246,PRODUCT_79699,图书音像,推荐,不推荐,negative,不推荐
TRAIN_47248,PRODUCT_228575,图书音像,质量,质量好,positive,质量好
TRAIN_47260,PRODUCT_177244,图书音像,质量,质量好,positive,质量好
TRAIN_47262,PRODUCT_324007,美妆个护,正品,正品放心,positive,正品放心
TRAIN_47288,PRODUCT_446492,图书音像,质量,质量好,positive,质量好
TRAIN_47294,PRODUCT_149142,电脑/办公,质量,质量差,negative,质量差
TRAIN_47295,PRODUCT_204547,手机/数码,耐用,容易坏,negative,容易坏
TRAIN_47298,PRODUCT_287745,食品/保健,味道,味道不错,positive,味道不错
TRAIN_47300,PRODUCT_504893,图书音像,正品,疑似假货,negative,疑似假货
TRAIN_47311,PRODUCT_265598,图书音像,包装,包装好,positive,包装好
TRAIN_47311,PRODUCT_265598,图书音像,包装,包装差,negative,包装差
TRAIN_47311,PRODUCT_265598,图书音像,正品,正品放心,positive,正品放心
TRAIN_47312,PRODUCT_60065,美妆个护,正品,正品放心,positive,正品放心
TRAIN_47319,PRODUCT_200073,家居生活,物流,发货快,positive,发货快
TRAIN_47322,PRODUCT_121126,图书音像,正品,正品放心,positive,正品放心
TRAIN_47334,PRODUCT_178184,图书音像,正品,疑似假货,negative,疑似假货
TRAIN_47344,PRODUCT_512035,图书音像,内容,内容不错,positive,内容不错
TRAIN_47346,PRODUCT_105943,图书音像,物流,发货快,positive,发货快
TRAIN_47347,PRODUCT_136876,家居生活,推荐,会回购,positive,会回购
TRAIN_47349,PRODUCT_417899,图书音像,正品,疑似假货,negative,疑似假货
TRAIN_47349,PRODUCT_417899,图书音像,推荐,不推荐,negative,不推荐
TRAIN_47354,PRODUCT_35550,图书音像,内容,内容不错,positive,内容不错
TRAIN_47358,PRODUCT_456534,图书音像,价格,性价比高,positive,性价比高
TRAIN_47360,PRODUCT_32431,其他,质量,质量好,positive,质量好
TRAIN_47363,PRODUCT_500909,图书音像,内容,内容不错,positive,内容不错
TRAIN_47395,PRODUCT_306409,电脑/办公,价格,价格贵,negative,价格贵
TRAIN_47397,PRODUCT_125998,图书音像,质量,质量差,negative,质量差
TRAIN_47412,PRODUCT_218353,电脑/办公,正品,正品放心,positive,正品放心
TRAIN_47423,PRODUCT_26135,家用电器,质量,质量好,positive,质量好
TRAIN_47423,PRODUCT_26135,家用电器,物流,发货快,positive,发货快
TRAIN_47423,PRODUCT_26135,家用电器,正品,正品放心,positive,正品放心
TRAIN_47425,PRODUCT_446201,电脑/办公,推荐,不推荐,negative,不推荐
TRAIN_47426,PRODUCT_453128,图书音像,物流,发货快,positive,发货快
TRAIN_47435,PRODUCT_389111,图书音像,正品,疑似假货,negative,疑似假货
TRAIN_47441,PRODUCT_406693,电脑/办公,质量,质量好,positive,质量好
TRAIN_47453,PRODUCT_32431,其他,价格,性价比高,positive,性价比高
TRAIN_47456,PRODUCT_378028,图书音像,内容,内容不错,positive,内容不错
TRAIN_47458,PRODUCT_243662,图书音像,推荐,会回购,positive,会回购
TRAIN_47470,PRODUCT_88449,图书音像,正品,正品放心,positive,正品放心
TRAIN_47474,PRODUCT_267028,图书音像,质量,质量好,positive,质量好
TRAIN_47479,PRODUCT_374581,电脑/办公,正品,正品放心,positive,正品放心
TRAIN_47487,PRODUCT_119225,手机/数码,物流,发货快,positive,发货快
TRAIN_47495,PRODUCT_494502,图书音像,正品,正品放心,positive,正品放心
TRAIN_47509,PRODUCT_521939,图书音像,正品,正品放心,positive,正品放心
TRAIN_47512,PRODUCT_438817,图书音像,正品,正品放心,positive,正品放心
TRAIN_47512,PRODUCT_438817,图书音像,正品,疑似假货,negative,疑似假货
TRAIN_47514,PRODUCT_182563,图书音像,耐用,容易坏,negative,容易坏
TRAIN_47516,PRODUCT_350725,电脑/办公,正品,正品放心,positive,正品放心
TRAIN_47525,PRODUCT_435749,手机/数码,物流,发货快,positive,发货快
TRAIN_47525,PRODUCT_435749,手机/数码,价格,价格贵,negative,价格贵
TRAIN_47536,PRODUCT_513761,图书音像,内容,内容一般,negative,内容一般
TRAIN_47552,PRODUCT_107642,图书音像,价格,性价比高,positive,性价比高
TRAIN_47555,PRODUCT_33611,图书音像,质量,质量好,positive,质量好
TRAIN_47566,PRODUCT_241313,美妆个护,味道,味道不错,positive,味道不错
TRAIN_47577,PRODUCT_453949,图书音像,包装,包装好,positive,包装好
TRAIN_47578,PRODUCT_13585,图书音像,质量,质量好,positive,质量好
TRAIN_47579,PRODUCT_178421,家具/家装/建材,价格,性价比高,positive,性价比高
TRAIN_47584,PRODUCT_37230,美妆个护,正品,正品放心,positive,正品放心
TRAIN_47584,PRODUCT_37230,美妆个护,正品,疑似假货,negative,疑似假货
TRAIN_47591,PRODUCT_479680,图书音像,质量,质量好,positive,质量好
TRAIN_47591,PRODUCT_479680,图书音像,物流,发货快,positive,发货快
TRAIN_47592,PRODUCT_60695,图书音像,正品,疑似假货,negative,疑似假货
TRAIN_47593,PRODUCT_518649,电脑/办公,耐用,容易坏,negative,容易坏
TRAIN_47593,PRODUCT_518649,电脑/办公,推荐,不推荐,negative,不推荐
TRAIN_47601,PRODUCT_125844,图书音像,正品,疑似假货,negative,疑似假货
TRAIN_47615,PRODUCT_305918,美妆个护,味道,味道不错,positive,味道不错
TRAIN_47620,PRODUCT_185383,美妆个护,正品,正品放心,positive,正品放心
TRAIN_47624,PRODUCT_224188,手机/数码,价格,性价比高,positive,性价比高
TRAIN_47632,PRODUCT_102452,图书音像,内容,内容不错,positive,内容不错
TRAIN_47651,PRODUCT_456266,图书音像,内容,内容不错,positive,内容不错
TRAIN_47654,PRODUCT_172768,图书音像,正品,正品放心,positive,正品放心
TRAIN_47655,PRODUCT_247035,图书音像,正品,正品放心,positive,正品放心
TRAIN_47664,PRODUCT_431777,电脑/办公,质量,质量差,negative,质量差
TRAIN_47665,PRODUCT_75186,服饰服装,尺码,尺码合适,positive,尺码合适
TRAIN_47668,PRODUCT_156270,电脑/办公,价格,性价比高,positive,性价比高
TRAIN_47675,PRODUCT_217392,图书音像,质量,质量差,negative,质量差
TRAIN_47680,PRODUCT_25799,图书音像,物流,发货快,positive,发货快
TRAIN_47698,PRODUCT_353973,图书音像,包装,包装好,positive,包装好
TRAIN_47703,PRODUCT_252016,图书音像,质量,质量差,negative,质量差
TRAIN_47704,PRODUCT_514039,家居生活,推荐,会回购,positive,会回购
TRAIN_47719,PRODUCT_369,美妆个护,正品,正品放心,positive,正品放心
TRAIN_47733,PRODUCT_523583,图书音像,物流,发货快,positive,发货快
TRAIN_47749,PRODUCT_192046,电脑/办公,外观,外观一般,negative,外观一般
TRAIN_47754,PRODUCT_345125,家居生活,物流,发货快,positive,发货快
TRAIN_47758,PRODUCT_474678,图书音像,内容,内容不错,positive,内容不错
TRAIN_47760,PRODUCT_394897,图书音像,正品,正品放心,positive,正品放心
TRAIN_47761,PRODUCT_325206,手机/数码,价格,性价比高,positive,性价比高
TRAIN_47763,PRODUCT_499473,图书音像,质量,质量好,positive,质量好
TRAIN_47774,PRODUCT_447246,图书音像,内容,内容不错,positive,内容不错
TRAIN_47776,PRODUCT_87925,美妆个护,正品,正品放心,positive,正品放心
TRAIN_47777,PRODUCT_156365,鞋类箱包,价格,性价比高,positive,性价比高
TRAIN_47781,PRODUCT_523745,图书音像,包装,包装好,positive,包装好
TRAIN_47782,PRODUCT_118528,美妆个护,正品,正品放心,positive,正品放心
TRAIN_47782,PRODUCT_118528,美妆个护,正品,疑似假货,negative,疑似假货
TRAIN_47786,PRODUCT_12166,图书音像,物流,发货快,positive,发货快
TRAIN_47788,PRODUCT_78508,图书音像,正品,正品放心,positive,正品放心
TRAIN_47789,PRODUCT_156270,电脑/办公,正品,正品放心,positive,正品放心
TRAIN_47789,PRODUCT_156270,电脑/办公,外观,外观一般,negative,外观一般
TRAIN_47791,PRODUCT_49397,图书音像,内容,内容不错,positive,内容不错
TRAIN_47793,PRODUCT_242357,美妆个护,价格,性价比高,positive,性价比高
TRAIN_47803,PRODUCT_369891,图书音像,质量,质量好,positive,质量好
TRAIN_47810,PRODUCT_104254,电脑/办公,正品,疑似假货,negative,疑似假货
TRAIN_47812,PRODUCT_319292,图书音像,正品,正品放心,positive,正品放心
TRAIN_47820,PRODUCT_67264,图书音像,内容,内容不错,positive,内容不错
TRAIN_47821,PRODUCT_511632,其他,质量,质量好,positive,质量好
TRAIN_47822,PRODUCT_231235,图书音像,正品,正品放心,positive,正品放心
TRAIN_47824,PRODUCT_382586,家居生活,质量,质量好,positive,质量好
TRAIN_47827,PRODUCT_232342,电脑/办公,耐用,很耐用,positive,很耐用
TRAIN_47831,PRODUCT_266118,电脑/办公,价格,价格贵,negative,价格贵
TRAIN_47842,PRODUCT_89910,家具/家装/建材,价格,性价比高,positive,性价比高
TRAIN_47843,PRODUCT_304448,钟表/首饰/眼镜/礼品,耐用,容易坏,negative,容易坏
TRAIN_47847,PRODUCT_102968,家用电器,包装,包装好,positive,包装好
TRAIN_47847,PRODUCT_102968,家用电器,耐用,容易坏,negative,容易坏
TRAIN_47859,PRODUCT_294413,电脑/办公,耐用,容易坏,negative,容易坏
TRAIN_47872,PRODUCT_150504,鞋类箱包,尺码,尺码不准,negative,尺码不准
TRAIN_47876,PRODUCT_273810,图书音像,质量,质量好,positive,质量好
TRAIN_47876,PRODUCT_273810,图书音像,正品,正品放心,positive,正品放心
TRAIN_47881,PRODUCT_293137,图书音像,正品,正品放心,positive,正品放心
TRAIN_47883,PRODUCT_3617,家用电器,质量,质量好,positive,质量好
TRAIN_47888,PRODUCT_360771,手机/数码,正品,正品放心,positive,正品放心
TRAIN_47889,PRODUCT_479220,图书音像,质量,质量好,positive,质量好
TRAIN_47896,PRODUCT_291146,图书音像,包装,包装差,negative,包装差
TRAIN_47896,PRODUCT_291146,图书音像,耐用,容易坏,negative,容易坏
TRAIN_47901,PRODUCT_505789,图书音像,正品,正品放心,positive,正品放心
TRAIN_47903,PRODUCT_61038,电脑/办公,质量,质量好,positive,质量好
TRAIN_47909,PRODUCT_463099,图书音像,正品,正品放心,positive,正品放心
TRAIN_47916,PRODUCT_292469,图书音像,质量,质量好,positive,质量好
TRAIN_47916,PRODUCT_292469,图书音像,正品,正品放心,positive,正品放心
TRAIN_47917,PRODUCT_261780,手机/数码,屏幕,屏幕清晰,positive,屏幕清晰
TRAIN_47923,PRODUCT_188173,图书音像,包装,包装差,negative,包装差
TRAIN_47945,PRODUCT_332781,电脑/办公,质量,质量差,negative,质量差
TRAIN_47948,PRODUCT_441793,图书音像,质量,质量好,positive,质量好
TRAIN_47948,PRODUCT_441793,图书音像,推荐,会回购,positive,会回购
TRAIN_47964,PRODUCT_106863,图书音像,正品,正品放心,positive,正品放心
TRAIN_47979,PRODUCT_18163,图书音像,价格,性价比高,positive,性价比高
TRAIN_47979,PRODUCT_18163,图书音像,正品,正品放心,positive,正品放心
TRAIN_47981,PRODUCT_31068,图书音像,价格,价格贵,negative,价格贵
TRAIN_47991,PRODUCT_146629,图书音像,价格,价格贵,negative,价格贵
TRAIN_47999,PRODUCT_317030,食品/保健,正品,疑似假货,negative,疑似假货
TRAIN_48001,PRODUCT_381988,家用电器,质量,质量好,positive,质量好
TRAIN_48001,PRODUCT_381988,家用电器,价格,性价比高,positive,性价比高
TRAIN_48003,PRODUCT_129618,图书音像,正品,正品放心,positive,正品放心
TRAIN_48006,PRODUCT_366774,图书音像,物流,发货快,positive,发货快
TRAIN_48016,PRODUCT_468397,美妆个护,味道,味道不错,positive,味道不错
TRAIN_48022,PRODUCT_342137,图书音像,物流,发货快,positive,发货快
TRAIN_48026,PRODUCT_258844,电脑/办公,耐用,很耐用,positive,很耐用
TRAIN_48038,PRODUCT_95738,图书音像,质量,质量好,positive,质量好
TRAIN_48051,PRODUCT_227995,手机/数码,正品,正品放心,positive,正品放心
TRAIN_48054,PRODUCT_392187,手机/数码,耐用,容易坏,negative,容易坏
TRAIN_48062,PRODUCT_95694,图书音像,正品,正品放心,positive,正品放心
TRAIN_48063,PRODUCT_207942,母婴/玩具,质量,质量好,positive,质量好
TRAIN_48066,PRODUCT_178100,图书音像,内容,内容不错,positive,内容不错
TRAIN_48076,PRODUCT_503997,图书音像,内容,内容不错,positive,内容不错
TRAIN_48078,PRODUCT_171699,图书音像,质量,质量好,positive,质量好
TRAIN_48082,PRODUCT_463776,图书音像,推荐,会回购,positive,会回购
TRAIN_48086,PRODUCT_510699,图书音像,质量,质量好,positive,质量好
TRAIN_48089,PRODUCT_394221,图书音像,质量,质量好,positive,质量好
TRAIN_48098,PRODUCT_176062,手机/数码,价格,价格贵,negative,价格贵
TRAIN_48098,PRODUCT_176062,手机/数码,正品,正品放心,positive,正品放心
TRAIN_48101,PRODUCT_27218,家用电器,质量,质量好,positive,质量好
TRAIN_48103,PRODUCT_159502,图书音像,质量,质量好,positive,质量好
TRAIN_48105,PRODUCT_322586,图书音像,内容,内容不错,positive,内容不错
TRAIN_48110,PRODUCT_135646,图书音像,推荐,不推荐,negative,不推荐
TRAIN_48110,PRODUCT_135646,图书音像,内容,内容不错,positive,内容不错
TRAIN_48116,PRODUCT_468663,图书音像,质量,质量好,positive,质量好
TRAIN_48119,PRODUCT_32431,其他,正品,正品放心,positive,正品放心
TRAIN_48124,PRODUCT_33445,家具/家装/建材,质量,质量差,negative,质量差
TRAIN_48125,PRODUCT_230417,图书音像,内容,内容一般,negative,内容一般
TRAIN_48126,PRODUCT_497559,图书音像,质量,质量好,positive,质量好
TRAIN_48127,PRODUCT_129370,美妆个护,耐用,容易坏,negative,容易坏
TRAIN_48129,PRODUCT_430306,电脑/办公,质量,质量好,positive,质量好
TRAIN_48133,PRODUCT_500220,其他,耐用,容易坏,negative,容易坏
TRAIN_48134,PRODUCT_499561,图书音像,正品,正品放心,positive,正品放心
TRAIN_48134,PRODUCT_499561,图书音像,推荐,会回购,positive,会回购
TRAIN_48138,PRODUCT_283373,电脑/办公,正品,正品放心,positive,正品放心
TRAIN_48140,PRODUCT_515183,图书音像,正品,疑似假货,negative,疑似假货
TRAIN_48146,PRODUCT_266055,家具/家装/建材,包装,包装好,positive,包装好
TRAIN_48147,PRODUCT_332656,美妆个护,味道,味道不错,positive,味道不错
TRAIN_48152,PRODUCT_329921,美妆个护,正品,正品放心,positive,正品放心
TRAIN_48156,PRODUCT_379498,图书音像,内容,内容不错,positive,内容不错
TRAIN_48157,PRODUCT_476574,手机/数码,质量,质量好,positive,质量好
TRAIN_48162,PRODUCT_71773,其他,质量,质量好,positive,质量好
TRAIN_48174,PRODUCT_160981,手机/数码,正品,正品放心,positive,正品放心
TRAIN_48177,PRODUCT_27598,图书音像,包装,包装差,negative,包装差
TRAIN_48179,PRODUCT_315322,电脑/办公,价格,性价比高,positive,性价比高
TRAIN_48182,PRODUCT_246016,图书音像,物流,发货快,positive,发货快
TRAIN_48187,PRODUCT_42739,图书音像,质量,质量好,positive,质量好
TRAIN_48192,PRODUCT_465825,图书音像,内容,内容不错,positive,内容不错
TRAIN_48199,PRODUCT_131297,图书音像,质量,质量好,positive,质量好
TRAIN_48213,PRODUCT_395204,图书音像,包装,包装好,positive,包装好
TRAIN_48213,PRODUCT_395204,图书音像,包装,包装差,negative,包装差
TRAIN_48215,PRODUCT_482115,图书音像,内容,内容不错,positive,内容不错
TRAIN_48227,PRODUCT_161147,图书音像,质量,质量好,positive,质量好
TRAIN_48240,PRODUCT_375006,电脑/办公,价格,性价比高,positive,性价比高
TRAIN_48266,PRODUCT_106816,电脑/办公,耐用,容易坏,negative,容易坏
TRAIN_48268,PRODUCT_438980,家具/家装/建材,正品,正品放心,positive,正品放心
TRAIN_48272,PRODUCT_188995,图书音像,正品,正品放心,positive,正品放心
TRAIN_48274,PRODUCT_241371,家用电器,正品,正品放心,positive,正品放心
TRAIN_48275,PRODUCT_10995,图书音像,物流,发货快,positive,发货快
TRAIN_48275,PRODUCT_10995,图书音像,正品,正品放心,positive,正品放心
TRAIN_48276,PRODUCT_222436,图书音像,物流,发货快,positive,发货快
TRAIN_48277,PRODUCT_409414,图书音像,物流,发货快,positive,发货快
TRAIN_48290,PRODUCT_31361,手机/数码,外观,外观一般,negative,外观一般
TRAIN_48295,PRODUCT_224827,美妆个护,包装,包装好,positive,包装好
TRAIN_48295,PRODUCT_224827,美妆个护,正品,正品放心,positive,正品放心
TRAIN_48296,PRODUCT_73491,图书音像,正品,正品放心,positive,正品放心
TRAIN_48298,PRODUCT_44554,美妆个护,正品,正品放心,positive,正品放心
TRAIN_48299,PRODUCT_337679,图书音像,内容,内容不错,positive,内容不错
TRAIN_48309,PRODUCT_28149,母婴/玩具,质量,质量好,positive,质量好
TRAIN_48335,PRODUCT_7923,图书音像,物流,发货快,positive,发货快
TRAIN_48335,PRODUCT_7923,图书音像,内容,内容不错,positive,内容不错
TRAIN_48336,PRODUCT_410787,图书音像,质量,质量好,positive,质量好
TRAIN_48340,PRODUCT_319661,图书音像,质量,质量好,positive,质量好
TRAIN_48341,PRODUCT_423464,钟表/首饰/眼镜/礼品,包装,包装好,positive,包装好
TRAIN_48341,PRODUCT_423464,钟表/首饰/眼镜/礼品,正品,正品放心,positive,正品放心
TRAIN_48343,PRODUCT_246284,图书音像,正品,正品放心,positive,正品放心
TRAIN_48344,PRODUCT_356769,图书音像,内容,内容不错,positive,内容不错
TRAIN_48347,PRODUCT_90364,电脑/办公,正品,疑似假货,negative,疑似假货
TRAIN_48349,PRODUCT_225276,手机/数码,耐用,容易坏,negative,容易坏
TRAIN_48363,PRODUCT_445389,图书音像,物流,发货快,positive,发货快
TRAIN_48364,PRODUCT_148267,家居生活,质量,质量好,positive,质量好
TRAIN_48386,PRODUCT_457273,钟表/首饰/眼镜/礼品,正品,正品放心,positive,正品放心
TRAIN_48387,PRODUCT_454482,电脑/办公,客服,客服好,positive,客服好
TRAIN_48406,PRODUCT_314608,手机/数码,推荐,会回购,positive,会回购
TRAIN_48408,PRODUCT_119435,美妆个护,包装,包装好,positive,包装好
TRAIN_48408,PRODUCT_119435,美妆个护,正品,正品放心,positive,正品放心
TRAIN_48422,PRODUCT_216545,图书音像,质量,质量好,positive,质量好
TRAIN_48431,PRODUCT_195429,其他,质量,质量差,negative,质量差
TRAIN_48433,PRODUCT_377438,家用电器,价格,性价比高,positive,性价比高
TRAIN_48441,PRODUCT_143473,手机/数码,质量,质量好,positive,质量好
TRAIN_48448,PRODUCT_314287,手机/数码,质量,质量好,positive,质量好
TRAIN_48448,PRODUCT_314287,手机/数码,价格,性价比高,positive,性价比高
TRAIN_48450,PRODUCT_54680,图书音像,正品,正品放心,positive,正品放心
TRAIN_48452,PRODUCT_153962,图书音像,正品,疑似假货,negative,疑似假货
TRAIN_48456,PRODUCT_417139,图书音像,物流,发货快,positive,发货快
TRAIN_48461,PRODUCT_132495,运动户外,推荐,不推荐,negative,不推荐
TRAIN_48463,PRODUCT_514034,电脑/办公,质量,质量好,positive,质量好
TRAIN_48474,PRODUCT_471215,图书音像,正品,正品放心,positive,正品放心
TRAIN_48478,PRODUCT_403320,图书音像,物流,发货快,positive,发货快
TRAIN_48478,PRODUCT_403320,图书音像,正品,正品放心,positive,正品放心
TRAIN_48488,PRODUCT_459221,图书音像,包装,包装好,positive,包装好
TRAIN_48489,PRODUCT_306667,电脑/办公,包装,包装好,positive,包装好
TRAIN_48490,PRODUCT_49599,图书音像,价格,性价比高,positive,性价比高
TRAIN_48491,PRODUCT_276797,图书音像,质量,质量好,positive,质量好
TRAIN_48493,PRODUCT_58153,电脑/办公,正品,疑似假货,negative,疑似假货
TRAIN_48504,PRODUCT_446278,图书音像,价格,性价比高,positive,性价比高
TRAIN_48510,PRODUCT_12300,图书音像,质量,质量好,positive,质量好
TRAIN_48510,PRODUCT_12300,图书音像,价格,性价比高,positive,性价比高
TRAIN_48511,PRODUCT_13920,图书音像,正品,正品放心,positive,正品放心
TRAIN_48517,PRODUCT_253385,美妆个护,价格,性价比高,positive,性价比高
TRAIN_48523,PRODUCT_140336,电脑/办公,正品,疑似假货,negative,疑似假货
TRAIN_48528,PRODUCT_50246,图书音像,质量,质量好,positive,质量好
TRAIN_48530,PRODUCT_93252,图书音像,质量,质量好,positive,质量好
TRAIN_48530,PRODUCT_93252,图书音像,正品,正品放心,positive,正品放心
TRAIN_48535,PRODUCT_76758,图书音像,价格,价格贵,negative,价格贵
TRAIN_48538,PRODUCT_378500,手机/数码,正品,正品放心,positive,正品放心
TRAIN_48544,PRODUCT_75315,手机/数码,质量,质量差,negative,质量差
TRAIN_48545,PRODUCT_448051,家居生活,质量,质量好,positive,质量好
TRAIN_48548,PRODUCT_334232,图书音像,正品,正品放心,positive,正品放心
TRAIN_48548,PRODUCT_334232,图书音像,正品,疑似假货,negative,疑似假货
TRAIN_48554,PRODUCT_96035,图书音像,内容,内容一般,negative,内容一般
TRAIN_48556,PRODUCT_364385,母婴/玩具,包装,包装差,negative,包装差
TRAIN_48562,PRODUCT_451526,图书音像,质量,质量好,positive,质量好
TRAIN_48570,PRODUCT_259848,电脑/办公,包装,包装好,positive,包装好
TRAIN_48576,PRODUCT_471892,图书音像,价格,价格贵,negative,价格贵
TRAIN_48576,PRODUCT_471892,图书音像,耐用,很耐用,positive,很耐用
TRAIN_48579,PRODUCT_271412,图书音像,质量,质量好,positive,质量好
TRAIN_48579,PRODUCT_271412,图书音像,物流,发货快,positive,发货快
TRAIN_48580,PRODUCT_347256,运动户外,正品,疑似假货,negative,疑似假货
TRAIN_48584,PRODUCT_464698,图书音像,质量,质量好,positive,质量好
TRAIN_48584,PRODUCT_464698,图书音像,正品,正品放心,positive,正品放心
TRAIN_48587,PRODUCT_164193,图书音像,正品,正品放心,positive,正品放心
TRAIN_48598,PRODUCT_430717,手机/数码,价格,性价比高,positive,性价比高
TRAIN_48603,PRODUCT_464521,图书音像,内容,内容不错,positive,内容不错
TRAIN_48604,PRODUCT_332781,电脑/办公,外观,外观好看,positive,外观好看
TRAIN_48607,PRODUCT_243728,图书音像,质量,质量好,positive,质量好
TRAIN_48618,PRODUCT_360545,电脑/办公,价格,性价比高,positive,性价比高
TRAIN_48621,PRODUCT_193369,电脑/办公,推荐,会回购,positive,会回购
TRAIN_48625,PRODUCT_375291,图书音像,质量,质量好,positive,质量好
TRAIN_48629,PRODUCT_475413,图书音像,质量,质量好,positive,质量好
TRAIN_48643,PRODUCT_276757,手机/数码,耐用,容易坏,negative,容易坏
TRAIN_48652,PRODUCT_451058,美妆个护,价格,性价比高,positive,性价比高
TRAIN_48660,PRODUCT_448570,图书音像,质量,质量好,positive,质量好
TRAIN_48663,PRODUCT_266513,图书音像,质量,质量好,positive,质量好
TRAIN_48664,PRODUCT_405420,家居生活,质量,质量好,positive,质量好
TRAIN_48666,PRODUCT_328319,图书音像,正品,正品放心,positive,正品放心
TRAIN_48688,PRODUCT_139890,电脑/办公,耐用,容易坏,negative,容易坏
TRAIN_48702,PRODUCT_324873,美妆个护,味道,味道不错,positive,味道不错
TRAIN_48710,PRODUCT_389958,图书音像,质量,质量好,positive,质量好
TRAIN_48711,PRODUCT_96586,电脑/办公,价格,性价比高,positive,性价比高
TRAIN_48715,PRODUCT_497362,图书音像,正品,正品放心,positive,正品放心
TRAIN_48716,PRODUCT_358208,美妆个护,价格,性价比高,positive,性价比高
TRAIN_48720,PRODUCT_9231,图书音像,耐用,容易坏,negative,容易坏
TRAIN_48723,PRODUCT_381595,图书音像,质量,质量好,positive,质量好
TRAIN_48730,PRODUCT_410348,美妆个护,味道,味道不错,positive,味道不错
TRAIN_48732,PRODUCT_117610,图书音像,质量,质量好,positive,质量好
TRAIN_48733,PRODUCT_488431,手机/数码,正品,正品放心,positive,正品放心
TRAIN_48737,PRODUCT_457726,图书音像,质量,质量好,positive,质量好
TRAIN_48737,PRODUCT_457726,图书音像,物流,发货快,positive,发货快
TRAIN_48737,PRODUCT_457726,图书音像,正品,正品放心,positive,正品放心
TRAIN_48746,PRODUCT_298209,图书音像,质量,质量好,positive,质量好
TRAIN_48746,PRODUCT_298209,图书音像,物流,发货快,positive,发货快
TRAIN_48751,PRODUCT_31333,图书音像,内容,内容不错,positive,内容不错
TRAIN_48753,PRODUCT_392483,美妆个护,正品,正品放心,positive,正品放心
TRAIN_48761,PRODUCT_10266,图书音像,质量,质量好,positive,质量好
TRAIN_48761,PRODUCT_10266,图书音像,包装,包装好,positive,包装好
TRAIN_48761,PRODUCT_10266,图书音像,价格,性价比高,positive,性价比高
TRAIN_48763,PRODUCT_428430,图书音像,包装,包装好,positive,包装好
TRAIN_48765,PRODUCT_63307,图书音像,质量,质量好,positive,质量好
TRAIN_48775,PRODUCT_458163,图书音像,物流,发货快,positive,发货快
TRAIN_48777,PRODUCT_42945,家居生活,包装,包装好,positive,包装好
TRAIN_48777,PRODUCT_42945,家居生活,正品,正品放心,positive,正品放心
TRAIN_48792,PRODUCT_213689,图书音像,质量,质量好,positive,质量好
TRAIN_48803,PRODUCT_281551,图书音像,推荐,不推荐,negative,不推荐
TRAIN_48805,PRODUCT_408248,电脑/办公,耐用,容易坏,negative,容易坏
TRAIN_48806,PRODUCT_241544,电脑/办公,物流,发货快,positive,发货快
TRAIN_48811,PRODUCT_32431,其他,正品,正品放心,positive,正品放心
TRAIN_48812,PRODUCT_225775,电脑/办公,物流,发货快,positive,发货快
TRAIN_48812,PRODUCT_225775,电脑/办公,包装,包装好,positive,包装好
TRAIN_48814,PRODUCT_162583,手机/数码,物流,发货快,positive,发货快
TRAIN_48836,PRODUCT_91217,图书音像,价格,价格贵,negative,价格贵
TRAIN_48839,PRODUCT_465550,图书音像,质量,质量差,negative,质量差
TRAIN_48842,PRODUCT_25847,其他,耐用,容易坏,negative,容易坏
TRAIN_48845,PRODUCT_434681,图书音像,正品,正品放心,positive,正品放心
TRAIN_48848,PRODUCT_31984,图书音像,物流,发货快,positive,发货快
TRAIN_48849,PRODUCT_130817,图书音像,质量,质量好,positive,质量好
TRAIN_48858,PRODUCT_151551,电脑/办公,价格,性价比高,positive,性价比高
TRAIN_48860,PRODUCT_50246,图书音像,价格,性价比高,positive,性价比高
TRAIN_48864,PRODUCT_25897,图书音像,质量,质量好,positive,质量好
TRAIN_48867,PRODUCT_412646,图书音像,质量,质量好,positive,质量好
TRAIN_48868,PRODUCT_469640,图书音像,内容,内容不错,positive,内容不错
TRAIN_48874,PRODUCT_392058,图书音像,物流,发货快,positive,发货快
TRAIN_48887,PRODUCT_295246,图书音像,质量,质量差,negative,质量差
TRAIN_48888,PRODUCT_442028,家用电器,物流,发货快,positive,发货快
TRAIN_48889,PRODUCT_422489,图书音像,质量,质量好,positive,质量好
TRAIN_48890,PRODUCT_148171,图书音像,正品,正品放心,positive,正品放心
TRAIN_48891,PRODUCT_521422,图书音像,内容,内容一般,negative,内容一般
TRAIN_48893,PRODUCT_402547,图书音像,内容,内容一般,negative,内容一般
TRAIN_48894,PRODUCT_256519,图书音像,质量,质量好,positive,质量好
TRAIN_48896,PRODUCT_101551,食品/保健,物流,发货快,positive,发货快
TRAIN_48902,PRODUCT_329602,图书音像,正品,疑似假货,negative,疑似假货
TRAIN_48902,PRODUCT_329602,图书音像,推荐,会回购,positive,会回购
TRAIN_48903,PRODUCT_356061,图书音像,正品,正品放心,positive,正品放心
TRAIN_48906,PRODUCT_314607,手机/数码,正品,正品放心,positive,正品放心
TRAIN_48907,PRODUCT_158802,图书音像,质量,质量好,positive,质量好
TRAIN_48908,PRODUCT_302501,美妆个护,正品,正品放心,positive,正品放心
TRAIN_48917,PRODUCT_243542,图书音像,质量,质量好,positive,质量好
TRAIN_48917,PRODUCT_243542,图书音像,物流,发货快,positive,发货快
TRAIN_48917,PRODUCT_243542,图书音像,正品,正品放心,positive,正品放心
TRAIN_48918,PRODUCT_203266,手机/数码,价格,性价比高,positive,性价比高
TRAIN_48920,PRODUCT_514153,图书音像,价格,性价比高,positive,性价比高
TRAIN_48935,PRODUCT_146581,家居生活,包装,包装好,positive,包装好
TRAIN_48937,PRODUCT_283085,美妆个护,价格,价格贵,negative,价格贵
TRAIN_48937,PRODUCT_283085,美妆个护,味道,味道不错,positive,味道不错
TRAIN_48946,PRODUCT_83130,图书音像,包装,包装差,negative,包装差
TRAIN_48946,PRODUCT_83130,图书音像,正品,正品放心,positive,正品放心
TRAIN_48946,PRODUCT_83130,图书音像,正品,疑似假货,negative,疑似假货
TRAIN_48948,PRODUCT_92047,电脑/办公,质量,质量好,positive,质量好
TRAIN_48950,PRODUCT_412101,图书音像,包装,包装好,positive,包装好
TRAIN_48952,PRODUCT_360619,图书音像,内容,内容不错,positive,内容不错
TRAIN_48959,PRODUCT_498235,图书音像,包装,包装差,negative,包装差
TRAIN_48963,PRODUCT_53400,图书音像,物流,发货快,positive,发货快
TRAIN_48963,PRODUCT_53400,图书音像,正品,正品放心,positive,正品放心
TRAIN_48969,PRODUCT_72834,图书音像,包装,包装差,negative,包装差
TRAIN_48972,PRODUCT_415631,图书音像,物流,发货快,positive,发货快
TRAIN_48974,PRODUCT_499848,家用电器,价格,性价比高,positive,性价比高
TRAIN_48979,PRODUCT_341696,图书音像,正品,疑似假货,negative,疑似假货
TRAIN_48980,PRODUCT_109590,图书音像,正品,正品放心,positive,正品放心
TRAIN_48983,PRODUCT_25649,图书音像,质量,质量好,positive,质量好
TRAIN_48983,PRODUCT_25649,图书音像,正品,正品放心,positive,正品放心
TRAIN_48987,PRODUCT_186818,图书音像,内容,内容一般,negative,内容一般
TRAIN_49001,PRODUCT_50605,图书音像,质量,质量好,positive,质量好
TRAIN_49004,PRODUCT_73304,电脑/办公,价格,性价比高,positive,性价比高
TRAIN_49043,PRODUCT_171507,图书音像,质量,质量好,positive,质量好
TRAIN_49043,PRODUCT_171507,图书音像,内容,内容不错,positive,内容不错
TRAIN_49044,PRODUCT_106617,图书音像,内容,内容不错,positive,内容不错
TRAIN_49046,PRODUCT_328883,图书音像,正品,正品放心,positive,正品放心
TRAIN_49049,PRODUCT_294150,图书音像,正品,正品放心,positive,正品放心
TRAIN_49059,PRODUCT_43731,图书音像,价格,性价比高,positive,性价比高
TRAIN_49066,PRODUCT_487515,图书音像,质量,质量好,positive,质量好
TRAIN_49074,PRODUCT_512786,电脑/办公,耐用,容易坏,negative,容易坏
TRAIN_49079,PRODUCT_50246,图书音像,质量,质量好,positive,质量好
TRAIN_49105,PRODUCT_77112,图书音像,物流,发货快,positive,发货快
TRAIN_49115,PRODUCT_365880,图书音像,内容,内容不错,positive,内容不错
TRAIN_49120,PRODUCT_111856,家用电器,价格,性价比高,positive,性价比高
TRAIN_49129,PRODUCT_100075,图书音像,质量,质量好,positive,质量好
TRAIN_49139,PRODUCT_283568,手机/数码,物流,发货快,positive,发货快
TRAIN_49139,PRODUCT_283568,手机/数码,屏幕,屏幕差,negative,屏幕差
TRAIN_49142,PRODUCT_171851,图书音像,推荐,会回购,positive,会回购
TRAIN_49142,PRODUCT_171851,图书音像,内容,内容不错,positive,内容不错
TRAIN_49148,PRODUCT_482786,图书音像,耐用,很耐用,positive,很耐用
TRAIN_49153,PRODUCT_323783,图书音像,价格,性价比高,positive,性价比高
TRAIN_49157,PRODUCT_487621,图书音像,推荐,会回购,positive,会回购
TRAIN_49175,PRODUCT_506514,电脑/办公,质量,质量差,negative,质量差
TRAIN_49175,PRODUCT_506514,电脑/办公,耐用,容易坏,negative,容易坏
TRAIN_49178,PRODUCT_16789,图书音像,质量,质量好,positive,质量好
TRAIN_49188,PRODUCT_37233,图书音像,质量,质量好,positive,质量好
TRAIN_49189,PRODUCT_226097,图书音像,质量,质量好,positive,质量好
TRAIN_49190,PRODUCT_423285,手机/数码,价格,性价比高,positive,性价比高
TRAIN_49192,PRODUCT_514596,图书音像,包装,包装好,positive,包装好
TRAIN_49193,PRODUCT_324007,美妆个护,正品,正品放心,positive,正品放心
TRAIN_49193,PRODUCT_324007,美妆个护,正品,疑似假货,negative,疑似假货
TRAIN_49200,PRODUCT_113095,图书音像,质量,质量好,positive,质量好
TRAIN_49210,PRODUCT_328262,图书音像,正品,正品放心,positive,正品放心
TRAIN_49217,PRODUCT_346220,图书音像,正品,疑似假货,negative,疑似假货
TRAIN_49218,PRODUCT_261424,图书音像,质量,质量差,negative,质量差
TRAIN_49222,PRODUCT_177503,图书音像,质量,质量好,positive,质量好
TRAIN_49233,PRODUCT_359114,图书音像,正品,正品放心,positive,正品放心
TRAIN_49233,PRODUCT_359114,图书音像,耐用,容易坏,negative,容易坏
TRAIN_49234,PRODUCT_148267,家居生活,价格,性价比高,positive,性价比高
TRAIN_49235,PRODUCT_85196,美妆个护,正品,正品放心,positive,正品放心
TRAIN_49250,PRODUCT_441014,电脑/办公,正品,正品放心,positive,正品放心
TRAIN_49257,PRODUCT_488749,电脑/办公,价格,性价比高,positive,性价比高
TRAIN_49264,PRODUCT_53867,手机/数码,耐用,很耐用,positive,很耐用
TRAIN_49268,PRODUCT_289316,图书音像,内容,内容不错,positive,内容不错
TRAIN_49270,PRODUCT_178905,图书音像,质量,质量好,positive,质量好
TRAIN_49276,PRODUCT_436197,图书音像,质量,质量好,positive,质量好
TRAIN_49279,PRODUCT_175879,图书音像,正品,正品放心,positive,正品放心
TRAIN_49281,PRODUCT_208349,图书音像,包装,包装好,positive,包装好
TRAIN_49284,PRODUCT_402074,图书音像,正品,正品放心,positive,正品放心
TRAIN_49288,PRODUCT_331504,图书音像,价格,性价比高,positive,性价比高
TRAIN_49288,PRODUCT_331504,图书音像,正品,正品放心,positive,正品放心
TRAIN_49301,PRODUCT_58461,电脑/办公,价格,性价比高,positive,性价比高
TRAIN_49302,PRODUCT_99602,电脑/办公,价格,性价比高,positive,性价比高
TRAIN_49302,PRODUCT_99602,电脑/办公,正品,正品放心,positive,正品放心
TRAIN_49312,PRODUCT_48542,图书音像,质量,质量差,negative,质量差
TRAIN_49316,PRODUCT_217184,图书音像,内容,内容不错,positive,内容不错
TRAIN_49327,PRODUCT_368896,图书音像,质量,质量好,positive,质量好
TRAIN_49341,PRODUCT_183407,家居生活,价格,价格贵,negative,价格贵
TRAIN_49345,PRODUCT_404550,手机/数码,质量,质量好,positive,质量好
TRAIN_49360,PRODUCT_422280,图书音像,质量,质量好,positive,质量好
TRAIN_49364,PRODUCT_481221,家居生活,价格,性价比高,positive,性价比高
TRAIN_49378,PRODUCT_453941,图书音像,物流,发货快,positive,发货快
TRAIN_49378,PRODUCT_453941,图书音像,包装,包装好,positive,包装好
TRAIN_49381,PRODUCT_513971,图书音像,质量,质量好,positive,质量好
TRAIN_49381,PRODUCT_513971,图书音像,包装,包装差,negative,包装差
TRAIN_49393,PRODUCT_418048,家具/家装/建材,物流,发货快,positive,发货快
TRAIN_49395,PRODUCT_371737,图书音像,正品,正品放心,positive,正品放心
TRAIN_49400,PRODUCT_223985,美妆个护,正品,正品放心,positive,正品放心
TRAIN_49407,PRODUCT_353704,其他,质量,质量好,positive,质量好
TRAIN_49407,PRODUCT_353704,其他,正品,正品放心,positive,正品放心
TRAIN_49411,PRODUCT_49806,家用电器,正品,正品放心,positive,正品放心
TRAIN_49413,PRODUCT_96015,图书音像,推荐,会回购,positive,会回购
TRAIN_49416,PRODUCT_235020,图书音像,内容,内容不错,positive,内容不错
TRAIN_49434,PRODUCT_439414,图书音像,推荐,不推荐,negative,不推荐
TRAIN_49437,PRODUCT_443703,图书音像,内容,内容不错,positive,内容不错
TRAIN_49440,PRODUCT_399853,美妆个护,正品,疑似假货,negative,疑似假货
TRAIN_49446,PRODUCT_33701,图书音像,外观,外观一般,negative,外观一般
TRAIN_49454,PRODUCT_277972,图书音像,质量,质量好,positive,质量好
TRAIN_49456,PRODUCT_441014,电脑/办公,包装,包装好,positive,包装好
TRAIN_49463,PRODUCT_283701,图书音像,质量,质量好,positive,质量好
TRAIN_49470,PRODUCT_236877,图书音像,内容,内容一般,negative,内容一般
TRAIN_49471,PRODUCT_401270,图书音像,物流,发货快,positive,发货快
TRAIN_49480,PRODUCT_262062,图书音像,质量,质量差,negative,质量差
TRAIN_49498,PRODUCT_364630,图书音像,正品,疑似假货,negative,疑似假货
TRAIN_49499,PRODUCT_280635,图书音像,价格,价格贵,negative,价格贵
TRAIN_49504,PRODUCT_388586,美妆个护,价格,性价比高,positive,性价比高
TRAIN_49508,PRODUCT_510727,图书音像,价格,性价比高,positive,性价比高
TRAIN_49511,PRODUCT_116717,电脑/办公,外观,外观一般,negative,外观一般
TRAIN_49533,PRODUCT_498836,其他,正品,正品放心,positive,正品放心
TRAIN_49538,PRODUCT_249634,图书音像,质量,质量好,positive,质量好
TRAIN_49541,PRODUCT_221220,其他,物流,物流慢,negative,物流慢
TRAIN_49546,PRODUCT_7777,图书音像,质量,质量好,positive,质量好
TRAIN_49546,PRODUCT_7777,图书音像,价格,性价比高,positive,性价比高
TRAIN_49556,PRODUCT_421664,图书音像,正品,疑似假货,negative,疑似假货
TRAIN_49562,PRODUCT_283701,图书音像,质量,质量好,positive,质量好
TRAIN_49569,PRODUCT_341915,电脑/办公,价格,性价比高,positive,性价比高
TRAIN_49575,PRODUCT_183206,电脑/办公,正品,正品放心,positive,正品放心
TRAIN_49581,PRODUCT_224522,图书音像,内容,内容不错,positive,内容不错
TRAIN_49582,PRODUCT_49846,母婴/玩具,正品,正品放心,positive,正品放心
TRAIN_49589,PRODUCT_387159,图书音像,物流,发货快,positive,发货快
TRAIN_49591,PRODUCT_43726,美妆个护,正品,正品放心,positive,正品放心
TRAIN_49592,PRODUCT_451251,家居生活,质量,质量差,negative,质量差
TRAIN_49609,PRODUCT_186014,家用电器,价格,性价比高,positive,性价比高
TRAIN_49613,PRODUCT_435371,图书音像,推荐,会回购,positive,会回购
TRAIN_49613,PRODUCT_435371,图书音像,推荐,不推荐,negative,不推荐
TRAIN_49621,PRODUCT_352425,图书音像,质量,质量差,negative,质量差
TRAIN_49624,PRODUCT_54843,图书音像,质量,质量好,positive,质量好
TRAIN_49632,PRODUCT_270981,图书音像,包装,包装好,positive,包装好
TRAIN_49641,PRODUCT_132915,鞋类箱包,尺码,尺码不准,negative,尺码不准
TRAIN_49642,PRODUCT_3165,图书音像,物流,发货快,positive,发货快
TRAIN_49642,PRODUCT_3165,图书音像,正品,正品放心,positive,正品放心
TRAIN_49643,PRODUCT_493910,图书音像,内容,内容不错,positive,内容不错
TRAIN_49647,PRODUCT_392724,图书音像,外观,外观一般,negative,外观一般
TRAIN_49654,PRODUCT_477586,电脑/办公,耐用,很耐用,positive,很耐用
TRAIN_49661,PRODUCT_35630,图书音像,正品,疑似假货,negative,疑似假货
TRAIN_49666,PRODUCT_56372,图书音像,质量,质量好,positive,质量好
TRAIN_49668,PRODUCT_336304,图书音像,质量,质量好,positive,质量好
TRAIN_49682,PRODUCT_452330,图书音像,正品,正品放心,positive,正品放心
TRAIN_49683,PRODUCT_249683,电脑/办公,价格,性价比高,positive,性价比高
TRAIN_49686,PRODUCT_40359,图书音像,质量,质量好,positive,质量好
TRAIN_49698,PRODUCT_341052,图书音像,质量,质量好,positive,质量好
TRAIN_49699,PRODUCT_50367,图书音像,内容,内容不错,positive,内容不错
TRAIN_49702,PRODUCT_484509,图书音像,正品,正品放心,positive,正品放心
TRAIN_49707,PRODUCT_50246,图书音像,推荐,会回购,positive,会回购
TRAIN_49709,PRODUCT_114751,图书音像,价格,性价比高,positive,性价比高
TRAIN_49709,PRODUCT_114751,图书音像,正品,正品放心,positive,正品放心
TRAIN_49719,PRODUCT_3617,家用电器,价格,性价比高,positive,性价比高
TRAIN_49723,PRODUCT_143130,美妆个护,正品,正品放心,positive,正品放心
TRAIN_49731,PRODUCT_308103,图书音像,物流,发货快,positive,发货快
TRAIN_49731,PRODUCT_308103,图书音像,正品,正品放心,positive,正品放心
TRAIN_49736,PRODUCT_137088,家居生活,价格,性价比高,positive,性价比高
TRAIN_49737,PRODUCT_208098,图书音像,正品,正品放心,positive,正品放心
TRAIN_49739,PRODUCT_179584,图书音像,内容,内容一般,negative,内容一般
TRAIN_49741,PRODUCT_377981,钟表/首饰/眼镜/礼品,正品,正品放心,positive,正品放心
TRAIN_49748,PRODUCT_55009,手机/数码,价格,性价比高,positive,性价比高
TRAIN_49756,PRODUCT_505527,手机/数码,正品,疑似假货,negative,疑似假货
TRAIN_49769,PRODUCT_324007,美妆个护,味道,味道不错,positive,味道不错
TRAIN_49782,PRODUCT_80759,图书音像,质量,质量好,positive,质量好
TRAIN_49783,PRODUCT_148525,图书音像,质量,质量好,positive,质量好
TRAIN_49785,PRODUCT_276585,图书音像,正品,疑似假货,negative,疑似假货
TRAIN_49788,PRODUCT_148791,电脑/办公,质量,质量好,positive,质量好
TRAIN_49795,PRODUCT_7326,图书音像,质量,质量好,positive,质量好
TRAIN_49795,PRODUCT_7326,图书音像,正品,正品放心,positive,正品放心
TRAIN_49806,PRODUCT_463776,图书音像,包装,包装差,negative,包装差
TRAIN_49825,PRODUCT_270732,电脑/办公,推荐,会回购,positive,会回购
TRAIN_49831,PRODUCT_286465,图书音像,质量,质量好,positive,质量好
TRAIN_49834,PRODUCT_372668,手机/数码,外观,外观一般,negative,外观一般
TRAIN_49839,PRODUCT_303451,美妆个护,味道,味道不错,positive,味道不错
TRAIN_49846,PRODUCT_205845,图书音像,质量,质量好,positive,质量好
TRAIN_49853,PRODUCT_77429,图书音像,正品,正品放心,positive,正品放心
TRAIN_49853,PRODUCT_77429,图书音像,内容,内容不错,positive,内容不错
TRAIN_49870,PRODUCT_249008,美妆个护,正品,正品放心,positive,正品放心
TRAIN_49870,PRODUCT_249008,美妆个护,推荐,不推荐,negative,不推荐
TRAIN_49872,PRODUCT_307707,手机/数码,正品,正品放心,positive,正品放心
TRAIN_49873,PRODUCT_303181,图书音像,推荐,不推荐,negative,不推荐
TRAIN_49874,PRODUCT_266633,图书音像,物流,发货快,positive,发货快
TRAIN_49889,PRODUCT_445399,家居生活,物流,发货快,positive,发货快
TRAIN_49892,PRODUCT_493310,母婴/玩具,包装,包装好,positive,包装好
TRAIN_49901,PRODUCT_229110,图书音像,物流,物流慢,negative,物流慢
TRAIN_49906,PRODUCT_290260,图书音像,质量,质量好,positive,质量好
TRAIN_49906,PRODUCT_290260,图书音像,推荐,会回购,positive,会回购
TRAIN_49910,PRODUCT_321276,图书音像,正品,疑似假货,negative,疑似假货
TRAIN_49916,PRODUCT_289014,食品/保健,味道,味道不错,positive,味道不错
TRAIN_49918,PRODUCT_162583,手机/数码,正品,正品放心,positive,正品放心
TRAIN_49920,PRODUCT_235351,图书音像,正品,疑似假货,negative,疑似假货
TRAIN_49922,PRODUCT_476244,手机/数码,物流,发货快,positive,发货快
TRAIN_49923,PRODUCT_363378,家具/家装/建材,质量,质量好,positive,质量好
TRAIN_49923,PRODUCT_363378,家具/家装/建材,耐用,很耐用,positive,很耐用
TRAIN_49926,PRODUCT_151294,电脑/办公,质量,质量好,positive,质量好
TRAIN_49929,PRODUCT_298562,图书音像,质量,质量好,positive,质量好
TRAIN_49936,PRODUCT_410621,图书音像,物流,发货快,positive,发货快
TRAIN_49941,PRODUCT_336105,家居生活,价格,价格贵,negative,价格贵
TRAIN_49945,PRODUCT_295303,其他,正品,正品放心,positive,正品放心
TRAIN_49952,PRODUCT_240522,图书音像,质量,质量好,positive,质量好
TRAIN_49954,PRODUCT_347014,图书音像,物流,发货快,positive,发货快
TRAIN_49954,PRODUCT_347014,图书音像,包装,包装好,positive,包装好
TRAIN_49960,PRODUCT_493745,图书音像,外观,外观一般,negative,外观一般
TRAIN_49965,PRODUCT_150122,家具/家装/建材,正品,正品放心,positive,正品放心
TRAIN_49969,PRODUCT_442115,图书音像,内容,内容不错,positive,内容不错
TRAIN_49974,PRODUCT_195331,电脑/办公,正品,正品放心,positive,正品放心
TRAIN_49980,PRODUCT_178168,图书音像,内容,内容不错,positive,内容不错
TRAIN_49982,PRODUCT_243678,图书音像,正品,疑似假货,negative,疑似假货
TRAIN_49988,PRODUCT_439016,图书音像,内容,内容不错,positive,内容不错
TRAIN_49990,PRODUCT_11880,图书音像,内容,内容不错,positive,内容不错
TRAIN_49992,PRODUCT_377981,钟表/首饰/眼镜/礼品,价格,性价比高,positive,性价比高
TRAIN_49993,PRODUCT_353256,图书音像,质量,质量好,positive,质量好
TRAIN_49993,PRODUCT_353256,图书音像,正品,正品放心,positive,正品放心
TRAIN_49995,PRODUCT_88358,电脑/办公,价格,性价比高,positive,性价比高
TRAIN_50013,PRODUCT_358087,图书音像,质量,质量好,positive,质量好
TRAIN_50021,PRODUCT_430669,图书音像,正品,疑似假货,negative,疑似假货
TRAIN_50024,PRODUCT_92335,手机/数码,质量,质量好,positive,质量好
TRAIN_50026,PRODUCT_71109,家居生活,质量,质量好,positive,质量好
TRAIN_50032,PRODUCT_255539,图书音像,物流,发货快,positive,发货快
TRAIN_50035,PRODUCT_299493,图书音像,正品,疑似假货,negative,疑似假货
TRAIN_50039,PRODUCT_123172,图书音像,推荐,会回购,positive,会回购
TRAIN_50051,PRODUCT_435619,图书音像,内容,内容不错,positive,内容不错
TRAIN_50052,PRODUCT_218644,美妆个护,正品,正品放心,positive,正品放心
TRAIN_50058,PRODUCT_114160,图书音像,价格,价格贵,negative,价格贵
TRAIN_50058,PRODUCT_114160,图书音像,推荐,会回购,positive,会回购
TRAIN_50063,PRODUCT_402574,电脑/办公,质量,质量好,positive,质量好
TRAIN_50066,PRODUCT_343322,电脑/办公,价格,性价比高,positive,性价比高
TRAIN_50070,PRODUCT_191478,电脑/办公,正品,疑似假货,negative,疑似假货
TRAIN_50080,PRODUCT_335762,电脑/办公,质量,质量好,positive,质量好
TRAIN_50080,PRODUCT_335762,电脑/办公,正品,正品放心,positive,正品放心
TRAIN_50081,PRODUCT_394001,电脑/办公,价格,性价比高,positive,性价比高
TRAIN_50085,PRODUCT_7450,图书音像,质量,质量好,positive,质量好
TRAIN_50092,PRODUCT_19845,家具/家装/建材,耐用,容易坏,negative,容易坏
TRAIN_50093,PRODUCT_188370,美妆个护,正品,正品放心,positive,正品放心
TRAIN_50104,PRODUCT_68953,手机/数码,包装,包装好,positive,包装好
TRAIN_50110,PRODUCT_173328,电脑/办公,质量,质量好,positive,质量好
TRAIN_50112,PRODUCT_452409,图书音像,价格,性价比高,positive,性价比高
TRAIN_50115,PRODUCT_167172,图书音像,质量,质量好,positive,质量好
TRAIN_50117,PRODUCT_74993,图书音像,质量,质量好,positive,质量好
TRAIN_50126,PRODUCT_520344,家用电器,物流,发货快,positive,发货快
TRAIN_50130,PRODUCT_333451,图书音像,价格,价格贵,negative,价格贵
TRAIN_50134,PRODUCT_391331,图书音像,质量,质量好,positive,质量好
TRAIN_50138,PRODUCT_89774,图书音像,质量,质量好,positive,质量好
TRAIN_50144,PRODUCT_441149,图书音像,内容,内容一般,negative,内容一般
TRAIN_50146,PRODUCT_344159,电脑/办公,耐用,容易坏,negative,容易坏
TRAIN_50154,PRODUCT_248033,图书音像,质量,质量好,positive,质量好
TRAIN_50154,PRODUCT_248033,图书音像,正品,正品放心,positive,正品放心
TRAIN_50158,PRODUCT_136532,图书音像,质量,质量好,positive,质量好
TRAIN_50161,PRODUCT_192005,手机/数码,正品,正品放心,positive,正品放心
TRAIN_50161,PRODUCT_192005,手机/数码,耐用,容易坏,negative,容易坏
TRAIN_50162,PRODUCT_177916,图书音像,包装,包装差,negative,包装差
TRAIN_50162,PRODUCT_177916,图书音像,推荐,会回购,positive,会回购
TRAIN_50175,PRODUCT_90902,图书音像,质量,质量差,negative,质量差
TRAIN_50180,PRODUCT_419289,图书音像,物流,发货快,positive,发货快
TRAIN_50181,PRODUCT_306022,图书音像,质量,质量好,positive,质量好
TRAIN_50187,PRODUCT_31333,图书音像,质量,质量好,positive,质量好
TRAIN_50187,PRODUCT_31333,图书音像,正品,正品放心,positive,正品放心
TRAIN_50190,PRODUCT_430373,图书音像,正品,疑似假货,negative,疑似假货
TRAIN_50198,PRODUCT_389259,电脑/办公,正品,正品放心,positive,正品放心
TRAIN_50200,PRODUCT_405607,电脑/办公,正品,正品放心,positive,正品放心
TRAIN_50205,PRODUCT_296119,家用电器,耐用,很耐用,positive,很耐用
TRAIN_50217,PRODUCT_49564,电脑/办公,耐用,容易坏,negative,容易坏
TRAIN_50219,PRODUCT_100872,图书音像,质量,质量好,positive,质量好
TRAIN_50225,PRODUCT_31481,图书音像,物流,发货快,positive,发货快
TRAIN_50229,PRODUCT_377980,电脑/办公,正品,正品放心,positive,正品放心
TRAIN_50229,PRODUCT_377980,电脑/办公,推荐,会回购,positive,会回购
TRAIN_50230,PRODUCT_428822,图书音像,内容,内容不错,positive,内容不错
TRAIN_50233,PRODUCT_41122,图书音像,正品,正品放心,positive,正品放心
TRAIN_50235,PRODUCT_400289,图书音像,质量,质量好,positive,质量好
TRAIN_50235,PRODUCT_400289,图书音像,正品,正品放心,positive,正品放心
TRAIN_50248,PRODUCT_53354,图书音像,推荐,会回购,positive,会回购
TRAIN_50251,PRODUCT_90508,图书音像,价格,性价比高,positive,性价比高
TRAIN_50260,PRODUCT_346699,电脑/办公,价格,价格贵,negative,价格贵
TRAIN_50260,PRODUCT_346699,电脑/办公,正品,正品放心,positive,正品放心
TRAIN_50262,PRODUCT_50605,图书音像,包装,包装好,positive,包装好
TRAIN_50274,PRODUCT_380592,图书音像,价格,性价比高,positive,性价比高
TRAIN_50284,PRODUCT_486720,图书音像,质量,质量好,positive,质量好
TRAIN_50285,PRODUCT_354357,钟表/首饰/眼镜/礼品,质量,质量差,negative,质量差
TRAIN_50293,PRODUCT_241136,图书音像,内容,内容不错,positive,内容不错
TRAIN_50295,PRODUCT_22437,图书音像,包装,包装好,positive,包装好
TRAIN_50299,PRODUCT_463861,图书音像,正品,正品放心,positive,正品放心
TRAIN_50300,PRODUCT_281988,图书音像,质量,质量好,positive,质量好
TRAIN_50307,PRODUCT_131037,美妆个护,味道,味道不错,positive,味道不错
TRAIN_50315,PRODUCT_140421,图书音像,质量,质量好,positive,质量好
TRAIN_50316,PRODUCT_445337,家具/家装/建材,质量,质量好,positive,质量好
TRAIN_50316,PRODUCT_445337,家具/家装/建材,正品,正品放心,positive,正品放心
TRAIN_50324,PRODUCT_72257,钟表/首饰/眼镜/礼品,外观,外观好看,positive,外观好看
TRAIN_50329,PRODUCT_82396,母婴/玩具,质量,质量好,positive,质量好
TRAIN_50341,PRODUCT_454676,图书音像,质量,质量好,positive,质量好
TRAIN_50341,PRODUCT_454676,图书音像,包装,包装差,negative,包装差
TRAIN_50341,PRODUCT_454676,图书音像,正品,正品放心,positive,正品放心
TRAIN_50349,PRODUCT_430717,手机/数码,质量,质量好,positive,质量好
TRAIN_50365,PRODUCT_341915,电脑/办公,价格,性价比高,positive,性价比高
TRAIN_50366,PRODUCT_406955,图书音像,物流,发货快,positive,发货快
TRAIN_50366,PRODUCT_406955,图书音像,包装,包装好,positive,包装好
TRAIN_50377,PRODUCT_400404,家居生活,质量,质量好,positive,质量好
TRAIN_50378,PRODUCT_352802,图书音像,正品,正品放心,positive,正品放心
TRAIN_50378,PRODUCT_352802,图书音像,正品,疑似假货,negative,疑似假货
TRAIN_50386,PRODUCT_492002,家用电器,价格,性价比高,positive,性价比高
TRAIN_50390,PRODUCT_54744,母婴/玩具,物流,发货快,positive,发货快
TRAIN_50403,PRODUCT_411785,家用电器,包装,包装好,positive,包装好
TRAIN_50409,PRODUCT_29744,家具/家装/建材,包装,包装好,positive,包装好
TRAIN_50410,PRODUCT_348290,图书音像,质量,质量好,positive,质量好
TRAIN_50417,PRODUCT_71227,图书音像,正品,正品放心,positive,正品放心
TRAIN_50434,PRODUCT_403682,图书音像,正品,疑似假货,negative,疑似假货
TRAIN_50436,PRODUCT_82433,图书音像,质量,质量好,positive,质量好
TRAIN_50436,PRODUCT_82433,图书音像,价格,性价比高,positive,性价比高
TRAIN_50447,PRODUCT_96715,图书音像,推荐,会回购,positive,会回购
TRAIN_50447,PRODUCT_96715,图书音像,内容,内容一般,negative,内容一般
TRAIN_50451,PRODUCT_372947,图书音像,物流,发货快,positive,发货快
TRAIN_50451,PRODUCT_372947,图书音像,包装,包装好,positive,包装好
TRAIN_50456,PRODUCT_215867,电脑/办公,耐用,容易坏,negative,容易坏
TRAIN_50457,PRODUCT_76789,图书音像,正品,疑似假货,negative,疑似假货
TRAIN_50459,PRODUCT_143450,图书音像,物流,发货快,positive,发货快
TRAIN_50460,PRODUCT_393388,图书音像,质量,质量好,positive,质量好
TRAIN_50460,PRODUCT_393388,图书音像,正品,正品放心,positive,正品放心
TRAIN_50461,PRODUCT_6105,图书音像,价格,性价比高,positive,性价比高
TRAIN_50463,PRODUCT_283262,图书音像,质量,质量好,positive,质量好
TRAIN_50466,PRODUCT_266524,美妆个护,正品,正品放心,positive,正品放心
TRAIN_50466,PRODUCT_266524,美妆个护,正品,疑似假货,negative,疑似假货
TRAIN_50471,PRODUCT_170666,母婴/玩具,质量,质量好,positive,质量好
TRAIN_50473,PRODUCT_263018,电脑/办公,包装,包装差,negative,包装差
TRAIN_50473,PRODUCT_263018,电脑/办公,价格,性价比高,positive,性价比高
TRAIN_50474,PRODUCT_302366,图书音像,内容,内容不错,positive,内容不错
TRAIN_50483,PRODUCT_510035,图书音像,质量,质量好,positive,质量好
TRAIN_50489,PRODUCT_107576,美妆个护,味道,味道不错,positive,味道不错
TRAIN_50506,PRODUCT_432833,图书音像,质量,质量好,positive,质量好
TRAIN_50515,PRODUCT_410081,图书音像,物流,发货快,positive,发货快
TRAIN_50519,PRODUCT_208152,美妆个护,正品,正品放心,positive,正品放心
TRAIN_50521,PRODUCT_18128,图书音像,质量,质量好,positive,质量好
TRAIN_50527,PRODUCT_481481,钟表/首饰/眼镜/礼品,正品,正品放心,positive,正品放心
TRAIN_50528,PRODUCT_189523,图书音像,质量,质量差,negative,质量差
TRAIN_50528,PRODUCT_189523,图书音像,正品,疑似假货,negative,疑似假货
TRAIN_50540,PRODUCT_176180,图书音像,正品,正品放心,positive,正品放心
TRAIN_50546,PRODUCT_50246,图书音像,内容,内容不错,positive,内容不错
TRAIN_50548,PRODUCT_466475,图书音像,正品,疑似假货,negative,疑似假货
TRAIN_50559,PRODUCT_323613,图书音像,内容,内容不错,positive,内容不错
TRAIN_50561,PRODUCT_184509,手机/数码,质量,质量差,negative,质量差
TRAIN_50564,PRODUCT_363957,图书音像,内容,内容不错,positive,内容不错
TRAIN_50566,PRODUCT_346264,电脑/办公,质量,质量好,positive,质量好
TRAIN_50570,PRODUCT_390144,家具/家装/建材,质量,质量好,positive,质量好
TRAIN_50573,PRODUCT_190014,图书音像,物流,发货快,positive,发货快
TRAIN_50573,PRODUCT_190014,图书音像,包装,包装差,negative,包装差
TRAIN_50593,PRODUCT_511272,图书音像,价格,性价比高,positive,性价比高
TRAIN_50597,PRODUCT_92049,图书音像,价格,性价比高,positive,性价比高
TRAIN_50600,PRODUCT_512185,其他,质量,质量好,positive,质量好
TRAIN_50610,PRODUCT_253384,美妆个护,正品,正品放心,positive,正品放心
TRAIN_50610,PRODUCT_253384,美妆个护,正品,疑似假货,negative,疑似假货
TRAIN_50617,PRODUCT_76750,图书音像,质量,质量好,positive,质量好
TRAIN_50624,PRODUCT_524480,手机/数码,正品,正品放心,positive,正品放心
TRAIN_50629,PRODUCT_219311,图书音像,质量,质量好,positive,质量好
TRAIN_50636,PRODUCT_137740,其他,正品,正品放心,positive,正品放心
TRAIN_50642,PRODUCT_174456,母婴/玩具,质量,质量好,positive,质量好
TRAIN_50643,PRODUCT_502863,图书音像,正品,正品放心,positive,正品放心
TRAIN_50652,PRODUCT_462131,图书音像,质量,质量好,positive,质量好
TRAIN_50655,PRODUCT_365880,图书音像,内容,内容不错,positive,内容不错
TRAIN_50664,PRODUCT_341633,图书音像,包装,包装好,positive,包装好
TRAIN_50671,PRODUCT_270594,电脑/办公,价格,性价比高,positive,性价比高
TRAIN_50683,PRODUCT_473503,家用电器,正品,正品放心,positive,正品放心
TRAIN_50684,PRODUCT_419521,图书音像,正品,正品放心,positive,正品放心
TRAIN_50698,PRODUCT_141322,图书音像,质量,质量好,positive,质量好
TRAIN_50698,PRODUCT_141322,图书音像,正品,正品放心,positive,正品放心
TRAIN_50712,PRODUCT_218705,图书音像,客服,客服好,positive,客服好
TRAIN_50719,PRODUCT_123663,图书音像,质量,质量好,positive,质量好
TRAIN_50735,PRODUCT_78425,图书音像,正品,正品放心,positive,正品放心
TRAIN_50738,PRODUCT_112951,图书音像,包装,包装好,positive,包装好
TRAIN_50745,PRODUCT_341978,电脑/办公,耐用,容易坏,negative,容易坏
TRAIN_50746,PRODUCT_511649,食品/保健,味道,味道不错,positive,味道不错
TRAIN_50754,PRODUCT_7407,图书音像,物流,发货快,positive,发货快
TRAIN_50754,PRODUCT_7407,图书音像,包装,包装好,positive,包装好
TRAIN_50756,PRODUCT_120606,图书音像,物流,发货快,positive,发货快
TRAIN_50763,PRODUCT_11137,图书音像,推荐,会回购,positive,会回购
TRAIN_50769,PRODUCT_263508,图书音像,价格,性价比高,positive,性价比高
TRAIN_50773,PRODUCT_41942,图书音像,包装,包装好,positive,包装好
TRAIN_50775,PRODUCT_2747,美妆个护,味道,味道不错,positive,味道不错
TRAIN_50776,PRODUCT_49627,图书音像,包装,包装好,positive,包装好
TRAIN_50791,PRODUCT_459137,图书音像,价格,性价比高,positive,性价比高
TRAIN_50804,PRODUCT_282188,美妆个护,物流,物流慢,negative,物流慢
TRAIN_50813,PRODUCT_439176,图书音像,正品,正品放心,positive,正品放心
TRAIN_50815,PRODUCT_167907,鞋类箱包,耐用,很耐用,positive,很耐用
TRAIN_50815,PRODUCT_167907,鞋类箱包,推荐,会回购,positive,会回购
TRAIN_50817,PRODUCT_156270,电脑/办公,质量,质量好,positive,质量好
TRAIN_50818,PRODUCT_453400,电脑/办公,包装,包装好,positive,包装好
TRAIN_50821,PRODUCT_213729,其他,质量,质量好,positive,质量好
TRAIN_50827,PRODUCT_450622,图书音像,价格,价格贵,negative,价格贵
TRAIN_50829,PRODUCT_413522,电脑/办公,外观,外观好看,positive,外观好看
TRAIN_50843,PRODUCT_460048,手机/数码,质量,质量差,negative,质量差
TRAIN_50843,PRODUCT_460048,手机/数码,价格,性价比高,positive,性价比高
TRAIN_50845,PRODUCT_295665,图书音像,内容,内容不错,positive,内容不错
TRAIN_50856,PRODUCT_74065,图书音像,包装,包装差,negative,包装差
TRAIN_50859,PRODUCT_325977,图书音像,质量,质量好,positive,质量好
TRAIN_50880,PRODUCT_103077,图书音像,内容,内容不错,positive,内容不错
TRAIN_50897,PRODUCT_233329,鞋类箱包,质量,质量好,positive,质量好
TRAIN_50897,PRODUCT_233329,鞋类箱包,耐用,很耐用,positive,很耐用
TRAIN_50899,PRODUCT_478836,手机/数码,质量,质量差,negative,质量差
TRAIN_50909,PRODUCT_211269,图书音像,正品,正品放心,positive,正品放心
TRAIN_50912,PRODUCT_6836,图书音像,内容,内容一般,negative,内容一般
TRAIN_50926,PRODUCT_181346,图书音像,价格,价格贵,negative,价格贵
TRAIN_50934,PRODUCT_294619,图书音像,物流,物流慢,negative,物流慢
TRAIN_50937,PRODUCT_224526,图书音像,质量,质量好,positive,质量好
TRAIN_50942,PRODUCT_3229,图书音像,价格,性价比高,positive,性价比高
TRAIN_50943,PRODUCT_289475,手机/数码,正品,正品放心,positive,正品放心
TRAIN_50945,PRODUCT_426079,手机/数码,价格,性价比高,positive,性价比高
TRAIN_50952,PRODUCT_375662,家居生活,质量,质量好,positive,质量好
TRAIN_50954,PRODUCT_176991,图书音像,包装,包装好,positive,包装好
TRAIN_50957,PRODUCT_496064,图书音像,物流,发货快,positive,发货快
TRAIN_50960,PRODUCT_205185,图书音像,内容,内容不错,positive,内容不错
TRAIN_50962,PRODUCT_82814,电脑/办公,质量,质量好,positive,质量好
TRAIN_50962,PRODUCT_82814,电脑/办公,正品,正品放心,positive,正品放心
TRAIN_50963,PRODUCT_1320,图书音像,质量,质量好,positive,质量好
TRAIN_50964,PRODUCT_383389,家用电器,价格,性价比高,positive,性价比高
TRAIN_50968,PRODUCT_208748,图书音像,价格,性价比高,positive,性价比高
TRAIN_50968,PRODUCT_208748,图书音像,内容,内容不错,positive,内容不错
TRAIN_50977,PRODUCT_171513,图书音像,正品,疑似假货,negative,疑似假货
TRAIN_50986,PRODUCT_325511,图书音像,质量,质量好,positive,质量好
TRAIN_50990,PRODUCT_8013,图书音像,内容,内容不错,positive,内容不错
TRAIN_50991,PRODUCT_96035,图书音像,价格,性价比高,positive,性价比高
TRAIN_51002,PRODUCT_238161,图书音像,质量,质量好,positive,质量好
TRAIN_51009,PRODUCT_352737,图书音像,质量,质量好,positive,质量好
TRAIN_51015,PRODUCT_52026,电脑/办公,耐用,很耐用,positive,很耐用
TRAIN_51016,PRODUCT_243890,图书音像,正品,正品放心,positive,正品放心
TRAIN_51016,PRODUCT_243890,图书音像,正品,疑似假货,negative,疑似假货
TRAIN_51022,PRODUCT_346347,电脑/办公,物流,发货快,positive,发货快
TRAIN_51022,PRODUCT_346347,电脑/办公,正品,正品放心,positive,正品放心
TRAIN_51026,PRODUCT_165938,图书音像,质量,质量好,positive,质量好
TRAIN_51040,PRODUCT_388919,图书音像,正品,正品放心,positive,正品放心
TRAIN_51045,PRODUCT_115210,图书音像,包装,包装好,positive,包装好
TRAIN_51053,PRODUCT_304255,图书音像,质量,质量差,negative,质量差
TRAIN_51066,PRODUCT_95388,图书音像,内容,内容不错,positive,内容不错
TRAIN_51075,PRODUCT_479220,图书音像,质量,质量好,positive,质量好
TRAIN_51080,PRODUCT_56447,图书音像,包装,包装好,positive,包装好
TRAIN_51080,PRODUCT_56447,图书音像,正品,正品放心,positive,正品放心
TRAIN_51091,PRODUCT_464747,手机/数码,正品,正品放心,positive,正品放心
TRAIN_51092,PRODUCT_64578,图书音像,正品,正品放心,positive,正品放心
TRAIN_51100,PRODUCT_162505,电脑/办公,质量,质量差,negative,质量差
TRAIN_51100,PRODUCT_162505,电脑/办公,耐用,容易坏,negative,容易坏
TRAIN_51108,PRODUCT_15293,图书音像,正品,疑似假货,negative,疑似假货
TRAIN_51111,PRODUCT_493108,电脑/办公,价格,性价比高,positive,性价比高
TRAIN_51113,PRODUCT_429148,图书音像,内容,内容不错,positive,内容不错
TRAIN_51125,PRODUCT_399546,美妆个护,正品,疑似假货,negative,疑似假货
TRAIN_51127,PRODUCT_444114,图书音像,内容,内容不错,positive,内容不错
TRAIN_51135,PRODUCT_434453,其他,质量,质量好,positive,质量好
TRAIN_51143,PRODUCT_73945,图书音像,正品,正品放心,positive,正品放心
TRAIN_51144,PRODUCT_130593,图书音像,物流,发货快,positive,发货快
TRAIN_51145,PRODUCT_390571,图书音像,正品,正品放心,positive,正品放心
TRAIN_51149,PRODUCT_316806,图书音像,物流,发货快,positive,发货快
TRAIN_51149,PRODUCT_316806,图书音像,价格,性价比高,positive,性价比高
TRAIN_51149,PRODUCT_316806,图书音像,内容,内容不错,positive,内容不错
TRAIN_51151,PRODUCT_245487,手机/数码,正品,正品放心,positive,正品放心
TRAIN_51157,PRODUCT_346780,图书音像,质量,质量好,positive,质量好
TRAIN_51157,PRODUCT_346780,图书音像,包装,包装差,negative,包装差
TRAIN_51157,PRODUCT_346780,图书音像,正品,正品放心,positive,正品放心
TRAIN_51158,PRODUCT_164848,图书音像,物流,发货快,positive,发货快
TRAIN_51158,PRODUCT_164848,图书音像,包装,包装好,positive,包装好
TRAIN_51159,PRODUCT_287901,食品/保健,味道,味道不错,positive,味道不错
TRAIN_51162,PRODUCT_513015,手机/数码,质量,质量好,positive,质量好
TRAIN_51162,PRODUCT_513015,手机/数码,正品,正品放心,positive,正品放心
TRAIN_51163,PRODUCT_477621,图书音像,耐用,容易坏,negative,容易坏
TRAIN_51175,PRODUCT_313221,图书音像,耐用,容易坏,negative,容易坏
TRAIN_51184,PRODUCT_119821,图书音像,内容,内容不错,positive,内容不错
TRAIN_51188,PRODUCT_358693,图书音像,质量,质量好,positive,质量好
TRAIN_51200,PRODUCT_21299,电脑/办公,耐用,容易坏,negative,容易坏
TRAIN_51203,PRODUCT_70351,图书音像,质量,质量好,positive,质量好
TRAIN_51204,PRODUCT_396915,图书音像,物流,发货快,positive,发货快
TRAIN_51208,PRODUCT_304531,图书音像,推荐,不推荐,negative,不推荐
TRAIN_51215,PRODUCT_441625,手机/数码,物流,发货快,positive,发货快
TRAIN_51220,PRODUCT_416643,图书音像,质量,质量好,positive,质量好
TRAIN_51222,PRODUCT_487848,手机/数码,质量,质量好,positive,质量好
TRAIN_51225,PRODUCT_134054,其他,正品,正品放心,positive,正品放心
TRAIN_51234,PRODUCT_455752,图书音像,内容,内容不错,positive,内容不错
TRAIN_51243,PRODUCT_58336,图书音像,正品,疑似假货,negative,疑似假货
TRAIN_51248,PRODUCT_199198,图书音像,质量,质量好,positive,质量好
TRAIN_51263,PRODUCT_307308,图书音像,内容,内容不错,positive,内容不错
TRAIN_51272,PRODUCT_260695,图书音像,物流,发货快,positive,发货快
TRAIN_51272,PRODUCT_260695,图书音像,包装,包装好,positive,包装好
TRAIN_51272,PRODUCT_260695,图书音像,正品,正品放心,positive,正品放心
TRAIN_51282,PRODUCT_336870,食品/保健,味道,味道不错,positive,味道不错
TRAIN_51294,PRODUCT_214410,图书音像,质量,质量好,positive,质量好
TRAIN_51313,PRODUCT_227899,图书音像,物流,发货快,positive,发货快
TRAIN_51318,PRODUCT_451339,美妆个护,味道,味道不错,positive,味道不错
TRAIN_51320,PRODUCT_241391,图书音像,质量,质量好,positive,质量好
TRAIN_51332,PRODUCT_199904,图书音像,正品,疑似假货,negative,疑似假货
TRAIN_51334,PRODUCT_54594,家居生活,外观,外观一般,negative,外观一般
TRAIN_51345,PRODUCT_212530,图书音像,内容,内容不错,positive,内容不错
TRAIN_51348,PRODUCT_490031,家用电器,物流,发货快,positive,发货快
TRAIN_51359,PRODUCT_354703,图书音像,内容,内容不错,positive,内容不错
TRAIN_51371,PRODUCT_81378,家居生活,质量,质量差,negative,质量差
TRAIN_51372,PRODUCT_154429,家用电器,物流,发货快,positive,发货快
TRAIN_51383,PRODUCT_115030,电脑/办公,耐用,容易坏,negative,容易坏
TRAIN_51392,PRODUCT_186553,图书音像,质量,质量好,positive,质量好
TRAIN_51393,PRODUCT_464070,图书音像,包装,包装好,positive,包装好
TRAIN_51412,PRODUCT_272171,手机/数码,价格,价格贵,negative,价格贵
TRAIN_51423,PRODUCT_53194,图书音像,质量,质量好,positive,质量好
TRAIN_51426,PRODUCT_157261,手机/数码,价格,性价比高,positive,性价比高
TRAIN_51437,PRODUCT_440410,图书音像,耐用,容易坏,negative,容易坏
TRAIN_51439,PRODUCT_364849,图书音像,质量,质量好,positive,质量好
TRAIN_51453,PRODUCT_64148,电脑/办公,屏幕,屏幕清晰,positive,屏幕清晰
TRAIN_51455,PRODUCT_475562,图书音像,耐用,容易坏,negative,容易坏
TRAIN_51460,PRODUCT_269828,图书音像,推荐,会回购,positive,会回购
TRAIN_51460,PRODUCT_269828,图书音像,内容,内容不错,positive,内容不错
TRAIN_51461,PRODUCT_94270,图书音像,物流,发货快,positive,发货快
TRAIN_51463,PRODUCT_474678,图书音像,推荐,不推荐,negative,不推荐
TRAIN_51471,PRODUCT_96035,图书音像,价格,性价比高,positive,性价比高
TRAIN_51474,PRODUCT_156721,图书音像,价格,价格贵,negative,价格贵
TRAIN_51475,PRODUCT_211868,图书音像,正品,正品放心,positive,正品放心
TRAIN_51487,PRODUCT_481023,家用电器,质量,质量好,positive,质量好
TRAIN_51490,PRODUCT_351688,图书音像,正品,正品放心,positive,正品放心
TRAIN_51491,PRODUCT_429626,图书音像,价格,性价比高,positive,性价比高
TRAIN_51494,PRODUCT_500215,图书音像,质量,质量好,positive,质量好
TRAIN_51495,PRODUCT_430013,图书音像,质量,质量差,negative,质量差
TRAIN_51512,PRODUCT_113491,电脑/办公,物流,发货快,positive,发货快
TRAIN_51516,PRODUCT_464181,图书音像,质量,质量差,negative,质量差
TRAIN_51521,PRODUCT_265029,其他,正品,正品放心,positive,正品放心
TRAIN_51526,PRODUCT_40668,图书音像,物流,发货快,positive,发货快
TRAIN_51546,PRODUCT_48345,图书音像,推荐,会回购,positive,会回购
TRAIN_51547,PRODUCT_493378,母婴/玩具,质量,质量好,positive,质量好
TRAIN_51551,PRODUCT_21419,家居生活,质量,质量好,positive,质量好
TRAIN_51567,PRODUCT_482856,电脑/办公,耐用,容易坏,negative,容易坏
TRAIN_51571,PRODUCT_288572,图书音像,质量,质量好,positive,质量好
TRAIN_51579,PRODUCT_430013,图书音像,物流,发货快,positive,发货快
TRAIN_51584,PRODUCT_259970,图书音像,正品,正品放心,positive,正品放心
TRAIN_51584,PRODUCT_259970,图书音像,正品,疑似假货,negative,疑似假货
TRAIN_51587,PRODUCT_263983,图书音像,内容,内容不错,positive,内容不错
TRAIN_51600,PRODUCT_249846,家居生活,质量,质量好,positive,质量好
TRAIN_51600,PRODUCT_249846,家居生活,包装,包装好,positive,包装好
TRAIN_51603,PRODUCT_220397,图书音像,质量,质量好,positive,质量好
TRAIN_51627,PRODUCT_164501,图书音像,正品,正品放心,positive,正品放心
TRAIN_51630,PRODUCT_307789,图书音像,物流,发货快,positive,发货快
TRAIN_51630,PRODUCT_307789,图书音像,包装,包装好,positive,包装好
TRAIN_51632,PRODUCT_403473,图书音像,耐用,容易坏,negative,容易坏
TRAIN_51634,PRODUCT_330515,电脑/办公,质量,质量好,positive,质量好
TRAIN_51636,PRODUCT_438019,图书音像,质量,质量好,positive,质量好
TRAIN_51637,PRODUCT_369431,图书音像,质量,质量好,positive,质量好
TRAIN_51637,PRODUCT_369431,图书音像,正品,正品放心,positive,正品放心
TRAIN_51644,PRODUCT_385463,图书音像,质量,质量好,positive,质量好
TRAIN_51648,PRODUCT_90917,图书音像,质量,质量好,positive,质量好
TRAIN_51665,PRODUCT_13631,图书音像,价格,性价比高,positive,性价比高
TRAIN_51678,PRODUCT_43954,电脑/办公,包装,包装好,positive,包装好
TRAIN_51682,PRODUCT_336809,电脑/办公,外观,外观好看,positive,外观好看
TRAIN_51683,PRODUCT_398335,手机/数码,正品,正品放心,positive,正品放心
TRAIN_51684,PRODUCT_441514,图书音像,正品,正品放心,positive,正品放心
TRAIN_51691,PRODUCT_213590,美妆个护,味道,味道一般,negative,味道一般
TRAIN_51693,PRODUCT_246364,图书音像,质量,质量好,positive,质量好
TRAIN_51693,PRODUCT_246364,图书音像,正品,正品放心,positive,正品放心
TRAIN_51699,PRODUCT_34380,手机/数码,价格,性价比高,positive,性价比高
TRAIN_51700,PRODUCT_276877,家用电器,质量,质量好,positive,质量好
TRAIN_51700,PRODUCT_276877,家用电器,价格,性价比高,positive,性价比高
TRAIN_51706,PRODUCT_378284,手机/数码,正品,正品放心,positive,正品放心
TRAIN_51708,PRODUCT_474898,美妆个护,味道,味道不错,positive,味道不错
TRAIN_51711,PRODUCT_12492,图书音像,价格,性价比高,positive,性价比高
TRAIN_51712,PRODUCT_150504,鞋类箱包,尺码,尺码不准,negative,尺码不准
TRAIN_51715,PRODUCT_370263,图书音像,价格,性价比高,positive,性价比高
TRAIN_51717,PRODUCT_488576,钟表/首饰/眼镜/礼品,质量,质量好,positive,质量好
TRAIN_51717,PRODUCT_488576,钟表/首饰/眼镜/礼品,价格,性价比高,positive,性价比高
TRAIN_51717,PRODUCT_488576,钟表/首饰/眼镜/礼品,正品,正品放心,positive,正品放心
TRAIN_51724,PRODUCT_289601,食品/保健,味道,味道不错,positive,味道不错
TRAIN_51733,PRODUCT_130578,图书音像,质量,质量好,positive,质量好
TRAIN_51740,PRODUCT_54141,美妆个护,正品,正品放心,positive,正品放心
TRAIN_51744,PRODUCT_444135,图书音像,物流,发货快,positive,发货快
TRAIN_51751,PRODUCT_385073,手机/数码,耐用,很耐用,positive,很耐用
TRAIN_51752,PRODUCT_373410,手机/数码,物流,发货快,positive,发货快
TRAIN_51755,PRODUCT_32007,图书音像,正品,正品放心,positive,正品放心
TRAIN_51757,PRODUCT_298209,图书音像,质量,质量好,positive,质量好
TRAIN_51765,PRODUCT_525310,图书音像,质量,质量好,positive,质量好
TRAIN_51765,PRODUCT_525310,图书音像,内容,内容不错,positive,内容不错
TRAIN_51771,PRODUCT_179131,图书音像,耐用,容易坏,negative,容易坏
TRAIN_51775,PRODUCT_336241,美妆个护,味道,味道不错,positive,味道不错
TRAIN_51786,PRODUCT_202352,图书音像,客服,客服好,positive,客服好
TRAIN_51789,PRODUCT_298479,图书音像,质量,质量好,positive,质量好
TRAIN_51789,PRODUCT_298479,图书音像,正品,疑似假货,negative,疑似假货
TRAIN_51796,PRODUCT_241741,图书音像,质量,质量好,positive,质量好
TRAIN_51807,PRODUCT_182106,图书音像,内容,内容不错,positive,内容不错
TRAIN_51808,PRODUCT_310029,电脑/办公,包装,包装好,positive,包装好
TRAIN_51812,PRODUCT_244629,图书音像,质量,质量好,positive,质量好
TRAIN_51812,PRODUCT_244629,图书音像,正品,正品放心,positive,正品放心
TRAIN_51831,PRODUCT_292469,图书音像,包装,包装差,negative,包装差
TRAIN_51834,PRODUCT_381949,美妆个护,味道,味道不错,positive,味道不错
TRAIN_51838,PRODUCT_399722,图书音像,包装,包装好,positive,包装好
TRAIN_51846,PRODUCT_427162,图书音像,物流,发货快,positive,发货快
TRAIN_51846,PRODUCT_427162,图书音像,正品,正品放心,positive,正品放心
TRAIN_51870,PRODUCT_347826,图书音像,质量,质量好,positive,质量好
TRAIN_51874,PRODUCT_216630,图书音像,质量,质量好,positive,质量好
TRAIN_51878,PRODUCT_140628,图书音像,质量,质量好,positive,质量好
TRAIN_51886,PRODUCT_260001,图书音像,正品,正品放心,positive,正品放心
TRAIN_51887,PRODUCT_52920,图书音像,质量,质量好,positive,质量好
TRAIN_51891,PRODUCT_431913,图书音像,包装,包装差,negative,包装差
TRAIN_51895,PRODUCT_31899,图书音像,包装,包装差,negative,包装差
TRAIN_51896,PRODUCT_136013,图书音像,内容,内容不错,positive,内容不错
TRAIN_51901,PRODUCT_417759,图书音像,价格,价格贵,negative,价格贵
TRAIN_51912,PRODUCT_510463,图书音像,物流,发货快,positive,发货快
TRAIN_51928,PRODUCT_419582,手机/数码,耐用,容易坏,negative,容易坏
TRAIN_51930,PRODUCT_261308,家居生活,质量,质量好,positive,质量好
TRAIN_51935,PRODUCT_476047,钟表/首饰/眼镜/礼品,正品,正品放心,positive,正品放心
TRAIN_51935,PRODUCT_476047,钟表/首饰/眼镜/礼品,正品,疑似假货,negative,疑似假货
TRAIN_51936,PRODUCT_387179,图书音像,推荐,会回购,positive,会回购
TRAIN_51937,PRODUCT_291481,电脑/办公,正品,正品放心,positive,正品放心
TRAIN_51956,PRODUCT_26326,图书音像,价格,性价比高,positive,性价比高
TRAIN_51956,PRODUCT_26326,图书音像,正品,正品放心,positive,正品放心
TRAIN_51980,PRODUCT_117408,母婴/玩具,质量,质量好,positive,质量好
TRAIN_51982,PRODUCT_137176,图书音像,内容,内容不错,positive,内容不错
TRAIN_51991,PRODUCT_520976,家居生活,质量,质量好,positive,质量好
TRAIN_51992,PRODUCT_412046,图书音像,质量,质量好,positive,质量好
TRAIN_52002,PRODUCT_370639,图书音像,质量,质量好,positive,质量好
TRAIN_52003,PRODUCT_267343,图书音像,内容,内容不错,positive,内容不错
TRAIN_52005,PRODUCT_322171,图书音像,包装,包装差,negative,包装差
TRAIN_52022,PRODUCT_287432,图书音像,质量,质量差,negative,质量差
TRAIN_52022,PRODUCT_287432,图书音像,推荐,不推荐,negative,不推荐
TRAIN_52023,PRODUCT_158760,家居生活,质量,质量好,positive,质量好
TRAIN_52025,PRODUCT_521280,图书音像,价格,性价比高,positive,性价比高
TRAIN_52041,PRODUCT_523948,电脑/办公,屏幕,屏幕差,negative,屏幕差
TRAIN_52043,PRODUCT_288584,其他,价格,性价比高,positive,性价比高
TRAIN_52047,PRODUCT_208560,图书音像,物流,发货快,positive,发货快
TRAIN_52048,PRODUCT_307512,美妆个护,味道,味道不错,positive,味道不错
TRAIN_52050,PRODUCT_328681,图书音像,内容,内容一般,negative,内容一般
TRAIN_52053,PRODUCT_136456,美妆个护,味道,味道不错,positive,味道不错
TRAIN_52061,PRODUCT_147736,图书音像,质量,质量好,positive,质量好
TRAIN_52061,PRODUCT_147736,图书音像,内容,内容不错,positive,内容不错
TRAIN_52063,PRODUCT_36556,母婴/玩具,正品,疑似假货,negative,疑似假货
TRAIN_52065,PRODUCT_36593,图书音像,质量,质量差,negative,质量差
TRAIN_52073,PRODUCT_317624,电脑/办公,耐用,容易坏,negative,容易坏
TRAIN_52074,PRODUCT_232411,图书音像,内容,内容一般,negative,内容一般
TRAIN_52075,PRODUCT_352579,图书音像,物流,发货快,positive,发货快
TRAIN_52075,PRODUCT_352579,图书音像,包装,包装好,positive,包装好
TRAIN_52078,PRODUCT_30269,图书音像,正品,疑似假货,negative,疑似假货
TRAIN_52082,PRODUCT_429552,电脑/办公,价格,性价比高,positive,性价比高
TRAIN_52082,PRODUCT_429552,电脑/办公,推荐,会回购,positive,会回购
TRAIN_52084,PRODUCT_170968,图书音像,正品,疑似假货,negative,疑似假货
TRAIN_52092,PRODUCT_412349,图书音像,正品,正品放心,positive,正品放心
TRAIN_52094,PRODUCT_272561,图书音像,质量,质量好,positive,质量好
TRAIN_52094,PRODUCT_272561,图书音像,内容,内容不错,positive,内容不错
TRAIN_52102,PRODUCT_439418,家居生活,价格,性价比高,positive,性价比高
TRAIN_52111,PRODUCT_523087,食品/保健,味道,味道不错,positive,味道不错
TRAIN_52115,PRODUCT_10266,图书音像,质量,质量好,positive,质量好
TRAIN_52117,PRODUCT_510018,食品/保健,味道,味道不错,positive,味道不错
TRAIN_52119,PRODUCT_249021,图书音像,内容,内容一般,negative,内容一般
TRAIN_52121,PRODUCT_463638,图书音像,价格,性价比高,positive,性价比高
TRAIN_52121,PRODUCT_463638,图书音像,正品,正品放心,positive,正品放心
TRAIN_52125,PRODUCT_331855,图书音像,价格,价格贵,negative,价格贵
TRAIN_52126,PRODUCT_517442,钟表/首饰/眼镜/礼品,正品,正品放心,positive,正品放心
TRAIN_52127,PRODUCT_317923,图书音像,物流,发货快,positive,发货快
TRAIN_52127,PRODUCT_317923,图书音像,正品,正品放心,positive,正品放心
TRAIN_52130,PRODUCT_178589,电脑/办公,耐用,很耐用,positive,很耐用
TRAIN_52133,PRODUCT_358555,电脑/办公,价格,性价比高,positive,性价比高
TRAIN_52135,PRODUCT_258844,电脑/办公,耐用,容易坏,negative,容易坏
TRAIN_52144,PRODUCT_500759,电脑/办公,耐用,很耐用,positive,很耐用
TRAIN_52146,PRODUCT_171373,其他,价格,性价比高,positive,性价比高
TRAIN_52147,PRODUCT_226495,图书音像,推荐,不推荐,negative,不推荐
TRAIN_52148,PRODUCT_459424,手机/数码,耐用,容易坏,negative,容易坏
TRAIN_52150,PRODUCT_59121,图书音像,价格,性价比高,positive,性价比高
TRAIN_52164,PRODUCT_456643,图书音像,质量,质量好,positive,质量好
TRAIN_52164,PRODUCT_456643,图书音像,价格,性价比高,positive,性价比高
TRAIN_52170,PRODUCT_253158,图书音像,质量,质量差,negative,质量差
TRAIN_52172,PRODUCT_389080,图书音像,内容,内容不错,positive,内容不错
TRAIN_52177,PRODUCT_221309,图书音像,质量,质量好,positive,质量好
TRAIN_52182,PRODUCT_384608,电脑/办公,质量,质量差,negative,质量差
TRAIN_52184,PRODUCT_400946,图书音像,内容,内容不错,positive,内容不错
TRAIN_52185,PRODUCT_320850,图书音像,推荐,会回购,positive,会回购
TRAIN_52189,PRODUCT_342083,图书音像,正品,疑似假货,negative,疑似假货
TRAIN_52193,PRODUCT_167241,图书音像,推荐,不推荐,negative,不推荐
TRAIN_52200,PRODUCT_167277,电脑/办公,正品,正品放心,positive,正品放心
TRAIN_52200,PRODUCT_167277,电脑/办公,推荐,会回购,positive,会回购
TRAIN_52202,PRODUCT_79951,图书音像,推荐,会回购,positive,会回购
TRAIN_52215,PRODUCT_457728,电脑/办公,质量,质量好,positive,质量好
TRAIN_52217,PRODUCT_510665,手机/数码,物流,发货快,positive,发货快
TRAIN_52219,PRODUCT_50529,图书音像,质量,质量好,positive,质量好
TRAIN_52223,PRODUCT_43404,美妆个护,正品,正品放心,positive,正品放心
TRAIN_52225,PRODUCT_407428,电脑/办公,耐用,很耐用,positive,很耐用
TRAIN_52230,PRODUCT_56556,美妆个护,味道,味道不错,positive,味道不错
TRAIN_52232,PRODUCT_521427,手机/数码,质量,质量好,positive,质量好
TRAIN_52232,PRODUCT_521427,手机/数码,价格,性价比高,positive,性价比高
TRAIN_52237,PRODUCT_522997,图书音像,内容,内容不错,positive,内容不错
TRAIN_52238,PRODUCT_184186,食品/保健,味道,味道不错,positive,味道不错
TRAIN_52246,PRODUCT_17765,图书音像,包装,包装好,positive,包装好
TRAIN_52246,PRODUCT_17765,图书音像,包装,包装差,negative,包装差
TRAIN_52250,PRODUCT_276195,电脑/办公,正品,正品放心,positive,正品放心
TRAIN_52251,PRODUCT_249683,电脑/办公,物流,发货快,positive,发货快
TRAIN_52257,PRODUCT_449505,美妆个护,外观,外观一般,negative,外观一般
TRAIN_52259,PRODUCT_346051,图书音像,质量,质量好,positive,质量好
TRAIN_52260,PRODUCT_143767,图书音像,质量,质量差,negative,质量差
TRAIN_52268,PRODUCT_248000,图书音像,价格,性价比高,positive,性价比高
TRAIN_52272,PRODUCT_351198,图书音像,正品,正品放心,positive,正品放心
TRAIN_52274,PRODUCT_388205,服饰服装,正品,正品放心,positive,正品放心
TRAIN_52275,PRODUCT_490031,家用电器,质量,质量好,positive,质量好
TRAIN_52284,PRODUCT_435082,图书音像,推荐,会回购,positive,会回购
TRAIN_52309,PRODUCT_154729,图书音像,价格,性价比高,positive,性价比高
TRAIN_52315,PRODUCT_301136,电脑/办公,价格,性价比高,positive,性价比高
TRAIN_52318,PRODUCT_254179,图书音像,价格,性价比高,positive,性价比高
TRAIN_52332,PRODUCT_412356,美妆个护,味道,味道不错,positive,味道不错
TRAIN_52344,PRODUCT_318840,图书音像,包装,包装好,positive,包装好
TRAIN_52352,PRODUCT_307512,美妆个护,包装,包装好,positive,包装好
TRAIN_52352,PRODUCT_307512,美妆个护,正品,正品放心,positive,正品放心
TRAIN_52354,PRODUCT_113648,母婴/玩具,耐用,容易坏,negative,容易坏
TRAIN_52356,PRODUCT_125563,手机/数码,价格,价格贵,negative,价格贵
TRAIN_52356,PRODUCT_125563,手机/数码,耐用,容易坏,negative,容易坏
TRAIN_52366,PRODUCT_270594,电脑/办公,价格,性价比高,positive,性价比高
TRAIN_52376,PRODUCT_151523,图书音像,物流,发货快,positive,发货快
TRAIN_52381,PRODUCT_515183,图书音像,包装,包装好,positive,包装好
TRAIN_52388,PRODUCT_294192,电脑/办公,外观,外观好看,positive,外观好看
TRAIN_52396,PRODUCT_231460,手机/数码,正品,疑似假货,negative,疑似假货
TRAIN_52407,PRODUCT_139992,图书音像,正品,正品放心,positive,正品放心
TRAIN_52408,PRODUCT_405053,电脑/办公,质量,质量好,positive,质量好
TRAIN_52412,PRODUCT_398727,图书音像,质量,质量差,negative,质量差
TRAIN_52418,PRODUCT_202556,手机/数码,屏幕,屏幕差,negative,屏幕差
TRAIN_52419,PRODUCT_139681,图书音像,质量,质量好,positive,质量好
TRAIN_52428,PRODUCT_39758,图书音像,内容,内容不错,positive,内容不错
TRAIN_52431,PRODUCT_119884,美妆个护,味道,味道不错,positive,味道不错
TRAIN_52432,PRODUCT_119997,图书音像,价格,价格贵,negative,价格贵
TRAIN_52433,PRODUCT_502338,图书音像,物流,发货快,positive,发货快
TRAIN_52433,PRODUCT_502338,图书音像,正品,疑似假货,negative,疑似假货
TRAIN_52440,PRODUCT_364505,图书音像,正品,正品放心,positive,正品放心
TRAIN_52441,PRODUCT_114464,图书音像,价格,性价比高,positive,性价比高
TRAIN_52443,PRODUCT_110418,母婴/玩具,质量,质量好,positive,质量好
TRAIN_52445,PRODUCT_305098,图书音像,推荐,会回购,positive,会回购
TRAIN_52445,PRODUCT_305098,图书音像,内容,内容不错,positive,内容不错
TRAIN_52460,PRODUCT_369,美妆个护,价格,价格贵,negative,价格贵
TRAIN_52472,PRODUCT_513971,图书音像,质量,质量好,positive,质量好
TRAIN_52476,PRODUCT_459553,手机/数码,正品,正品放心,positive,正品放心
TRAIN_52490,PRODUCT_333173,图书音像,质量,质量好,positive,质量好
TRAIN_52490,PRODUCT_333173,图书音像,正品,正品放心,positive,正品放心
TRAIN_52495,PRODUCT_385614,图书音像,质量,质量好,positive,质量好
TRAIN_52501,PRODUCT_119997,图书音像,内容,内容不错,positive,内容不错
TRAIN_52502,PRODUCT_362935,图书音像,内容,内容不错,positive,内容不错
TRAIN_52514,PRODUCT_81992,图书音像,正品,正品放心,positive,正品放心
TRAIN_52518,PRODUCT_251787,图书音像,质量,质量好,positive,质量好
TRAIN_52518,PRODUCT_251787,图书音像,正品,正品放心,positive,正品放心
TRAIN_52523,PRODUCT_480254,图书音像,正品,正品放心,positive,正品放心
TRAIN_52524,PRODUCT_59351,图书音像,质量,质量好,positive,质量好
TRAIN_52524,PRODUCT_59351,图书音像,物流,发货快,positive,发货快
TRAIN_52525,PRODUCT_453833,图书音像,正品,正品放心,positive,正品放心
TRAIN_52533,PRODUCT_448570,图书音像,质量,质量好,positive,质量好
TRAIN_52535,PRODUCT_307529,鞋类箱包,耐用,很耐用,positive,很耐用
TRAIN_52541,PRODUCT_75315,手机/数码,质量,质量差,negative,质量差
TRAIN_52551,PRODUCT_24912,图书音像,质量,质量好,positive,质量好
TRAIN_52556,PRODUCT_60212,家居生活,正品,疑似假货,negative,疑似假货
TRAIN_52579,PRODUCT_252476,图书音像,正品,疑似假货,negative,疑似假货
TRAIN_52588,PRODUCT_101835,图书音像,质量,质量好,positive,质量好
TRAIN_52588,PRODUCT_101835,图书音像,正品,正品放心,positive,正品放心
TRAIN_52589,PRODUCT_7777,图书音像,质量,质量好,positive,质量好
TRAIN_52591,PRODUCT_289810,图书音像,正品,正品放心,positive,正品放心
TRAIN_52600,PRODUCT_392726,图书音像,内容,内容不错,positive,内容不错
TRAIN_52618,PRODUCT_360392,图书音像,质量,质量好,positive,质量好
TRAIN_52627,PRODUCT_53843,图书音像,物流,发货快,positive,发货快
TRAIN_52636,PRODUCT_148733,电脑/办公,物流,物流慢,negative,物流慢
TRAIN_52638,PRODUCT_282001,图书音像,质量,质量差,negative,质量差
TRAIN_52639,PRODUCT_374010,图书音像,推荐,会回购,positive,会回购
TRAIN_52639,PRODUCT_374010,图书音像,推荐,不推荐,negative,不推荐
TRAIN_52642,PRODUCT_416950,美妆个护,正品,正品放心,positive,正品放心
TRAIN_52648,PRODUCT_4911,图书音像,质量,质量差,negative,质量差
TRAIN_52670,PRODUCT_477265,图书音像,正品,疑似假货,negative,疑似假货
TRAIN_52675,PRODUCT_14675,家用电器,价格,性价比高,positive,性价比高
TRAIN_52677,PRODUCT_141145,图书音像,正品,正品放心,positive,正品放心
TRAIN_52689,PRODUCT_512024,图书音像,价格,性价比高,positive,性价比高
TRAIN_52697,PRODUCT_34841,电脑/办公,质量,质量差,negative,质量差
TRAIN_52704,PRODUCT_278389,电脑/办公,价格,性价比高,positive,性价比高
TRAIN_52710,PRODUCT_179250,美妆个护,正品,正品放心,positive,正品放心
TRAIN_52714,PRODUCT_352229,美妆个护,正品,正品放心,positive,正品放心
TRAIN_52718,PRODUCT_95911,家居生活,价格,性价比高,positive,性价比高
TRAIN_52719,PRODUCT_209160,图书音像,物流,发货快,positive,发货快
TRAIN_52721,PRODUCT_502842,图书音像,物流,发货快,positive,发货快
TRAIN_52733,PRODUCT_202078,图书音像,价格,价格贵,negative,价格贵
TRAIN_52736,PRODUCT_221402,手机/数码,物流,发货快,positive,发货快
TRAIN_52738,PRODUCT_457344,图书音像,质量,质量好,positive,质量好
TRAIN_52738,PRODUCT_457344,图书音像,物流,发货快,positive,发货快
TRAIN_52752,PRODUCT_255935,图书音像,包装,包装差,negative,包装差
TRAIN_52753,PRODUCT_425836,电脑/办公,推荐,会回购,positive,会回购
TRAIN_52757,PRODUCT_14117,其他,正品,正品放心,positive,正品放心
TRAIN_52761,PRODUCT_299504,母婴/玩具,价格,性价比高,positive,性价比高
TRAIN_52764,PRODUCT_423536,母婴/玩具,质量,质量好,positive,质量好
TRAIN_52785,PRODUCT_83614,家具/家装/建材,价格,性价比高,positive,性价比高
TRAIN_52787,PRODUCT_517707,图书音像,内容,内容不错,positive,内容不错
TRAIN_52788,PRODUCT_304595,图书音像,质量,质量好,positive,质量好
TRAIN_52789,PRODUCT_90533,美妆个护,正品,正品放心,positive,正品放心
TRAIN_52797,PRODUCT_129348,美妆个护,味道,味道不错,positive,味道不错
TRAIN_52806,PRODUCT_509924,图书音像,质量,质量好,positive,质量好
TRAIN_52806,PRODUCT_509924,图书音像,物流,发货快,positive,发货快
TRAIN_52808,PRODUCT_238701,图书音像,质量,质量好,positive,质量好
TRAIN_52815,PRODUCT_193447,其他,正品,疑似假货,negative,疑似假货
TRAIN_52819,PRODUCT_501803,图书音像,外观,外观一般,negative,外观一般
TRAIN_52819,PRODUCT_501803,图书音像,内容,内容不错,positive,内容不错
TRAIN_52827,PRODUCT_94270,图书音像,质量,质量好,positive,质量好
TRAIN_52828,PRODUCT_258023,图书音像,外观,外观一般,negative,外观一般
TRAIN_52838,PRODUCT_88730,图书音像,包装,包装差,negative,包装差
TRAIN_52840,PRODUCT_480254,图书音像,耐用,容易坏,negative,容易坏
TRAIN_52846,PRODUCT_208168,电脑/办公,质量,质量好,positive,质量好
TRAIN_52848,PRODUCT_160674,图书音像,正品,正品放心,positive,正品放心
TRAIN_52851,PRODUCT_14307,电脑/办公,正品,正品放心,positive,正品放心
TRAIN_52853,PRODUCT_156270,电脑/办公,正品,正品放心,positive,正品放心
TRAIN_52854,PRODUCT_296680,图书音像,内容,内容一般,negative,内容一般
TRAIN_52857,PRODUCT_105933,图书音像,耐用,容易坏,negative,容易坏
TRAIN_52864,PRODUCT_370496,图书音像,质量,质量差,negative,质量差
TRAIN_52867,PRODUCT_389351,手机/数码,耐用,很耐用,positive,很耐用
TRAIN_52874,PRODUCT_276613,家用电器,价格,性价比高,positive,性价比高
TRAIN_52878,PRODUCT_513015,手机/数码,耐用,容易坏,negative,容易坏
TRAIN_52879,PRODUCT_85628,运动户外,推荐,不推荐,negative,不推荐
TRAIN_52888,PRODUCT_519794,钟表/首饰/眼镜/礼品,推荐,不推荐,negative,不推荐
TRAIN_52915,PRODUCT_504751,机票/充值/票务/虚拟,推荐,会回购,positive,会回购
TRAIN_52926,PRODUCT_258557,图书音像,价格,性价比高,positive,性价比高
TRAIN_52931,PRODUCT_32477,图书音像,内容,内容不错,positive,内容不错
TRAIN_52935,PRODUCT_44457,手机/数码,耐用,很耐用,positive,很耐用
TRAIN_52936,PRODUCT_171376,图书音像,质量,质量差,negative,质量差
TRAIN_52937,PRODUCT_2652,图书音像,包装,包装好,positive,包装好
TRAIN_52941,PRODUCT_61629,图书音像,推荐,会回购,positive,会回购
TRAIN_52942,PRODUCT_438426,家用电器,耐用,容易坏,negative,容易坏
TRAIN_52952,PRODUCT_323459,图书音像,正品,疑似假货,negative,疑似假货
TRAIN_52953,PRODUCT_367913,图书音像,物流,发货快,positive,发货快
TRAIN_52954,PRODUCT_453801,电脑/办公,价格,性价比高,positive,性价比高
TRAIN_52954,PRODUCT_453801,电脑/办公,推荐,会回购,positive,会回购
TRAIN_52957,PRODUCT_331444,电脑/办公,质量,质量好,positive,质量好
TRAIN_52957,PRODUCT_331444,电脑/办公,正品,正品放心,positive,正品放心
TRAIN_52963,PRODUCT_130593,图书音像,推荐,会回购,positive,会回购
TRAIN_52975,PRODUCT_326317,手机/数码,质量,质量好,positive,质量好
TRAIN_52996,PRODUCT_9110,家具/家装/建材,价格,性价比高,positive,性价比高
TRAIN_53009,PRODUCT_417315,家用电器,价格,性价比高,positive,性价比高
TRAIN_53010,PRODUCT_334367,图书音像,物流,发货快,positive,发货快
TRAIN_53021,PRODUCT_294619,图书音像,质量,质量好,positive,质量好
TRAIN_53021,PRODUCT_294619,图书音像,正品,正品放心,positive,正品放心
TRAIN_53026,PRODUCT_421989,图书音像,正品,正品放心,positive,正品放心
TRAIN_53028,PRODUCT_75479,手机/数码,质量,质量差,negative,质量差
TRAIN_53028,PRODUCT_75479,手机/数码,耐用,容易坏,negative,容易坏
TRAIN_53028,PRODUCT_75479,手机/数码,推荐,不推荐,negative,不推荐
TRAIN_53034,PRODUCT_455751,图书音像,质量,质量好,positive,质量好
TRAIN_53034,PRODUCT_455751,图书音像,正品,正品放心,positive,正品放心
TRAIN_53041,PRODUCT_44856,图书音像,正品,正品放心,positive,正品放心
TRAIN_53042,PRODUCT_161542,图书音像,推荐,会回购,positive,会回购
TRAIN_53047,PRODUCT_241883,图书音像,正品,正品放心,positive,正品放心
TRAIN_53048,PRODUCT_55694,家用电器,质量,质量好,positive,质量好
TRAIN_53053,PRODUCT_156553,服饰服装,正品,正品放心,positive,正品放心
TRAIN_53055,PRODUCT_317456,其他,物流,物流慢,negative,物流慢
TRAIN_53057,PRODUCT_330393,手机/数码,质量,质量好,positive,质量好
TRAIN_53057,PRODUCT_330393,手机/数码,价格,性价比高,positive,性价比高
TRAIN_53058,PRODUCT_325209,电脑/办公,价格,性价比高,positive,性价比高
TRAIN_53061,PRODUCT_172465,图书音像,质量,质量好,positive,质量好
TRAIN_53073,PRODUCT_517747,电脑/办公,耐用,容易坏,negative,容易坏
TRAIN_53078,PRODUCT_124602,图书音像,正品,正品放心,positive,正品放心
TRAIN_53080,PRODUCT_131073,母婴/玩具,质量,质量好,positive,质量好
TRAIN_53089,PRODUCT_25731,钟表/首饰/眼镜/礼品,正品,正品放心,positive,正品放心
TRAIN_53096,PRODUCT_189327,图书音像,正品,正品放心,positive,正品放心
TRAIN_53103,PRODUCT_358555,电脑/办公,耐用,容易坏,negative,容易坏
TRAIN_53111,PRODUCT_142122,电脑/办公,包装,包装好,positive,包装好
TRAIN_53119,PRODUCT_508723,图书音像,内容,内容不错,positive,内容不错
TRAIN_53120,PRODUCT_102851,图书音像,正品,正品放心,positive,正品放心
TRAIN_53131,PRODUCT_480479,图书音像,包装,包装好,positive,包装好
TRAIN_53131,PRODUCT_480479,图书音像,正品,正品放心,positive,正品放心
TRAIN_53136,PRODUCT_509395,图书音像,质量,质量好,positive,质量好
TRAIN_53136,PRODUCT_509395,图书音像,推荐,会回购,positive,会回购
TRAIN_53147,PRODUCT_40179,图书音像,价格,性价比高,positive,性价比高
TRAIN_53151,PRODUCT_278152,图书音像,正品,正品放心,positive,正品放心
TRAIN_53156,PRODUCT_410348,美妆个护,味道,味道不错,positive,味道不错
TRAIN_53157,PRODUCT_31033,图书音像,内容,内容不错,positive,内容不错
TRAIN_53162,PRODUCT_465680,图书音像,正品,正品放心,positive,正品放心
TRAIN_53165,PRODUCT_82913,图书音像,质量,质量好,positive,质量好
TRAIN_53165,PRODUCT_82913,图书音像,物流,发货快,positive,发货快
TRAIN_53170,PRODUCT_417700,图书音像,物流,发货快,positive,发货快
TRAIN_53172,PRODUCT_164570,图书音像,包装,包装好,positive,包装好
TRAIN_53178,PRODUCT_381999,家用电器,价格,性价比高,positive,性价比高
TRAIN_53179,PRODUCT_436509,图书音像,价格,性价比高,positive,性价比高
TRAIN_53180,PRODUCT_504770,手机/数码,耐用,很耐用,positive,很耐用
TRAIN_53186,PRODUCT_517552,电脑/办公,质量,质量差,negative,质量差
TRAIN_53190,PRODUCT_504129,电脑/办公,质量,质量好,positive,质量好
TRAIN_53192,PRODUCT_226097,图书音像,正品,疑似假货,negative,疑似假货
TRAIN_53193,PRODUCT_399532,美妆个护,味道,味道不错,positive,味道不错
TRAIN_53198,PRODUCT_521359,图书音像,价格,性价比高,positive,性价比高
TRAIN_53204,PRODUCT_410616,图书音像,正品,正品放心,positive,正品放心
TRAIN_53212,PRODUCT_222436,图书音像,物流,发货快,positive,发货快
TRAIN_53212,PRODUCT_222436,图书音像,包装,包装差,negative,包装差
TRAIN_53216,PRODUCT_83130,图书音像,正品,疑似假货,negative,疑似假货
TRAIN_53217,PRODUCT_341044,图书音像,物流,发货快,positive,发货快
TRAIN_53217,PRODUCT_341044,图书音像,正品,正品放心,positive,正品放心
TRAIN_53229,PRODUCT_152286,图书音像,质量,质量好,positive,质量好
TRAIN_53229,PRODUCT_152286,图书音像,正品,正品放心,positive,正品放心
TRAIN_53239,PRODUCT_411808,图书音像,质量,质量好,positive,质量好
TRAIN_53239,PRODUCT_411808,图书音像,物流,发货快,positive,发货快
TRAIN_53239,PRODUCT_411808,图书音像,正品,正品放心,positive,正品放心
TRAIN_53249,PRODUCT_82276,图书音像,正品,正品放心,positive,正品放心
TRAIN_53252,PRODUCT_177794,图书音像,正品,正品放心,positive,正品放心
TRAIN_53254,PRODUCT_300555,图书音像,质量,质量差,negative,质量差
TRAIN_53255,PRODUCT_205019,图书音像,价格,性价比高,positive,性价比高
TRAIN_53273,PRODUCT_439418,家居生活,正品,正品放心,positive,正品放心
TRAIN_53286,PRODUCT_150116,图书音像,质量,质量好,positive,质量好
TRAIN_53293,PRODUCT_61876,图书音像,包装,包装差,negative,包装差
TRAIN_53297,PRODUCT_421523,图书音像,外观,外观一般,negative,外观一般
TRAIN_53302,PRODUCT_247842,食品/保健,包装,包装好,positive,包装好
TRAIN_53302,PRODUCT_247842,食品/保健,味道,味道不错,positive,味道不错
TRAIN_53305,PRODUCT_31899,图书音像,质量,质量好,positive,质量好
TRAIN_53309,PRODUCT_452278,电脑/办公,正品,正品放心,positive,正品放心
TRAIN_53309,PRODUCT_452278,电脑/办公,正品,疑似假货,negative,疑似假货
TRAIN_53316,PRODUCT_20264,图书音像,正品,疑似假货,negative,疑似假货
TRAIN_53319,PRODUCT_429168,图书音像,质量,质量好,positive,质量好
TRAIN_53319,PRODUCT_429168,图书音像,正品,正品放心,positive,正品放心
TRAIN_53323,PRODUCT_240549,图书音像,包装,包装好,positive,包装好
TRAIN_53328,PRODUCT_99032,图书音像,包装,包装差,negative,包装差
TRAIN_53335,PRODUCT_237825,其他,推荐,会回购,positive,会回购
TRAIN_53339,PRODUCT_313820,电脑/办公,价格,性价比高,positive,性价比高
TRAIN_53346,PRODUCT_80548,图书音像,内容,内容不错,positive,内容不错
TRAIN_53355,PRODUCT_294857,图书音像,正品,正品放心,positive,正品放心
TRAIN_53361,PRODUCT_493095,手机/数码,质量,质量差,negative,质量差
TRAIN_53361,PRODUCT_493095,手机/数码,外观,外观一般,negative,外观一般
TRAIN_53368,PRODUCT_20946,图书音像,耐用,很耐用,positive,很耐用
TRAIN_53369,PRODUCT_219940,钟表/首饰/眼镜/礼品,包装,包装好,positive,包装好
TRAIN_53369,PRODUCT_219940,钟表/首饰/眼镜/礼品,包装,包装差,negative,包装差
TRAIN_53376,PRODUCT_177794,图书音像,正品,正品放心,positive,正品放心
TRAIN_53376,PRODUCT_177794,图书音像,正品,疑似假货,negative,疑似假货
TRAIN_53377,PRODUCT_284213,家居生活,价格,价格贵,negative,价格贵
TRAIN_53378,PRODUCT_236426,美妆个护,正品,正品放心,positive,正品放心
TRAIN_53378,PRODUCT_236426,美妆个护,味道,味道不错,positive,味道不错
TRAIN_53381,PRODUCT_247182,图书音像,质量,质量好,positive,质量好
TRAIN_53381,PRODUCT_247182,图书音像,内容,内容不错,positive,内容不错
TRAIN_53398,PRODUCT_511418,图书音像,正品,正品放心,positive,正品放心
TRAIN_53410,PRODUCT_10650,手机/数码,正品,正品放心,positive,正品放心
TRAIN_53419,PRODUCT_317020,图书音像,质量,质量好,positive,质量好
TRAIN_53426,PRODUCT_380595,图书音像,正品,疑似假货,negative,疑似假货
TRAIN_53428,PRODUCT_289601,食品/保健,味道,味道不错,positive,味道不错
TRAIN_53431,PRODUCT_205047,图书音像,正品,正品放心,positive,正品放心
TRAIN_53433,PRODUCT_444939,图书音像,物流,发货快,positive,发货快
TRAIN_53434,PRODUCT_179118,家居生活,质量,质量好,positive,质量好
TRAIN_53450,PRODUCT_308146,图书音像,正品,疑似假货,negative,疑似假货
TRAIN_53450,PRODUCT_308146,图书音像,内容,内容不错,positive,内容不错
TRAIN_53460,PRODUCT_477381,图书音像,包装,包装好,positive,包装好
TRAIN_53460,PRODUCT_477381,图书音像,内容,内容不错,positive,内容不错
TRAIN_53462,PRODUCT_306926,手机/数码,耐用,很耐用,positive,很耐用
TRAIN_53463,PRODUCT_301061,电脑/办公,价格,性价比高,positive,性价比高
TRAIN_53466,PRODUCT_383389,家用电器,价格,性价比高,positive,性价比高
TRAIN_53470,PRODUCT_363671,图书音像,推荐,不推荐,negative,不推荐
TRAIN_53473,PRODUCT_305457,图书音像,价格,性价比高,positive,性价比高
TRAIN_53476,PRODUCT_374808,美妆个护,质量,质量差,negative,质量差
TRAIN_53477,PRODUCT_119327,图书音像,包装,包装好,positive,包装好
TRAIN_53493,PRODUCT_29991,图书音像,质量,质量好,positive,质量好
TRAIN_53497,PRODUCT_121127,食品/保健,包装,包装好,positive,包装好
TRAIN_53497,PRODUCT_121127,食品/保健,味道,味道不错,positive,味道不错
TRAIN_53500,PRODUCT_269328,图书音像,物流,发货快,positive,发货快
TRAIN_53509,PRODUCT_287523,图书音像,内容,内容不错,positive,内容不错
TRAIN_53510,PRODUCT_91033,图书音像,物流,发货快,positive,发货快
TRAIN_53519,PRODUCT_223154,图书音像,外观,外观好看,positive,外观好看
TRAIN_53524,PRODUCT_40612,图书音像,质量,质量好,positive,质量好
TRAIN_53537,PRODUCT_440984,电脑/办公,正品,正品放心,positive,正品放心
TRAIN_53542,PRODUCT_253385,美妆个护,味道,味道不错,positive,味道不错
TRAIN_53558,PRODUCT_148028,图书音像,质量,质量好,positive,质量好
TRAIN_53572,PRODUCT_292448,手机/数码,质量,质量好,positive,质量好
TRAIN_53579,PRODUCT_442768,图书音像,内容,内容一般,negative,内容一般
TRAIN_53580,PRODUCT_463832,图书音像,价格,性价比高,positive,性价比高
TRAIN_53586,PRODUCT_191478,电脑/办公,质量,质量差,negative,质量差
TRAIN_53593,PRODUCT_347009,图书音像,质量,质量好,positive,质量好
TRAIN_53596,PRODUCT_247221,家用电器,正品,正品放心,positive,正品放心
TRAIN_53599,PRODUCT_383630,美妆个护,价格,性价比高,positive,性价比高
TRAIN_53607,PRODUCT_304614,家居生活,正品,正品放心,positive,正品放心
TRAIN_53610,PRODUCT_312039,图书音像,质量,质量差,negative,质量差
TRAIN_53631,PRODUCT_246633,图书音像,质量,质量好,positive,质量好
TRAIN_53634,PRODUCT_473503,家用电器,耐用,容易坏,negative,容易坏
TRAIN_53635,PRODUCT_191495,图书音像,质量,质量好,positive,质量好
TRAIN_53636,PRODUCT_410739,图书音像,正品,疑似假货,negative,疑似假货
TRAIN_53642,PRODUCT_219928,家居生活,价格,性价比高,positive,性价比高
TRAIN_53642,PRODUCT_219928,家居生活,推荐,会回购,positive,会回购
TRAIN_53645,PRODUCT_368015,图书音像,推荐,不推荐,negative,不推荐
TRAIN_53651,PRODUCT_196110,家具/家装/建材,耐用,很耐用,positive,很耐用
TRAIN_53652,PRODUCT_229511,运动户外,质量,质量好,positive,质量好
TRAIN_53662,PRODUCT_110560,电脑/办公,物流,发货快,positive,发货快
TRAIN_53664,PRODUCT_522721,图书音像,包装,包装好,positive,包装好
TRAIN_53668,PRODUCT_412690,钟表/首饰/眼镜/礼品,物流,发货快,positive,发货快
TRAIN_53668,PRODUCT_412690,钟表/首饰/眼镜/礼品,价格,性价比高,positive,性价比高
TRAIN_53671,PRODUCT_341915,电脑/办公,外观,外观好看,positive,外观好看
TRAIN_53672,PRODUCT_306064,食品/保健,正品,正品放心,positive,正品放心
TRAIN_53672,PRODUCT_306064,食品/保健,味道,味道不错,positive,味道不错
TRAIN_53675,PRODUCT_107096,图书音像,价格,性价比高,positive,性价比高
TRAIN_53691,PRODUCT_166460,图书音像,质量,质量好,positive,质量好
TRAIN_53691,PRODUCT_166460,图书音像,包装,包装好,positive,包装好
TRAIN_53691,PRODUCT_166460,图书音像,内容,内容不错,positive,内容不错
TRAIN_53693,PRODUCT_237315,美妆个护,正品,疑似假货,negative,疑似假货
TRAIN_53701,PRODUCT_336578,图书音像,物流,发货快,positive,发货快
TRAIN_53703,PRODUCT_203333,图书音像,包装,包装差,negative,包装差
TRAIN_53704,PRODUCT_473445,图书音像,质量,质量好,positive,质量好
TRAIN_53704,PRODUCT_473445,图书音像,价格,价格贵,negative,价格贵
TRAIN_53705,PRODUCT_133810,图书音像,价格,价格贵,negative,价格贵
TRAIN_53707,PRODUCT_162780,家具/家装/建材,耐用,很耐用,positive,很耐用
TRAIN_53713,PRODUCT_307611,鞋类箱包,耐用,容易坏,negative,容易坏
TRAIN_53729,PRODUCT_80558,图书音像,耐用,容易坏,negative,容易坏
TRAIN_53753,PRODUCT_19139,图书音像,质量,质量好,positive,质量好
TRAIN_53755,PRODUCT_87039,手机/数码,价格,性价比高,positive,性价比高
TRAIN_53758,PRODUCT_458253,图书音像,内容,内容不错,positive,内容不错
TRAIN_53760,PRODUCT_317918,图书音像,耐用,容易坏,negative,容易坏
TRAIN_53765,PRODUCT_498623,图书音像,正品,正品放心,positive,正品放心
TRAIN_53770,PRODUCT_269578,图书音像,质量,质量差,negative,质量差
TRAIN_53773,PRODUCT_17663,图书音像,质量,质量好,positive,质量好
TRAIN_53789,PRODUCT_450621,钟表/首饰/眼镜/礼品,价格,性价比高,positive,性价比高
TRAIN_53802,PRODUCT_242455,手机/数码,价格,性价比高,positive,性价比高
TRAIN_53807,PRODUCT_213360,图书音像,正品,正品放心,positive,正品放心
TRAIN_53809,PRODUCT_217668,图书音像,正品,正品放心,positive,正品放心
TRAIN_53822,PRODUCT_51076,图书音像,包装,包装好,positive,包装好
TRAIN_53826,PRODUCT_75022,图书音像,正品,疑似假货,negative,疑似假货
TRAIN_53832,PRODUCT_312849,美妆个护,正品,正品放心,positive,正品放心
TRAIN_53833,PRODUCT_117610,图书音像,正品,正品放心,positive,正品放心
TRAIN_53834,PRODUCT_314607,手机/数码,质量,质量差,negative,质量差
TRAIN_53834,PRODUCT_314607,手机/数码,正品,正品放心,positive,正品放心
TRAIN_53834,PRODUCT_314607,手机/数码,耐用,容易坏,negative,容易坏
TRAIN_53835,PRODUCT_223932,家用电器,正品,疑似假货,negative,疑似假货
TRAIN_53853,PRODUCT_505565,电脑/办公,正品,正品放心,positive,正品放心
TRAIN_53860,PRODUCT_150680,家用电器,物流,物流慢,negative,物流慢
TRAIN_53864,PRODUCT_258340,图书音像,质量,质量差,negative,质量差
TRAIN_53876,PRODUCT_232276,图书音像,推荐,不推荐,negative,不推荐
TRAIN_53877,PRODUCT_224526,图书音像,包装,包装好,positive,包装好
TRAIN_53878,PRODUCT_247884,图书音像,质量,质量好,positive,质量好
TRAIN_53895,PRODUCT_499098,图书音像,质量,质量好,positive,质量好
TRAIN_53895,PRODUCT_499098,图书音像,价格,性价比高,positive,性价比高
TRAIN_53900,PRODUCT_218644,美妆个护,正品,正品放心,positive,正品放心
TRAIN_53901,PRODUCT_101022,电脑/办公,质量,质量好,positive,质量好
TRAIN_53901,PRODUCT_101022,电脑/办公,价格,性价比高,positive,性价比高
TRAIN_53901,PRODUCT_101022,电脑/办公,推荐,会回购,positive,会回购
TRAIN_53902,PRODUCT_503336,图书音像,内容,内容不错,positive,内容不错
TRAIN_53907,PRODUCT_144992,图书音像,物流,发货快,positive,发货快
TRAIN_53914,PRODUCT_440034,图书音像,质量,质量好,positive,质量好
TRAIN_53916,PRODUCT_476006,图书音像,内容,内容不错,positive,内容不错
TRAIN_53922,PRODUCT_407428,电脑/办公,质量,质量差,negative,质量差
TRAIN_53922,PRODUCT_407428,电脑/办公,耐用,容易坏,negative,容易坏
TRAIN_53922,PRODUCT_407428,电脑/办公,推荐,不推荐,negative,不推荐
TRAIN_53924,PRODUCT_251749,家用电器,价格,性价比高,positive,性价比高
TRAIN_53927,PRODUCT_434145,图书音像,推荐,会回购,positive,会回购
TRAIN_53929,PRODUCT_252775,图书音像,推荐,会回购,positive,会回购
TRAIN_53935,PRODUCT_82259,家居生活,价格,性价比高,positive,性价比高
TRAIN_53947,PRODUCT_293116,图书音像,质量,质量好,positive,质量好
TRAIN_53956,PRODUCT_155177,图书音像,推荐,会回购,positive,会回购
TRAIN_53957,PRODUCT_64549,图书音像,价格,性价比高,positive,性价比高
TRAIN_53959,PRODUCT_341531,图书音像,质量,质量好,positive,质量好
TRAIN_53960,PRODUCT_262910,图书音像,质量,质量好,positive,质量好
TRAIN_53962,PRODUCT_358586,美妆个护,价格,性价比高,positive,性价比高
TRAIN_53966,PRODUCT_170678,美妆个护,味道,味道不错,positive,味道不错
TRAIN_53967,PRODUCT_334697,图书音像,正品,疑似假货,negative,疑似假货
TRAIN_53973,PRODUCT_519708,图书音像,价格,价格贵,negative,价格贵
TRAIN_53974,PRODUCT_470546,手机/数码,耐用,容易坏,negative,容易坏
TRAIN_53978,PRODUCT_55547,食品/保健,味道,味道不错,positive,味道不错
TRAIN_53980,PRODUCT_287180,图书音像,正品,疑似假货,negative,疑似假货
TRAIN_53985,PRODUCT_271560,图书音像,质量,质量好,positive,质量好
TRAIN_53992,PRODUCT_297273,图书音像,内容,内容不错,positive,内容不错
TRAIN_53994,PRODUCT_17768,手机/数码,正品,正品放心,positive,正品放心
TRAIN_53997,PRODUCT_243804,手机/数码,质量,质量好,positive,质量好
TRAIN_54000,PRODUCT_47486,图书音像,正品,正品放心,positive,正品放心
TRAIN_54002,PRODUCT_236062,图书音像,正品,正品放心,positive,正品放心
TRAIN_54003,PRODUCT_19011,图书音像,价格,性价比高,positive,性价比高
TRAIN_54004,PRODUCT_64717,钟表/首饰/眼镜/礼品,正品,正品放心,positive,正品放心
TRAIN_54006,PRODUCT_341044,图书音像,质量,质量好,positive,质量好
TRAIN_54006,PRODUCT_341044,图书音像,物流,发货快,positive,发货快
TRAIN_54008,PRODUCT_183417,其他,正品,正品放心,positive,正品放心
TRAIN_54019,PRODUCT_408748,电脑/办公,正品,正品放心,positive,正品放心
TRAIN_54029,PRODUCT_411874,图书音像,价格,性价比高,positive,性价比高
TRAIN_54034,PRODUCT_121837,图书音像,正品,正品放心,positive,正品放心
TRAIN_54059,PRODUCT_45243,手机/数码,耐用,容易坏,negative,容易坏
TRAIN_54070,PRODUCT_375855,图书音像,价格,价格贵,negative,价格贵
TRAIN_54070,PRODUCT_375855,图书音像,内容,内容不错,positive,内容不错
TRAIN_54073,PRODUCT_495081,图书音像,质量,质量好,positive,质量好
TRAIN_54091,PRODUCT_96112,电脑/办公,质量,质量好,positive,质量好
TRAIN_54095,PRODUCT_73304,电脑/办公,物流,发货快,positive,发货快
TRAIN_54095,PRODUCT_73304,电脑/办公,包装,包装好,positive,包装好
TRAIN_54096,PRODUCT_351316,图书音像,物流,发货快,positive,发货快
TRAIN_54096,PRODUCT_351316,图书音像,包装,包装差,negative,包装差
TRAIN_54098,PRODUCT_193786,图书音像,价格,性价比高,positive,性价比高
TRAIN_54103,PRODUCT_27322,家具/家装/建材,价格,性价比高,positive,性价比高
TRAIN_54136,PRODUCT_306667,电脑/办公,价格,性价比高,positive,性价比高
TRAIN_54151,PRODUCT_225990,图书音像,推荐,会回购,positive,会回购
TRAIN_54155,PRODUCT_413466,图书音像,价格,性价比高,positive,性价比高
TRAIN_54170,PRODUCT_269802,图书音像,物流,发货快,positive,发货快
TRAIN_54173,PRODUCT_400668,手机/数码,正品,正品放心,positive,正品放心
TRAIN_54174,PRODUCT_59101,图书音像,质量,质量差,negative,质量差
TRAIN_54174,PRODUCT_59101,图书音像,正品,疑似假货,negative,疑似假货
TRAIN_54178,PRODUCT_244048,图书音像,价格,性价比高,positive,性价比高
TRAIN_54181,PRODUCT_298276,图书音像,质量,质量好,positive,质量好
TRAIN_54186,PRODUCT_89801,图书音像,正品,疑似假货,negative,疑似假货
TRAIN_54201,PRODUCT_421330,图书音像,推荐,会回购,positive,会回购
TRAIN_54204,PRODUCT_479815,电脑/办公,耐用,容易坏,negative,容易坏
TRAIN_54218,PRODUCT_201814,家居生活,耐用,很耐用,positive,很耐用
TRAIN_54221,PRODUCT_39462,手机/数码,质量,质量好,positive,质量好
TRAIN_54227,PRODUCT_518395,家用电器,价格,性价比高,positive,性价比高
TRAIN_54228,PRODUCT_96035,图书音像,推荐,会回购,positive,会回购
TRAIN_54230,PRODUCT_354935,电脑/办公,物流,发货快,positive,发货快
TRAIN_54231,PRODUCT_7686,家用电器,耐用,很耐用,positive,很耐用
TRAIN_54233,PRODUCT_195017,图书音像,价格,价格贵,negative,价格贵
TRAIN_54237,PRODUCT_112786,图书音像,正品,正品放心,positive,正品放心
TRAIN_54240,PRODUCT_40918,电脑/办公,质量,质量好,positive,质量好
TRAIN_54240,PRODUCT_40918,电脑/办公,价格,性价比高,positive,性价比高
TRAIN_54247,PRODUCT_360648,图书音像,物流,物流慢,negative,物流慢
TRAIN_54251,PRODUCT_46330,手机/数码,正品,正品放心,positive,正品放心
TRAIN_54255,PRODUCT_42532,美妆个护,味道,味道不错,positive,味道不错
TRAIN_54257,PRODUCT_445273,图书音像,质量,质量好,positive,质量好
TRAIN_54260,PRODUCT_183166,运动户外,价格,性价比高,positive,性价比高
TRAIN_54261,PRODUCT_101999,图书音像,质量,质量好,positive,质量好
TRAIN_54263,PRODUCT_98324,图书音像,质量,质量差,negative,质量差
TRAIN_54270,PRODUCT_114746,电脑/办公,价格,性价比高,positive,性价比高
TRAIN_54277,PRODUCT_501299,图书音像,正品,正品放心,positive,正品放心
TRAIN_54278,PRODUCT_235393,图书音像,内容,内容不错,positive,内容不错
TRAIN_54285,PRODUCT_308188,母婴/玩具,物流,发货快,positive,发货快
TRAIN_54285,PRODUCT_308188,母婴/玩具,包装,包装好,positive,包装好
TRAIN_54296,PRODUCT_170968,图书音像,质量,质量差,negative,质量差
TRAIN_54297,PRODUCT_235642,图书音像,内容,内容不错,positive,内容不错
TRAIN_54308,PRODUCT_347044,图书音像,质量,质量好,positive,质量好
TRAIN_54319,PRODUCT_485365,图书音像,物流,发货快,positive,发货快
TRAIN_54320,PRODUCT_135269,图书音像,价格,性价比高,positive,性价比高
TRAIN_54320,PRODUCT_135269,图书音像,耐用,很耐用,positive,很耐用
TRAIN_54322,PRODUCT_435763,电脑/办公,正品,正品放心,positive,正品放心
TRAIN_54323,PRODUCT_439418,家居生活,价格,性价比高,positive,性价比高
TRAIN_54335,PRODUCT_156838,家用电器,质量,质量好,positive,质量好
TRAIN_54336,PRODUCT_263508,图书音像,正品,疑似假货,negative,疑似假货
TRAIN_54341,PRODUCT_335318,图书音像,内容,内容不错,positive,内容不错
TRAIN_54350,PRODUCT_501299,图书音像,质量,质量好,positive,质量好
TRAIN_54352,PRODUCT_459330,图书音像,内容,内容不错,positive,内容不错
TRAIN_54358,PRODUCT_180628,图书音像,正品,正品放心,positive,正品放心
TRAIN_54359,PRODUCT_294282,图书音像,质量,质量好,positive,质量好
TRAIN_54360,PRODUCT_415502,图书音像,正品,正品放心,positive,正品放心
TRAIN_54363,PRODUCT_524674,图书音像,内容,内容一般,negative,内容一般
TRAIN_54367,PRODUCT_106799,图书音像,价格,性价比高,positive,性价比高
TRAIN_54372,PRODUCT_59042,图书音像,包装,包装差,negative,包装差
TRAIN_54374,PRODUCT_200486,图书音像,正品,正品放心,positive,正品放心
TRAIN_54383,PRODUCT_113143,图书音像,质量,质量好,positive,质量好
TRAIN_54385,PRODUCT_304874,图书音像,质量,质量好,positive,质量好
TRAIN_54386,PRODUCT_427722,图书音像,内容,内容一般,negative,内容一般
TRAIN_54389,PRODUCT_85371,手机/数码,耐用,很耐用,positive,很耐用
TRAIN_54390,PRODUCT_114887,家居生活,耐用,很耐用,positive,很耐用
TRAIN_54395,PRODUCT_454582,图书音像,质量,质量好,positive,质量好
TRAIN_54395,PRODUCT_454582,图书音像,包装,包装好,positive,包装好
TRAIN_54407,PRODUCT_19365,图书音像,正品,正品放心,positive,正品放心
TRAIN_54414,PRODUCT_497243,钟表/首饰/眼镜/礼品,包装,包装好,positive,包装好
TRAIN_54435,PRODUCT_170340,图书音像,质量,质量好,positive,质量好
TRAIN_54437,PRODUCT_134795,图书音像,质量,质量好,positive,质量好
TRAIN_54447,PRODUCT_441727,美妆个护,正品,正品放心,positive,正品放心
TRAIN_54449,PRODUCT_408576,图书音像,推荐,会回购,positive,会回购
TRAIN_54452,PRODUCT_42445,图书音像,价格,价格贵,negative,价格贵
TRAIN_54468,PRODUCT_15438,图书音像,内容,内容不错,positive,内容不错
TRAIN_54482,PRODUCT_498555,图书音像,内容,内容不错,positive,内容不错
TRAIN_54486,PRODUCT_362604,图书音像,价格,价格贵,negative,价格贵
TRAIN_54491,PRODUCT_185008,手机/数码,包装,包装好,positive,包装好
TRAIN_54492,PRODUCT_247889,图书音像,质量,质量好,positive,质量好
TRAIN_54493,PRODUCT_333648,手机/数码,包装,包装好,positive,包装好
TRAIN_54493,PRODUCT_333648,手机/数码,价格,性价比高,positive,性价比高
TRAIN_54498,PRODUCT_79248,服饰服装,物流,发货快,positive,发货快
TRAIN_54506,PRODUCT_467963,图书音像,价格,性价比高,positive,性价比高
TRAIN_54514,PRODUCT_241371,家用电器,质量,质量好,positive,质量好
TRAIN_54515,PRODUCT_494191,图书音像,内容,内容不错,positive,内容不错
TRAIN_54525,PRODUCT_378914,图书音像,推荐,会回购,positive,会回购
TRAIN_54526,PRODUCT_120117,家具/家装/建材,价格,性价比高,positive,性价比高
TRAIN_54529,PRODUCT_26498,图书音像,价格,性价比高,positive,性价比高
TRAIN_54529,PRODUCT_26498,图书音像,价格,价格贵,negative,价格贵
TRAIN_54542,PRODUCT_57100,家具/家装/建材,质量,质量差,negative,质量差
TRAIN_54555,PRODUCT_161954,图书音像,正品,正品放心,positive,正品放心
TRAIN_54557,PRODUCT_228512,图书音像,正品,正品放心,positive,正品放心
TRAIN_54559,PRODUCT_512717,手机/数码,质量,质量好,positive,质量好
TRAIN_54568,PRODUCT_400118,图书音像,价格,性价比高,positive,性价比高
TRAIN_54576,PRODUCT_398290,图书音像,质量,质量好,positive,质量好
TRAIN_54580,PRODUCT_515298,图书音像,推荐,会回购,positive,会回购
TRAIN_54585,PRODUCT_185235,图书音像,正品,正品放心,positive,正品放心
TRAIN_54588,PRODUCT_326376,图书音像,物流,物流慢,negative,物流慢
TRAIN_54593,PRODUCT_171207,图书音像,物流,发货快,positive,发货快
TRAIN_54598,PRODUCT_179752,家居生活,价格,性价比高,positive,性价比高
TRAIN_54610,PRODUCT_443703,图书音像,正品,疑似假货,negative,疑似假货
TRAIN_54611,PRODUCT_313912,家居生活,推荐,会回购,positive,会回购
TRAIN_54614,PRODUCT_446337,图书音像,质量,质量好,positive,质量好
TRAIN_54623,PRODUCT_474728,图书音像,质量,质量好,positive,质量好
TRAIN_54623,PRODUCT_474728,图书音像,物流,发货快,positive,发货快
TRAIN_54625,PRODUCT_191801,图书音像,质量,质量好,positive,质量好
TRAIN_54625,PRODUCT_191801,图书音像,正品,正品放心,positive,正品放心
TRAIN_54630,PRODUCT_441107,图书音像,质量,质量好,positive,质量好
TRAIN_54632,PRODUCT_450364,家居生活,质量,质量好,positive,质量好
TRAIN_54648,PRODUCT_471216,家用电器,正品,正品放心,positive,正品放心
TRAIN_54650,PRODUCT_342168,图书音像,包装,包装差,negative,包装差
TRAIN_54660,PRODUCT_270594,电脑/办公,价格,性价比高,positive,性价比高
TRAIN_54661,PRODUCT_289249,美妆个护,正品,正品放心,positive,正品放心
TRAIN_54678,PRODUCT_61117,家用电器,正品,正品放心,positive,正品放心
TRAIN_54678,PRODUCT_61117,家用电器,正品,疑似假货,negative,疑似假货
TRAIN_54678,PRODUCT_61117,家用电器,耐用,容易坏,negative,容易坏
TRAIN_54682,PRODUCT_166753,图书音像,质量,质量好,positive,质量好
TRAIN_54682,PRODUCT_166753,图书音像,正品,正品放心,positive,正品放心
TRAIN_54688,PRODUCT_50935,电脑/办公,耐用,容易坏,negative,容易坏
TRAIN_54694,PRODUCT_401980,家用电器,正品,正品放心,positive,正品放心
TRAIN_54703,PRODUCT_283048,图书音像,价格,性价比高,positive,性价比高
TRAIN_54703,PRODUCT_283048,图书音像,内容,内容一般,negative,内容一般
TRAIN_54705,PRODUCT_301984,图书音像,质量,质量好,positive,质量好
TRAIN_54706,PRODUCT_463785,图书音像,包装,包装好,positive,包装好
TRAIN_54707,PRODUCT_325130,美妆个护,正品,正品放心,positive,正品放心
TRAIN_54709,PRODUCT_301083,图书音像,包装,包装好,positive,包装好
TRAIN_54709,PRODUCT_301083,图书音像,正品,正品放心,positive,正品放心
TRAIN_54711,PRODUCT_318513,图书音像,正品,正品放心,positive,正品放心
TRAIN_54721,PRODUCT_46215,图书音像,内容,内容不错,positive,内容不错
TRAIN_54726,PRODUCT_221495,手机/数码,质量,质量差,negative,质量差
TRAIN_54726,PRODUCT_221495,手机/数码,耐用,容易坏,negative,容易坏
TRAIN_54730,PRODUCT_407428,电脑/办公,质量,质量好,positive,质量好
TRAIN_54731,PRODUCT_89811,其他,正品,疑似假货,negative,疑似假货
TRAIN_54732,PRODUCT_399666,图书音像,质量,质量好,positive,质量好
TRAIN_54733,PRODUCT_47348,图书音像,内容,内容不错,positive,内容不错
TRAIN_54735,PRODUCT_149296,图书音像,正品,正品放心,positive,正品放心
TRAIN_54737,PRODUCT_386352,图书音像,内容,内容一般,negative,内容一般
TRAIN_54738,PRODUCT_253455,图书音像,包装,包装好,positive,包装好
TRAIN_54739,PRODUCT_304688,图书音像,正品,正品放心,positive,正品放心
TRAIN_54740,PRODUCT_408245,母婴/玩具,质量,质量好,positive,质量好
TRAIN_54751,PRODUCT_293021,图书音像,内容,内容不错,positive,内容不错
TRAIN_54760,PRODUCT_449357,图书音像,质量,质量好,positive,质量好
TRAIN_54760,PRODUCT_449357,图书音像,正品,正品放心,positive,正品放心
TRAIN_54762,PRODUCT_143380,家用电器,价格,性价比高,positive,性价比高
TRAIN_54763,PRODUCT_370606,图书音像,质量,质量好,positive,质量好
TRAIN_54772,PRODUCT_435176,图书音像,物流,发货快,positive,发货快
TRAIN_54774,PRODUCT_190575,图书音像,正品,正品放心,positive,正品放心
TRAIN_54790,PRODUCT_376213,手机/数码,物流,发货快,positive,发货快
TRAIN_54795,PRODUCT_26326,图书音像,质量,质量好,positive,质量好
TRAIN_54795,PRODUCT_26326,图书音像,正品,正品放心,positive,正品放心
TRAIN_54804,PRODUCT_35788,图书音像,质量,质量好,positive,质量好
TRAIN_54808,PRODUCT_252853,图书音像,质量,质量好,positive,质量好
TRAIN_54815,PRODUCT_90990,电脑/办公,价格,性价比高,positive,性价比高
TRAIN_54815,PRODUCT_90990,电脑/办公,正品,正品放心,positive,正品放心
TRAIN_54834,PRODUCT_241680,图书音像,质量,质量好,positive,质量好
TRAIN_54835,PRODUCT_235642,图书音像,内容,内容不错,positive,内容不错
TRAIN_54841,PRODUCT_406305,电脑/办公,正品,疑似假货,negative,疑似假货
TRAIN_54849,PRODUCT_166260,图书音像,推荐,会回购,positive,会回购
TRAIN_54853,PRODUCT_36459,图书音像,推荐,会回购,positive,会回购
TRAIN_54858,PRODUCT_336939,家用电器,质量,质量好,positive,质量好
TRAIN_54858,PRODUCT_336939,家用电器,物流,发货快,positive,发货快
TRAIN_54861,PRODUCT_518858,图书音像,质量,质量好,positive,质量好
TRAIN_54882,PRODUCT_375766,图书音像,内容,内容不错,positive,内容不错
TRAIN_54892,PRODUCT_92480,手机/数码,质量,质量差,negative,质量差
TRAIN_54892,PRODUCT_92480,手机/数码,耐用,容易坏,negative,容易坏
TRAIN_54893,PRODUCT_364051,图书音像,内容,内容不错,positive,内容不错
TRAIN_54896,PRODUCT_470187,电脑/办公,正品,疑似假货,negative,疑似假货
TRAIN_54896,PRODUCT_470187,电脑/办公,推荐,不推荐,negative,不推荐
TRAIN_54927,PRODUCT_362135,手机/数码,包装,包装好,positive,包装好
TRAIN_54929,PRODUCT_12492,图书音像,正品,疑似假货,negative,疑似假货
TRAIN_54931,PRODUCT_135251,图书音像,推荐,会回购,positive,会回购
TRAIN_54935,PRODUCT_306919,图书音像,推荐,不推荐,negative,不推荐
TRAIN_54936,PRODUCT_141224,图书音像,质量,质量好,positive,质量好
TRAIN_54937,PRODUCT_488420,图书音像,推荐,会回购,positive,会回购
TRAIN_54939,PRODUCT_150751,其他,物流,发货快,positive,发货快
TRAIN_54943,PRODUCT_321795,图书音像,质量,质量差,negative,质量差
TRAIN_54943,PRODUCT_321795,图书音像,正品,疑似假货,negative,疑似假货
TRAIN_54951,PRODUCT_106838,图书音像,质量,质量好,positive,质量好
TRAIN_54957,PRODUCT_467672,图书音像,质量,质量好,positive,质量好
TRAIN_54964,PRODUCT_464890,电脑/办公,耐用,容易坏,negative,容易坏
TRAIN_54969,PRODUCT_474237,图书音像,正品,正品放心,positive,正品放心
TRAIN_54969,PRODUCT_474237,图书音像,耐用,很耐用,positive,很耐用
TRAIN_54977,PRODUCT_293594,图书音像,正品,疑似假货,negative,疑似假货
TRAIN_54985,PRODUCT_230731,美妆个护,物流,发货快,positive,发货快
TRAIN_54991,PRODUCT_237315,美妆个护,正品,正品放心,positive,正品放心
TRAIN_54992,PRODUCT_135354,图书音像,质量,质量好,positive,质量好
TRAIN_54993,PRODUCT_453896,其他,耐用,很耐用,positive,很耐用
TRAIN_54995,PRODUCT_90622,图书音像,内容,内容不错,positive,内容不错
TRAIN_54997,PRODUCT_98846,图书音像,正品,正品放心,positive,正品放心
TRAIN_54998,PRODUCT_428462,图书音像,正品,疑似假货,negative,疑似假货
TRAIN_55007,PRODUCT_106606,图书音像,质量,质量好,positive,质量好
TRAIN_55011,PRODUCT_464054,图书音像,内容,内容不错,positive,内容不错
TRAIN_55014,PRODUCT_263510,图书音像,正品,疑似假货,negative,疑似假货
TRAIN_55024,PRODUCT_395826,电脑/办公,质量,质量好,positive,质量好
TRAIN_55024,PRODUCT_395826,电脑/办公,物流,发货快,positive,发货快
TRAIN_55026,PRODUCT_250151,图书音像,质量,质量好,positive,质量好
TRAIN_55035,PRODUCT_430012,图书音像,正品,正品放心,positive,正品放心
TRAIN_55036,PRODUCT_337164,图书音像,质量,质量好,positive,质量好
TRAIN_55058,PRODUCT_144698,图书音像,价格,性价比高,positive,性价比高
TRAIN_55062,PRODUCT_492339,家用电器,价格,性价比高,positive,性价比高
TRAIN_55071,PRODUCT_176997,家居生活,质量,质量好,positive,质量好
TRAIN_55074,PRODUCT_304614,家居生活,质量,质量好,positive,质量好
TRAIN_55077,PRODUCT_160981,手机/数码,屏幕,屏幕差,negative,屏幕差
TRAIN_55078,PRODUCT_255715,图书音像,正品,正品放心,positive,正品放心
TRAIN_55079,PRODUCT_91624,图书音像,价格,性价比高,positive,性价比高
TRAIN_55090,PRODUCT_452667,食品/保健,味道,味道不错,positive,味道不错
TRAIN_55091,PRODUCT_12490,图书音像,正品,疑似假货,negative,疑似假货
TRAIN_55096,PRODUCT_45023,家用电器,物流,发货快,positive,发货快
TRAIN_55096,PRODUCT_45023,家用电器,推荐,会回购,positive,会回购
TRAIN_55098,PRODUCT_19845,家具/家装/建材,质量,质量好,positive,质量好
TRAIN_55102,PRODUCT_276194,图书音像,外观,外观一般,negative,外观一般
TRAIN_55109,PRODUCT_517719,图书音像,正品,疑似假货,negative,疑似假货
TRAIN_55115,PRODUCT_456688,图书音像,质量,质量好,positive,质量好
TRAIN_55130,PRODUCT_190575,图书音像,正品,正品放心,positive,正品放心
TRAIN_55138,PRODUCT_435237,图书音像,内容,内容不错,positive,内容不错
TRAIN_55145,PRODUCT_320046,图书音像,包装,包装差,negative,包装差
TRAIN_55152,PRODUCT_228737,图书音像,质量,质量差,negative,质量差
TRAIN_55152,PRODUCT_228737,图书音像,内容,内容一般,negative,内容一般
TRAIN_55157,PRODUCT_209714,图书音像,质量,质量好,positive,质量好
TRAIN_55157,PRODUCT_209714,图书音像,正品,正品放心,positive,正品放心
TRAIN_55163,PRODUCT_479592,图书音像,价格,价格贵,negative,价格贵
TRAIN_55165,PRODUCT_78955,图书音像,内容,内容不错,positive,内容不错
TRAIN_55175,PRODUCT_462630,食品/保健,味道,味道不错,positive,味道不错
TRAIN_55176,PRODUCT_474919,图书音像,正品,正品放心,positive,正品放心
TRAIN_55188,PRODUCT_230860,图书音像,内容,内容不错,positive,内容不错
TRAIN_55199,PRODUCT_412046,图书音像,正品,正品放心,positive,正品放心
TRAIN_55199,PRODUCT_412046,图书音像,正品,疑似假货,negative,疑似假货
TRAIN_55202,PRODUCT_246089,图书音像,推荐,不推荐,negative,不推荐
TRAIN_55216,PRODUCT_414388,图书音像,正品,正品放心,positive,正品放心
TRAIN_55217,PRODUCT_199769,图书音像,推荐,会回购,positive,会回购
TRAIN_55228,PRODUCT_291528,手机/数码,价格,性价比高,positive,性价比高
TRAIN_55240,PRODUCT_37018,图书音像,质量,质量好,positive,质量好
TRAIN_55240,PRODUCT_37018,图书音像,正品,正品放心,positive,正品放心
TRAIN_55245,PRODUCT_498866,图书音像,质量,质量好,positive,质量好
TRAIN_55253,PRODUCT_80769,图书音像,正品,正品放心,positive,正品放心
TRAIN_55255,PRODUCT_130680,图书音像,包装,包装好,positive,包装好
TRAIN_55258,PRODUCT_83263,家居生活,物流,发货快,positive,发货快
TRAIN_55269,PRODUCT_74092,图书音像,包装,包装好,positive,包装好
TRAIN_55271,PRODUCT_379322,家居生活,质量,质量好,positive,质量好
TRAIN_55276,PRODUCT_441759,电脑/办公,价格,性价比高,positive,性价比高
TRAIN_55280,PRODUCT_476442,手机/数码,质量,质量好,positive,质量好
TRAIN_55280,PRODUCT_476442,手机/数码,正品,正品放心,positive,正品放心
TRAIN_55283,PRODUCT_167289,电脑/办公,正品,正品放心,positive,正品放心
TRAIN_55286,PRODUCT_469304,图书音像,推荐,会回购,positive,会回购
TRAIN_55287,PRODUCT_422314,图书音像,质量,质量好,positive,质量好
TRAIN_55287,PRODUCT_422314,图书音像,价格,价格贵,negative,价格贵
TRAIN_55302,PRODUCT_90742,家用电器,包装,包装好,positive,包装好
TRAIN_55302,PRODUCT_90742,家用电器,价格,性价比高,positive,性价比高
TRAIN_55313,PRODUCT_110205,电脑/办公,价格,性价比高,positive,性价比高
TRAIN_55315,PRODUCT_375976,其他,包装,包装差,negative,包装差
TRAIN_55330,PRODUCT_153188,图书音像,内容,内容一般,negative,内容一般
TRAIN_55335,PRODUCT_348553,图书音像,包装,包装好,positive,包装好
TRAIN_55341,PRODUCT_355262,图书音像,内容,内容不错,positive,内容不错
TRAIN_55343,PRODUCT_222870,图书音像,推荐,会回购,positive,会回购
TRAIN_55347,PRODUCT_166138,美妆个护,味道,味道不错,positive,味道不错
TRAIN_55349,PRODUCT_181081,电脑/办公,价格,性价比高,positive,性价比高
TRAIN_55359,PRODUCT_483518,图书音像,内容,内容不错,positive,内容不错
TRAIN_55365,PRODUCT_78664,图书音像,正品,正品放心,positive,正品放心
TRAIN_55365,PRODUCT_78664,图书音像,正品,疑似假货,negative,疑似假货
TRAIN_55379,PRODUCT_249493,电脑/办公,包装,包装好,positive,包装好
TRAIN_55380,PRODUCT_237112,美妆个护,价格,性价比高,positive,性价比高
TRAIN_55384,PRODUCT_446969,图书音像,正品,正品放心,positive,正品放心
TRAIN_55385,PRODUCT_494029,手机/数码,价格,性价比高,positive,性价比高
TRAIN_55395,PRODUCT_102797,鞋类箱包,质量,质量好,positive,质量好
TRAIN_55399,PRODUCT_75187,图书音像,质量,质量差,negative,质量差
TRAIN_55410,PRODUCT_209575,图书音像,价格,性价比高,positive,性价比高
TRAIN_55410,PRODUCT_209575,图书音像,内容,内容不错,positive,内容不错
TRAIN_55411,PRODUCT_70790,图书音像,质量,质量好,positive,质量好
TRAIN_55411,PRODUCT_70790,图书音像,正品,正品放心,positive,正品放心
TRAIN_55422,PRODUCT_399559,图书音像,内容,内容不错,positive,内容不错
TRAIN_55426,PRODUCT_170102,图书音像,正品,疑似假货,negative,疑似假货
TRAIN_55428,PRODUCT_115628,电脑/办公,耐用,很耐用,positive,很耐用
TRAIN_55430,PRODUCT_392058,图书音像,质量,质量好,positive,质量好
TRAIN_55431,PRODUCT_408569,手机/数码,价格,价格贵,negative,价格贵
TRAIN_55441,PRODUCT_259194,美妆个护,正品,正品放心,positive,正品放心
TRAIN_55442,PRODUCT_305791,钟表/首饰/眼镜/礼品,质量,质量好,positive,质量好
TRAIN_55442,PRODUCT_305791,钟表/首饰/眼镜/礼品,物流,发货快,positive,发货快
TRAIN_55442,PRODUCT_305791,钟表/首饰/眼镜/礼品,正品,正品放心,positive,正品放心
TRAIN_55449,PRODUCT_467718,家具/家装/建材,包装,包装差,negative,包装差
TRAIN_55451,PRODUCT_337351,手机/数码,物流,发货快,positive,发货快
TRAIN_55455,PRODUCT_521795,母婴/玩具,质量,质量好,positive,质量好
TRAIN_55455,PRODUCT_521795,母婴/玩具,耐用,很耐用,positive,很耐用
TRAIN_55463,PRODUCT_467923,图书音像,质量,质量好,positive,质量好
TRAIN_55464,PRODUCT_30890,图书音像,物流,发货快,positive,发货快
TRAIN_55478,PRODUCT_279891,食品/保健,味道,味道不错,positive,味道不错
TRAIN_55479,PRODUCT_137799,美妆个护,质量,质量差,negative,质量差
TRAIN_55487,PRODUCT_522151,图书音像,正品,正品放心,positive,正品放心
TRAIN_55491,PRODUCT_522027,食品/保健,味道,味道不错,positive,味道不错
TRAIN_55496,PRODUCT_415783,图书音像,质量,质量好,positive,质量好
TRAIN_55496,PRODUCT_415783,图书音像,正品,正品放心,positive,正品放心
TRAIN_55508,PRODUCT_325539,图书音像,质量,质量差,negative,质量差
TRAIN_55523,PRODUCT_208745,图书音像,包装,包装好,positive,包装好
TRAIN_55523,PRODUCT_208745,图书音像,包装,包装差,negative,包装差
TRAIN_55525,PRODUCT_295303,其他,正品,正品放心,positive,正品放心
TRAIN_55525,PRODUCT_295303,其他,正品,疑似假货,negative,疑似假货
TRAIN_55549,PRODUCT_70657,图书音像,质量,质量好,positive,质量好
TRAIN_55554,PRODUCT_264192,图书音像,质量,质量好,positive,质量好
TRAIN_55554,PRODUCT_264192,图书音像,价格,性价比高,positive,性价比高
TRAIN_55557,PRODUCT_312230,图书音像,质量,质量好,positive,质量好
TRAIN_55564,PRODUCT_170270,图书音像,价格,价格贵,negative,价格贵
TRAIN_55581,PRODUCT_351368,图书音像,包装,包装差,negative,包装差
TRAIN_55588,PRODUCT_349771,手机/数码,正品,正品放心,positive,正品放心
TRAIN_55591,PRODUCT_428592,美妆个护,正品,正品放心,positive,正品放心
TRAIN_55592,PRODUCT_330648,电脑/办公,质量,质量好,positive,质量好
TRAIN_55603,PRODUCT_23388,图书音像,正品,正品放心,positive,正品放心
TRAIN_55609,PRODUCT_386359,图书音像,价格,性价比高,positive,性价比高
TRAIN_55613,PRODUCT_26497,图书音像,质量,质量差,negative,质量差
TRAIN_55617,PRODUCT_274664,图书音像,质量,质量好,positive,质量好
TRAIN_55617,PRODUCT_274664,图书音像,物流,发货快,positive,发货快
TRAIN_55617,PRODUCT_274664,图书音像,内容,内容不错,positive,内容不错
TRAIN_55622,PRODUCT_334436,图书音像,质量,质量好,positive,质量好
TRAIN_55627,PRODUCT_60557,美妆个护,推荐,会回购,positive,会回购
TRAIN_55630,PRODUCT_487905,家居生活,质量,质量好,positive,质量好
TRAIN_55641,PRODUCT_477381,图书音像,质量,质量好,positive,质量好
TRAIN_55641,PRODUCT_477381,图书音像,物流,发货快,positive,发货快
TRAIN_55648,PRODUCT_324506,食品/保健,味道,味道不错,positive,味道不错
TRAIN_55652,PRODUCT_102081,家具/家装/建材,耐用,很耐用,positive,很耐用
TRAIN_55671,PRODUCT_280523,图书音像,正品,正品放心,positive,正品放心
TRAIN_55673,PRODUCT_292469,图书音像,正品,疑似假货,negative,疑似假货
TRAIN_55676,PRODUCT_441988,美妆个护,耐用,很耐用,positive,很耐用
TRAIN_55678,PRODUCT_440984,电脑/办公,质量,质量好,positive,质量好
TRAIN_55678,PRODUCT_440984,电脑/办公,价格,性价比高,positive,性价比高
TRAIN_55682,PRODUCT_10525,美妆个护,味道,味道不错,positive,味道不错
TRAIN_55687,PRODUCT_308606,美妆个护,质量,质量好,positive,质量好
TRAIN_55688,PRODUCT_39057,图书音像,物流,物流慢,negative,物流慢
TRAIN_55688,PRODUCT_39057,图书音像,包装,包装差,negative,包装差
TRAIN_55697,PRODUCT_223154,图书音像,价格,性价比高,positive,性价比高
TRAIN_55702,PRODUCT_225136,图书音像,质量,质量好,positive,质量好
TRAIN_55708,PRODUCT_119816,图书音像,质量,质量好,positive,质量好
TRAIN_55711,PRODUCT_243186,图书音像,质量,质量好,positive,质量好
TRAIN_55711,PRODUCT_243186,图书音像,质量,质量差,negative,质量差
TRAIN_55711,PRODUCT_243186,图书音像,正品,疑似假货,negative,疑似假货
TRAIN_55711,PRODUCT_243186,图书音像,推荐,会回购,positive,会回购
TRAIN_55717,PRODUCT_105943,图书音像,价格,性价比高,positive,性价比高
TRAIN_55717,PRODUCT_105943,图书音像,耐用,很耐用,positive,很耐用
TRAIN_55718,PRODUCT_261495,图书音像,质量,质量好,positive,质量好
TRAIN_55720,PRODUCT_165293,图书音像,正品,正品放心,positive,正品放心
TRAIN_55727,PRODUCT_91535,其他,正品,正品放心,positive,正品放心
TRAIN_55727,PRODUCT_91535,其他,正品,疑似假货,negative,疑似假货
TRAIN_55735,PRODUCT_54504,家居生活,价格,性价比高,positive,性价比高
TRAIN_55735,PRODUCT_54504,家居生活,耐用,很耐用,positive,很耐用
TRAIN_55740,PRODUCT_449894,图书音像,包装,包装好,positive,包装好
TRAIN_55742,PRODUCT_68870,图书音像,包装,包装好,positive,包装好
TRAIN_55744,PRODUCT_354703,图书音像,内容,内容不错,positive,内容不错
TRAIN_55747,PRODUCT_106342,图书音像,正品,正品放心,positive,正品放心
TRAIN_55760,PRODUCT_451934,图书音像,内容,内容不错,positive,内容不错
TRAIN_55764,PRODUCT_19984,美妆个护,正品,正品放心,positive,正品放心
TRAIN_55768,PRODUCT_253917,图书音像,价格,性价比高,positive,性价比高
TRAIN_55772,PRODUCT_180574,图书音像,质量,质量好,positive,质量好
TRAIN_55773,PRODUCT_399248,家居生活,质量,质量好,positive,质量好
TRAIN_55775,PRODUCT_420556,图书音像,物流,发货快,positive,发货快
TRAIN_55775,PRODUCT_420556,图书音像,包装,包装好,positive,包装好
TRAIN_55784,PRODUCT_59069,图书音像,正品,正品放心,positive,正品放心
TRAIN_55787,PRODUCT_38460,图书音像,推荐,会回购,positive,会回购
TRAIN_55797,PRODUCT_4554,图书音像,质量,质量差,negative,质量差
TRAIN_55798,PRODUCT_112731,图书音像,质量,质量好,positive,质量好
TRAIN_55802,PRODUCT_481119,图书音像,价格,性价比高,positive,性价比高
TRAIN_55807,PRODUCT_276059,图书音像,质量,质量好,positive,质量好
TRAIN_55807,PRODUCT_276059,图书音像,正品,正品放心,positive,正品放心
TRAIN_55809,PRODUCT_494644,图书音像,内容,内容不错,positive,内容不错
TRAIN_55812,PRODUCT_365249,图书音像,质量,质量差,negative,质量差
TRAIN_55818,PRODUCT_173289,图书音像,包装,包装差,negative,包装差
TRAIN_55822,PRODUCT_180800,手机/数码,耐用,很耐用,positive,很耐用
TRAIN_55826,PRODUCT_44295,图书音像,价格,价格贵,negative,价格贵
TRAIN_55831,PRODUCT_407278,图书音像,质量,质量好,positive,质量好
TRAIN_55837,PRODUCT_295261,图书音像,正品,正品放心,positive,正品放心
TRAIN_55845,PRODUCT_150018,母婴/玩具,质量,质量好,positive,质量好
TRAIN_55851,PRODUCT_194752,家用电器,耐用,很耐用,positive,很耐用
TRAIN_55855,PRODUCT_27396,美妆个护,正品,正品放心,positive,正品放心
TRAIN_55870,PRODUCT_347966,手机/数码,价格,价格贵,negative,价格贵
TRAIN_55875,PRODUCT_123353,图书音像,质量,质量好,positive,质量好
TRAIN_55881,PRODUCT_117115,手机/数码,耐用,很耐用,positive,很耐用
TRAIN_55881,PRODUCT_117115,手机/数码,续航,续航差,negative,续航差
TRAIN_55887,PRODUCT_265455,图书音像,质量,质量好,positive,质量好
TRAIN_55888,PRODUCT_380176,图书音像,价格,性价比高,positive,性价比高
TRAIN_55893,PRODUCT_82381,钟表/首饰/眼镜/礼品,正品,正品放心,positive,正品放心
TRAIN_55899,PRODUCT_113547,图书音像,质量,质量好,positive,质量好
TRAIN_55901,PRODUCT_78725,图书音像,正品,正品放心,positive,正品放心
TRAIN_55914,PRODUCT_408922,电脑/办公,价格,性价比高,positive,性价比高
TRAIN_55932,PRODUCT_370633,图书音像,正品,疑似假货,negative,疑似假货
TRAIN_55943,PRODUCT_421759,图书音像,价格,性价比高,positive,性价比高
TRAIN_55961,PRODUCT_428761,图书音像,正品,正品放心,positive,正品放心
TRAIN_55965,PRODUCT_463662,图书音像,内容,内容不错,positive,内容不错
TRAIN_55971,PRODUCT_222521,电脑/办公,价格,性价比高,positive,性价比高
TRAIN_55975,PRODUCT_62427,图书音像,物流,发货快,positive,发货快
TRAIN_55979,PRODUCT_514351,图书音像,价格,性价比高,positive,性价比高
TRAIN_55980,PRODUCT_457344,图书音像,正品,正品放心,positive,正品放心
TRAIN_55985,PRODUCT_369881,图书音像,正品,正品放心,positive,正品放心
TRAIN_55987,PRODUCT_405803,图书音像,正品,正品放心,positive,正品放心
TRAIN_55992,PRODUCT_340843,电脑/办公,质量,质量好,positive,质量好
TRAIN_55996,PRODUCT_468078,图书音像,正品,正品放心,positive,正品放心
TRAIN_56005,PRODUCT_70032,图书音像,正品,正品放心,positive,正品放心
TRAIN_56007,PRODUCT_496887,美妆个护,正品,正品放心,positive,正品放心
TRAIN_56016,PRODUCT_436610,图书音像,正品,正品放心,positive,正品放心
TRAIN_56024,PRODUCT_16916,图书音像,正品,正品放心,positive,正品放心
TRAIN_56039,PRODUCT_267136,图书音像,质量,质量好,positive,质量好
TRAIN_56045,PRODUCT_74036,图书音像,正品,正品放心,positive,正品放心
TRAIN_56056,PRODUCT_106816,电脑/办公,耐用,很耐用,positive,很耐用
TRAIN_56064,PRODUCT_317718,手机/数码,物流,发货快,positive,发货快
TRAIN_56065,PRODUCT_242424,电脑/办公,正品,正品放心,positive,正品放心
TRAIN_56067,PRODUCT_6670,图书音像,质量,质量好,positive,质量好
TRAIN_56069,PRODUCT_375529,图书音像,内容,内容不错,positive,内容不错
TRAIN_56072,PRODUCT_16869,手机/数码,耐用,容易坏,negative,容易坏
TRAIN_56074,PRODUCT_349142,电脑/办公,包装,包装好,positive,包装好
TRAIN_56074,PRODUCT_349142,电脑/办公,屏幕,屏幕差,negative,屏幕差
TRAIN_56083,PRODUCT_32276,美妆个护,味道,味道不错,positive,味道不错
TRAIN_56085,PRODUCT_139610,电脑/办公,屏幕,屏幕差,negative,屏幕差
TRAIN_56090,PRODUCT_52636,图书音像,质量,质量好,positive,质量好
TRAIN_56091,PRODUCT_263736,食品/保健,新鲜,很新鲜,positive,很新鲜
TRAIN_56115,PRODUCT_45094,家居生活,价格,性价比高,positive,性价比高
TRAIN_56119,PRODUCT_144642,图书音像,正品,正品放心,positive,正品放心
TRAIN_56126,PRODUCT_388509,电脑/办公,物流,发货快,positive,发货快
TRAIN_56126,PRODUCT_388509,电脑/办公,正品,正品放心,positive,正品放心
TRAIN_56132,PRODUCT_164731,图书音像,价格,性价比高,positive,性价比高
TRAIN_56133,PRODUCT_433905,图书音像,质量,质量好,positive,质量好
TRAIN_56137,PRODUCT_214318,家用电器,价格,性价比高,positive,性价比高
TRAIN_56141,PRODUCT_150504,鞋类箱包,物流,发货快,positive,发货快
TRAIN_56142,PRODUCT_26160,图书音像,质量,质量好,positive,质量好
TRAIN_56142,PRODUCT_26160,图书音像,正品,正品放心,positive,正品放心
TRAIN_56147,PRODUCT_12739,图书音像,内容,内容不错,positive,内容不错
TRAIN_56150,PRODUCT_28155,图书音像,包装,包装好,positive,包装好
TRAIN_56150,PRODUCT_28155,图书音像,正品,正品放心,positive,正品放心
TRAIN_56151,PRODUCT_89753,图书音像,内容,内容不错,positive,内容不错
TRAIN_56154,PRODUCT_479815,电脑/办公,推荐,会回购,positive,会回购
TRAIN_56177,PRODUCT_61773,图书音像,正品,疑似假货,negative,疑似假货
TRAIN_56179,PRODUCT_30353,图书音像,价格,性价比高,positive,性价比高
TRAIN_56190,PRODUCT_306847,图书音像,内容,内容不错,positive,内容不错
TRAIN_56195,PRODUCT_501440,其他,正品,正品放心,positive,正品放心
TRAIN_56195,PRODUCT_501440,其他,正品,疑似假货,negative,疑似假货
TRAIN_56208,PRODUCT_136472,图书音像,正品,正品放心,positive,正品放心
TRAIN_56219,PRODUCT_401078,图书音像,正品,正品放心,positive,正品放心
TRAIN_56223,PRODUCT_313897,家用电器,物流,发货快,positive,发货快
TRAIN_56223,PRODUCT_313897,家用电器,价格,性价比高,positive,性价比高
TRAIN_56231,PRODUCT_513328,图书音像,内容,内容不错,positive,内容不错
TRAIN_56246,PRODUCT_12905,图书音像,正品,正品放心,positive,正品放心
TRAIN_56247,PRODUCT_326174,手机/数码,价格,价格贵,negative,价格贵
TRAIN_56247,PRODUCT_326174,手机/数码,耐用,容易坏,negative,容易坏
TRAIN_56248,PRODUCT_312217,图书音像,外观,外观一般,negative,外观一般
TRAIN_56249,PRODUCT_335080,美妆个护,正品,疑似假货,negative,疑似假货
TRAIN_56249,PRODUCT_335080,美妆个护,味道,味道不错,positive,味道不错
TRAIN_56251,PRODUCT_482786,图书音像,正品,正品放心,positive,正品放心
TRAIN_56258,PRODUCT_178934,母婴/玩具,质量,质量好,positive,质量好
TRAIN_56268,PRODUCT_381979,家居生活,推荐,不推荐,negative,不推荐
TRAIN_56269,PRODUCT_307119,图书音像,正品,疑似假货,negative,疑似假货
TRAIN_56280,PRODUCT_120784,家居生活,质量,质量差,negative,质量差
TRAIN_56291,PRODUCT_477526,图书音像,正品,疑似假货,negative,疑似假货
TRAIN_56312,PRODUCT_204409,手机/数码,物流,发货快,positive,发货快
TRAIN_56315,PRODUCT_178913,图书音像,质量,质量好,positive,质量好
TRAIN_56316,PRODUCT_183369,图书音像,内容,内容不错,positive,内容不错
TRAIN_56321,PRODUCT_311859,电脑/办公,质量,质量差,negative,质量差
TRAIN_56323,PRODUCT_115030,电脑/办公,物流,发货快,positive,发货快
TRAIN_56323,PRODUCT_115030,电脑/办公,价格,价格贵,negative,价格贵
TRAIN_56329,PRODUCT_282757,家居生活,包装,包装好,positive,包装好
TRAIN_56332,PRODUCT_61778,图书音像,质量,质量好,positive,质量好
TRAIN_56332,PRODUCT_61778,图书音像,内容,内容不错,positive,内容不错
TRAIN_56335,PRODUCT_261357,图书音像,质量,质量好,positive,质量好
TRAIN_56335,PRODUCT_261357,图书音像,价格,性价比高,positive,性价比高
TRAIN_56337,PRODUCT_509081,图书音像,价格,性价比高,positive,性价比高
TRAIN_56339,PRODUCT_47312,图书音像,质量,质量好,positive,质量好
TRAIN_56339,PRODUCT_47312,图书音像,物流,发货快,positive,发货快
TRAIN_56353,PRODUCT_20434,美妆个护,味道,味道不错,positive,味道不错
TRAIN_56358,PRODUCT_249761,母婴/玩具,质量,质量好,positive,质量好
TRAIN_56362,PRODUCT_316579,母婴/玩具,质量,质量好,positive,质量好
TRAIN_56382,PRODUCT_497483,图书音像,价格,价格贵,negative,价格贵
TRAIN_56393,PRODUCT_435155,图书音像,质量,质量差,negative,质量差
TRAIN_56416,PRODUCT_247979,图书音像,价格,性价比高,positive,性价比高
TRAIN_56422,PRODUCT_391080,图书音像,推荐,会回购,positive,会回购
TRAIN_56424,PRODUCT_375371,电脑/办公,推荐,会回购,positive,会回购
TRAIN_56430,PRODUCT_38887,图书音像,质量,质量差,negative,质量差
TRAIN_56431,PRODUCT_138333,图书音像,正品,正品放心,positive,正品放心
TRAIN_56456,PRODUCT_404380,图书音像,质量,质量好,positive,质量好
TRAIN_56459,PRODUCT_326892,图书音像,价格,性价比高,positive,性价比高
TRAIN_56459,PRODUCT_326892,图书音像,正品,正品放心,positive,正品放心
TRAIN_56460,PRODUCT_348176,图书音像,质量,质量好,positive,质量好
TRAIN_56461,PRODUCT_377187,手机/数码,正品,疑似假货,negative,疑似假货
TRAIN_56462,PRODUCT_150700,电脑/办公,正品,正品放心,positive,正品放心
TRAIN_56468,PRODUCT_480193,电脑/办公,物流,发货快,positive,发货快
TRAIN_56474,PRODUCT_317030,食品/保健,质量,质量差,negative,质量差
TRAIN_56475,PRODUCT_330799,图书音像,质量,质量好,positive,质量好
TRAIN_56476,PRODUCT_88316,图书音像,质量,质量好,positive,质量好
TRAIN_56477,PRODUCT_410801,图书音像,质量,质量好,positive,质量好
TRAIN_56477,PRODUCT_410801,图书音像,内容,内容不错,positive,内容不错
TRAIN_56481,PRODUCT_133128,图书音像,质量,质量好,positive,质量好
TRAIN_56487,PRODUCT_416937,家具/家装/建材,包装,包装好,positive,包装好
TRAIN_56487,PRODUCT_416937,家具/家装/建材,价格,性价比高,positive,性价比高
TRAIN_56497,PRODUCT_417756,图书音像,物流,物流慢,negative,物流慢
TRAIN_56515,PRODUCT_336090,图书音像,价格,价格贵,negative,价格贵
TRAIN_56517,PRODUCT_501126,图书音像,内容,内容不错,positive,内容不错
TRAIN_56520,PRODUCT_229028,图书音像,内容,内容不错,positive,内容不错
TRAIN_56523,PRODUCT_372761,电脑/办公,物流,发货快,positive,发货快
TRAIN_56524,PRODUCT_487966,图书音像,质量,质量好,positive,质量好
TRAIN_56525,PRODUCT_307911,钟表/首饰/眼镜/礼品,外观,外观好看,positive,外观好看
TRAIN_56527,PRODUCT_462347,其他,正品,正品放心,positive,正品放心
TRAIN_56530,PRODUCT_442042,图书音像,质量,质量差,negative,质量差
TRAIN_56533,PRODUCT_464159,图书音像,包装,包装好,positive,包装好
TRAIN_56535,PRODUCT_230813,其他,耐用,很耐用,positive,很耐用
TRAIN_56542,PRODUCT_458308,图书音像,推荐,不推荐,negative,不推荐
TRAIN_56554,PRODUCT_400404,家居生活,价格,性价比高,positive,性价比高
TRAIN_56554,PRODUCT_400404,家居生活,耐用,很耐用,positive,很耐用
TRAIN_56557,PRODUCT_23384,图书音像,质量,质量差,negative,质量差
TRAIN_56586,PRODUCT_283568,手机/数码,正品,正品放心,positive,正品放心
TRAIN_56587,PRODUCT_125116,图书音像,推荐,不推荐,negative,不推荐
TRAIN_56592,PRODUCT_326075,图书音像,价格,性价比高,positive,性价比高
TRAIN_56592,PRODUCT_326075,图书音像,推荐,会回购,positive,会回购
TRAIN_56595,PRODUCT_280111,服饰服装,质量,质量好,positive,质量好
TRAIN_56613,PRODUCT_167907,鞋类箱包,质量,质量好,positive,质量好
TRAIN_56613,PRODUCT_167907,鞋类箱包,推荐,会回购,positive,会回购
TRAIN_56614,PRODUCT_150347,图书音像,价格,价格贵,negative,价格贵
TRAIN_56616,PRODUCT_106681,图书音像,物流,发货快,positive,发货快
TRAIN_56616,PRODUCT_106681,图书音像,包装,包装好,positive,包装好
TRAIN_56618,PRODUCT_213106,图书音像,内容,内容不错,positive,内容不错
TRAIN_56620,PRODUCT_396485,图书音像,正品,正品放心,positive,正品放心
TRAIN_56622,PRODUCT_391117,家居生活,推荐,会回购,positive,会回购
TRAIN_56628,PRODUCT_242127,家用电器,价格,性价比高,positive,性价比高
TRAIN_56633,PRODUCT_425885,手机/数码,屏幕,屏幕差,negative,屏幕差
TRAIN_56639,PRODUCT_112731,图书音像,内容,内容不错,positive,内容不错
TRAIN_56642,PRODUCT_141665,手机/数码,续航,续航差,negative,续航差
TRAIN_56646,PRODUCT_33136,图书音像,质量,质量好,positive,质量好
TRAIN_56654,PRODUCT_270072,图书音像,价格,性价比高,positive,性价比高
TRAIN_56663,PRODUCT_33104,图书音像,价格,性价比高,positive,性价比高
TRAIN_56665,PRODUCT_432827,图书音像,内容,内容一般,negative,内容一般
TRAIN_56672,PRODUCT_261780,手机/数码,包装,包装好,positive,包装好
TRAIN_56673,PRODUCT_102081,家具/家装/建材,耐用,很耐用,positive,很耐用
TRAIN_56683,PRODUCT_288614,家用电器,质量,质量好,positive,质量好
TRAIN_56690,PRODUCT_295720,图书音像,价格,性价比高,positive,性价比高
TRAIN_56690,PRODUCT_295720,图书音像,内容,内容一般,negative,内容一般
TRAIN_56696,PRODUCT_382355,美妆个护,正品,正品放心,positive,正品放心
TRAIN_56701,PRODUCT_172656,图书音像,推荐,不推荐,negative,不推荐
TRAIN_56713,PRODUCT_448570,图书音像,正品,疑似假货,negative,疑似假货
TRAIN_56716,PRODUCT_70213,手机/数码,正品,正品放心,positive,正品放心
TRAIN_56716,PRODUCT_70213,手机/数码,屏幕,屏幕清晰,positive,屏幕清晰
TRAIN_56718,PRODUCT_290485,家用电器,质量,质量好,positive,质量好
TRAIN_56719,PRODUCT_341719,图书音像,正品,正品放心,positive,正品放心
TRAIN_56721,PRODUCT_481956,电脑/办公,价格,性价比高,positive,性价比高
TRAIN_56722,PRODUCT_296042,图书音像,质量,质量好,positive,质量好
TRAIN_56727,PRODUCT_218496,图书音像,正品,正品放心,positive,正品放心
TRAIN_56729,PRODUCT_347014,图书音像,质量,质量好,positive,质量好
TRAIN_56748,PRODUCT_219967,图书音像,质量,质量好,positive,质量好
TRAIN_56748,PRODUCT_219967,图书音像,耐用,容易坏,negative,容易坏
TRAIN_56751,PRODUCT_434594,母婴/玩具,质量,质量好,positive,质量好
TRAIN_56760,PRODUCT_78511,家居生活,正品,正品放心,positive,正品放心
TRAIN_56762,PRODUCT_504506,电脑/办公,正品,疑似假货,negative,疑似假货
TRAIN_56766,PRODUCT_371111,家居生活,耐用,容易坏,negative,容易坏
TRAIN_56768,PRODUCT_78469,手机/数码,价格,性价比高,positive,性价比高
TRAIN_56770,PRODUCT_136637,图书音像,推荐,会回购,positive,会回购
TRAIN_56772,PRODUCT_234280,图书音像,质量,质量好,positive,质量好
TRAIN_56772,PRODUCT_234280,图书音像,价格,性价比高,positive,性价比高
TRAIN_56774,PRODUCT_522072,鞋类箱包,价格,性价比高,positive,性价比高
TRAIN_56784,PRODUCT_124947,电脑/办公,质量,质量好,positive,质量好
TRAIN_56789,PRODUCT_494799,家居生活,价格,性价比高,positive,性价比高
TRAIN_56789,PRODUCT_494799,家居生活,正品,正品放心,positive,正品放心
TRAIN_56791,PRODUCT_234323,图书音像,正品,正品放心,positive,正品放心
TRAIN_56793,PRODUCT_404828,图书音像,外观,外观好看,positive,外观好看
TRAIN_56796,PRODUCT_159973,图书音像,正品,正品放心,positive,正品放心
TRAIN_56804,PRODUCT_445029,家用电器,价格,性价比高,positive,性价比高
TRAIN_56808,PRODUCT_516710,图书音像,质量,质量好,positive,质量好
TRAIN_56808,PRODUCT_516710,图书音像,正品,正品放心,positive,正品放心
TRAIN_56815,PRODUCT_453625,其他,质量,质量差,negative,质量差
TRAIN_56815,PRODUCT_453625,其他,物流,物流慢,negative,物流慢
TRAIN_56817,PRODUCT_400404,家居生活,价格,性价比高,positive,性价比高
TRAIN_56819,PRODUCT_341633,图书音像,内容,内容一般,negative,内容一般
TRAIN_56827,PRODUCT_83645,图书音像,质量,质量差,negative,质量差
TRAIN_56832,PRODUCT_88725,图书音像,质量,质量好,positive,质量好
TRAIN_56832,PRODUCT_88725,图书音像,包装,包装好,positive,包装好
TRAIN_56833,PRODUCT_197379,图书音像,价格,性价比高,positive,性价比高
TRAIN_56844,PRODUCT_468397,美妆个护,正品,正品放心,positive,正品放心
TRAIN_56844,PRODUCT_468397,美妆个护,正品,疑似假货,negative,疑似假货
TRAIN_56844,PRODUCT_468397,美妆个护,味道,味道不错,positive,味道不错
TRAIN_56846,PRODUCT_305791,钟表/首饰/眼镜/礼品,质量,质量好,positive,质量好
TRAIN_56847,PRODUCT_409440,图书音像,价格,价格贵,negative,价格贵
TRAIN_56848,PRODUCT_177794,图书音像,正品,正品放心,positive,正品放心
TRAIN_56859,PRODUCT_362208,手机/数码,耐用,容易坏,negative,容易坏
TRAIN_56861,PRODUCT_453777,家具/家装/建材,耐用,很耐用,positive,很耐用
TRAIN_56874,PRODUCT_306064,食品/保健,味道,味道不错,positive,味道不错
TRAIN_56880,PRODUCT_191623,图书音像,内容,内容不错,positive,内容不错
TRAIN_56887,PRODUCT_294847,鞋类箱包,质量,质量好,positive,质量好
TRAIN_56890,PRODUCT_106276,图书音像,质量,质量好,positive,质量好
TRAIN_56890,PRODUCT_106276,图书音像,物流,物流慢,negative,物流慢
TRAIN_56892,PRODUCT_279234,图书音像,客服,客服好,positive,客服好
TRAIN_56894,PRODUCT_248224,图书音像,质量,质量好,positive,质量好
TRAIN_56894,PRODUCT_248224,图书音像,价格,价格贵,negative,价格贵
TRAIN_56894,PRODUCT_248224,图书音像,正品,正品放心,positive,正品放心
TRAIN_56895,PRODUCT_294282,图书音像,质量,质量好,positive,质量好
TRAIN_56896,PRODUCT_115259,服饰服装,价格,性价比高,positive,性价比高
TRAIN_56899,PRODUCT_339110,图书音像,质量,质量好,positive,质量好
TRAIN_56918,PRODUCT_143562,电脑/办公,质量,质量好,positive,质量好
TRAIN_56918,PRODUCT_143562,电脑/办公,价格,性价比高,positive,性价比高
TRAIN_56925,PRODUCT_371388,图书音像,价格,性价比高,positive,性价比高
TRAIN_56929,PRODUCT_432302,美妆个护,正品,正品放心,positive,正品放心
TRAIN_56931,PRODUCT_311575,图书音像,物流,发货快,positive,发货快
TRAIN_56932,PRODUCT_131037,美妆个护,味道,味道不错,positive,味道不错
TRAIN_56934,PRODUCT_73623,图书音像,内容,内容不错,positive,内容不错
TRAIN_56961,PRODUCT_300563,图书音像,质量,质量好,positive,质量好
TRAIN_56962,PRODUCT_301136,电脑/办公,物流,发货快,positive,发货快
TRAIN_56962,PRODUCT_301136,电脑/办公,价格,性价比高,positive,性价比高
TRAIN_56964,PRODUCT_183206,电脑/办公,包装,包装好,positive,包装好
TRAIN_56986,PRODUCT_482632,图书音像,质量,质量好,positive,质量好
TRAIN_56986,PRODUCT_482632,图书音像,正品,正品放心,positive,正品放心
TRAIN_56989,PRODUCT_133279,电脑/办公,价格,性价比高,positive,性价比高
TRAIN_56995,PRODUCT_342199,美妆个护,味道,味道不错,positive,味道不错
TRAIN_56999,PRODUCT_422665,母婴/玩具,质量,质量好,positive,质量好
TRAIN_57004,PRODUCT_517491,图书音像,正品,正品放心,positive,正品放心
TRAIN_57004,PRODUCT_517491,图书音像,耐用,容易坏,negative,容易坏
TRAIN_57009,PRODUCT_260140,图书音像,质量,质量好,positive,质量好
TRAIN_57016,PRODUCT_125998,图书音像,包装,包装好,positive,包装好
TRAIN_57022,PRODUCT_186900,图书音像,正品,疑似假货,negative,疑似假货
TRAIN_57028,PRODUCT_176841,美妆个护,味道,味道不错,positive,味道不错
TRAIN_57041,PRODUCT_423285,手机/数码,价格,价格贵,negative,价格贵
TRAIN_57050,PRODUCT_9669,图书音像,质量,质量好,positive,质量好
TRAIN_57079,PRODUCT_160241,图书音像,内容,内容不错,positive,内容不错
TRAIN_57084,PRODUCT_298307,母婴/玩具,正品,正品放心,positive,正品放心
TRAIN_57089,PRODUCT_92690,图书音像,物流,发货快,positive,发货快
TRAIN_57090,PRODUCT_391930,图书音像,内容,内容不错,positive,内容不错
TRAIN_57101,PRODUCT_218105,图书音像,正品,正品放心,positive,正品放心
TRAIN_57102,PRODUCT_189250,食品/保健,味道,味道不错,positive,味道不错
TRAIN_57102,PRODUCT_189250,食品/保健,味道,味道一般,negative,味道一般
TRAIN_57103,PRODUCT_498866,图书音像,质量,质量好,positive,质量好
TRAIN_57107,PRODUCT_85905,手机/数码,正品,正品放心,positive,正品放心
TRAIN_57119,PRODUCT_492348,图书音像,质量,质量好,positive,质量好
TRAIN_57125,PRODUCT_496863,图书音像,质量,质量好,positive,质量好
TRAIN_57130,PRODUCT_383596,图书音像,质量,质量好,positive,质量好
TRAIN_57138,PRODUCT_428404,钟表/首饰/眼镜/礼品,正品,正品放心,positive,正品放心
TRAIN_57142,PRODUCT_221021,手机/数码,耐用,很耐用,positive,很耐用
TRAIN_57156,PRODUCT_8515,图书音像,包装,包装好,positive,包装好
TRAIN_57165,PRODUCT_220806,图书音像,质量,质量好,positive,质量好
TRAIN_57169,PRODUCT_38568,图书音像,内容,内容一般,negative,内容一般
TRAIN_57170,PRODUCT_150380,图书音像,包装,包装好,positive,包装好
TRAIN_57170,PRODUCT_150380,图书音像,价格,性价比高,positive,性价比高
TRAIN_57171,PRODUCT_283519,家居生活,物流,发货快,positive,发货快
TRAIN_57175,PRODUCT_177755,图书音像,质量,质量好,positive,质量好
TRAIN_57183,PRODUCT_523118,图书音像,正品,正品放心,positive,正品放心
TRAIN_57183,PRODUCT_523118,图书音像,内容,内容不错,positive,内容不错
TRAIN_57193,PRODUCT_19931,图书音像,正品,疑似假货,negative,疑似假货
TRAIN_57194,PRODUCT_212131,图书音像,质量,质量好,positive,质量好
TRAIN_57206,PRODUCT_389965,图书音像,正品,疑似假货,negative,疑似假货
TRAIN_57216,PRODUCT_446238,图书音像,质量,质量好,positive,质量好
TRAIN_57231,PRODUCT_407428,电脑/办公,正品,正品放心,positive,正品放心
TRAIN_57238,PRODUCT_520494,图书音像,质量,质量好,positive,质量好
TRAIN_57238,PRODUCT_520494,图书音像,内容,内容不错,positive,内容不错
TRAIN_57245,PRODUCT_318871,母婴/玩具,质量,质量好,positive,质量好
TRAIN_57245,PRODUCT_318871,母婴/玩具,正品,正品放心,positive,正品放心
TRAIN_57247,PRODUCT_246284,图书音像,推荐,不推荐,negative,不推荐
TRAIN_57249,PRODUCT_422280,图书音像,质量,质量差,negative,质量差
TRAIN_57251,PRODUCT_109208,服饰服装,质量,质量好,positive,质量好
TRAIN_57253,PRODUCT_209933,电脑/办公,价格,性价比高,positive,性价比高
TRAIN_57256,PRODUCT_456039,图书音像,推荐,会回购,positive,会回购
TRAIN_57263,PRODUCT_388278,家用电器,耐用,容易坏,negative,容易坏
TRAIN_57264,PRODUCT_28517,电脑/办公,价格,性价比高,positive,性价比高
TRAIN_57264,PRODUCT_28517,电脑/办公,耐用,很耐用,positive,很耐用
TRAIN_57268,PRODUCT_91909,图书音像,质量,质量好,positive,质量好
TRAIN_57269,PRODUCT_231209,美妆个护,正品,正品放心,positive,正品放心
TRAIN_57269,PRODUCT_231209,美妆个护,正品,疑似假货,negative,疑似假货
TRAIN_57275,PRODUCT_267687,家具/家装/建材,质量,质量好,positive,质量好
TRAIN_57275,PRODUCT_267687,家具/家装/建材,耐用,很耐用,positive,很耐用
TRAIN_57282,PRODUCT_399666,图书音像,质量,质量好,positive,质量好
TRAIN_57286,PRODUCT_88701,图书音像,物流,发货快,positive,发货快
TRAIN_57288,PRODUCT_9207,图书音像,物流,发货快,positive,发货快
TRAIN_57288,PRODUCT_9207,图书音像,价格,性价比高,positive,性价比高
TRAIN_57292,PRODUCT_192064,电脑/办公,质量,质量差,negative,质量差
TRAIN_57296,PRODUCT_222886,图书音像,物流,发货快,positive,发货快
TRAIN_57297,PRODUCT_114636,电脑/办公,正品,正品放心,positive,正品放心
TRAIN_57298,PRODUCT_94408,图书音像,包装,包装好,positive,包装好
TRAIN_57298,PRODUCT_94408,图书音像,内容,内容不错,positive,内容不错
TRAIN_57301,PRODUCT_412852,图书音像,正品,疑似假货,negative,疑似假货
TRAIN_57303,PRODUCT_425936,图书音像,质量,质量好,positive,质量好
TRAIN_57311,PRODUCT_333923,图书音像,正品,正品放心,positive,正品放心
TRAIN_57320,PRODUCT_161,图书音像,质量,质量好,positive,质量好
TRAIN_57328,PRODUCT_388038,图书音像,物流,物流慢,negative,物流慢
TRAIN_57343,PRODUCT_276626,图书音像,质量,质量好,positive,质量好
TRAIN_57345,PRODUCT_106983,图书音像,质量,质量好,positive,质量好
TRAIN_57347,PRODUCT_446180,电脑/办公,物流,发货快,positive,发货快
TRAIN_57347,PRODUCT_446180,电脑/办公,推荐,会回购,positive,会回购
TRAIN_57350,PRODUCT_413117,图书音像,质量,质量好,positive,质量好
TRAIN_57352,PRODUCT_166908,图书音像,质量,质量好,positive,质量好
TRAIN_57353,PRODUCT_287072,图书音像,外观,外观一般,negative,外观一般
TRAIN_57367,PRODUCT_220160,家用电器,质量,质量差,negative,质量差
TRAIN_57367,PRODUCT_220160,家用电器,价格,性价比高,positive,性价比高
TRAIN_57379,PRODUCT_100015,图书音像,质量,质量好,positive,质量好
TRAIN_57379,PRODUCT_100015,图书音像,正品,正品放心,positive,正品放心
TRAIN_57383,PRODUCT_81537,家具/家装/建材,耐用,容易坏,negative,容易坏
TRAIN_57387,PRODUCT_175609,电脑/办公,价格,性价比高,positive,性价比高
TRAIN_57390,PRODUCT_94459,图书音像,外观,外观一般,negative,外观一般
TRAIN_57393,PRODUCT_87114,美妆个护,价格,价格贵,negative,价格贵
TRAIN_57393,PRODUCT_87114,美妆个护,味道,味道不错,positive,味道不错
TRAIN_57396,PRODUCT_24201,图书音像,质量,质量差,negative,质量差
TRAIN_57396,PRODUCT_24201,图书音像,内容,内容不错,positive,内容不错
TRAIN_57397,PRODUCT_365904,图书音像,价格,性价比高,positive,性价比高
TRAIN_57398,PRODUCT_99415,图书音像,推荐,会回购,positive,会回购
TRAIN_57399,PRODUCT_371526,图书音像,推荐,会回购,positive,会回购
TRAIN_57409,PRODUCT_365904,图书音像,正品,疑似假货,negative,疑似假货
TRAIN_57411,PRODUCT_370932,图书音像,内容,内容不错,positive,内容不错
TRAIN_57422,PRODUCT_250204,图书音像,质量,质量好,positive,质量好
TRAIN_57424,PRODUCT_355495,图书音像,价格,性价比高,positive,性价比高
TRAIN_57426,PRODUCT_148132,图书音像,物流,发货快,positive,发货快
TRAIN_57436,PRODUCT_129618,图书音像,质量,质量好,positive,质量好
TRAIN_57436,PRODUCT_129618,图书音像,正品,正品放心,positive,正品放心
TRAIN_57441,PRODUCT_61800,图书音像,内容,内容不错,positive,内容不错
TRAIN_57444,PRODUCT_458071,图书音像,包装,包装好,positive,包装好
TRAIN_57455,PRODUCT_372936,图书音像,正品,正品放心,positive,正品放心
TRAIN_57466,PRODUCT_195331,电脑/办公,正品,正品放心,positive,正品放心
TRAIN_57469,PRODUCT_204803,图书音像,正品,正品放心,positive,正品放心
TRAIN_57471,PRODUCT_76276,图书音像,正品,疑似假货,negative,疑似假货
TRAIN_57481,PRODUCT_489350,图书音像,正品,正品放心,positive,正品放心
TRAIN_57482,PRODUCT_114160,图书音像,内容,内容不错,positive,内容不错
TRAIN_57485,PRODUCT_451339,美妆个护,味道,味道不错,positive,味道不错
TRAIN_57488,PRODUCT_253158,图书音像,内容,内容不错,positive,内容不错
TRAIN_57505,PRODUCT_124282,电脑/办公,物流,发货快,positive,发货快
TRAIN_57506,PRODUCT_231874,图书音像,价格,价格贵,negative,价格贵
TRAIN_57528,PRODUCT_283273,图书音像,质量,质量好,positive,质量好
TRAIN_57534,PRODUCT_331366,图书音像,质量,质量好,positive,质量好
TRAIN_57534,PRODUCT_331366,图书音像,正品,正品放心,positive,正品放心
TRAIN_57541,PRODUCT_259347,图书音像,价格,性价比高,positive,性价比高
TRAIN_57542,PRODUCT_430666,图书音像,价格,性价比高,positive,性价比高
TRAIN_57544,PRODUCT_281737,图书音像,质量,质量好,positive,质量好
TRAIN_57546,PRODUCT_160559,家用电器,正品,疑似假货,negative,疑似假货
TRAIN_57556,PRODUCT_399532,美妆个护,正品,正品放心,positive,正品放心
TRAIN_57569,PRODUCT_393860,图书音像,正品,正品放心,positive,正品放心
TRAIN_57574,PRODUCT_449505,美妆个护,物流,发货快,positive,发货快
TRAIN_57579,PRODUCT_49438,图书音像,质量,质量差,negative,质量差
TRAIN_57581,PRODUCT_401919,美妆个护,正品,正品放心,positive,正品放心
TRAIN_57583,PRODUCT_60459,图书音像,推荐,不推荐,negative,不推荐
TRAIN_57584,PRODUCT_39536,图书音像,正品,疑似假货,negative,疑似假货
TRAIN_57588,PRODUCT_434583,图书音像,物流,发货快,positive,发货快
TRAIN_57595,PRODUCT_73783,图书音像,包装,包装好,positive,包装好
TRAIN_57595,PRODUCT_73783,图书音像,包装,包装差,negative,包装差
TRAIN_57595,PRODUCT_73783,图书音像,正品,正品放心,positive,正品放心
TRAIN_57597,PRODUCT_78330,图书音像,正品,正品放心,positive,正品放心
TRAIN_57599,PRODUCT_410180,图书音像,正品,疑似假货,negative,疑似假货
TRAIN_57603,PRODUCT_182019,图书音像,正品,疑似假货,negative,疑似假货
TRAIN_57614,PRODUCT_492261,图书音像,正品,疑似假货,negative,疑似假货
TRAIN_57614,PRODUCT_492261,图书音像,耐用,容易坏,negative,容易坏
TRAIN_57625,PRODUCT_132125,图书音像,推荐,不推荐,negative,不推荐
TRAIN_57631,PRODUCT_100237,图书音像,质量,质量好,positive,质量好
TRAIN_57632,PRODUCT_183304,手机/数码,屏幕,屏幕差,negative,屏幕差
TRAIN_57636,PRODUCT_518890,电脑/办公,正品,正品放心,positive,正品放心
TRAIN_57640,PRODUCT_421737,图书音像,物流,发货快,positive,发货快
TRAIN_57641,PRODUCT_266489,图书音像,包装,包装差,negative,包装差
TRAIN_57644,PRODUCT_284135,图书音像,推荐,会回购,positive,会回购
TRAIN_57659,PRODUCT_463745,图书音像,质量,质量好,positive,质量好
TRAIN_57661,PRODUCT_297060,手机/数码,客服,客服好,positive,客服好
TRAIN_57665,PRODUCT_339275,美妆个护,正品,正品放心,positive,正品放心
TRAIN_57670,PRODUCT_167586,家具/家装/建材,价格,性价比高,positive,性价比高
TRAIN_57679,PRODUCT_193939,图书音像,质量,质量好,positive,质量好
TRAIN_57687,PRODUCT_464639,图书音像,内容,内容一般,negative,内容一般
TRAIN_57696,PRODUCT_353704,其他,价格,性价比高,positive,性价比高
TRAIN_57699,PRODUCT_260342,电脑/办公,正品,正品放心,positive,正品放心
TRAIN_57701,PRODUCT_423088,食品/保健,味道,味道不错,positive,味道不错
TRAIN_57703,PRODUCT_398169,图书音像,推荐,会回购,positive,会回购
TRAIN_57724,PRODUCT_422763,电脑/办公,外观,外观好看,positive,外观好看
TRAIN_57731,PRODUCT_208082,图书音像,质量,质量差,negative,质量差
TRAIN_57739,PRODUCT_9669,图书音像,质量,质量好,positive,质量好
TRAIN_57740,PRODUCT_249301,图书音像,正品,正品放心,positive,正品放心
TRAIN_57741,PRODUCT_106793,图书音像,正品,正品放心,positive,正品放心
TRAIN_57747,PRODUCT_217554,图书音像,物流,发货快,positive,发货快
TRAIN_57748,PRODUCT_291441,电脑/办公,价格,性价比高,positive,性价比高
TRAIN_57752,PRODUCT_269235,钟表/首饰/眼镜/礼品,耐用,容易坏,negative,容易坏
TRAIN_57761,PRODUCT_320328,图书音像,包装,包装差,negative,包装差
TRAIN_57766,PRODUCT_242461,图书音像,推荐,不推荐,negative,不推荐
TRAIN_57768,PRODUCT_397400,图书音像,物流,发货快,positive,发货快
TRAIN_57771,PRODUCT_213394,图书音像,物流,发货快,positive,发货快
TRAIN_57771,PRODUCT_213394,图书音像,内容,内容不错,positive,内容不错
TRAIN_57774,PRODUCT_336791,图书音像,正品,正品放心,positive,正品放心
TRAIN_57786,PRODUCT_125281,图书音像,正品,正品放心,positive,正品放心
TRAIN_57792,PRODUCT_59344,图书音像,正品,正品放心,positive,正品放心
TRAIN_57794,PRODUCT_83130,图书音像,包装,包装好,positive,包装好
TRAIN_57797,PRODUCT_423697,母婴/玩具,质量,质量好,positive,质量好
TRAIN_57802,PRODUCT_221321,其他,包装,包装好,positive,包装好
TRAIN_57802,PRODUCT_221321,其他,包装,包装差,negative,包装差
TRAIN_57805,PRODUCT_138649,图书音像,包装,包装好,positive,包装好
TRAIN_57813,PRODUCT_296338,图书音像,价格,价格贵,negative,价格贵
TRAIN_57814,PRODUCT_369341,图书音像,质量,质量好,positive,质量好
TRAIN_57814,PRODUCT_369341,图书音像,推荐,会回购,positive,会回购
TRAIN_57819,PRODUCT_399459,图书音像,内容,内容不错,positive,内容不错
TRAIN_57820,PRODUCT_394190,图书音像,质量,质量好,positive,质量好
TRAIN_57821,PRODUCT_15191,图书音像,内容,内容不错,positive,内容不错
TRAIN_57823,PRODUCT_31635,图书音像,质量,质量好,positive,质量好
TRAIN_57828,PRODUCT_130393,家用电器,包装,包装好,positive,包装好
TRAIN_57830,PRODUCT_332249,图书音像,包装,包装好,positive,包装好
TRAIN_57834,PRODUCT_417315,家用电器,质量,质量好,positive,质量好
TRAIN_57835,PRODUCT_42632,电脑/办公,价格,性价比高,positive,性价比高
TRAIN_57847,PRODUCT_439418,家居生活,耐用,很耐用,positive,很耐用
TRAIN_57847,PRODUCT_439418,家居生活,耐用,容易坏,negative,容易坏
TRAIN_57855,PRODUCT_212102,手机/数码,物流,发货快,positive,发货快
TRAIN_57857,PRODUCT_210572,图书音像,正品,正品放心,positive,正品放心
TRAIN_57867,PRODUCT_251574,图书音像,质量,质量好,positive,质量好
TRAIN_57867,PRODUCT_251574,图书音像,物流,发货快,positive,发货快
TRAIN_57868,PRODUCT_249356,图书音像,质量,质量好,positive,质量好
TRAIN_57875,PRODUCT_12411,图书音像,质量,质量好,positive,质量好
TRAIN_57875,PRODUCT_12411,图书音像,正品,正品放心,positive,正品放心
TRAIN_57879,PRODUCT_191478,电脑/办公,耐用,很耐用,positive,很耐用
TRAIN_57880,PRODUCT_83523,食品/保健,味道,味道不错,positive,味道不错
TRAIN_57887,PRODUCT_475578,图书音像,正品,疑似假货,negative,疑似假货
TRAIN_57887,PRODUCT_475578,图书音像,内容,内容不错,positive,内容不错
TRAIN_57893,PRODUCT_71712,家用电器,价格,性价比高,positive,性价比高
TRAIN_57893,PRODUCT_71712,家用电器,正品,正品放心,positive,正品放心
TRAIN_57898,PRODUCT_218631,家用电器,物流,发货快,positive,发货快
TRAIN_57904,PRODUCT_272454,图书音像,质量,质量好,positive,质量好
TRAIN_57904,PRODUCT_272454,图书音像,正品,正品放心,positive,正品放心
TRAIN_57905,PRODUCT_103755,电脑/办公,推荐,会回购,positive,会回购
TRAIN_57909,PRODUCT_492416,钟表/首饰/眼镜/礼品,正品,正品放心,positive,正品放心
TRAIN_57912,PRODUCT_304807,图书音像,正品,正品放心,positive,正品放心
TRAIN_57917,PRODUCT_416062,图书音像,质量,质量好,positive,质量好
TRAIN_57917,PRODUCT_416062,图书音像,物流,发货快,positive,发货快
TRAIN_57919,PRODUCT_9638,电脑/办公,价格,性价比高,positive,性价比高
TRAIN_57922,PRODUCT_517851,图书音像,正品,正品放心,positive,正品放心
TRAIN_57924,PRODUCT_484124,图书音像,价格,性价比高,positive,性价比高
TRAIN_57925,PRODUCT_486871,家居生活,质量,质量好,positive,质量好
TRAIN_57939,PRODUCT_79859,家用电器,物流,发货快,positive,发货快
TRAIN_57941,PRODUCT_348686,图书音像,包装,包装好,positive,包装好
TRAIN_57947,PRODUCT_39985,图书音像,正品,正品放心,positive,正品放心
TRAIN_57962,PRODUCT_187879,图书音像,质量,质量好,positive,质量好
TRAIN_57969,PRODUCT_67249,钟表/首饰/眼镜/礼品,正品,正品放心,positive,正品放心
TRAIN_57977,PRODUCT_187877,图书音像,质量,质量好,positive,质量好
TRAIN_57980,PRODUCT_494358,图书音像,外观,外观一般,negative,外观一般
TRAIN_57980,PRODUCT_494358,图书音像,推荐,不推荐,negative,不推荐
TRAIN_57982,PRODUCT_1320,图书音像,质量,质量好,positive,质量好
TRAIN_57982,PRODUCT_1320,图书音像,正品,正品放心,positive,正品放心
TRAIN_57985,PRODUCT_176062,手机/数码,价格,性价比高,positive,性价比高
TRAIN_57986,PRODUCT_27396,美妆个护,正品,正品放心,positive,正品放心
TRAIN_57986,PRODUCT_27396,美妆个护,正品,疑似假货,negative,疑似假货
TRAIN_57992,PRODUCT_221021,手机/数码,质量,质量好,positive,质量好
TRAIN_58001,PRODUCT_107511,图书音像,推荐,会回购,positive,会回购
TRAIN_58005,PRODUCT_130000,图书音像,价格,性价比高,positive,性价比高
TRAIN_58005,PRODUCT_130000,图书音像,正品,正品放心,positive,正品放心
TRAIN_58006,PRODUCT_276789,图书音像,价格,性价比高,positive,性价比高
TRAIN_58008,PRODUCT_239855,图书音像,耐用,很耐用,positive,很耐用
TRAIN_58015,PRODUCT_158986,家用电器,推荐,会回购,positive,会回购
TRAIN_58016,PRODUCT_477855,图书音像,价格,价格贵,negative,价格贵
TRAIN_58025,PRODUCT_422784,图书音像,质量,质量好,positive,质量好
TRAIN_58038,PRODUCT_215550,图书音像,质量,质量好,positive,质量好
TRAIN_58038,PRODUCT_215550,图书音像,价格,性价比高,positive,性价比高
TRAIN_58043,PRODUCT_467869,图书音像,价格,性价比高,positive,性价比高
TRAIN_58055,PRODUCT_178373,美妆个护,包装,包装差,negative,包装差
TRAIN_58055,PRODUCT_178373,美妆个护,正品,正品放心,positive,正品放心
TRAIN_58057,PRODUCT_438584,图书音像,内容,内容不错,positive,内容不错
TRAIN_58080,PRODUCT_433006,图书音像,内容,内容一般,negative,内容一般
TRAIN_58087,PRODUCT_91741,图书音像,物流,物流慢,negative,物流慢
TRAIN_58088,PRODUCT_383593,图书音像,质量,质量好,positive,质量好
TRAIN_58095,PRODUCT_63244,手机/数码,正品,正品放心,positive,正品放心
TRAIN_58096,PRODUCT_499622,电脑/办公,质量,质量差,negative,质量差
TRAIN_58096,PRODUCT_499622,电脑/办公,正品,疑似假货,negative,疑似假货
TRAIN_58096,PRODUCT_499622,电脑/办公,推荐,不推荐,negative,不推荐
TRAIN_58107,PRODUCT_16516,图书音像,内容,内容不错,positive,内容不错
TRAIN_58108,PRODUCT_3210,图书音像,包装,包装差,negative,包装差
TRAIN_58109,PRODUCT_364200,图书音像,质量,质量好,positive,质量好
TRAIN_58109,PRODUCT_364200,图书音像,内容,内容不错,positive,内容不错
TRAIN_58111,PRODUCT_274552,母婴/玩具,物流,发货快,positive,发货快
TRAIN_58113,PRODUCT_388943,家具/家装/建材,物流,发货快,positive,发货快
TRAIN_58114,PRODUCT_498898,图书音像,正品,正品放心,positive,正品放心
TRAIN_58116,PRODUCT_489746,电脑/办公,正品,正品放心,positive,正品放心
TRAIN_58116,PRODUCT_489746,电脑/办公,正品,疑似假货,negative,疑似假货
TRAIN_58119,PRODUCT_266220,图书音像,内容,内容不错,positive,内容不错
TRAIN_58124,PRODUCT_451094,钟表/首饰/眼镜/礼品,物流,发货快,positive,发货快
TRAIN_58129,PRODUCT_88725,图书音像,物流,发货快,positive,发货快
TRAIN_58136,PRODUCT_339677,图书音像,正品,疑似假货,negative,疑似假货
TRAIN_58137,PRODUCT_208745,图书音像,正品,正品放心,positive,正品放心
TRAIN_58138,PRODUCT_423481,美妆个护,正品,正品放心,positive,正品放心
TRAIN_58141,PRODUCT_387866,图书音像,内容,内容一般,negative,内容一般
TRAIN_58145,PRODUCT_119330,图书音像,包装,包装差,negative,包装差
TRAIN_58146,PRODUCT_228594,图书音像,内容,内容不错,positive,内容不错
TRAIN_58151,PRODUCT_217717,图书音像,质量,质量好,positive,质量好
TRAIN_58155,PRODUCT_395546,电脑/办公,包装,包装好,positive,包装好
TRAIN_58159,PRODUCT_390033,服饰服装,面料,面料不错,positive,面料不错
TRAIN_58164,PRODUCT_426755,美妆个护,价格,价格贵,negative,价格贵
TRAIN_58165,PRODUCT_224719,手机/数码,物流,发货快,positive,发货快
TRAIN_58165,PRODUCT_224719,手机/数码,正品,正品放心,positive,正品放心
TRAIN_58165,PRODUCT_224719,手机/数码,屏幕,屏幕差,negative,屏幕差
TRAIN_58172,PRODUCT_392483,美妆个护,正品,正品放心,positive,正品放心
TRAIN_58179,PRODUCT_376857,图书音像,正品,正品放心,positive,正品放心
TRAIN_58180,PRODUCT_126107,图书音像,内容,内容不错,positive,内容不错
TRAIN_58197,PRODUCT_86655,手机/数码,质量,质量好,positive,质量好
TRAIN_58205,PRODUCT_140336,电脑/办公,正品,疑似假货,negative,疑似假货
TRAIN_58216,PRODUCT_468035,图书音像,推荐,会回购,positive,会回购
TRAIN_58217,PRODUCT_127165,图书音像,正品,正品放心,positive,正品放心
TRAIN_58221,PRODUCT_384857,电脑/办公,耐用,容易坏,negative,容易坏
TRAIN_58237,PRODUCT_330883,图书音像,内容,内容不错,positive,内容不错
TRAIN_58239,PRODUCT_33019,图书音像,物流,物流慢,negative,物流慢
TRAIN_58244,PRODUCT_401866,电脑/办公,屏幕,屏幕差,negative,屏幕差
TRAIN_58245,PRODUCT_240387,图书音像,正品,正品放心,positive,正品放心
TRAIN_58247,PRODUCT_520960,食品/保健,味道,味道不错,positive,味道不错
TRAIN_58248,PRODUCT_301217,电脑/办公,质量,质量差,negative,质量差
TRAIN_58250,PRODUCT_448570,图书音像,包装,包装差,negative,包装差
TRAIN_58263,PRODUCT_171422,图书音像,内容,内容不错,positive,内容不错
TRAIN_58270,PRODUCT_284227,图书音像,正品,正品放心,positive,正品放心
TRAIN_58270,PRODUCT_284227,图书音像,正品,疑似假货,negative,疑似假货
TRAIN_58274,PRODUCT_439176,图书音像,正品,正品放心,positive,正品放心
TRAIN_58278,PRODUCT_109696,电脑/办公,质量,质量好,positive,质量好
TRAIN_58296,PRODUCT_205178,美妆个护,质量,质量好,positive,质量好
TRAIN_58303,PRODUCT_461413,图书音像,物流,发货快,positive,发货快
TRAIN_58313,PRODUCT_247519,图书音像,质量,质量好,positive,质量好
TRAIN_58315,PRODUCT_335812,图书音像,价格,价格贵,negative,价格贵
TRAIN_58317,PRODUCT_481221,家居生活,正品,正品放心,positive,正品放心
TRAIN_58321,PRODUCT_500760,电脑/办公,耐用,容易坏,negative,容易坏
TRAIN_58330,PRODUCT_114365,图书音像,推荐,会回购,positive,会回购
TRAIN_58338,PRODUCT_480816,图书音像,正品,正品放心,positive,正品放心
TRAIN_58342,PRODUCT_322417,图书音像,质量,质量好,positive,质量好
TRAIN_58342,PRODUCT_322417,图书音像,物流,发货快,positive,发货快
TRAIN_58352,PRODUCT_486854,图书音像,内容,内容不错,positive,内容不错
TRAIN_58355,PRODUCT_218644,美妆个护,正品,正品放心,positive,正品放心
TRAIN_58359,PRODUCT_436303,母婴/玩具,正品,正品放心,positive,正品放心
TRAIN_58382,PRODUCT_481270,食品/保健,味道,味道不错,positive,味道不错
TRAIN_58387,PRODUCT_239509,图书音像,包装,包装好,positive,包装好
TRAIN_58388,PRODUCT_183153,图书音像,包装,包装差,negative,包装差
TRAIN_58388,PRODUCT_183153,图书音像,耐用,很耐用,positive,很耐用
TRAIN_58389,PRODUCT_218548,图书音像,物流,发货快,positive,发货快
TRAIN_58391,PRODUCT_415741,图书音像,质量,质量差,negative,质量差
TRAIN_58394,PRODUCT_179898,图书音像,正品,正品放心,positive,正品放心
TRAIN_58397,PRODUCT_314895,图书音像,价格,价格贵,negative,价格贵
TRAIN_58398,PRODUCT_304595,图书音像,物流,发货快,positive,发货快
TRAIN_58412,PRODUCT_48279,图书音像,正品,正品放心,positive,正品放心
TRAIN_58413,PRODUCT_200508,电脑/办公,质量,质量差,negative,质量差
TRAIN_58422,PRODUCT_523031,手机/数码,耐用,容易坏,negative,容易坏
TRAIN_58433,PRODUCT_371139,美妆个护,味道,味道不错,positive,味道不错
TRAIN_58443,PRODUCT_415513,图书音像,质量,质量好,positive,质量好
TRAIN_58452,PRODUCT_459553,手机/数码,正品,正品放心,positive,正品放心
TRAIN_58458,PRODUCT_349735,手机/数码,推荐,会回购,positive,会回购
TRAIN_58460,PRODUCT_85795,图书音像,正品,正品放心,positive,正品放心
TRAIN_58465,PRODUCT_237878,图书音像,质量,质量好,positive,质量好
TRAIN_58466,PRODUCT_162088,图书音像,内容,内容一般,negative,内容一般
TRAIN_58475,PRODUCT_382490,图书音像,正品,正品放心,positive,正品放心
TRAIN_58478,PRODUCT_129618,图书音像,正品,正品放心,positive,正品放心
TRAIN_58483,PRODUCT_383389,家用电器,价格,性价比高,positive,性价比高
TRAIN_58488,PRODUCT_374125,图书音像,质量,质量好,positive,质量好
TRAIN_58501,PRODUCT_129370,美妆个护,正品,正品放心,positive,正品放心
TRAIN_58504,PRODUCT_366877,家用电器,价格,性价比高,positive,性价比高
TRAIN_58505,PRODUCT_191256,图书音像,正品,正品放心,positive,正品放心
TRAIN_58508,PRODUCT_132896,美妆个护,正品,疑似假货,negative,疑似假货
TRAIN_58510,PRODUCT_510754,图书音像,包装,包装差,negative,包装差
TRAIN_58512,PRODUCT_136824,图书音像,正品,正品放心,positive,正品放心
TRAIN_58512,PRODUCT_136824,图书音像,正品,疑似假货,negative,疑似假货
TRAIN_58525,PRODUCT_407197,图书音像,质量,质量好,positive,质量好
TRAIN_58531,PRODUCT_447078,美妆个护,正品,正品放心,positive,正品放心
TRAIN_58536,PRODUCT_425836,电脑/办公,正品,疑似假货,negative,疑似假货
TRAIN_58549,PRODUCT_406229,图书音像,正品,正品放心,positive,正品放心
TRAIN_58551,PRODUCT_421192,图书音像,包装,包装好,positive,包装好
TRAIN_58557,PRODUCT_283878,电脑/办公,耐用,容易坏,negative,容易坏
TRAIN_58562,PRODUCT_42185,美妆个护,正品,正品放心,positive,正品放心
TRAIN_58568,PRODUCT_15944,图书音像,内容,内容不错,positive,内容不错
TRAIN_58569,PRODUCT_148337,图书音像,内容,内容不错,positive,内容不错
TRAIN_58574,PRODUCT_207145,图书音像,价格,性价比高,positive,性价比高
TRAIN_58581,PRODUCT_179819,手机/数码,推荐,会回购,positive,会回购
TRAIN_58583,PRODUCT_3592,图书音像,正品,正品放心,positive,正品放心
TRAIN_58584,PRODUCT_487492,图书音像,内容,内容不错,positive,内容不错
TRAIN_58587,PRODUCT_329451,图书音像,内容,内容一般,negative,内容一般
TRAIN_58592,PRODUCT_236142,图书音像,质量,质量好,positive,质量好
TRAIN_58594,PRODUCT_300557,图书音像,价格,性价比高,positive,性价比高
TRAIN_58600,PRODUCT_80759,图书音像,物流,发货快,positive,发货快
TRAIN_58600,PRODUCT_80759,图书音像,包装,包装好,positive,包装好
TRAIN_58601,PRODUCT_131608,手机/数码,价格,性价比高,positive,性价比高
TRAIN_58601,PRODUCT_131608,手机/数码,正品,正品放心,positive,正品放心
TRAIN_58606,PRODUCT_387758,图书音像,正品,正品放心,positive,正品放心
TRAIN_58611,PRODUCT_86055,图书音像,正品,正品放心,positive,正品放心
TRAIN_58613,PRODUCT_305136,图书音像,物流,发货快,positive,发货快
TRAIN_58624,PRODUCT_376091,图书音像,正品,正品放心,positive,正品放心
TRAIN_58626,PRODUCT_510262,图书音像,质量,质量好,positive,质量好
TRAIN_58626,PRODUCT_510262,图书音像,包装,包装差,negative,包装差
TRAIN_58632,PRODUCT_498915,美妆个护,正品,正品放心,positive,正品放心
TRAIN_58634,PRODUCT_327900,图书音像,质量,质量好,positive,质量好
TRAIN_58637,PRODUCT_416725,手机/数码,包装,包装好,positive,包装好
TRAIN_58644,PRODUCT_73160,家居生活,质量,质量好,positive,质量好
TRAIN_58644,PRODUCT_73160,家居生活,物流,发货快,positive,发货快
TRAIN_58645,PRODUCT_75905,图书音像,正品,正品放心,positive,正品放心
TRAIN_58652,PRODUCT_87339,鞋类箱包,正品,疑似假货,negative,疑似假货
TRAIN_58660,PRODUCT_188892,美妆个护,正品,正品放心,positive,正品放心
TRAIN_58662,PRODUCT_230394,图书音像,质量,质量好,positive,质量好
TRAIN_58662,PRODUCT_230394,图书音像,物流,发货快,positive,发货快
TRAIN_58663,PRODUCT_125273,美妆个护,正品,正品放心,positive,正品放心
TRAIN_58664,PRODUCT_507401,图书音像,质量,质量好,positive,质量好
TRAIN_58666,PRODUCT_224891,图书音像,价格,性价比高,positive,性价比高
TRAIN_58672,PRODUCT_395440,家用电器,价格,价格贵,negative,价格贵
TRAIN_58681,PRODUCT_105569,图书音像,质量,质量好,positive,质量好
TRAIN_58685,PRODUCT_269917,图书音像,正品,正品放心,positive,正品放心
TRAIN_58687,PRODUCT_404033,钟表/首饰/眼镜/礼品,外观,外观好看,positive,外观好看
TRAIN_58690,PRODUCT_333648,手机/数码,物流,发货快,positive,发货快
TRAIN_58692,PRODUCT_298194,图书音像,正品,正品放心,positive,正品放心
TRAIN_58693,PRODUCT_89893,图书音像,正品,正品放心,positive,正品放心
TRAIN_58694,PRODUCT_275902,图书音像,正品,正品放心,positive,正品放心
TRAIN_58696,PRODUCT_446180,电脑/办公,质量,质量好,positive,质量好
TRAIN_58714,PRODUCT_416391,图书音像,包装,包装差,negative,包装差
TRAIN_58716,PRODUCT_325122,图书音像,质量,质量好,positive,质量好
TRAIN_58723,PRODUCT_272247,美妆个护,正品,正品放心,positive,正品放心
TRAIN_58723,PRODUCT_272247,美妆个护,味道,味道不错,positive,味道不错
TRAIN_58724,PRODUCT_416643,图书音像,质量,质量好,positive,质量好
TRAIN_58729,PRODUCT_307591,图书音像,正品,正品放心,positive,正品放心
TRAIN_58734,PRODUCT_220981,电脑/办公,耐用,容易坏,negative,容易坏
TRAIN_58739,PRODUCT_68597,图书音像,包装,包装好,positive,包装好
TRAIN_58744,PRODUCT_511079,食品/保健,味道,味道不错,positive,味道不错
TRAIN_58745,PRODUCT_74190,图书音像,物流,发货快,positive,发货快
TRAIN_58747,PRODUCT_128348,图书音像,正品,疑似假货,negative,疑似假货
TRAIN_58749,PRODUCT_495075,电脑/办公,推荐,会回购,positive,会回购
TRAIN_58765,PRODUCT_112579,食品/保健,味道,味道不错,positive,味道不错
TRAIN_58771,PRODUCT_234386,图书音像,包装,包装差,negative,包装差
TRAIN_58771,PRODUCT_234386,图书音像,耐用,容易坏,negative,容易坏
TRAIN_58776,PRODUCT_276585,图书音像,正品,疑似假货,negative,疑似假货
TRAIN_58778,PRODUCT_288640,图书音像,物流,发货快,positive,发货快
TRAIN_58781,PRODUCT_178211,图书音像,推荐,会回购,positive,会回购
TRAIN_58789,PRODUCT_500141,图书音像,质量,质量好,positive,质量好
TRAIN_58791,PRODUCT_365247,图书音像,质量,质量好,positive,质量好
TRAIN_58791,PRODUCT_365247,图书音像,物流,发货快,positive,发货快
TRAIN_58798,PRODUCT_153908,图书音像,质量,质量好,positive,质量好
TRAIN_58810,PRODUCT_117137,图书音像,质量,质量好,positive,质量好
TRAIN_58813,PRODUCT_92103,家用电器,正品,正品放心,positive,正品放心
TRAIN_58819,PRODUCT_270594,电脑/办公,价格,性价比高,positive,性价比高
TRAIN_58819,PRODUCT_270594,电脑/办公,推荐,不推荐,negative,不推荐
TRAIN_58826,PRODUCT_289677,图书音像,推荐,会回购,positive,会回购
TRAIN_58827,PRODUCT_183456,图书音像,价格,性价比高,positive,性价比高
TRAIN_58831,PRODUCT_495440,美妆个护,味道,味道不错,positive,味道不错
TRAIN_58838,PRODUCT_470415,美妆个护,正品,疑似假货,negative,疑似假货
TRAIN_58840,PRODUCT_444332,图书音像,价格,性价比高,positive,性价比高
TRAIN_58843,PRODUCT_290859,手机/数码,推荐,会回购,positive,会回购
TRAIN_58847,PRODUCT_445505,图书音像,包装,包装好,positive,包装好
TRAIN_58848,PRODUCT_389371,图书音像,内容,内容不错,positive,内容不错
TRAIN_58853,PRODUCT_342326,家用电器,推荐,不推荐,negative,不推荐
TRAIN_58875,PRODUCT_342190,美妆个护,包装,包装差,negative,包装差
TRAIN_58876,PRODUCT_430840,电脑/办公,价格,性价比高,positive,性价比高
TRAIN_58878,PRODUCT_466768,美妆个护,味道,味道不错,positive,味道不错
TRAIN_58881,PRODUCT_448137,电脑/办公,耐用,容易坏,negative,容易坏
TRAIN_58882,PRODUCT_178922,图书音像,质量,质量好,positive,质量好
TRAIN_58882,PRODUCT_178922,图书音像,物流,发货快,positive,发货快
TRAIN_58886,PRODUCT_178796,图书音像,质量,质量好,positive,质量好
TRAIN_58886,PRODUCT_178796,图书音像,内容,内容不错,positive,内容不错
TRAIN_58888,PRODUCT_258815,图书音像,质量,质量差,negative,质量差
TRAIN_58888,PRODUCT_258815,图书音像,正品,疑似假货,negative,疑似假货
TRAIN_58891,PRODUCT_446264,手机/数码,耐用,容易坏,negative,容易坏
TRAIN_58892,PRODUCT_459268,电脑/办公,正品,正品放心,positive,正品放心
TRAIN_58893,PRODUCT_509911,电脑/办公,质量,质量好,positive,质量好
TRAIN_58894,PRODUCT_237421,图书音像,质量,质量好,positive,质量好
TRAIN_58895,PRODUCT_46131,鞋类箱包,正品,正品放心,positive,正品放心
TRAIN_58895,PRODUCT_46131,鞋类箱包,正品,疑似假货,negative,疑似假货
TRAIN_58898,PRODUCT_25245,图书音像,质量,质量好,positive,质量好
TRAIN_58899,PRODUCT_213650,美妆个护,味道,味道不错,positive,味道不错
TRAIN_58903,PRODUCT_81731,图书音像,包装,包装差,negative,包装差
TRAIN_58905,PRODUCT_138190,图书音像,质量,质量好,positive,质量好
TRAIN_58913,PRODUCT_270594,电脑/办公,正品,正品放心,positive,正品放心
TRAIN_58923,PRODUCT_463048,图书音像,质量,质量好,positive,质量好
TRAIN_58940,PRODUCT_36992,电脑/办公,正品,正品放心,positive,正品放心
TRAIN_58943,PRODUCT_137828,图书音像,内容,内容不错,positive,内容不错
TRAIN_58944,PRODUCT_55067,图书音像,正品,正品放心,positive,正品放心
TRAIN_58946,PRODUCT_110205,电脑/办公,价格,性价比高,positive,性价比高
TRAIN_58948,PRODUCT_133790,图书音像,价格,性价比高,positive,性价比高
TRAIN_58951,PRODUCT_200508,电脑/办公,正品,正品放心,positive,正品放心
TRAIN_58953,PRODUCT_196298,图书音像,质量,质量好,positive,质量好
TRAIN_58963,PRODUCT_174078,手机/数码,质量,质量好,positive,质量好
TRAIN_58983,PRODUCT_499054,图书音像,包装,包装好,positive,包装好
TRAIN_58988,PRODUCT_75870,手机/数码,正品,正品放心,positive,正品放心
TRAIN_58989,PRODUCT_477381,图书音像,质量,质量好,positive,质量好
TRAIN_58993,PRODUCT_14507,食品/保健,味道,味道不错,positive,味道不错
TRAIN_59000,PRODUCT_5806,电脑/办公,质量,质量好,positive,质量好
TRAIN_59002,PRODUCT_370593,图书音像,内容,内容一般,negative,内容一般
TRAIN_59013,PRODUCT_400404,家居生活,质量,质量好,positive,质量好
TRAIN_59013,PRODUCT_400404,家居生活,耐用,很耐用,positive,很耐用
TRAIN_59018,PRODUCT_371263,图书音像,推荐,不推荐,negative,不推荐
TRAIN_59020,PRODUCT_353665,电脑/办公,正品,正品放心,positive,正品放心
TRAIN_59021,PRODUCT_358902,图书音像,质量,质量好,positive,质量好
TRAIN_59024,PRODUCT_330263,图书音像,价格,价格贵,negative,价格贵
TRAIN_59026,PRODUCT_410348,美妆个护,味道,味道不错,positive,味道不错
TRAIN_59033,PRODUCT_231487,图书音像,质量,质量好,positive,质量好
TRAIN_59048,PRODUCT_18392,图书音像,包装,包装好,positive,包装好
TRAIN_59048,PRODUCT_18392,图书音像,包装,包装差,negative,包装差
TRAIN_59051,PRODUCT_307066,图书音像,质量,质量好,positive,质量好
TRAIN_59052,PRODUCT_179287,电脑/办公,质量,质量好,positive,质量好
TRAIN_59053,PRODUCT_136621,图书音像,质量,质量差,negative,质量差
TRAIN_59053,PRODUCT_136621,图书音像,正品,疑似假货,negative,疑似假货
TRAIN_59058,PRODUCT_159992,图书音像,价格,性价比高,positive,性价比高
TRAIN_59060,PRODUCT_182048,图书音像,物流,发货快,positive,发货快
TRAIN_59066,PRODUCT_164731,图书音像,价格,性价比高,positive,性价比高
TRAIN_59071,PRODUCT_382610,图书音像,价格,性价比高,positive,性价比高
TRAIN_59072,PRODUCT_102076,手机/数码,质量,质量好,positive,质量好
TRAIN_59072,PRODUCT_102076,手机/数码,正品,正品放心,positive,正品放心
TRAIN_59074,PRODUCT_497078,图书音像,内容,内容不错,positive,内容不错
TRAIN_59076,PRODUCT_376213,手机/数码,物流,发货快,positive,发货快
TRAIN_59078,PRODUCT_365418,家用电器,价格,性价比高,positive,性价比高
TRAIN_59088,PRODUCT_304559,电脑/办公,质量,质量好,positive,质量好
TRAIN_59092,PRODUCT_432395,图书音像,正品,正品放心,positive,正品放心
TRAIN_59094,PRODUCT_10839,家用电器,物流,发货快,positive,发货快
TRAIN_59107,PRODUCT_237112,美妆个护,味道,味道不错,positive,味道不错
TRAIN_59109,PRODUCT_116060,图书音像,耐用,容易坏,negative,容易坏
TRAIN_59111,PRODUCT_276274,电脑/办公,质量,质量好,positive,质量好
TRAIN_59128,PRODUCT_462242,图书音像,正品,正品放心,positive,正品放心
TRAIN_59130,PRODUCT_259244,运动户外,耐用,容易坏,negative,容易坏
TRAIN_59131,PRODUCT_422462,母婴/玩具,耐用,容易坏,negative,容易坏
TRAIN_59140,PRODUCT_185383,美妆个护,物流,发货快,positive,发货快
TRAIN_59145,PRODUCT_231099,图书音像,推荐,不推荐,negative,不推荐
TRAIN_59153,PRODUCT_332663,图书音像,质量,质量好,positive,质量好
TRAIN_59153,PRODUCT_332663,图书音像,价格,性价比高,positive,性价比高
TRAIN_59159,PRODUCT_401160,图书音像,正品,正品放心,positive,正品放心
TRAIN_59161,PRODUCT_172768,图书音像,正品,正品放心,positive,正品放心
TRAIN_59165,PRODUCT_306868,图书音像,推荐,不推荐,negative,不推荐
TRAIN_59166,PRODUCT_438669,图书音像,质量,质量好,positive,质量好
TRAIN_59168,PRODUCT_251571,图书音像,内容,内容一般,negative,内容一般
TRAIN_59169,PRODUCT_417139,图书音像,物流,发货快,positive,发货快
TRAIN_59178,PRODUCT_138107,电脑/办公,正品,正品放心,positive,正品放心
TRAIN_59182,PRODUCT_441014,电脑/办公,正品,正品放心,positive,正品放心
TRAIN_59188,PRODUCT_151755,电脑/办公,正品,正品放心,positive,正品放心
TRAIN_59192,PRODUCT_330575,手机/数码,正品,正品放心,positive,正品放心
TRAIN_59202,PRODUCT_215564,图书音像,耐用,容易坏,negative,容易坏
TRAIN_59206,PRODUCT_317891,手机/数码,物流,发货快,positive,发货快
TRAIN_59212,PRODUCT_337216,家用电器,包装,包装好,positive,包装好
TRAIN_59213,PRODUCT_102689,图书音像,质量,质量好,positive,质量好
TRAIN_59214,PRODUCT_45703,图书音像,正品,正品放心,positive,正品放心
TRAIN_59215,PRODUCT_275376,图书音像,正品,正品放心,positive,正品放心
TRAIN_59215,PRODUCT_275376,图书音像,内容,内容不错,positive,内容不错
TRAIN_59222,PRODUCT_80196,电脑/办公,正品,正品放心,positive,正品放心
TRAIN_59242,PRODUCT_431446,图书音像,内容,内容不错,positive,内容不错
TRAIN_59247,PRODUCT_369166,图书音像,质量,质量好,positive,质量好
TRAIN_59251,PRODUCT_266231,其他,价格,性价比高,positive,性价比高
TRAIN_59260,PRODUCT_49984,图书音像,内容,内容不错,positive,内容不错
TRAIN_59277,PRODUCT_467718,家具/家装/建材,质量,质量好,positive,质量好
TRAIN_59279,PRODUCT_293417,图书音像,价格,性价比高,positive,性价比高
TRAIN_59282,PRODUCT_108050,图书音像,正品,正品放心,positive,正品放心
TRAIN_59290,PRODUCT_407428,电脑/办公,质量,质量好,positive,质量好
TRAIN_59292,PRODUCT_195862,美妆个护,正品,正品放心,positive,正品放心
TRAIN_59293,PRODUCT_172333,图书音像,质量,质量好,positive,质量好
TRAIN_59302,PRODUCT_504804,图书音像,物流,发货快,positive,发货快
TRAIN_59305,PRODUCT_16881,图书音像,内容,内容不错,positive,内容不错
TRAIN_59320,PRODUCT_208349,图书音像,价格,性价比高,positive,性价比高
TRAIN_59320,PRODUCT_208349,图书音像,推荐,会回购,positive,会回购
TRAIN_59326,PRODUCT_489590,手机/数码,质量,质量差,negative,质量差
TRAIN_59326,PRODUCT_489590,手机/数码,价格,性价比高,positive,性价比高
TRAIN_59342,PRODUCT_493302,电脑/办公,价格,性价比高,positive,性价比高
TRAIN_59344,PRODUCT_253385,美妆个护,味道,味道不错,positive,味道不错
TRAIN_59347,PRODUCT_513895,图书音像,正品,疑似假货,negative,疑似假货
TRAIN_59365,PRODUCT_1857,图书音像,内容,内容不错,positive,内容不错
TRAIN_59373,PRODUCT_259099,电脑/办公,质量,质量好,positive,质量好
TRAIN_59380,PRODUCT_306020,图书音像,包装,包装好,positive,包装好
TRAIN_59386,PRODUCT_475086,图书音像,包装,包装差,negative,包装差
TRAIN_59391,PRODUCT_22437,图书音像,质量,质量好,positive,质量好
TRAIN_59391,PRODUCT_22437,图书音像,物流,发货快,positive,发货快
TRAIN_59395,PRODUCT_153895,图书音像,内容,内容不错,positive,内容不错
TRAIN_59402,PRODUCT_302013,图书音像,正品,疑似假货,negative,疑似假货
TRAIN_59404,PRODUCT_68718,鞋类箱包,质量,质量好,positive,质量好
TRAIN_59404,PRODUCT_68718,鞋类箱包,推荐,会回购,positive,会回购
TRAIN_59412,PRODUCT_337813,手机/数码,正品,正品放心,positive,正品放心
TRAIN_59416,PRODUCT_424368,电脑/办公,质量,质量差,negative,质量差
TRAIN_59416,PRODUCT_424368,电脑/办公,耐用,容易坏,negative,容易坏
TRAIN_59418,PRODUCT_341052,图书音像,内容,内容不错,positive,内容不错
TRAIN_59422,PRODUCT_432408,图书音像,包装,包装好,positive,包装好
TRAIN_59423,PRODUCT_328831,图书音像,质量,质量好,positive,质量好
TRAIN_59436,PRODUCT_205983,图书音像,外观,外观一般,negative,外观一般
TRAIN_59437,PRODUCT_148808,图书音像,质量,质量差,negative,质量差
TRAIN_59439,PRODUCT_489590,手机/数码,耐用,容易坏,negative,容易坏
TRAIN_59448,PRODUCT_82820,图书音像,质量,质量好,positive,质量好
TRAIN_59457,PRODUCT_305341,图书音像,价格,性价比高,positive,性价比高
TRAIN_59463,PRODUCT_59100,图书音像,正品,疑似假货,negative,疑似假货
TRAIN_59464,PRODUCT_379048,美妆个护,推荐,会回购,positive,会回购
TRAIN_59464,PRODUCT_379048,美妆个护,味道,味道不错,positive,味道不错
TRAIN_59470,PRODUCT_191478,电脑/办公,质量,质量好,positive,质量好
TRAIN_59470,PRODUCT_191478,电脑/办公,耐用,很耐用,positive,很耐用
TRAIN_59470,PRODUCT_191478,电脑/办公,续航,续航差,negative,续航差
TRAIN_59471,PRODUCT_290570,其他,质量,质量差,negative,质量差
TRAIN_59480,PRODUCT_361061,图书音像,包装,包装好,positive,包装好
TRAIN_59480,PRODUCT_361061,图书音像,正品,正品放心,positive,正品放心
TRAIN_59480,PRODUCT_361061,图书音像,正品,疑似假货,negative,疑似假货
TRAIN_59495,PRODUCT_353761,手机/数码,正品,正品放心,positive,正品放心
TRAIN_59499,PRODUCT_33033,图书音像,质量,质量好,positive,质量好
TRAIN_59502,PRODUCT_462339,家具/家装/建材,质量,质量好,positive,质量好
TRAIN_59505,PRODUCT_474743,图书音像,推荐,会回购,positive,会回购
TRAIN_59518,PRODUCT_106816,电脑/办公,包装,包装好,positive,包装好
TRAIN_59520,PRODUCT_342545,图书音像,质量,质量好,positive,质量好
TRAIN_59521,PRODUCT_11299,电脑/办公,价格,性价比高,positive,性价比高
TRAIN_59526,PRODUCT_155064,母婴/玩具,质量,质量好,positive,质量好
TRAIN_59529,PRODUCT_452166,家居生活,价格,价格贵,negative,价格贵
TRAIN_59533,PRODUCT_424290,图书音像,质量,质量好,positive,质量好
TRAIN_59538,PRODUCT_228489,图书音像,正品,正品放心,positive,正品放心
TRAIN_59548,PRODUCT_196002,图书音像,物流,发货快,positive,发货快
TRAIN_59558,PRODUCT_189322,图书音像,正品,正品放心,positive,正品放心
TRAIN_59561,PRODUCT_100023,图书音像,质量,质量好,positive,质量好
TRAIN_59563,PRODUCT_218190,母婴/玩具,质量,质量好,positive,质量好
TRAIN_59565,PRODUCT_245997,图书音像,质量,质量好,positive,质量好
TRAIN_59571,PRODUCT_314463,图书音像,正品,正品放心,positive,正品放心
TRAIN_59586,PRODUCT_105697,图书音像,正品,正品放心,positive,正品放心
TRAIN_59593,PRODUCT_168035,图书音像,内容,内容不错,positive,内容不错
TRAIN_59594,PRODUCT_358866,图书音像,质量,质量差,negative,质量差
TRAIN_59594,PRODUCT_358866,图书音像,包装,包装差,negative,包装差
TRAIN_59594,PRODUCT_358866,图书音像,正品,疑似假货,negative,疑似假货
TRAIN_59599,PRODUCT_61307,图书音像,正品,正品放心,positive,正品放心
TRAIN_59607,PRODUCT_307611,鞋类箱包,价格,性价比高,positive,性价比高
TRAIN_59608,PRODUCT_423238,图书音像,内容,内容不错,positive,内容不错
TRAIN_59609,PRODUCT_88666,图书音像,正品,正品放心,positive,正品放心
TRAIN_59612,PRODUCT_196787,家用电器,质量,质量好,positive,质量好
TRAIN_59618,PRODUCT_61789,电脑/办公,价格,性价比高,positive,性价比高
TRAIN_59620,PRODUCT_440984,电脑/办公,正品,正品放心,positive,正品放心
TRAIN_59623,PRODUCT_364621,图书音像,内容,内容不错,positive,内容不错
TRAIN_59633,PRODUCT_320765,图书音像,推荐,会回购,positive,会回购
TRAIN_59635,PRODUCT_25958,图书音像,质量,质量好,positive,质量好
TRAIN_59650,PRODUCT_40654,图书音像,正品,疑似假货,negative,疑似假货
TRAIN_59650,PRODUCT_40654,图书音像,耐用,容易坏,negative,容易坏
TRAIN_59658,PRODUCT_440906,食品/保健,味道,味道不错,positive,味道不错
TRAIN_59660,PRODUCT_100789,电脑/办公,质量,质量好,positive,质量好
TRAIN_59662,PRODUCT_9507,家用电器,物流,发货快,positive,发货快
TRAIN_59672,PRODUCT_454833,图书音像,耐用,容易坏,negative,容易坏
TRAIN_59673,PRODUCT_461828,图书音像,正品,正品放心,positive,正品放心
TRAIN_59674,PRODUCT_495243,图书音像,质量,质量好,positive,质量好
TRAIN_59675,PRODUCT_276420,图书音像,质量,质量好,positive,质量好
TRAIN_59675,PRODUCT_276420,图书音像,正品,正品放心,positive,正品放心
TRAIN_59678,PRODUCT_408854,其他,价格,性价比高,positive,性价比高
TRAIN_59678,PRODUCT_408854,其他,正品,正品放心,positive,正品放心
TRAIN_59682,PRODUCT_444332,图书音像,价格,性价比高,positive,性价比高
TRAIN_59688,PRODUCT_440303,图书音像,正品,正品放心,positive,正品放心
TRAIN_59691,PRODUCT_428509,图书音像,价格,性价比高,positive,性价比高
TRAIN_59692,PRODUCT_472330,电脑/办公,正品,正品放心,positive,正品放心
TRAIN_59703,PRODUCT_142055,图书音像,质量,质量好,positive,质量好
TRAIN_59711,PRODUCT_94666,图书音像,内容,内容不错,positive,内容不错
TRAIN_59729,PRODUCT_435924,图书音像,质量,质量好,positive,质量好
TRAIN_59732,PRODUCT_522076,图书音像,包装,包装好,positive,包装好
TRAIN_59740,PRODUCT_57350,家具/家装/建材,质量,质量好,positive,质量好
TRAIN_59744,PRODUCT_44135,图书音像,正品,正品放心,positive,正品放心
TRAIN_59753,PRODUCT_352867,家居生活,物流,发货快,positive,发货快
TRAIN_59755,PRODUCT_270823,图书音像,内容,内容一般,negative,内容一般
TRAIN_59769,PRODUCT_451359,美妆个护,外观,外观好看,positive,外观好看
TRAIN_59777,PRODUCT_243704,图书音像,内容,内容不错,positive,内容不错
TRAIN_59780,PRODUCT_392896,电脑/办公,正品,正品放心,positive,正品放心
TRAIN_59800,PRODUCT_357362,图书音像,推荐,不推荐,negative,不推荐
TRAIN_59808,PRODUCT_143765,家居生活,质量,质量好,positive,质量好
TRAIN_59808,PRODUCT_143765,家居生活,耐用,很耐用,positive,很耐用
TRAIN_59810,PRODUCT_317834,家用电器,价格,性价比高,positive,性价比高
TRAIN_59836,PRODUCT_137799,美妆个护,价格,性价比高,positive,性价比高
TRAIN_59842,PRODUCT_337317,手机/数码,耐用,很耐用,positive,很耐用
TRAIN_59844,PRODUCT_317030,食品/保健,味道,味道不错,positive,味道不错
TRAIN_59845,PRODUCT_512987,电脑/办公,质量,质量差,negative,质量差
TRAIN_59845,PRODUCT_512987,电脑/办公,耐用,容易坏,negative,容易坏
TRAIN_59855,PRODUCT_173946,母婴/玩具,质量,质量好,positive,质量好
TRAIN_59855,PRODUCT_173946,母婴/玩具,价格,性价比高,positive,性价比高
TRAIN_59856,PRODUCT_363209,图书音像,质量,质量好,positive,质量好
TRAIN_59867,PRODUCT_33596,家具/家装/建材,质量,质量好,positive,质量好
TRAIN_59874,PRODUCT_202184,家用电器,外观,外观一般,negative,外观一般
TRAIN_59884,PRODUCT_457826,美妆个护,味道,味道不错,positive,味道不错
TRAIN_59890,PRODUCT_258830,图书音像,物流,物流慢,negative,物流慢
TRAIN_59894,PRODUCT_289601,食品/保健,味道,味道不错,positive,味道不错
TRAIN_59900,PRODUCT_68667,图书音像,物流,发货快,positive,发货快
TRAIN_59922,PRODUCT_274611,图书音像,内容,内容不错,positive,内容不错
TRAIN_59924,PRODUCT_388038,图书音像,正品,正品放心,positive,正品放心
TRAIN_59926,PRODUCT_392531,美妆个护,质量,质量好,positive,质量好
TRAIN_59933,PRODUCT_215546,手机/数码,耐用,很耐用,positive,很耐用
TRAIN_59933,PRODUCT_215546,手机/数码,续航,续航差,negative,续航差
TRAIN_59935,PRODUCT_190815,电脑/办公,耐用,很耐用,positive,很耐用
TRAIN_59935,PRODUCT_190815,电脑/办公,续航,续航差,negative,续航差
TRAIN_59939,PRODUCT_257955,图书音像,正品,正品放心,positive,正品放心
TRAIN_59943,PRODUCT_345124,家居生活,价格,性价比高,positive,性价比高
TRAIN_59944,PRODUCT_167680,电脑/办公,价格,价格贵,negative,价格贵
TRAIN_59947,PRODUCT_335053,图书音像,正品,正品放心,positive,正品放心
TRAIN_59947,PRODUCT_335053,图书音像,正品,疑似假货,negative,疑似假货
TRAIN_59951,PRODUCT_492342,图书音像,正品,正品放心,positive,正品放心
TRAIN_59954,PRODUCT_108435,图书音像,正品,正品放心,positive,正品放心
TRAIN_59956,PRODUCT_136637,图书音像,正品,正品放心,positive,正品放心
TRAIN_59968,PRODUCT_86867,家居生活,质量,质量好,positive,质量好
TRAIN_59973,PRODUCT_509914,图书音像,耐用,很耐用,positive,很耐用
TRAIN_59976,PRODUCT_489590,手机/数码,耐用,容易坏,negative,容易坏
TRAIN_59983,PRODUCT_124354,图书音像,价格,性价比高,positive,性价比高
TRAIN_59986,PRODUCT_52233,手机/数码,正品,正品放心,positive,正品放心
TRAIN_59987,PRODUCT_248023,母婴/玩具,物流,发货快,positive,发货快
TRAIN_59988,PRODUCT_65977,图书音像,质量,质量好,positive,质量好
TRAIN_59989,PRODUCT_403842,图书音像,正品,正品放心,positive,正品放心
TRAIN_59991,PRODUCT_183396,图书音像,包装,包装好,positive,包装好
TRAIN_59994,PRODUCT_462347,其他,物流,发货快,positive,发货快
TRAIN_59994,PRODUCT_462347,其他,正品,正品放心,positive,正品放心
TRAIN_59999,PRODUCT_159154,美妆个护,物流,发货快,positive,发货快
TRAIN_59999,PRODUCT_159154,美妆个护,味道,味道不错,positive,味道不错
TRAIN_60005,PRODUCT_335762,电脑/办公,物流,发货快,positive,发货快
TRAIN_60016,PRODUCT_102616,图书音像,正品,正品放心,positive,正品放心
TRAIN_60024,PRODUCT_2696,图书音像,价格,性价比高,positive,性价比高
TRAIN_60025,PRODUCT_94383,母婴/玩具,推荐,会回购,positive,会回购
TRAIN_60030,PRODUCT_485328,图书音像,正品,疑似假货,negative,疑似假货
TRAIN_60037,PRODUCT_452577,家用电器,质量,质量好,positive,质量好
TRAIN_60045,PRODUCT_286965,图书音像,质量,质量好,positive,质量好
TRAIN_60045,PRODUCT_286965,图书音像,正品,正品放心,positive,正品放心
TRAIN_60046,PRODUCT_453541,图书音像,质量,质量好,positive,质量好
TRAIN_60047,PRODUCT_430567,手机/数码,耐用,很耐用,positive,很耐用
TRAIN_60059,PRODUCT_306722,电脑/办公,物流,发货快,positive,发货快
TRAIN_60063,PRODUCT_128937,图书音像,质量,质量好,positive,质量好
TRAIN_60065,PRODUCT_406693,电脑/办公,质量,质量差,negative,质量差
TRAIN_60066,PRODUCT_160415,美妆个护,包装,包装好,positive,包装好
TRAIN_60067,PRODUCT_107560,图书音像,内容,内容不错,positive,内容不错
TRAIN_60070,PRODUCT_305918,美妆个护,价格,性价比高,positive,性价比高
TRAIN_60074,PRODUCT_186136,美妆个护,物流,发货快,positive,发货快
TRAIN_60079,PRODUCT_466386,图书音像,正品,正品放心,positive,正品放心
TRAIN_60080,PRODUCT_516635,图书音像,价格,性价比高,positive,性价比高
TRAIN_60081,PRODUCT_90529,手机/数码,质量,质量好,positive,质量好
TRAIN_60083,PRODUCT_197139,图书音像,正品,正品放心,positive,正品放心
TRAIN_60090,PRODUCT_341239,图书音像,质量,质量好,positive,质量好
TRAIN_60091,PRODUCT_388531,图书音像,正品,正品放心,positive,正品放心
TRAIN_60092,PRODUCT_462298,图书音像,质量,质量好,positive,质量好
TRAIN_60094,PRODUCT_417656,图书音像,价格,性价比高,positive,性价比高
TRAIN_60098,PRODUCT_223443,图书音像,质量,质量好,positive,质量好
TRAIN_60098,PRODUCT_223443,图书音像,物流,发货快,positive,发货快
TRAIN_60102,PRODUCT_5797,家居生活,外观,外观好看,positive,外观好看
TRAIN_60108,PRODUCT_375305,食品/保健,包装,包装好,positive,包装好
TRAIN_60115,PRODUCT_285658,图书音像,正品,正品放心,positive,正品放心
TRAIN_60131,PRODUCT_442634,电脑/办公,价格,性价比高,positive,性价比高
TRAIN_60138,PRODUCT_295303,其他,正品,疑似假货,negative,疑似假货
TRAIN_60140,PRODUCT_450205,图书音像,质量,质量好,positive,质量好
TRAIN_60143,PRODUCT_266191,图书音像,价格,性价比高,positive,性价比高
TRAIN_60144,PRODUCT_371489,图书音像,包装,包装好,positive,包装好
TRAIN_60144,PRODUCT_371489,图书音像,包装,包装差,negative,包装差
TRAIN_60145,PRODUCT_103536,电脑/办公,物流,发货快,positive,发货快
TRAIN_60153,PRODUCT_283467,图书音像,质量,质量好,positive,质量好
TRAIN_60159,PRODUCT_432634,图书音像,包装,包装差,negative,包装差
TRAIN_60163,PRODUCT_281393,图书音像,价格,价格贵,negative,价格贵
TRAIN_60166,PRODUCT_208275,图书音像,推荐,会回购,positive,会回购
TRAIN_60171,PRODUCT_296932,手机/数码,价格,性价比高,positive,性价比高
TRAIN_60174,PRODUCT_205670,图书音像,物流,发货快,positive,发货快
TRAIN_60175,PRODUCT_244633,电脑/办公,正品,正品放心,positive,正品放心
TRAIN_60177,PRODUCT_13835,图书音像,物流,发货快,positive,发货快
TRAIN_60177,PRODUCT_13835,图书音像,价格,性价比高,positive,性价比高
TRAIN_60178,PRODUCT_121157,电脑/办公,正品,正品放心,positive,正品放心
TRAIN_60179,PRODUCT_260452,手机/数码,价格,性价比高,positive,性价比高
TRAIN_60179,PRODUCT_260452,手机/数码,续航,续航差,negative,续航差
TRAIN_60181,PRODUCT_103525,图书音像,包装,包装好,positive,包装好
TRAIN_60184,PRODUCT_453128,图书音像,质量,质量好,positive,质量好
TRAIN_60185,PRODUCT_400404,家居生活,包装,包装好,positive,包装好
TRAIN_60185,PRODUCT_400404,家居生活,耐用,很耐用,positive,很耐用
TRAIN_60190,PRODUCT_517473,家用电器,价格,性价比高,positive,性价比高
TRAIN_60195,PRODUCT_231875,手机/数码,正品,疑似假货,negative,疑似假货
TRAIN_60196,PRODUCT_151131,电脑/办公,续航,续航差,negative,续航差
TRAIN_60208,PRODUCT_276468,图书音像,价格,性价比高,positive,性价比高
TRAIN_60208,PRODUCT_276468,图书音像,内容,内容一般,negative,内容一般
TRAIN_60219,PRODUCT_7580,图书音像,质量,质量好,positive,质量好
TRAIN_60223,PRODUCT_201064,图书音像,质量,质量差,negative,质量差
TRAIN_60228,PRODUCT_154136,图书音像,价格,性价比高,positive,性价比高
TRAIN_60230,PRODUCT_129265,图书音像,质量,质量好,positive,质量好
TRAIN_60231,PRODUCT_148267,家居生活,质量,质量好,positive,质量好
TRAIN_60231,PRODUCT_148267,家居生活,正品,正品放心,positive,正品放心
TRAIN_60235,PRODUCT_231134,图书音像,推荐,会回购,positive,会回购
TRAIN_60246,PRODUCT_108865,图书音像,价格,性价比高,positive,性价比高
TRAIN_60250,PRODUCT_235708,图书音像,质量,质量好,positive,质量好
TRAIN_60266,PRODUCT_191801,图书音像,正品,正品放心,positive,正品放心
TRAIN_60269,PRODUCT_92690,图书音像,质量,质量好,positive,质量好
TRAIN_60273,PRODUCT_292469,图书音像,质量,质量好,positive,质量好
TRAIN_60277,PRODUCT_445491,图书音像,价格,性价比高,positive,性价比高
TRAIN_60279,PRODUCT_67167,图书音像,物流,发货快,positive,发货快
TRAIN_60283,PRODUCT_103077,图书音像,价格,性价比高,positive,性价比高
TRAIN_60283,PRODUCT_103077,图书音像,推荐,不推荐,negative,不推荐
TRAIN_60283,PRODUCT_103077,图书音像,内容,内容一般,negative,内容一般
TRAIN_60285,PRODUCT_518333,图书音像,推荐,会回购,positive,会回购
TRAIN_60293,PRODUCT_33136,图书音像,包装,包装好,positive,包装好
TRAIN_60297,PRODUCT_383389,家用电器,物流,发货快,positive,发货快
TRAIN_60303,PRODUCT_202042,母婴/玩具,包装,包装好,positive,包装好
TRAIN_60303,PRODUCT_202042,母婴/玩具,正品,正品放心,positive,正品放心
TRAIN_60315,PRODUCT_383125,图书音像,正品,正品放心,positive,正品放心
TRAIN_60316,PRODUCT_398666,图书音像,正品,正品放心,positive,正品放心
TRAIN_60316,PRODUCT_398666,图书音像,正品,疑似假货,negative,疑似假货
TRAIN_60320,PRODUCT_208656,电脑/办公,质量,质量差,negative,质量差
TRAIN_60322,PRODUCT_112079,图书音像,推荐,会回购,positive,会回购
TRAIN_60330,PRODUCT_40104,图书音像,质量,质量好,positive,质量好
TRAIN_60331,PRODUCT_77939,图书音像,质量,质量好,positive,质量好
TRAIN_60338,PRODUCT_384608,电脑/办公,价格,性价比高,positive,性价比高
TRAIN_60357,PRODUCT_237878,图书音像,正品,正品放心,positive,正品放心
TRAIN_60362,PRODUCT_226088,家居生活,价格,性价比高,positive,性价比高
TRAIN_60368,PRODUCT_186704,图书音像,推荐,会回购,positive,会回购
TRAIN_60370,PRODUCT_353048,其他,质量,质量差,negative,质量差
TRAIN_60374,PRODUCT_84247,图书音像,正品,疑似假货,negative,疑似假货
TRAIN_60379,PRODUCT_504883,家用电器,质量,质量好,positive,质量好
TRAIN_60381,PRODUCT_452725,图书音像,质量,质量好,positive,质量好
TRAIN_60381,PRODUCT_452725,图书音像,物流,发货快,positive,发货快
TRAIN_60382,PRODUCT_131820,图书音像,质量,质量好,positive,质量好
TRAIN_60395,PRODUCT_110522,电脑/办公,价格,性价比高,positive,性价比高
TRAIN_60397,PRODUCT_324542,图书音像,价格,价格贵,negative,价格贵
TRAIN_60414,PRODUCT_307512,美妆个护,正品,正品放心,positive,正品放心
TRAIN_60416,PRODUCT_77857,图书音像,质量,质量好,positive,质量好
TRAIN_60419,PRODUCT_77907,电脑/办公,正品,正品放心,positive,正品放心
TRAIN_60419,PRODUCT_77907,电脑/办公,正品,疑似假货,negative,疑似假货
TRAIN_60430,PRODUCT_444893,图书音像,物流,发货快,positive,发货快
TRAIN_60437,PRODUCT_176067,美妆个护,正品,疑似假货,negative,疑似假货
TRAIN_60445,PRODUCT_458608,图书音像,质量,质量好,positive,质量好
TRAIN_60445,PRODUCT_458608,图书音像,正品,正品放心,positive,正品放心
TRAIN_60449,PRODUCT_477323,母婴/玩具,包装,包装差,negative,包装差
TRAIN_60455,PRODUCT_250129,电脑/办公,质量,质量好,positive,质量好
TRAIN_60462,PRODUCT_294311,图书音像,物流,发货快,positive,发货快
TRAIN_60462,PRODUCT_294311,图书音像,正品,正品放心,positive,正品放心
TRAIN_60470,PRODUCT_360315,图书音像,质量,质量好,positive,质量好
TRAIN_60472,PRODUCT_347009,图书音像,质量,质量好,positive,质量好
TRAIN_60477,PRODUCT_437059,图书音像,包装,包装差,negative,包装差
TRAIN_60481,PRODUCT_166103,图书音像,质量,质量好,positive,质量好
TRAIN_60485,PRODUCT_367072,图书音像,推荐,会回购,positive,会回购
TRAIN_60491,PRODUCT_417009,图书音像,推荐,不推荐,negative,不推荐
TRAIN_60492,PRODUCT_253385,美妆个护,包装,包装好,positive,包装好
TRAIN_60492,PRODUCT_253385,美妆个护,味道,味道不错,positive,味道不错
TRAIN_60493,PRODUCT_331335,电脑/办公,价格,性价比高,positive,性价比高
TRAIN_60494,PRODUCT_65843,图书音像,质量,质量差,negative,质量差
TRAIN_60506,PRODUCT_180507,图书音像,质量,质量差,negative,质量差
TRAIN_60509,PRODUCT_375371,电脑/办公,正品,正品放心,positive,正品放心
TRAIN_60519,PRODUCT_426749,美妆个护,价格,性价比高,positive,性价比高
TRAIN_60519,PRODUCT_426749,美妆个护,味道,味道不错,positive,味道不错
TRAIN_60532,PRODUCT_325209,电脑/办公,耐用,容易坏,negative,容易坏
TRAIN_60537,PRODUCT_152217,图书音像,质量,质量好,positive,质量好
TRAIN_60544,PRODUCT_325087,图书音像,质量,质量好,positive,质量好
TRAIN_60547,PRODUCT_67559,图书音像,内容,内容一般,negative,内容一般
TRAIN_60549,PRODUCT_280835,图书音像,价格,性价比高,positive,性价比高
TRAIN_60549,PRODUCT_280835,图书音像,价格,价格贵,negative,价格贵
TRAIN_60568,PRODUCT_454771,图书音像,包装,包装差,negative,包装差
TRAIN_60571,PRODUCT_162681,电脑/办公,质量,质量好,positive,质量好
TRAIN_60571,PRODUCT_162681,电脑/办公,物流,发货快,positive,发货快
TRAIN_60576,PRODUCT_396203,手机/数码,质量,质量好,positive,质量好
TRAIN_60577,PRODUCT_5865,图书音像,价格,性价比高,positive,性价比高
TRAIN_60579,PRODUCT_510457,图书音像,价格,性价比高,positive,性价比高
TRAIN_60595,PRODUCT_82543,图书音像,正品,正品放心,positive,正品放心
TRAIN_60596,PRODUCT_323835,图书音像,质量,质量好,positive,质量好
TRAIN_60620,PRODUCT_450887,图书音像,质量,质量好,positive,质量好
TRAIN_60629,PRODUCT_249008,美妆个护,味道,味道不错,positive,味道不错
TRAIN_60630,PRODUCT_104513,家用电器,价格,性价比高,positive,性价比高
TRAIN_60635,PRODUCT_228492,图书音像,推荐,会回购,positive,会回购
TRAIN_60640,PRODUCT_166818,电脑/办公,正品,疑似假货,negative,疑似假货
TRAIN_60646,PRODUCT_188863,图书音像,质量,质量好,positive,质量好
TRAIN_60646,PRODUCT_188863,图书音像,价格,性价比高,positive,性价比高
TRAIN_60653,PRODUCT_445399,家居生活,质量,质量好,positive,质量好
TRAIN_60653,PRODUCT_445399,家居生活,耐用,很耐用,positive,很耐用
TRAIN_60656,PRODUCT_124477,图书音像,质量,质量好,positive,质量好
TRAIN_60660,PRODUCT_267162,图书音像,包装,包装差,negative,包装差
TRAIN_60660,PRODUCT_267162,图书音像,正品,正品放心,positive,正品放心
TRAIN_60681,PRODUCT_466594,手机/数码,质量,质量好,positive,质量好
TRAIN_60687,PRODUCT_205757,图书音像,价格,性价比高,positive,性价比高
TRAIN_60689,PRODUCT_520992,家具/家装/建材,价格,性价比高,positive,性价比高
TRAIN_60694,PRODUCT_176608,图书音像,正品,正品放心,positive,正品放心
TRAIN_60698,PRODUCT_72112,图书音像,质量,质量好,positive,质量好
TRAIN_60699,PRODUCT_202078,图书音像,正品,正品放心,positive,正品放心
TRAIN_60707,PRODUCT_95812,图书音像,正品,正品放心,positive,正品放心
TRAIN_60707,PRODUCT_95812,图书音像,正品,疑似假货,negative,疑似假货
TRAIN_60720,PRODUCT_189601,电脑/办公,耐用,容易坏,negative,容易坏
TRAIN_60731,PRODUCT_149441,图书音像,内容,内容不错,positive,内容不错
TRAIN_60740,PRODUCT_173487,图书音像,质量,质量好,positive,质量好
TRAIN_60742,PRODUCT_263085,手机/数码,物流,发货快,positive,发货快
TRAIN_60742,PRODUCT_263085,手机/数码,价格,价格贵,negative,价格贵
TRAIN_60747,PRODUCT_56146,图书音像,推荐,会回购,positive,会回购
TRAIN_60757,PRODUCT_351838,图书音像,质量,质量好,positive,质量好
TRAIN_60757,PRODUCT_351838,图书音像,物流,发货快,positive,发货快
TRAIN_60758,PRODUCT_519825,图书音像,质量,质量好,positive,质量好
TRAIN_60766,PRODUCT_369534,图书音像,质量,质量差,negative,质量差
TRAIN_60766,PRODUCT_369534,图书音像,正品,疑似假货,negative,疑似假货
TRAIN_60782,PRODUCT_451459,食品/保健,推荐,会回购,positive,会回购
TRAIN_60782,PRODUCT_451459,食品/保健,味道,味道不错,positive,味道不错
TRAIN_60784,PRODUCT_286575,图书音像,质量,质量好,positive,质量好
TRAIN_60798,PRODUCT_121126,图书音像,正品,正品放心,positive,正品放心
TRAIN_60800,PRODUCT_383398,图书音像,质量,质量好,positive,质量好
TRAIN_60801,PRODUCT_49329,手机/数码,质量,质量好,positive,质量好
TRAIN_60801,PRODUCT_49329,手机/数码,耐用,很耐用,positive,很耐用
TRAIN_60802,PRODUCT_189182,家具/家装/建材,质量,质量好,positive,质量好
TRAIN_60819,PRODUCT_339096,图书音像,推荐,会回购,positive,会回购
TRAIN_60822,PRODUCT_110389,运动户外,质量,质量好,positive,质量好
TRAIN_60824,PRODUCT_316550,图书音像,包装,包装好,positive,包装好
TRAIN_60825,PRODUCT_97063,运动户外,尺码,尺码合适,positive,尺码合适
TRAIN_60828,PRODUCT_391331,图书音像,质量,质量好,positive,质量好
TRAIN_60830,PRODUCT_520962,食品/保健,味道,味道不错,positive,味道不错
TRAIN_60837,PRODUCT_361332,图书音像,质量,质量好,positive,质量好
TRAIN_60837,PRODUCT_361332,图书音像,内容,内容不错,positive,内容不错
TRAIN_60843,PRODUCT_213194,图书音像,耐用,很耐用,positive,很耐用
TRAIN_60847,PRODUCT_415209,图书音像,物流,发货快,positive,发货快
TRAIN_60849,PRODUCT_106983,图书音像,正品,疑似假货,negative,疑似假货
TRAIN_60851,PRODUCT_404393,图书音像,推荐,会回购,positive,会回购
TRAIN_60864,PRODUCT_408340,手机/数码,正品,正品放心,positive,正品放心
TRAIN_60864,PRODUCT_408340,手机/数码,正品,疑似假货,negative,疑似假货
TRAIN_60865,PRODUCT_429168,图书音像,包装,包装好,positive,包装好
TRAIN_60867,PRODUCT_264734,电脑/办公,价格,价格贵,negative,价格贵
TRAIN_60867,PRODUCT_264734,电脑/办公,正品,疑似假货,negative,疑似假货
TRAIN_60873,PRODUCT_511803,图书音像,价格,性价比高,positive,性价比高
TRAIN_60887,PRODUCT_4831,电脑/办公,价格,性价比高,positive,性价比高
TRAIN_60889,PRODUCT_67335,图书音像,内容,内容不错,positive,内容不错
TRAIN_60895,PRODUCT_36848,电脑/办公,正品,疑似假货,negative,疑似假货
TRAIN_60897,PRODUCT_62380,家居生活,质量,质量好,positive,质量好
TRAIN_60897,PRODUCT_62380,家居生活,包装,包装好,positive,包装好
TRAIN_60900,PRODUCT_336047,美妆个护,耐用,很耐用,positive,很耐用
TRAIN_60904,PRODUCT_101940,图书音像,质量,质量好,positive,质量好
TRAIN_60913,PRODUCT_270594,电脑/办公,物流,发货快,positive,发货快
TRAIN_60918,PRODUCT_363707,图书音像,质量,质量好,positive,质量好
TRAIN_60925,PRODUCT_152629,图书音像,正品,正品放心,positive,正品放心
TRAIN_60929,PRODUCT_325122,图书音像,正品,正品放心,positive,正品放心
TRAIN_60939,PRODUCT_100023,图书音像,正品,正品放心,positive,正品放心
TRAIN_60943,PRODUCT_500758,图书音像,质量,质量好,positive,质量好
TRAIN_60949,PRODUCT_131746,图书音像,质量,质量好,positive,质量好
TRAIN_60961,PRODUCT_80457,电脑/办公,耐用,很耐用,positive,很耐用
TRAIN_60963,PRODUCT_71109,家居生活,推荐,会回购,positive,会回购
TRAIN_60964,PRODUCT_156482,图书音像,内容,内容不错,positive,内容不错
TRAIN_60965,PRODUCT_244961,电脑/办公,质量,质量好,positive,质量好
TRAIN_60968,PRODUCT_425836,电脑/办公,物流,发货快,positive,发货快
TRAIN_60975,PRODUCT_447376,图书音像,正品,正品放心,positive,正品放心
TRAIN_60988,PRODUCT_370348,图书音像,质量,质量好,positive,质量好
TRAIN_60993,PRODUCT_199430,图书音像,质量,质量差,negative,质量差
TRAIN_60993,PRODUCT_199430,图书音像,正品,疑似假货,negative,疑似假货
TRAIN_60993,PRODUCT_199430,图书音像,内容,内容不错,positive,内容不错
TRAIN_60996,PRODUCT_492348,图书音像,质量,质量好,positive,质量好
TRAIN_60997,PRODUCT_484966,手机/数码,包装,包装好,positive,包装好
TRAIN_60999,PRODUCT_159490,图书音像,质量,质量好,positive,质量好
TRAIN_61007,PRODUCT_285589,图书音像,质量,质量好,positive,质量好
TRAIN_61010,PRODUCT_287312,图书音像,物流,发货快,positive,发货快
TRAIN_61013,PRODUCT_504998,图书音像,质量,质量好,positive,质量好
TRAIN_61015,PRODUCT_1320,图书音像,质量,质量好,positive,质量好
TRAIN_61015,PRODUCT_1320,图书音像,包装,包装好,positive,包装好
TRAIN_61019,PRODUCT_141665,手机/数码,质量,质量好,positive,质量好
TRAIN_61025,PRODUCT_67569,图书音像,质量,质量好,positive,质量好
TRAIN_61025,PRODUCT_67569,图书音像,物流,物流慢,negative,物流慢
TRAIN_61030,PRODUCT_361867,图书音像,正品,正品放心,positive,正品放心
TRAIN_61035,PRODUCT_62400,图书音像,物流,发货快,positive,发货快
TRAIN_61047,PRODUCT_85254,食品/保健,味道,味道不错,positive,味道不错
TRAIN_61049,PRODUCT_477957,图书音像,质量,质量好,positive,质量好
TRAIN_61049,PRODUCT_477957,图书音像,正品,正品放心,positive,正品放心
TRAIN_61052,PRODUCT_442474,手机/数码,正品,正品放心,positive,正品放心
TRAIN_61056,PRODUCT_476815,图书音像,质量,质量好,positive,质量好
TRAIN_61071,PRODUCT_24609,家用电器,物流,发货快,positive,发货快
TRAIN_61073,PRODUCT_233672,图书音像,质量,质量好,positive,质量好
TRAIN_61073,PRODUCT_233672,图书音像,正品,正品放心,positive,正品放心
TRAIN_61073,PRODUCT_233672,图书音像,内容,内容不错,positive,内容不错
TRAIN_61079,PRODUCT_491747,美妆个护,味道,味道不错,positive,味道不错
TRAIN_61084,PRODUCT_357265,图书音像,质量,质量好,positive,质量好
TRAIN_61084,PRODUCT_357265,图书音像,推荐,会回购,positive,会回购
TRAIN_61087,PRODUCT_79702,图书音像,物流,发货快,positive,发货快
TRAIN_61093,PRODUCT_108865,图书音像,正品,正品放心,positive,正品放心
TRAIN_61105,PRODUCT_497106,图书音像,质量,质量好,positive,质量好
TRAIN_61106,PRODUCT_14498,手机/数码,耐用,很耐用,positive,很耐用
TRAIN_61118,PRODUCT_252347,图书音像,正品,正品放心,positive,正品放心
TRAIN_61120,PRODUCT_401653,手机/数码,质量,质量好,positive,质量好
TRAIN_61122,PRODUCT_270495,美妆个护,味道,味道不错,positive,味道不错
TRAIN_61126,PRODUCT_287180,图书音像,内容,内容不错,positive,内容不错
TRAIN_61127,PRODUCT_459156,图书音像,推荐,会回购,positive,会回购
TRAIN_61130,PRODUCT_200653,手机/数码,价格,性价比高,positive,性价比高
TRAIN_61133,PRODUCT_205553,图书音像,质量,质量差,negative,质量差
TRAIN_61135,PRODUCT_440158,图书音像,包装,包装好,positive,包装好
TRAIN_61135,PRODUCT_440158,图书音像,价格,性价比高,positive,性价比高
TRAIN_61136,PRODUCT_92377,手机/数码,正品,正品放心,positive,正品放心
TRAIN_61137,PRODUCT_493039,图书音像,质量,质量好,positive,质量好
TRAIN_61143,PRODUCT_209401,图书音像,内容,内容不错,positive,内容不错
TRAIN_61152,PRODUCT_322589,图书音像,正品,疑似假货,negative,疑似假货
TRAIN_61160,PRODUCT_111690,图书音像,质量,质量好,positive,质量好
TRAIN_61174,PRODUCT_462131,图书音像,外观,外观好看,positive,外观好看
TRAIN_61183,PRODUCT_237772,电脑/办公,包装,包装好,positive,包装好
TRAIN_61191,PRODUCT_25720,家用电器,外观,外观一般,negative,外观一般
TRAIN_61192,PRODUCT_341633,图书音像,质量,质量好,positive,质量好
TRAIN_61193,PRODUCT_230644,图书音像,价格,性价比高,positive,性价比高
TRAIN_61194,PRODUCT_91503,家具/家装/建材,质量,质量好,positive,质量好
TRAIN_61194,PRODUCT_91503,家具/家装/建材,物流,发货快,positive,发货快
TRAIN_61201,PRODUCT_341175,图书音像,耐用,很耐用,positive,很耐用
TRAIN_61205,PRODUCT_258569,图书音像,耐用,容易坏,negative,容易坏
TRAIN_61208,PRODUCT_396697,手机/数码,质量,质量好,positive,质量好
TRAIN_61208,PRODUCT_396697,手机/数码,耐用,很耐用,positive,很耐用
TRAIN_61217,PRODUCT_335762,电脑/办公,正品,正品放心,positive,正品放心
TRAIN_61222,PRODUCT_21666,图书音像,包装,包装好,positive,包装好
TRAIN_61226,PRODUCT_275869,图书音像,物流,发货快,positive,发货快
TRAIN_61227,PRODUCT_404626,食品/保健,包装,包装好,positive,包装好
TRAIN_61232,PRODUCT_513971,图书音像,质量,质量好,positive,质量好
TRAIN_61232,PRODUCT_513971,图书音像,内容,内容不错,positive,内容不错
TRAIN_61238,PRODUCT_147397,图书音像,正品,正品放心,positive,正品放心
TRAIN_61242,PRODUCT_158760,家居生活,正品,正品放心,positive,正品放心
TRAIN_61249,PRODUCT_107398,图书音像,价格,性价比高,positive,性价比高
TRAIN_61257,PRODUCT_108346,图书音像,内容,内容不错,positive,内容不错
TRAIN_61263,PRODUCT_441014,电脑/办公,价格,性价比高,positive,性价比高
TRAIN_61265,PRODUCT_158242,图书音像,质量,质量好,positive,质量好
TRAIN_61272,PRODUCT_190373,图书音像,内容,内容不错,positive,内容不错
TRAIN_61274,PRODUCT_353329,图书音像,物流,发货快,positive,发货快
TRAIN_61285,PRODUCT_377578,图书音像,价格,性价比高,positive,性价比高
TRAIN_61286,PRODUCT_157135,图书音像,质量,质量好,positive,质量好
TRAIN_61289,PRODUCT_111602,图书音像,内容,内容不错,positive,内容不错
TRAIN_61291,PRODUCT_432827,图书音像,质量,质量好,positive,质量好
TRAIN_61294,PRODUCT_440984,电脑/办公,正品,正品放心,positive,正品放心
TRAIN_61296,PRODUCT_129479,图书音像,内容,内容一般,negative,内容一般
TRAIN_61297,PRODUCT_218751,图书音像,包装,包装好,positive,包装好
TRAIN_61298,PRODUCT_422763,电脑/办公,质量,质量差,negative,质量差
TRAIN_61298,PRODUCT_422763,电脑/办公,包装,包装差,negative,包装差
TRAIN_61298,PRODUCT_422763,电脑/办公,正品,疑似假货,negative,疑似假货
TRAIN_61302,PRODUCT_290378,电脑/办公,耐用,很耐用,positive,很耐用
TRAIN_61303,PRODUCT_263152,图书音像,物流,发货快,positive,发货快
TRAIN_61304,PRODUCT_446288,手机/数码,正品,正品放心,positive,正品放心
TRAIN_61305,PRODUCT_190824,图书音像,正品,正品放心,positive,正品放心
TRAIN_61315,PRODUCT_101363,图书音像,价格,价格贵,negative,价格贵
TRAIN_61316,PRODUCT_43002,图书音像,正品,正品放心,positive,正品放心
TRAIN_61320,PRODUCT_477840,手机/数码,价格,性价比高,positive,性价比高
TRAIN_61325,PRODUCT_264907,图书音像,物流,发货快,positive,发货快
TRAIN_61326,PRODUCT_318775,图书音像,正品,正品放心,positive,正品放心
TRAIN_61327,PRODUCT_220230,家用电器,质量,质量好,positive,质量好
TRAIN_61329,PRODUCT_232351,手机/数码,正品,正品放心,positive,正品放心
TRAIN_61330,PRODUCT_24146,图书音像,价格,性价比高,positive,性价比高
TRAIN_61335,PRODUCT_451346,家用电器,价格,价格贵,negative,价格贵
TRAIN_61340,PRODUCT_47693,图书音像,质量,质量好,positive,质量好
TRAIN_61354,PRODUCT_259024,图书音像,价格,性价比高,positive,性价比高
TRAIN_61356,PRODUCT_407428,电脑/办公,正品,正品放心,positive,正品放心
TRAIN_61374,PRODUCT_241313,美妆个护,味道,味道不错,positive,味道不错
TRAIN_61377,PRODUCT_122934,图书音像,推荐,会回购,positive,会回购
TRAIN_61377,PRODUCT_122934,图书音像,推荐,不推荐,negative,不推荐
TRAIN_61393,PRODUCT_181849,图书音像,推荐,不推荐,negative,不推荐
TRAIN_61397,PRODUCT_346347,电脑/办公,耐用,很耐用,positive,很耐用
TRAIN_61397,PRODUCT_346347,电脑/办公,耐用,容易坏,negative,容易坏
TRAIN_61409,PRODUCT_79189,图书音像,包装,包装差,negative,包装差
TRAIN_61409,PRODUCT_79189,图书音像,正品,正品放心,positive,正品放心
TRAIN_61415,PRODUCT_325209,电脑/办公,价格,性价比高,positive,性价比高
TRAIN_61416,PRODUCT_151523,图书音像,外观,外观一般,negative,外观一般
TRAIN_61418,PRODUCT_155593,电脑/办公,质量,质量好,positive,质量好
TRAIN_61419,PRODUCT_85887,电脑/办公,耐用,很耐用,positive,很耐用
TRAIN_61425,PRODUCT_49115,图书音像,质量,质量好,positive,质量好
TRAIN_61436,PRODUCT_12492,图书音像,外观,外观一般,negative,外观一般
TRAIN_61440,PRODUCT_86266,图书音像,质量,质量好,positive,质量好
TRAIN_61447,PRODUCT_165707,美妆个护,包装,包装差,negative,包装差
TRAIN_61456,PRODUCT_406116,电脑/办公,价格,性价比高,positive,性价比高
TRAIN_61457,PRODUCT_407428,电脑/办公,物流,发货快,positive,发货快
TRAIN_61462,PRODUCT_236998,图书音像,正品,正品放心,positive,正品放心
TRAIN_61465,PRODUCT_329322,手机/数码,正品,正品放心,positive,正品放心
TRAIN_61467,PRODUCT_273668,家居生活,质量,质量好,positive,质量好
TRAIN_61498,PRODUCT_496878,母婴/玩具,质量,质量好,positive,质量好
TRAIN_61500,PRODUCT_177377,图书音像,正品,正品放心,positive,正品放心
TRAIN_61500,PRODUCT_177377,图书音像,内容,内容不错,positive,内容不错
TRAIN_61507,PRODUCT_415966,图书音像,内容,内容不错,positive,内容不错
TRAIN_61517,PRODUCT_210991,图书音像,正品,正品放心,positive,正品放心
TRAIN_61519,PRODUCT_514600,图书音像,正品,疑似假货,negative,疑似假货
TRAIN_61529,PRODUCT_117610,图书音像,质量,质量好,positive,质量好
TRAIN_61538,PRODUCT_393542,食品/保健,味道,味道不错,positive,味道不错
TRAIN_61546,PRODUCT_58995,图书音像,正品,正品放心,positive,正品放心
TRAIN_61549,PRODUCT_49852,母婴/玩具,包装,包装好,positive,包装好
TRAIN_61550,PRODUCT_354693,图书音像,质量,质量好,positive,质量好
TRAIN_61553,PRODUCT_58995,图书音像,内容,内容不错,positive,内容不错
TRAIN_61556,PRODUCT_383209,美妆个护,正品,疑似假货,negative,疑似假货
TRAIN_61567,PRODUCT_230690,图书音像,内容,内容不错,positive,内容不错
TRAIN_61573,PRODUCT_498067,图书音像,正品,正品放心,positive,正品放心
TRAIN_61574,PRODUCT_442185,电脑/办公,正品,正品放心,positive,正品放心
TRAIN_61577,PRODUCT_476202,手机/数码,正品,正品放心,positive,正品放心
TRAIN_61578,PRODUCT_22823,图书音像,正品,正品放心,positive,正品放心
TRAIN_61587,PRODUCT_172612,手机/数码,质量,质量差,negative,质量差
TRAIN_61592,PRODUCT_351077,手机/数码,物流,发货快,positive,发货快
TRAIN_61599,PRODUCT_59668,图书音像,质量,质量好,positive,质量好
TRAIN_61617,PRODUCT_307320,图书音像,包装,包装差,negative,包装差
TRAIN_61619,PRODUCT_403684,图书音像,推荐,会回购,positive,会回购
TRAIN_61621,PRODUCT_248811,母婴/玩具,质量,质量好,positive,质量好
TRAIN_61622,PRODUCT_177794,图书音像,物流,物流慢,negative,物流慢
TRAIN_61622,PRODUCT_177794,图书音像,正品,正品放心,positive,正品放心
TRAIN_61630,PRODUCT_402510,图书音像,价格,性价比高,positive,性价比高
TRAIN_61637,PRODUCT_270594,电脑/办公,物流,发货快,positive,发货快
TRAIN_61638,PRODUCT_292485,图书音像,耐用,容易坏,negative,容易坏
TRAIN_61640,PRODUCT_510131,图书音像,价格,性价比高,positive,性价比高
TRAIN_61644,PRODUCT_79566,家具/家装/建材,物流,发货快,positive,发货快
TRAIN_61647,PRODUCT_377938,图书音像,推荐,会回购,positive,会回购
TRAIN_61648,PRODUCT_142501,美妆个护,正品,正品放心,positive,正品放心
TRAIN_61650,PRODUCT_395759,图书音像,价格,性价比高,positive,性价比高
TRAIN_61652,PRODUCT_275149,图书音像,正品,正品放心,positive,正品放心
TRAIN_61658,PRODUCT_314364,图书音像,质量,质量好,positive,质量好
TRAIN_61662,PRODUCT_53023,图书音像,包装,包装差,negative,包装差
TRAIN_61664,PRODUCT_139890,电脑/办公,价格,性价比高,positive,性价比高
TRAIN_61665,PRODUCT_5425,电脑/办公,耐用,容易坏,negative,容易坏
TRAIN_61674,PRODUCT_393388,图书音像,质量,质量差,negative,质量差
TRAIN_61677,PRODUCT_497768,图书音像,包装,包装好,positive,包装好
TRAIN_61679,PRODUCT_37482,图书音像,物流,发货快,positive,发货快
TRAIN_61679,PRODUCT_37482,图书音像,正品,正品放心,positive,正品放心
TRAIN_61681,PRODUCT_40387,图书音像,正品,正品放心,positive,正品放心
TRAIN_61682,PRODUCT_390200,家居生活,质量,质量好,positive,质量好
TRAIN_61684,PRODUCT_482236,图书音像,质量,质量好,positive,质量好
TRAIN_61684,PRODUCT_482236,图书音像,正品,正品放心,positive,正品放心
TRAIN_61695,PRODUCT_285440,电脑/办公,物流,发货快,positive,发货快
TRAIN_61697,PRODUCT_48472,图书音像,包装,包装好,positive,包装好
TRAIN_61700,PRODUCT_514616,图书音像,质量,质量好,positive,质量好
TRAIN_61705,PRODUCT_408569,手机/数码,价格,性价比高,positive,性价比高
TRAIN_61706,PRODUCT_197769,电脑/办公,外观,外观好看,positive,外观好看
TRAIN_61708,PRODUCT_150095,手机/数码,质量,质量差,negative,质量差
TRAIN_61721,PRODUCT_325135,电脑/办公,质量,质量好,positive,质量好
TRAIN_61731,PRODUCT_393259,图书音像,推荐,会回购,positive,会回购
TRAIN_61731,PRODUCT_393259,图书音像,内容,内容不错,positive,内容不错
TRAIN_61737,PRODUCT_508429,图书音像,质量,质量好,positive,质量好
TRAIN_61738,PRODUCT_17573,图书音像,价格,价格贵,negative,价格贵
TRAIN_61738,PRODUCT_17573,图书音像,内容,内容一般,negative,内容一般
TRAIN_61748,PRODUCT_28124,母婴/玩具,质量,质量好,positive,质量好
TRAIN_61748,PRODUCT_28124,母婴/玩具,耐用,很耐用,positive,很耐用
TRAIN_61753,PRODUCT_125946,手机/数码,正品,正品放心,positive,正品放心
TRAIN_61754,PRODUCT_169941,钟表/首饰/眼镜/礼品,耐用,很耐用,positive,很耐用
TRAIN_61758,PRODUCT_261858,图书音像,质量,质量差,negative,质量差
TRAIN_61760,PRODUCT_45703,图书音像,物流,发货快,positive,发货快
TRAIN_61766,PRODUCT_411602,家用电器,价格,价格贵,negative,价格贵
TRAIN_61768,PRODUCT_86867,家居生活,质量,质量好,positive,质量好
TRAIN_61768,PRODUCT_86867,家居生活,物流,发货快,positive,发货快
TRAIN_61774,PRODUCT_415498,图书音像,质量,质量差,negative,质量差
TRAIN_61775,PRODUCT_225777,电脑/办公,耐用,容易坏,negative,容易坏
TRAIN_61782,PRODUCT_461653,图书音像,正品,疑似假货,negative,疑似假货
TRAIN_61785,PRODUCT_520471,图书音像,正品,疑似假货,negative,疑似假货
TRAIN_61785,PRODUCT_520471,图书音像,内容,内容一般,negative,内容一般
TRAIN_61788,PRODUCT_281393,图书音像,质量,质量好,positive,质量好
TRAIN_61796,PRODUCT_302598,服饰服装,质量,质量好,positive,质量好
TRAIN_61798,PRODUCT_49852,母婴/玩具,质量,质量好,positive,质量好
TRAIN_61798,PRODUCT_49852,母婴/玩具,耐用,很耐用,positive,很耐用
TRAIN_61812,PRODUCT_507919,电脑/办公,正品,正品放心,positive,正品放心
TRAIN_61813,PRODUCT_105943,图书音像,质量,质量好,positive,质量好
TRAIN_61824,PRODUCT_31162,图书音像,包装,包装好,positive,包装好
TRAIN_61830,PRODUCT_26240,图书音像,正品,正品放心,positive,正品放心
TRAIN_61836,PRODUCT_4163,图书音像,质量,质量差,negative,质量差
TRAIN_61839,PRODUCT_149236,图书音像,包装,包装好,positive,包装好
TRAIN_61839,PRODUCT_149236,图书音像,正品,正品放心,positive,正品放心
TRAIN_61855,PRODUCT_384526,图书音像,正品,正品放心,positive,正品放心
TRAIN_61876,PRODUCT_241131,图书音像,质量,质量差,negative,质量差
TRAIN_61876,PRODUCT_241131,图书音像,正品,疑似假货,negative,疑似假货
TRAIN_61876,PRODUCT_241131,图书音像,内容,内容不错,positive,内容不错
TRAIN_61886,PRODUCT_405399,图书音像,正品,正品放心,positive,正品放心
TRAIN_61893,PRODUCT_306821,手机/数码,价格,性价比高,positive,性价比高
TRAIN_61905,PRODUCT_1180,图书音像,质量,质量好,positive,质量好
TRAIN_61906,PRODUCT_266613,图书音像,质量,质量差,negative,质量差
TRAIN_61906,PRODUCT_266613,图书音像,正品,正品放心,positive,正品放心
TRAIN_61912,PRODUCT_450025,图书音像,推荐,会回购,positive,会回购
TRAIN_61913,PRODUCT_265743,图书音像,价格,价格贵,negative,价格贵
TRAIN_61921,PRODUCT_346880,图书音像,正品,疑似假货,negative,疑似假货
TRAIN_61921,PRODUCT_346880,图书音像,内容,内容不错,positive,内容不错
TRAIN_61936,PRODUCT_25321,图书音像,质量,质量好,positive,质量好
TRAIN_61940,PRODUCT_498443,美妆个护,外观,外观一般,negative,外观一般
TRAIN_61942,PRODUCT_46075,手机/数码,质量,质量差,negative,质量差
TRAIN_61942,PRODUCT_46075,手机/数码,耐用,很耐用,positive,很耐用
TRAIN_61942,PRODUCT_46075,手机/数码,续航,续航久,positive,续航久
TRAIN_61944,PRODUCT_445830,图书音像,推荐,不推荐,negative,不推荐
TRAIN_61946,PRODUCT_105943,图书音像,包装,包装差,negative,包装差
TRAIN_61963,PRODUCT_309049,图书音像,正品,正品放心,positive,正品放心
TRAIN_61965,PRODUCT_497652,美妆个护,推荐,会回购,positive,会回购
TRAIN_61976,PRODUCT_156564,美妆个护,正品,正品放心,positive,正品放心
TRAIN_61978,PRODUCT_75404,图书音像,正品,正品放心,positive,正品放心
TRAIN_61986,PRODUCT_440800,家居生活,质量,质量好,positive,质量好
TRAIN_61988,PRODUCT_66522,美妆个护,正品,正品放心,positive,正品放心
TRAIN_61994,PRODUCT_256503,图书音像,推荐,不推荐,negative,不推荐
TRAIN_62006,PRODUCT_396491,图书音像,质量,质量差,negative,质量差
TRAIN_62014,PRODUCT_81921,图书音像,正品,正品放心,positive,正品放心
TRAIN_62020,PRODUCT_80280,图书音像,质量,质量好,positive,质量好
TRAIN_62021,PRODUCT_202557,图书音像,推荐,不推荐,negative,不推荐
TRAIN_62029,PRODUCT_216034,手机/数码,耐用,很耐用,positive,很耐用
TRAIN_62031,PRODUCT_492515,图书音像,内容,内容不错,positive,内容不错
TRAIN_62036,PRODUCT_75600,家居生活,价格,性价比高,positive,性价比高
TRAIN_62040,PRODUCT_385707,美妆个护,正品,正品放心,positive,正品放心
TRAIN_62040,PRODUCT_385707,美妆个护,味道,味道不错,positive,味道不错
TRAIN_62044,PRODUCT_309269,图书音像,内容,内容不错,positive,内容不错
TRAIN_62052,PRODUCT_451021,家居生活,包装,包装好,positive,包装好
TRAIN_62052,PRODUCT_451021,家居生活,正品,正品放心,positive,正品放心
TRAIN_62057,PRODUCT_292957,图书音像,正品,疑似假货,negative,疑似假货
TRAIN_62062,PRODUCT_127734,手机/数码,物流,发货快,positive,发货快
TRAIN_62069,PRODUCT_470546,手机/数码,质量,质量差,negative,质量差
TRAIN_62070,PRODUCT_204623,电脑/办公,物流,发货快,positive,发货快
TRAIN_62070,PRODUCT_204623,电脑/办公,包装,包装好,positive,包装好
TRAIN_62092,PRODUCT_153991,电脑/办公,包装,包装差,negative,包装差
TRAIN_62093,PRODUCT_189482,图书音像,质量,质量好,positive,质量好
TRAIN_62094,PRODUCT_74367,图书音像,正品,正品放心,positive,正品放心
TRAIN_62096,PRODUCT_259564,图书音像,价格,性价比高,positive,性价比高
TRAIN_62099,PRODUCT_497194,母婴/玩具,质量,质量好,positive,质量好
TRAIN_62106,PRODUCT_8083,图书音像,质量,质量好,positive,质量好
TRAIN_62114,PRODUCT_55581,家用电器,质量,质量差,negative,质量差
TRAIN_62128,PRODUCT_25677,图书音像,价格,性价比高,positive,性价比高
TRAIN_62130,PRODUCT_445780,图书音像,物流,发货快,positive,发货快
TRAIN_62134,PRODUCT_433662,图书音像,物流,发货快,positive,发货快
TRAIN_62138,PRODUCT_378924,手机/数码,质量,质量差,negative,质量差
TRAIN_62148,PRODUCT_188770,图书音像,质量,质量好,positive,质量好
TRAIN_62151,PRODUCT_510754,图书音像,正品,疑似假货,negative,疑似假货
TRAIN_62152,PRODUCT_160172,图书音像,包装,包装差,negative,包装差
TRAIN_62154,PRODUCT_385702,电脑/办公,质量,质量好,positive,质量好
TRAIN_62156,PRODUCT_72489,家用电器,价格,性价比高,positive,性价比高
TRAIN_62156,PRODUCT_72489,家用电器,推荐,会回购,positive,会回购
TRAIN_62158,PRODUCT_32284,图书音像,质量,质量好,positive,质量好
TRAIN_62158,PRODUCT_32284,图书音像,正品,正品放心,positive,正品放心
TRAIN_62164,PRODUCT_133159,图书音像,质量,质量好,positive,质量好
TRAIN_62166,PRODUCT_483300,美妆个护,正品,正品放心,positive,正品放心
TRAIN_62184,PRODUCT_459375,图书音像,内容,内容不错,positive,内容不错
TRAIN_62199,PRODUCT_339909,图书音像,内容,内容不错,positive,内容不错
TRAIN_62204,PRODUCT_515851,图书音像,正品,正品放心,positive,正品放心
TRAIN_62204,PRODUCT_515851,图书音像,正品,疑似假货,negative,疑似假货
TRAIN_62205,PRODUCT_237310,手机/数码,物流,发货快,positive,发货快
TRAIN_62224,PRODUCT_253917,图书音像,质量,质量好,positive,质量好
TRAIN_62226,PRODUCT_179025,美妆个护,味道,味道不错,positive,味道不错
TRAIN_62242,PRODUCT_64037,手机/数码,正品,正品放心,positive,正品放心
TRAIN_62242,PRODUCT_64037,手机/数码,耐用,很耐用,positive,很耐用
TRAIN_62242,PRODUCT_64037,手机/数码,续航,续航久,positive,续航久
TRAIN_62245,PRODUCT_408569,手机/数码,物流,物流慢,negative,物流慢
TRAIN_62251,PRODUCT_7552,图书音像,价格,性价比高,positive,性价比高
TRAIN_62255,PRODUCT_1619,图书音像,质量,质量好,positive,质量好
TRAIN_62272,PRODUCT_414874,图书音像,价格,价格贵,negative,价格贵
TRAIN_62274,PRODUCT_434018,美妆个护,味道,味道不错,positive,味道不错
TRAIN_62278,PRODUCT_340424,图书音像,内容,内容不错,positive,内容不错
TRAIN_62284,PRODUCT_7580,图书音像,正品,正品放心,positive,正品放心
TRAIN_62288,PRODUCT_258368,图书音像,质量,质量好,positive,质量好
TRAIN_62300,PRODUCT_353869,图书音像,质量,质量好,positive,质量好
TRAIN_62307,PRODUCT_305918,美妆个护,价格,性价比高,positive,性价比高
TRAIN_62308,PRODUCT_292816,图书音像,质量,质量好,positive,质量好
TRAIN_62310,PRODUCT_287519,美妆个护,正品,正品放心,positive,正品放心
TRAIN_62328,PRODUCT_248506,图书音像,价格,性价比高,positive,性价比高
TRAIN_62330,PRODUCT_113469,图书音像,价格,性价比高,positive,性价比高
TRAIN_62331,PRODUCT_202108,图书音像,物流,发货快,positive,发货快
TRAIN_62331,PRODUCT_202108,图书音像,包装,包装好,positive,包装好
TRAIN_62331,PRODUCT_202108,图书音像,正品,正品放心,positive,正品放心
TRAIN_62337,PRODUCT_387673,图书音像,内容,内容一般,negative,内容一般
TRAIN_62343,PRODUCT_43800,图书音像,包装,包装好,positive,包装好
TRAIN_62343,PRODUCT_43800,图书音像,正品,正品放心,positive,正品放心
TRAIN_62357,PRODUCT_276814,图书音像,包装,包装差,negative,包装差
TRAIN_62367,PRODUCT_468813,图书音像,价格,性价比高,positive,性价比高
TRAIN_62381,PRODUCT_56787,美妆个护,质量,质量好,positive,质量好
TRAIN_62388,PRODUCT_141665,手机/数码,价格,性价比高,positive,性价比高
TRAIN_62390,PRODUCT_126386,图书音像,正品,正品放心,positive,正品放心
TRAIN_62394,PRODUCT_143904,电脑/办公,耐用,容易坏,negative,容易坏
TRAIN_62399,PRODUCT_244961,电脑/办公,包装,包装差,negative,包装差
TRAIN_62399,PRODUCT_244961,电脑/办公,正品,正品放心,positive,正品放心
TRAIN_62413,PRODUCT_208152,美妆个护,正品,正品放心,positive,正品放心
TRAIN_62415,PRODUCT_106834,图书音像,正品,疑似假货,negative,疑似假货
TRAIN_62419,PRODUCT_269917,图书音像,正品,正品放心,positive,正品放心
TRAIN_62420,PRODUCT_331150,图书音像,内容,内容一般,negative,内容一般
TRAIN_62429,PRODUCT_416947,鞋类箱包,质量,质量好,positive,质量好
TRAIN_62430,PRODUCT_66571,图书音像,质量,质量好,positive,质量好
TRAIN_62430,PRODUCT_66571,图书音像,物流,发货快,positive,发货快
TRAIN_62434,PRODUCT_515776,图书音像,正品,正品放心,positive,正品放心
TRAIN_62441,PRODUCT_372668,手机/数码,耐用,很耐用,positive,很耐用
TRAIN_62441,PRODUCT_372668,手机/数码,续航,续航差,negative,续航差
TRAIN_62451,PRODUCT_189044,图书音像,正品,正品放心,positive,正品放心
TRAIN_62463,PRODUCT_322643,图书音像,包装,包装好,positive,包装好
TRAIN_62464,PRODUCT_335762,电脑/办公,正品,正品放心,positive,正品放心
TRAIN_62474,PRODUCT_292446,图书音像,价格,价格贵,negative,价格贵
TRAIN_62474,PRODUCT_292446,图书音像,正品,疑似假货,negative,疑似假货
TRAIN_62476,PRODUCT_192046,电脑/办公,包装,包装好,positive,包装好
TRAIN_62486,PRODUCT_379691,电脑/办公,物流,物流慢,negative,物流慢
TRAIN_62487,PRODUCT_248741,家居生活,质量,质量好,positive,质量好
TRAIN_62490,PRODUCT_312881,图书音像,内容,内容不错,positive,内容不错
TRAIN_62503,PRODUCT_495075,电脑/办公,质量,质量好,positive,质量好
TRAIN_62508,PRODUCT_93220,运动户外,包装,包装好,positive,包装好
TRAIN_62509,PRODUCT_138826,图书音像,物流,发货快,positive,发货快
TRAIN_62512,PRODUCT_304549,图书音像,正品,正品放心,positive,正品放心
TRAIN_62513,PRODUCT_363707,图书音像,质量,质量好,positive,质量好
TRAIN_62519,PRODUCT_176059,电脑/办公,物流,发货快,positive,发货快
TRAIN_62524,PRODUCT_405416,手机/数码,价格,性价比高,positive,性价比高
TRAIN_62530,PRODUCT_339256,美妆个护,价格,性价比高,positive,性价比高
TRAIN_62534,PRODUCT_341999,美妆个护,正品,疑似假货,negative,疑似假货
TRAIN_62535,PRODUCT_72928,美妆个护,正品,正品放心,positive,正品放心
TRAIN_62538,PRODUCT_447554,图书音像,价格,性价比高,positive,性价比高
TRAIN_62542,PRODUCT_415621,图书音像,内容,内容不错,positive,内容不错
TRAIN_62544,PRODUCT_399623,美妆个护,正品,正品放心,positive,正品放心
TRAIN_62545,PRODUCT_82957,图书音像,包装,包装好,positive,包装好
TRAIN_62545,PRODUCT_82957,图书音像,正品,正品放心,positive,正品放心
TRAIN_62547,PRODUCT_520975,图书音像,物流,发货快,positive,发货快
TRAIN_62557,PRODUCT_142086,图书音像,内容,内容不错,positive,内容不错
TRAIN_62559,PRODUCT_79018,图书音像,包装,包装好,positive,包装好
TRAIN_62561,PRODUCT_485170,图书音像,包装,包装差,negative,包装差
TRAIN_62583,PRODUCT_292076,图书音像,质量,质量差,negative,质量差
TRAIN_62583,PRODUCT_292076,图书音像,推荐,不推荐,negative,不推荐
TRAIN_62586,PRODUCT_498520,美妆个护,味道,味道不错,positive,味道不错
TRAIN_62587,PRODUCT_76758,图书音像,内容,内容不错,positive,内容不错
TRAIN_62588,PRODUCT_431290,电脑/办公,外观,外观好看,positive,外观好看
TRAIN_62592,PRODUCT_293255,钟表/首饰/眼镜/礼品,正品,正品放心,positive,正品放心
TRAIN_62599,PRODUCT_195118,图书音像,包装,包装差,negative,包装差
TRAIN_62601,PRODUCT_315881,图书音像,质量,质量好,positive,质量好
TRAIN_62602,PRODUCT_258778,食品/保健,价格,价格贵,negative,价格贵
TRAIN_62604,PRODUCT_404283,食品/保健,味道,味道不错,positive,味道不错
TRAIN_62608,PRODUCT_348804,手机/数码,质量,质量差,negative,质量差
TRAIN_62608,PRODUCT_348804,手机/数码,正品,正品放心,positive,正品放心
TRAIN_62608,PRODUCT_348804,手机/数码,耐用,容易坏,negative,容易坏
TRAIN_62621,PRODUCT_270627,美妆个护,正品,疑似假货,negative,疑似假货
TRAIN_62621,PRODUCT_270627,美妆个护,推荐,不推荐,negative,不推荐
TRAIN_62623,PRODUCT_377885,手机/数码,质量,质量差,negative,质量差
TRAIN_62629,PRODUCT_364151,图书音像,内容,内容不错,positive,内容不错
TRAIN_62640,PRODUCT_376803,电脑/办公,质量,质量好,positive,质量好
TRAIN_62655,PRODUCT_405858,电脑/办公,物流,发货快,positive,发货快
TRAIN_62664,PRODUCT_241731,图书音像,包装,包装差,negative,包装差
TRAIN_62667,PRODUCT_259099,电脑/办公,质量,质量好,positive,质量好
TRAIN_62672,PRODUCT_311065,图书音像,正品,正品放心,positive,正品放心
TRAIN_62679,PRODUCT_463863,手机/数码,价格,性价比高,positive,性价比高
TRAIN_62679,PRODUCT_463863,手机/数码,正品,正品放心,positive,正品放心
TRAIN_62689,PRODUCT_247913,电脑/办公,价格,性价比高,positive,性价比高
TRAIN_62692,PRODUCT_29990,图书音像,质量,质量差,negative,质量差
TRAIN_62692,PRODUCT_29990,图书音像,推荐,不推荐,negative,不推荐
TRAIN_62700,PRODUCT_370014,图书音像,质量,质量差,negative,质量差
TRAIN_62700,PRODUCT_370014,图书音像,内容,内容一般,negative,内容一般
TRAIN_62701,PRODUCT_491154,图书音像,正品,正品放心,positive,正品放心
TRAIN_62701,PRODUCT_491154,图书音像,正品,疑似假货,negative,疑似假货
TRAIN_62701,PRODUCT_491154,图书音像,耐用,容易坏,negative,容易坏
TRAIN_62704,PRODUCT_406856,电脑/办公,包装,包装好,positive,包装好
TRAIN_62706,PRODUCT_74086,图书音像,内容,内容不错,positive,内容不错
TRAIN_62707,PRODUCT_444013,电脑/办公,质量,质量好,positive,质量好
TRAIN_62709,PRODUCT_472390,图书音像,质量,质量差,negative,质量差
TRAIN_62711,PRODUCT_295023,图书音像,质量,质量好,positive,质量好
TRAIN_62713,PRODUCT_437285,图书音像,正品,疑似假货,negative,疑似假货
TRAIN_62713,PRODUCT_437285,图书音像,内容,内容不错,positive,内容不错
TRAIN_62720,PRODUCT_310190,母婴/玩具,正品,正品放心,positive,正品放心
TRAIN_62721,PRODUCT_401928,手机/数码,外观,外观好看,positive,外观好看
TRAIN_62723,PRODUCT_302755,手机/数码,推荐,会回购,positive,会回购
TRAIN_62725,PRODUCT_439815,电脑/办公,物流,发货快,positive,发货快
TRAIN_62726,PRODUCT_333466,图书音像,价格,价格贵,negative,价格贵
TRAIN_62726,PRODUCT_333466,图书音像,正品,疑似假货,negative,疑似假货
TRAIN_62731,PRODUCT_216907,图书音像,物流,发货快,positive,发货快
TRAIN_62739,PRODUCT_59963,图书音像,质量,质量好,positive,质量好
TRAIN_62742,PRODUCT_305149,图书音像,正品,正品放心,positive,正品放心
TRAIN_62743,PRODUCT_492582,图书音像,推荐,会回购,positive,会回购
TRAIN_62747,PRODUCT_103734,图书音像,推荐,会回购,positive,会回购
TRAIN_62748,PRODUCT_327923,图书音像,价格,性价比高,positive,性价比高
TRAIN_62753,PRODUCT_7895,电脑/办公,质量,质量好,positive,质量好
TRAIN_62753,PRODUCT_7895,电脑/办公,物流,发货快,positive,发货快
TRAIN_62755,PRODUCT_328319,图书音像,正品,正品放心,positive,正品放心
TRAIN_62757,PRODUCT_508174,图书音像,质量,质量好,positive,质量好
TRAIN_62762,PRODUCT_475726,家用电器,价格,性价比高,positive,性价比高
TRAIN_62764,PRODUCT_353704,其他,质量,质量差,negative,质量差
TRAIN_62767,PRODUCT_522014,电脑/办公,正品,正品放心,positive,正品放心
TRAIN_62768,PRODUCT_38460,图书音像,包装,包装好,positive,包装好
TRAIN_62772,PRODUCT_312695,电脑/办公,质量,质量好,positive,质量好
TRAIN_62772,PRODUCT_312695,电脑/办公,正品,正品放心,positive,正品放心
TRAIN_62777,PRODUCT_204615,图书音像,正品,正品放心,positive,正品放心
TRAIN_62778,PRODUCT_192803,图书音像,正品,正品放心,positive,正品放心
TRAIN_62781,PRODUCT_214455,手机/数码,续航,续航差,negative,续航差
TRAIN_62782,PRODUCT_496945,图书音像,内容,内容不错,positive,内容不错
TRAIN_62786,PRODUCT_276915,图书音像,推荐,会回购,positive,会回购
TRAIN_62788,PRODUCT_9963,图书音像,质量,质量好,positive,质量好
TRAIN_62789,PRODUCT_121312,图书音像,物流,发货快,positive,发货快
TRAIN_62789,PRODUCT_121312,图书音像,正品,疑似假货,negative,疑似假货
TRAIN_62791,PRODUCT_353569,电脑/办公,价格,价格贵,negative,价格贵
TRAIN_62792,PRODUCT_416912,手机/数码,正品,正品放心,positive,正品放心
TRAIN_62798,PRODUCT_211482,图书音像,质量,质量差,negative,质量差
TRAIN_62807,PRODUCT_133188,图书音像,正品,正品放心,positive,正品放心
TRAIN_62810,PRODUCT_58336,图书音像,物流,发货快,positive,发货快
TRAIN_62812,PRODUCT_389833,鞋类箱包,质量,质量好,positive,质量好
TRAIN_62814,PRODUCT_443174,图书音像,物流,发货快,positive,发货快
TRAIN_62820,PRODUCT_317465,电脑/办公,正品,正品放心,positive,正品放心
TRAIN_62826,PRODUCT_79877,图书音像,内容,内容不错,positive,内容不错
TRAIN_62834,PRODUCT_103806,图书音像,质量,质量差,negative,质量差
TRAIN_62837,PRODUCT_253685,图书音像,价格,价格贵,negative,价格贵
TRAIN_62852,PRODUCT_301198,图书音像,质量,质量好,positive,质量好
TRAIN_62854,PRODUCT_257570,图书音像,质量,质量好,positive,质量好
TRAIN_62858,PRODUCT_374702,图书音像,耐用,容易坏,negative,容易坏
TRAIN_62861,PRODUCT_118185,其他,质量,质量好,positive,质量好
TRAIN_62861,PRODUCT_118185,其他,价格,价格贵,negative,价格贵
TRAIN_62865,PRODUCT_106816,电脑/办公,耐用,很耐用,positive,很耐用
TRAIN_62872,PRODUCT_340966,家居生活,质量,质量好,positive,质量好
TRAIN_62872,PRODUCT_340966,家居生活,包装,包装好,positive,包装好
TRAIN_62877,PRODUCT_73761,图书音像,内容,内容一般,negative,内容一般
TRAIN_62879,PRODUCT_522469,图书音像,包装,包装好,positive,包装好
TRAIN_62882,PRODUCT_270594,电脑/办公,价格,性价比高,positive,性价比高
TRAIN_62887,PRODUCT_504619,电脑/办公,正品,正品放心,positive,正品放心
TRAIN_62892,PRODUCT_30353,图书音像,正品,正品放心,positive,正品放心
TRAIN_62909,PRODUCT_485837,图书音像,质量,质量差,negative,质量差
TRAIN_62918,PRODUCT_520992,家具/家装/建材,质量,质量好,positive,质量好
TRAIN_62934,PRODUCT_470706,图书音像,质量,质量差,negative,质量差
TRAIN_62935,PRODUCT_55369,图书音像,质量,质量好,positive,质量好
TRAIN_62939,PRODUCT_238903,手机/数码,包装,包装好,positive,包装好
TRAIN_62940,PRODUCT_291528,手机/数码,质量,质量差,negative,质量差
TRAIN_62940,PRODUCT_291528,手机/数码,价格,性价比高,positive,性价比高
TRAIN_62940,PRODUCT_291528,手机/数码,正品,正品放心,positive,正品放心
TRAIN_62944,PRODUCT_478165,图书音像,质量,质量好,positive,质量好
TRAIN_62945,PRODUCT_114836,家用电器,质量,质量好,positive,质量好
TRAIN_62960,PRODUCT_470987,图书音像,质量,质量好,positive,质量好
TRAIN_62960,PRODUCT_470987,图书音像,物流,发货快,positive,发货快
TRAIN_62961,PRODUCT_253566,图书音像,内容,内容不错,positive,内容不错
TRAIN_62963,PRODUCT_234319,图书音像,耐用,很耐用,positive,很耐用
TRAIN_62980,PRODUCT_68529,图书音像,价格,性价比高,positive,性价比高
TRAIN_62982,PRODUCT_21164,图书音像,质量,质量差,negative,质量差
TRAIN_62982,PRODUCT_21164,图书音像,价格,价格贵,negative,价格贵
TRAIN_62982,PRODUCT_21164,图书音像,正品,疑似假货,negative,疑似假货
TRAIN_62999,PRODUCT_143207,图书音像,正品,正品放心,positive,正品放心
TRAIN_63001,PRODUCT_255315,手机/数码,质量,质量好,positive,质量好
TRAIN_63003,PRODUCT_247842,食品/保健,价格,价格贵,negative,价格贵
TRAIN_63011,PRODUCT_383548,电脑/办公,质量,质量好,positive,质量好
TRAIN_63011,PRODUCT_383548,电脑/办公,物流,发货快,positive,发货快
TRAIN_63020,PRODUCT_2707,图书音像,价格,性价比高,positive,性价比高
TRAIN_63025,PRODUCT_123880,图书音像,正品,疑似假货,negative,疑似假货
TRAIN_63026,PRODUCT_300039,图书音像,正品,正品放心,positive,正品放心
TRAIN_63035,PRODUCT_250137,家居生活,正品,正品放心,positive,正品放心
TRAIN_63048,PRODUCT_238510,手机/数码,耐用,很耐用,positive,很耐用
TRAIN_63059,PRODUCT_511272,图书音像,内容,内容一般,negative,内容一般
TRAIN_63061,PRODUCT_167854,家用电器,价格,性价比高,positive,性价比高
TRAIN_63065,PRODUCT_334198,图书音像,质量,质量好,positive,质量好
TRAIN_63066,PRODUCT_82508,图书音像,正品,疑似假货,negative,疑似假货
TRAIN_63066,PRODUCT_82508,图书音像,内容,内容一般,negative,内容一般
TRAIN_63078,PRODUCT_163896,图书音像,质量,质量差,negative,质量差
TRAIN_63080,PRODUCT_95185,家用电器,质量,质量好,positive,质量好
TRAIN_63083,PRODUCT_283373,电脑/办公,正品,正品放心,positive,正品放心
TRAIN_63094,PRODUCT_252175,图书音像,包装,包装好,positive,包装好
TRAIN_63094,PRODUCT_252175,图书音像,耐用,容易坏,negative,容易坏
TRAIN_63097,PRODUCT_335490,家居生活,价格,性价比高,positive,性价比高
TRAIN_63098,PRODUCT_455336,图书音像,质量,质量好,positive,质量好
TRAIN_63108,PRODUCT_239242,美妆个护,正品,正品放心,positive,正品放心
TRAIN_63114,PRODUCT_209225,美妆个护,物流,发货快,positive,发货快
TRAIN_63117,PRODUCT_477381,图书音像,质量,质量好,positive,质量好
TRAIN_63123,PRODUCT_240095,图书音像,价格,性价比高,positive,性价比高
TRAIN_63132,PRODUCT_171500,图书音像,客服,客服好,positive,客服好
TRAIN_63134,PRODUCT_298120,图书音像,质量,质量好,positive,质量好
TRAIN_63135,PRODUCT_155275,图书音像,正品,疑似假货,negative,疑似假货
TRAIN_63156,PRODUCT_341651,图书音像,正品,疑似假货,negative,疑似假货
TRAIN_63168,PRODUCT_400778,图书音像,正品,疑似假货,negative,疑似假货
TRAIN_63172,PRODUCT_514389,图书音像,质量,质量好,positive,质量好
TRAIN_63173,PRODUCT_127584,手机/数码,正品,正品放心,positive,正品放心
TRAIN_63175,PRODUCT_7911,图书音像,物流,发货快,positive,发货快
TRAIN_63196,PRODUCT_234323,图书音像,质量,质量好,positive,质量好
TRAIN_63204,PRODUCT_466445,图书音像,质量,质量好,positive,质量好
TRAIN_63209,PRODUCT_387929,图书音像,正品,正品放心,positive,正品放心
TRAIN_63211,PRODUCT_422950,图书音像,正品,正品放心,positive,正品放心
TRAIN_63211,PRODUCT_422950,图书音像,内容,内容不错,positive,内容不错
TRAIN_63219,PRODUCT_211994,图书音像,正品,疑似假货,negative,疑似假货
TRAIN_63219,PRODUCT_211994,图书音像,耐用,容易坏,negative,容易坏
TRAIN_63222,PRODUCT_177916,图书音像,质量,质量好,positive,质量好
TRAIN_63232,PRODUCT_108865,图书音像,内容,内容不错,positive,内容不错
TRAIN_63239,PRODUCT_476244,手机/数码,价格,性价比高,positive,性价比高
TRAIN_63245,PRODUCT_58410,手机/数码,质量,质量好,positive,质量好
TRAIN_63257,PRODUCT_143867,图书音像,物流,发货快,positive,发货快
TRAIN_63257,PRODUCT_143867,图书音像,内容,内容不错,positive,内容不错
TRAIN_63259,PRODUCT_124840,家用电器,价格,性价比高,positive,性价比高
TRAIN_63271,PRODUCT_334511,图书音像,质量,质量好,positive,质量好
TRAIN_63274,PRODUCT_253534,图书音像,耐用,容易坏,negative,容易坏
TRAIN_63280,PRODUCT_290041,美妆个护,味道,味道不错,positive,味道不错
TRAIN_63291,PRODUCT_240229,图书音像,质量,质量好,positive,质量好
TRAIN_63293,PRODUCT_111523,图书音像,质量,质量好,positive,质量好
TRAIN_63294,PRODUCT_204803,图书音像,质量,质量好,positive,质量好
TRAIN_63300,PRODUCT_240387,图书音像,物流,发货快,positive,发货快
TRAIN_63305,PRODUCT_219336,图书音像,正品,疑似假货,negative,疑似假货
TRAIN_63306,PRODUCT_328181,图书音像,正品,正品放心,positive,正品放心
TRAIN_63307,PRODUCT_461656,图书音像,质量,质量好,positive,质量好
TRAIN_63312,PRODUCT_410804,图书音像,物流,发货快,positive,发货快
TRAIN_63312,PRODUCT_410804,图书音像,包装,包装好,positive,包装好
TRAIN_63313,PRODUCT_422955,钟表/首饰/眼镜/礼品,价格,价格贵,negative,价格贵
TRAIN_63320,PRODUCT_68254,母婴/玩具,包装,包装好,positive,包装好
TRAIN_63327,PRODUCT_257762,图书音像,物流,发货快,positive,发货快
TRAIN_63341,PRODUCT_475643,电脑/办公,推荐,会回购,positive,会回购
TRAIN_63353,PRODUCT_96266,手机/数码,耐用,容易坏,negative,容易坏
TRAIN_63361,PRODUCT_418109,图书音像,质量,质量好,positive,质量好
TRAIN_63367,PRODUCT_67454,图书音像,物流,发货快,positive,发货快
TRAIN_63369,PRODUCT_492678,图书音像,价格,性价比高,positive,性价比高
TRAIN_63373,PRODUCT_186047,手机/数码,物流,发货快,positive,发货快
TRAIN_63381,PRODUCT_96266,手机/数码,质量,质量差,negative,质量差
TRAIN_63388,PRODUCT_341531,图书音像,质量,质量好,positive,质量好
TRAIN_63397,PRODUCT_143607,图书音像,正品,疑似假货,negative,疑似假货
TRAIN_63399,PRODUCT_485740,图书音像,质量,质量好,positive,质量好
TRAIN_63401,PRODUCT_363930,母婴/玩具,包装,包装好,positive,包装好
TRAIN_63405,PRODUCT_185308,鞋类箱包,正品,正品放心,positive,正品放心
TRAIN_63405,PRODUCT_185308,鞋类箱包,正品,疑似假货,negative,疑似假货
TRAIN_63405,PRODUCT_185308,鞋类箱包,外观,外观好看,positive,外观好看
TRAIN_63415,PRODUCT_341778,服饰服装,价格,价格贵,negative,价格贵
TRAIN_63423,PRODUCT_463061,电脑/办公,质量,质量好,positive,质量好
TRAIN_63423,PRODUCT_463061,电脑/办公,物流,发货快,positive,发货快
TRAIN_63424,PRODUCT_52264,电脑/办公,外观,外观一般,negative,外观一般
TRAIN_63427,PRODUCT_36848,电脑/办公,物流,发货快,positive,发货快
TRAIN_63427,PRODUCT_36848,电脑/办公,正品,正品放心,positive,正品放心
TRAIN_63431,PRODUCT_227208,手机/数码,正品,正品放心,positive,正品放心
TRAIN_63436,PRODUCT_237878,图书音像,价格,性价比高,positive,性价比高
TRAIN_63437,PRODUCT_62133,运动户外,质量,质量好,positive,质量好
TRAIN_63439,PRODUCT_488425,图书音像,正品,正品放心,positive,正品放心
TRAIN_63448,PRODUCT_329316,电脑/办公,正品,疑似假货,negative,疑似假货
TRAIN_63452,PRODUCT_468397,美妆个护,推荐,会回购,positive,会回购
TRAIN_63452,PRODUCT_468397,美妆个护,味道,味道不错,positive,味道不错
TRAIN_63454,PRODUCT_465260,图书音像,内容,内容不错,positive,内容不错
TRAIN_63457,PRODUCT_317955,图书音像,质量,质量好,positive,质量好
TRAIN_63458,PRODUCT_38008,图书音像,外观,外观一般,negative,外观一般
TRAIN_63458,PRODUCT_38008,图书音像,内容,内容一般,negative,内容一般
TRAIN_63460,PRODUCT_198288,手机/数码,外观,外观好看,positive,外观好看
TRAIN_63460,PRODUCT_198288,手机/数码,耐用,很耐用,positive,很耐用
TRAIN_63465,PRODUCT_100017,图书音像,外观,外观好看,positive,外观好看
TRAIN_63471,PRODUCT_358071,电脑/办公,价格,价格贵,negative,价格贵
TRAIN_63474,PRODUCT_518393,图书音像,正品,正品放心,positive,正品放心
TRAIN_63478,PRODUCT_80565,图书音像,推荐,会回购,positive,会回购
TRAIN_63483,PRODUCT_470820,家用电器,包装,包装差,negative,包装差
TRAIN_63487,PRODUCT_222242,图书音像,正品,正品放心,positive,正品放心
TRAIN_63495,PRODUCT_149145,图书音像,内容,内容不错,positive,内容不错
TRAIN_63501,PRODUCT_161421,图书音像,正品,疑似假货,negative,疑似假货
TRAIN_63510,PRODUCT_420332,图书音像,正品,正品放心,positive,正品放心
TRAIN_63522,PRODUCT_259030,图书音像,价格,价格贵,negative,价格贵
TRAIN_63525,PRODUCT_431158,图书音像,质量,质量好,positive,质量好
TRAIN_63531,PRODUCT_4211,手机/数码,正品,正品放心,positive,正品放心
TRAIN_63535,PRODUCT_439176,图书音像,质量,质量好,positive,质量好
TRAIN_63537,PRODUCT_498070,图书音像,质量,质量差,negative,质量差
TRAIN_63539,PRODUCT_144257,手机/数码,正品,正品放心,positive,正品放心
TRAIN_63541,PRODUCT_324999,手机/数码,正品,正品放心,positive,正品放心
TRAIN_63548,PRODUCT_72809,图书音像,正品,正品放心,positive,正品放心
TRAIN_63550,PRODUCT_83526,食品/保健,味道,味道不错,positive,味道不错
TRAIN_63554,PRODUCT_170340,图书音像,价格,性价比高,positive,性价比高
TRAIN_63557,PRODUCT_429759,图书音像,质量,质量好,positive,质量好
TRAIN_63588,PRODUCT_3450,美妆个护,味道,味道不错,positive,味道不错
TRAIN_63590,PRODUCT_148951,图书音像,正品,正品放心,positive,正品放心
TRAIN_63593,PRODUCT_331688,图书音像,耐用,很耐用,positive,很耐用
TRAIN_63598,PRODUCT_37880,图书音像,内容,内容不错,positive,内容不错
TRAIN_63612,PRODUCT_512024,图书音像,推荐,会回购,positive,会回购
TRAIN_63613,PRODUCT_72030,图书音像,包装,包装差,negative,包装差
TRAIN_63618,PRODUCT_21826,其他,正品,疑似假货,negative,疑似假货
TRAIN_63625,PRODUCT_269626,图书音像,正品,正品放心,positive,正品放心
TRAIN_63625,PRODUCT_269626,图书音像,正品,疑似假货,negative,疑似假货
TRAIN_63629,PRODUCT_36848,电脑/办公,正品,疑似假货,negative,疑似假货
TRAIN_63644,PRODUCT_492887,图书音像,物流,发货快,positive,发货快
TRAIN_63649,PRODUCT_363887,美妆个护,耐用,很耐用,positive,很耐用
TRAIN_63652,PRODUCT_274972,电脑/办公,价格,性价比高,positive,性价比高
TRAIN_63663,PRODUCT_104033,图书音像,正品,正品放心,positive,正品放心
TRAIN_63664,PRODUCT_239920,图书音像,正品,正品放心,positive,正品放心
TRAIN_63676,PRODUCT_82519,图书音像,内容,内容不错,positive,内容不错
TRAIN_63689,PRODUCT_507568,图书音像,耐用,很耐用,positive,很耐用
TRAIN_63694,PRODUCT_505218,图书音像,质量,质量好,positive,质量好
TRAIN_63694,PRODUCT_505218,图书音像,正品,正品放心,positive,正品放心
TRAIN_63742,PRODUCT_201545,图书音像,正品,正品放心,positive,正品放心
TRAIN_63743,PRODUCT_426647,图书音像,正品,疑似假货,negative,疑似假货
TRAIN_63745,PRODUCT_250137,家居生活,推荐,会回购,positive,会回购
TRAIN_63748,PRODUCT_270594,电脑/办公,价格,性价比高,positive,性价比高
TRAIN_63750,PRODUCT_505014,图书音像,质量,质量好,positive,质量好
TRAIN_63750,PRODUCT_505014,图书音像,正品,正品放心,positive,正品放心
TRAIN_63758,PRODUCT_218108,图书音像,质量,质量好,positive,质量好
TRAIN_63767,PRODUCT_432666,图书音像,质量,质量好,positive,质量好
TRAIN_63767,PRODUCT_432666,图书音像,正品,正品放心,positive,正品放心
TRAIN_63770,PRODUCT_297030,图书音像,外观,外观一般,negative,外观一般
TRAIN_63776,PRODUCT_229464,家用电器,价格,性价比高,positive,性价比高
TRAIN_63777,PRODUCT_67326,鞋类箱包,正品,正品放心,positive,正品放心
TRAIN_63788,PRODUCT_112938,图书音像,质量,质量好,positive,质量好
TRAIN_63788,PRODUCT_112938,图书音像,物流,发货快,positive,发货快
TRAIN_63793,PRODUCT_223611,图书音像,质量,质量好,positive,质量好
TRAIN_63793,PRODUCT_223611,图书音像,推荐,会回购,positive,会回购
TRAIN_63797,PRODUCT_423379,图书音像,质量,质量好,positive,质量好
TRAIN_63797,PRODUCT_423379,图书音像,正品,正品放心,positive,正品放心
TRAIN_63799,PRODUCT_289685,图书音像,包装,包装好,positive,包装好
TRAIN_63802,PRODUCT_168404,图书音像,质量,质量好,positive,质量好
TRAIN_63815,PRODUCT_114989,图书音像,质量,质量好,positive,质量好
TRAIN_63816,PRODUCT_15746,食品/保健,味道,味道不错,positive,味道不错
TRAIN_63821,PRODUCT_42532,美妆个护,正品,正品放心,positive,正品放心
TRAIN_63826,PRODUCT_187378,图书音像,价格,价格贵,negative,价格贵
TRAIN_63848,PRODUCT_433856,图书音像,质量,质量好,positive,质量好
TRAIN_63857,PRODUCT_354562,图书音像,质量,质量好,positive,质量好
TRAIN_63879,PRODUCT_130055,图书音像,正品,正品放心,positive,正品放心
TRAIN_63906,PRODUCT_208980,图书音像,包装,包装好,positive,包装好
TRAIN_63908,PRODUCT_522715,电脑/办公,正品,正品放心,positive,正品放心
TRAIN_63909,PRODUCT_158604,图书音像,正品,正品放心,positive,正品放心
TRAIN_63912,PRODUCT_407428,电脑/办公,包装,包装好,positive,包装好
TRAIN_63912,PRODUCT_407428,电脑/办公,正品,正品放心,positive,正品放心
TRAIN_63912,PRODUCT_407428,电脑/办公,正品,疑似假货,negative,疑似假货
TRAIN_63917,PRODUCT_345125,家居生活,价格,性价比高,positive,性价比高
TRAIN_63932,PRODUCT_277972,图书音像,正品,正品放心,positive,正品放心
TRAIN_63941,PRODUCT_464521,图书音像,正品,正品放心,positive,正品放心
TRAIN_63942,PRODUCT_452577,家用电器,正品,正品放心,positive,正品放心
TRAIN_63946,PRODUCT_50482,图书音像,质量,质量差,negative,质量差
TRAIN_63948,PRODUCT_177620,图书音像,正品,正品放心,positive,正品放心
TRAIN_63948,PRODUCT_177620,图书音像,正品,疑似假货,negative,疑似假货
TRAIN_63957,PRODUCT_61383,图书音像,质量,质量好,positive,质量好
TRAIN_63962,PRODUCT_438874,图书音像,物流,物流慢,negative,物流慢
TRAIN_63962,PRODUCT_438874,图书音像,正品,正品放心,positive,正品放心
TRAIN_63962,PRODUCT_438874,图书音像,内容,内容不错,positive,内容不错
TRAIN_63971,PRODUCT_176841,美妆个护,正品,正品放心,positive,正品放心
TRAIN_63974,PRODUCT_284224,图书音像,正品,正品放心,positive,正品放心
TRAIN_63976,PRODUCT_451339,美妆个护,味道,味道不错,positive,味道不错
TRAIN_63982,PRODUCT_138520,图书音像,质量,质量好,positive,质量好
TRAIN_63988,PRODUCT_331317,图书音像,正品,正品放心,positive,正品放心
TRAIN_63992,PRODUCT_12905,图书音像,推荐,不推荐,negative,不推荐
TRAIN_63994,PRODUCT_264766,图书音像,内容,内容不错,positive,内容不错
TRAIN_63995,PRODUCT_487437,家用电器,耐用,容易坏,negative,容易坏
TRAIN_64005,PRODUCT_125273,美妆个护,耐用,容易坏,negative,容易坏
TRAIN_64007,PRODUCT_221657,其他,质量,质量好,positive,质量好
TRAIN_64013,PRODUCT_94190,图书音像,质量,质量差,negative,质量差
TRAIN_64015,PRODUCT_399666,图书音像,质量,质量好,positive,质量好
TRAIN_64018,PRODUCT_389913,图书音像,质量,质量好,positive,质量好
TRAIN_64027,PRODUCT_490031,家用电器,物流,发货快,positive,发货快
TRAIN_64027,PRODUCT_490031,家用电器,包装,包装好,positive,包装好
TRAIN_64032,PRODUCT_472063,图书音像,正品,正品放心,positive,正品放心
TRAIN_64033,PRODUCT_276102,鞋类箱包,质量,质量好,positive,质量好
TRAIN_64034,PRODUCT_217078,图书音像,质量,质量好,positive,质量好
TRAIN_64041,PRODUCT_304866,图书音像,质量,质量好,positive,质量好
TRAIN_64047,PRODUCT_371160,电脑/办公,质量,质量好,positive,质量好
TRAIN_64048,PRODUCT_35615,图书音像,质量,质量好,positive,质量好
TRAIN_64048,PRODUCT_35615,图书音像,物流,发货快,positive,发货快
TRAIN_64049,PRODUCT_389648,图书音像,内容,内容不错,positive,内容不错
TRAIN_64061,PRODUCT_183560,图书音像,内容,内容一般,negative,内容一般
TRAIN_64071,PRODUCT_249007,图书音像,内容,内容一般,negative,内容一般
TRAIN_64076,PRODUCT_336702,图书音像,正品,正品放心,positive,正品放心
TRAIN_64082,PRODUCT_381341,美妆个护,包装,包装好,positive,包装好
TRAIN_64082,PRODUCT_381341,美妆个护,味道,味道不错,positive,味道不错
TRAIN_64085,PRODUCT_192106,图书音像,正品,正品放心,positive,正品放心
TRAIN_64088,PRODUCT_267463,图书音像,物流,发货快,positive,发货快
TRAIN_64090,PRODUCT_85758,图书音像,耐用,很耐用,positive,很耐用
TRAIN_64091,PRODUCT_42650,图书音像,推荐,会回购,positive,会回购
TRAIN_64094,PRODUCT_499422,电脑/办公,价格,价格贵,negative,价格贵
TRAIN_64096,PRODUCT_133379,图书音像,物流,发货快,positive,发货快
TRAIN_64096,PRODUCT_133379,图书音像,正品,正品放心,positive,正品放心
TRAIN_64097,PRODUCT_407669,服饰服装,质量,质量好,positive,质量好
TRAIN_64101,PRODUCT_467332,图书音像,正品,正品放心,positive,正品放心
TRAIN_64117,PRODUCT_487290,图书音像,包装,包装好,positive,包装好
TRAIN_64118,PRODUCT_435903,图书音像,正品,正品放心,positive,正品放心
TRAIN_64124,PRODUCT_229795,图书音像,价格,性价比高,positive,性价比高
TRAIN_64125,PRODUCT_39277,电脑/办公,包装,包装好,positive,包装好
TRAIN_64128,PRODUCT_384030,手机/数码,价格,性价比高,positive,性价比高
TRAIN_64133,PRODUCT_275294,图书音像,正品,正品放心,positive,正品放心
TRAIN_64138,PRODUCT_294642,图书音像,质量,质量好,positive,质量好
TRAIN_64146,PRODUCT_48218,图书音像,正品,正品放心,positive,正品放心
TRAIN_64147,PRODUCT_347044,图书音像,包装,包装好,positive,包装好
TRAIN_64149,PRODUCT_387465,电脑/办公,质量,质量好,positive,质量好
TRAIN_64150,PRODUCT_262043,手机/数码,包装,包装好,positive,包装好
TRAIN_64157,PRODUCT_143475,图书音像,内容,内容不错,positive,内容不错
TRAIN_64162,PRODUCT_40290,手机/数码,正品,正品放心,positive,正品放心
TRAIN_64169,PRODUCT_393668,图书音像,正品,正品放心,positive,正品放心
TRAIN_64170,PRODUCT_277567,图书音像,质量,质量好,positive,质量好
TRAIN_64176,PRODUCT_306737,图书音像,质量,质量好,positive,质量好
TRAIN_64177,PRODUCT_185308,鞋类箱包,质量,质量好,positive,质量好
TRAIN_64178,PRODUCT_382586,家居生活,质量,质量好,positive,质量好
TRAIN_64182,PRODUCT_240395,图书音像,质量,质量差,negative,质量差
TRAIN_64208,PRODUCT_422102,图书音像,质量,质量差,negative,质量差
TRAIN_64213,PRODUCT_234389,图书音像,质量,质量好,positive,质量好
TRAIN_64213,PRODUCT_234389,图书音像,正品,正品放心,positive,正品放心
TRAIN_64213,PRODUCT_234389,图书音像,正品,疑似假货,negative,疑似假货
TRAIN_64214,PRODUCT_249395,电脑/办公,价格,性价比高,positive,性价比高
TRAIN_64230,PRODUCT_475451,图书音像,价格,性价比高,positive,性价比高
TRAIN_64235,PRODUCT_341531,图书音像,包装,包装好,positive,包装好
TRAIN_64236,PRODUCT_274327,图书音像,正品,疑似假货,negative,疑似假货
TRAIN_64241,PRODUCT_107917,图书音像,正品,正品放心,positive,正品放心
TRAIN_64241,PRODUCT_107917,图书音像,推荐,会回购,positive,会回购
TRAIN_64243,PRODUCT_113840,美妆个护,正品,正品放心,positive,正品放心
TRAIN_64252,PRODUCT_46040,电脑/办公,质量,质量差,negative,质量差
TRAIN_64252,PRODUCT_46040,电脑/办公,正品,正品放心,positive,正品放心
TRAIN_64252,PRODUCT_46040,电脑/办公,耐用,容易坏,negative,容易坏
TRAIN_64253,PRODUCT_459243,电脑/办公,物流,发货快,positive,发货快
TRAIN_64253,PRODUCT_459243,电脑/办公,价格,性价比高,positive,性价比高
TRAIN_64260,PRODUCT_440379,美妆个护,正品,正品放心,positive,正品放心
TRAIN_64262,PRODUCT_49273,图书音像,物流,发货快,positive,发货快
TRAIN_64277,PRODUCT_92590,图书音像,正品,正品放心,positive,正品放心
TRAIN_64279,PRODUCT_488934,图书音像,质量,质量好,positive,质量好
TRAIN_64289,PRODUCT_407428,电脑/办公,质量,质量好,positive,质量好
TRAIN_64299,PRODUCT_7911,图书音像,质量,质量好,positive,质量好
TRAIN_64301,PRODUCT_36681,图书音像,正品,正品放心,positive,正品放心
TRAIN_64304,PRODUCT_399783,图书音像,内容,内容不错,positive,内容不错
TRAIN_64306,PRODUCT_247842,食品/保健,味道,味道不错,positive,味道不错
TRAIN_64309,PRODUCT_473752,图书音像,正品,正品放心,positive,正品放心
TRAIN_64312,PRODUCT_501299,图书音像,质量,质量好,positive,质量好
TRAIN_64315,PRODUCT_505565,电脑/办公,正品,正品放心,positive,正品放心
TRAIN_64320,PRODUCT_153876,图书音像,正品,正品放心,positive,正品放心
TRAIN_64326,PRODUCT_430385,手机/数码,质量,质量好,positive,质量好
TRAIN_64335,PRODUCT_335927,食品/保健,味道,味道不错,positive,味道不错
TRAIN_64336,PRODUCT_71110,家居生活,质量,质量好,positive,质量好
TRAIN_64338,PRODUCT_16916,图书音像,价格,性价比高,positive,性价比高
TRAIN_64342,PRODUCT_217040,美妆个护,质量,质量好,positive,质量好
TRAIN_64345,PRODUCT_8054,家用电器,质量,质量好,positive,质量好
TRAIN_64351,PRODUCT_481481,钟表/首饰/眼镜/礼品,物流,发货快,positive,发货快
TRAIN_64369,PRODUCT_329000,图书音像,正品,疑似假货,negative,疑似假货
TRAIN_64371,PRODUCT_105631,图书音像,正品,疑似假货,negative,疑似假货
TRAIN_64373,PRODUCT_86551,图书音像,正品,正品放心,positive,正品放心
TRAIN_64375,PRODUCT_407132,图书音像,推荐,会回购,positive,会回购
TRAIN_64384,PRODUCT_206593,家居生活,质量,质量好,positive,质量好
TRAIN_64387,PRODUCT_195524,图书音像,内容,内容不错,positive,内容不错
TRAIN_64391,PRODUCT_433572,图书音像,质量,质量好,positive,质量好
TRAIN_64409,PRODUCT_247670,其他,耐用,很耐用,positive,很耐用
TRAIN_64410,PRODUCT_462347,其他,价格,性价比高,positive,性价比高
TRAIN_64416,PRODUCT_28124,母婴/玩具,质量,质量好,positive,质量好
TRAIN_64416,PRODUCT_28124,母婴/玩具,推荐,不推荐,negative,不推荐
TRAIN_64421,PRODUCT_349185,电脑/办公,价格,性价比高,positive,性价比高
TRAIN_64424,PRODUCT_511388,家居生活,包装,包装好,positive,包装好
TRAIN_64430,PRODUCT_393283,图书音像,推荐,会回购,positive,会回购
TRAIN_64441,PRODUCT_520550,手机/数码,正品,正品放心,positive,正品放心
TRAIN_64454,PRODUCT_179287,电脑/办公,物流,发货快,positive,发货快
TRAIN_64454,PRODUCT_179287,电脑/办公,包装,包装好,positive,包装好
TRAIN_64467,PRODUCT_129348,美妆个护,味道,味道不错,positive,味道不错
TRAIN_64469,PRODUCT_119091,图书音像,质量,质量好,positive,质量好
TRAIN_64473,PRODUCT_385707,美妆个护,包装,包装好,positive,包装好
TRAIN_64475,PRODUCT_393456,图书音像,正品,正品放心,positive,正品放心
TRAIN_64481,PRODUCT_377148,美妆个护,物流,发货快,positive,发货快
TRAIN_64481,PRODUCT_377148,美妆个护,正品,正品放心,positive,正品放心
TRAIN_64483,PRODUCT_456232,图书音像,内容,内容一般,negative,内容一般
TRAIN_64486,PRODUCT_440984,电脑/办公,正品,正品放心,positive,正品放心
TRAIN_64495,PRODUCT_492331,电脑/办公,质量,质量好,positive,质量好
TRAIN_64503,PRODUCT_124017,图书音像,质量,质量好,positive,质量好
TRAIN_64504,PRODUCT_497149,图书音像,质量,质量好,positive,质量好
TRAIN_64504,PRODUCT_497149,图书音像,物流,发货快,positive,发货快
TRAIN_64510,PRODUCT_183837,家用电器,质量,质量差,negative,质量差
TRAIN_64522,PRODUCT_296310,图书音像,包装,包装差,negative,包装差
TRAIN_64526,PRODUCT_255941,图书音像,质量,质量好,positive,质量好
TRAIN_64527,PRODUCT_128817,图书音像,内容,内容不错,positive,内容不错
TRAIN_64530,PRODUCT_473516,美妆个护,味道,味道不错,positive,味道不错
TRAIN_64539,PRODUCT_457344,图书音像,正品,疑似假货,negative,疑似假货
TRAIN_64544,PRODUCT_447502,图书音像,价格,性价比高,positive,性价比高
TRAIN_64549,PRODUCT_313677,图书音像,正品,正品放心,positive,正品放心
TRAIN_64550,PRODUCT_84610,美妆个护,味道,味道不错,positive,味道不错
TRAIN_64558,PRODUCT_20666,家居生活,质量,质量差,negative,质量差
TRAIN_64558,PRODUCT_20666,家居生活,耐用,容易坏,negative,容易坏
TRAIN_64562,PRODUCT_317940,图书音像,价格,性价比高,positive,性价比高
TRAIN_64564,PRODUCT_272172,手机/数码,包装,包装好,positive,包装好
TRAIN_64567,PRODUCT_35881,图书音像,内容,内容不错,positive,内容不错
TRAIN_64572,PRODUCT_262995,图书音像,质量,质量好,positive,质量好
TRAIN_64577,PRODUCT_435088,图书音像,质量,质量好,positive,质量好
TRAIN_64582,PRODUCT_39370,图书音像,正品,正品放心,positive,正品放心
TRAIN_64584,PRODUCT_89740,图书音像,正品,疑似假货,negative,疑似假货
TRAIN_64587,PRODUCT_325209,电脑/办公,价格,性价比高,positive,性价比高
TRAIN_64603,PRODUCT_301136,电脑/办公,价格,性价比高,positive,性价比高
TRAIN_64605,PRODUCT_105404,图书音像,物流,发货快,positive,发货快
TRAIN_64605,PRODUCT_105404,图书音像,价格,性价比高,positive,性价比高
TRAIN_64610,PRODUCT_14534,图书音像,正品,正品放心,positive,正品放心
TRAIN_64634,PRODUCT_159829,图书音像,正品,正品放心,positive,正品放心
TRAIN_64637,PRODUCT_237211,图书音像,物流,发货快,positive,发货快
TRAIN_64637,PRODUCT_237211,图书音像,推荐,会回购,positive,会回购
TRAIN_64643,PRODUCT_254216,图书音像,质量,质量好,positive,质量好
TRAIN_64648,PRODUCT_52114,图书音像,包装,包装差,negative,包装差
TRAIN_64656,PRODUCT_34380,手机/数码,屏幕,屏幕差,negative,屏幕差
TRAIN_64664,PRODUCT_434282,图书音像,正品,正品放心,positive,正品放心
TRAIN_64669,PRODUCT_327113,手机/数码,推荐,会回购,positive,会回购
TRAIN_64672,PRODUCT_283085,美妆个护,物流,发货快,positive,发货快
TRAIN_64672,PRODUCT_283085,美妆个护,正品,正品放心,positive,正品放心
TRAIN_64674,PRODUCT_442747,图书音像,正品,正品放心,positive,正品放心
TRAIN_64675,PRODUCT_266559,图书音像,质量,质量好,positive,质量好
TRAIN_64679,PRODUCT_500854,家居生活,价格,性价比高,positive,性价比高
TRAIN_64684,PRODUCT_186824,图书音像,物流,发货快,positive,发货快
TRAIN_64686,PRODUCT_258813,电脑/办公,质量,质量好,positive,质量好
TRAIN_64686,PRODUCT_258813,电脑/办公,正品,正品放心,positive,正品放心
TRAIN_64688,PRODUCT_394999,图书音像,质量,质量好,positive,质量好
TRAIN_64688,PRODUCT_394999,图书音像,正品,正品放心,positive,正品放心
TRAIN_64694,PRODUCT_414391,图书音像,质量,质量好,positive,质量好
TRAIN_64697,PRODUCT_422109,图书音像,正品,正品放心,positive,正品放心
TRAIN_64699,PRODUCT_373169,家用电器,价格,性价比高,positive,性价比高
TRAIN_64708,PRODUCT_229363,图书音像,正品,正品放心,positive,正品放心
TRAIN_64710,PRODUCT_375229,图书音像,正品,正品放心,positive,正品放心
TRAIN_64712,PRODUCT_413598,图书音像,内容,内容不错,positive,内容不错
TRAIN_64717,PRODUCT_424192,图书音像,正品,疑似假货,negative,疑似假货
TRAIN_64722,PRODUCT_212343,手机/数码,正品,正品放心,positive,正品放心
TRAIN_64726,PRODUCT_486455,图书音像,正品,疑似假货,negative,疑似假货
TRAIN_64729,PRODUCT_270328,电脑/办公,价格,性价比高,positive,性价比高
TRAIN_64731,PRODUCT_38698,图书音像,推荐,会回购,positive,会回购
TRAIN_64732,PRODUCT_460689,美妆个护,正品,正品放心,positive,正品放心
TRAIN_64744,PRODUCT_387758,图书音像,质量,质量好,positive,质量好
TRAIN_64744,PRODUCT_387758,图书音像,物流,发货快,positive,发货快
TRAIN_64744,PRODUCT_387758,图书音像,正品,正品放心,positive,正品放心
TRAIN_64747,PRODUCT_60065,美妆个护,味道,味道不错,positive,味道不错
TRAIN_64749,PRODUCT_464793,手机/数码,质量,质量好,positive,质量好
TRAIN_64753,PRODUCT_120559,图书音像,质量,质量好,positive,质量好
TRAIN_64758,PRODUCT_392094,图书音像,内容,内容不错,positive,内容不错
TRAIN_64759,PRODUCT_31895,图书音像,质量,质量好,positive,质量好
TRAIN_64762,PRODUCT_92480,手机/数码,质量,质量差,negative,质量差
TRAIN_64762,PRODUCT_92480,手机/数码,耐用,容易坏,negative,容易坏
TRAIN_64762,PRODUCT_92480,手机/数码,推荐,不推荐,negative,不推荐
TRAIN_64779,PRODUCT_178691,家用电器,正品,正品放心,positive,正品放心
TRAIN_64799,PRODUCT_517540,图书音像,内容,内容一般,negative,内容一般
TRAIN_64802,PRODUCT_416957,图书音像,质量,质量好,positive,质量好
TRAIN_64806,PRODUCT_322290,图书音像,价格,价格贵,negative,价格贵
TRAIN_64809,PRODUCT_137777,图书音像,质量,质量好,positive,质量好
TRAIN_64814,PRODUCT_184020,运动户外,质量,质量好,positive,质量好
TRAIN_64816,PRODUCT_317030,食品/保健,味道,味道不错,positive,味道不错
TRAIN_64828,PRODUCT_358056,图书音像,质量,质量好,positive,质量好
TRAIN_64829,PRODUCT_83570,图书音像,质量,质量好,positive,质量好
TRAIN_64835,PRODUCT_318575,美妆个护,价格,性价比高,positive,性价比高
TRAIN_64835,PRODUCT_318575,美妆个护,正品,正品放心,positive,正品放心
TRAIN_64845,PRODUCT_369881,图书音像,正品,疑似假货,negative,疑似假货
TRAIN_64848,PRODUCT_525417,图书音像,质量,质量好,positive,质量好
TRAIN_64855,PRODUCT_39407,图书音像,内容,内容不错,positive,内容不错
TRAIN_64862,PRODUCT_206593,家居生活,包装,包装差,negative,包装差
TRAIN_64866,PRODUCT_490768,图书音像,正品,疑似假货,negative,疑似假货
TRAIN_64868,PRODUCT_331070,手机/数码,质量,质量好,positive,质量好
TRAIN_64868,PRODUCT_331070,手机/数码,物流,发货快,positive,发货快
TRAIN_64868,PRODUCT_331070,手机/数码,正品,正品放心,positive,正品放心
TRAIN_64869,PRODUCT_511418,图书音像,质量,质量好,positive,质量好
TRAIN_64870,PRODUCT_496661,图书音像,包装,包装差,negative,包装差
TRAIN_64874,PRODUCT_178421,家具/家装/建材,质量,质量好,positive,质量好
TRAIN_64874,PRODUCT_178421,家具/家装/建材,耐用,容易坏,negative,容易坏
TRAIN_64876,PRODUCT_197279,家用电器,价格,性价比高,positive,性价比高
TRAIN_64877,PRODUCT_264661,家居生活,质量,质量差,negative,质量差
TRAIN_64877,PRODUCT_264661,家居生活,正品,正品放心,positive,正品放心
TRAIN_64886,PRODUCT_520965,图书音像,外观,外观一般,negative,外观一般
TRAIN_64888,PRODUCT_137686,电脑/办公,包装,包装好,positive,包装好
TRAIN_64888,PRODUCT_137686,电脑/办公,正品,正品放心,positive,正品放心
TRAIN_64891,PRODUCT_524701,家居生活,价格,性价比高,positive,性价比高
TRAIN_64909,PRODUCT_77112,图书音像,推荐,会回购,positive,会回购
TRAIN_64909,PRODUCT_77112,图书音像,内容,内容不错,positive,内容不错
TRAIN_64914,PRODUCT_172768,图书音像,包装,包装好,positive,包装好
TRAIN_64914,PRODUCT_172768,图书音像,包装,包装差,negative,包装差
TRAIN_64924,PRODUCT_26326,图书音像,正品,正品放心,positive,正品放心
TRAIN_64926,PRODUCT_152108,图书音像,质量,质量好,positive,质量好
TRAIN_64938,PRODUCT_294041,美妆个护,正品,正品放心,positive,正品放心
TRAIN_64948,PRODUCT_124152,图书音像,价格,性价比高,positive,性价比高
TRAIN_64952,PRODUCT_184509,手机/数码,正品,疑似假货,negative,疑似假货
TRAIN_64961,PRODUCT_465820,图书音像,正品,正品放心,positive,正品放心
TRAIN_64963,PRODUCT_283512,电脑/办公,价格,性价比高,positive,性价比高
TRAIN_64963,PRODUCT_283512,电脑/办公,续航,续航差,negative,续航差
TRAIN_64976,PRODUCT_54607,图书音像,正品,正品放心,positive,正品放心
TRAIN_64978,PRODUCT_304595,图书音像,质量,质量好,positive,质量好
TRAIN_64996,PRODUCT_341915,电脑/办公,耐用,容易坏,negative,容易坏
TRAIN_64998,PRODUCT_133723,图书音像,物流,发货快,positive,发货快
TRAIN_65002,PRODUCT_421281,美妆个护,包装,包装好,positive,包装好
TRAIN_65003,PRODUCT_67333,图书音像,质量,质量好,positive,质量好
TRAIN_65008,PRODUCT_343503,图书音像,包装,包装好,positive,包装好
TRAIN_65010,PRODUCT_302425,图书音像,内容,内容不错,positive,内容不错
TRAIN_65026,PRODUCT_264852,图书音像,正品,正品放心,positive,正品放心
TRAIN_65044,PRODUCT_215718,手机/数码,包装,包装好,positive,包装好
TRAIN_65044,PRODUCT_215718,手机/数码,正品,正品放心,positive,正品放心
TRAIN_65053,PRODUCT_221309,图书音像,正品,疑似假货,negative,疑似假货
TRAIN_65057,PRODUCT_424226,图书音像,正品,正品放心,positive,正品放心
TRAIN_65059,PRODUCT_307631,图书音像,正品,正品放心,positive,正品放心
TRAIN_65063,PRODUCT_413267,图书音像,正品,正品放心,positive,正品放心
TRAIN_65065,PRODUCT_323185,图书音像,内容,内容不错,positive,内容不错
TRAIN_65068,PRODUCT_492688,图书音像,正品,疑似假货,negative,疑似假货
TRAIN_65070,PRODUCT_74872,图书音像,质量,质量好,positive,质量好
TRAIN_65072,PRODUCT_224711,图书音像,质量,质量好,positive,质量好
TRAIN_65076,PRODUCT_105631,图书音像,正品,疑似假货,negative,疑似假货
TRAIN_65088,PRODUCT_38460,图书音像,包装,包装差,negative,包装差
TRAIN_65090,PRODUCT_447453,食品/保健,味道,味道不错,positive,味道不错
TRAIN_65090,PRODUCT_447453,食品/保健,新鲜,很新鲜,positive,很新鲜
TRAIN_65102,PRODUCT_423145,图书音像,质量,质量好,positive,质量好
TRAIN_65111,PRODUCT_498623,图书音像,推荐,会回购,positive,会回购
TRAIN_65113,PRODUCT_383952,图书音像,包装,包装好,positive,包装好
TRAIN_65118,PRODUCT_324845,图书音像,物流,发货快,positive,发货快
TRAIN_65121,PRODUCT_465805,电脑/办公,推荐,会回购,positive,会回购
TRAIN_65122,PRODUCT_197851,图书音像,正品,正品放心,positive,正品放心
TRAIN_65123,PRODUCT_77907,电脑/办公,质量,质量差,negative,质量差
TRAIN_65134,PRODUCT_24932,其他,价格,性价比高,positive,性价比高
TRAIN_65135,PRODUCT_237197,图书音像,质量,质量好,positive,质量好
TRAIN_65137,PRODUCT_77112,图书音像,质量,质量好,positive,质量好
TRAIN_65138,PRODUCT_136386,图书音像,质量,质量好,positive,质量好
TRAIN_65152,PRODUCT_339717,图书音像,质量,质量好,positive,质量好
TRAIN_65154,PRODUCT_113725,图书音像,质量,质量好,positive,质量好
TRAIN_65157,PRODUCT_319722,母婴/玩具,包装,包装好,positive,包装好
TRAIN_65159,PRODUCT_155622,图书音像,推荐,会回购,positive,会回购
TRAIN_65160,PRODUCT_325624,家用电器,质量,质量好,positive,质量好
TRAIN_65165,PRODUCT_264582,图书音像,物流,发货快,positive,发货快
TRAIN_65167,PRODUCT_409799,图书音像,推荐,会回购,positive,会回购
TRAIN_65169,PRODUCT_319516,家居生活,物流,发货快,positive,发货快
TRAIN_65169,PRODUCT_319516,家居生活,包装,包装好,positive,包装好
TRAIN_65178,PRODUCT_45605,家具/家装/建材,质量,质量好,positive,质量好
TRAIN_65178,PRODUCT_45605,家具/家装/建材,价格,性价比高,positive,性价比高
TRAIN_65184,PRODUCT_259254,图书音像,正品,正品放心,positive,正品放心
TRAIN_65194,PRODUCT_370300,图书音像,正品,疑似假货,negative,疑似假货
TRAIN_65201,PRODUCT_262158,图书音像,质量,质量好,positive,质量好
TRAIN_65201,PRODUCT_262158,图书音像,物流,发货快,positive,发货快
TRAIN_65205,PRODUCT_475836,其他,正品,正品放心,positive,正品放心
TRAIN_65209,PRODUCT_435688,图书音像,物流,发货快,positive,发货快
TRAIN_65211,PRODUCT_138107,电脑/办公,正品,正品放心,positive,正品放心
TRAIN_65216,PRODUCT_381864,图书音像,正品,疑似假货,negative,疑似假货
TRAIN_65217,PRODUCT_53886,图书音像,内容,内容不错,positive,内容不错
TRAIN_65220,PRODUCT_317932,电脑/办公,正品,正品放心,positive,正品放心
TRAIN_65221,PRODUCT_178168,图书音像,正品,正品放心,positive,正品放心
TRAIN_65223,PRODUCT_470450,美妆个护,味道,味道不错,positive,味道不错
TRAIN_65226,PRODUCT_284609,家具/家装/建材,外观,外观一般,negative,外观一般
TRAIN_65229,PRODUCT_236285,图书音像,价格,性价比高,positive,性价比高
TRAIN_65250,PRODUCT_480286,图书音像,推荐,会回购,positive,会回购
TRAIN_65253,PRODUCT_371966,图书音像,价格,性价比高,positive,性价比高
TRAIN_65261,PRODUCT_512035,图书音像,内容,内容不错,positive,内容不错
TRAIN_65265,PRODUCT_493496,图书音像,质量,质量好,positive,质量好
TRAIN_65270,PRODUCT_3514,食品/保健,味道,味道不错,positive,味道不错
TRAIN_65278,PRODUCT_116381,家居生活,正品,正品放心,positive,正品放心
TRAIN_65280,PRODUCT_471368,食品/保健,味道,味道不错,positive,味道不错
TRAIN_65288,PRODUCT_363925,图书音像,质量,质量好,positive,质量好
TRAIN_65294,PRODUCT_7073,图书音像,正品,正品放心,positive,正品放心
TRAIN_65302,PRODUCT_294634,美妆个护,正品,正品放心,positive,正品放心
TRAIN_65302,PRODUCT_294634,美妆个护,正品,疑似假货,negative,疑似假货
TRAIN_65305,PRODUCT_300557,图书音像,包装,包装差,negative,包装差
TRAIN_65314,PRODUCT_153274,图书音像,推荐,不推荐,negative,不推荐
TRAIN_65327,PRODUCT_412746,图书音像,正品,疑似假货,negative,疑似假货
TRAIN_65337,PRODUCT_113964,家居生活,质量,质量好,positive,质量好
TRAIN_65341,PRODUCT_142939,食品/保健,味道,味道不错,positive,味道不错
TRAIN_65342,PRODUCT_135482,图书音像,价格,性价比高,positive,性价比高
TRAIN_65345,PRODUCT_132513,图书音像,正品,正品放心,positive,正品放心
TRAIN_65349,PRODUCT_159060,图书音像,质量,质量好,positive,质量好
TRAIN_65353,PRODUCT_224640,图书音像,物流,发货快,positive,发货快
TRAIN_65361,PRODUCT_71616,图书音像,质量,质量好,positive,质量好
TRAIN_65362,PRODUCT_354831,家具/家装/建材,耐用,容易坏,negative,容易坏
TRAIN_65365,PRODUCT_382460,图书音像,推荐,会回购,positive,会回购
TRAIN_65365,PRODUCT_382460,图书音像,内容,内容一般,negative,内容一般
TRAIN_65369,PRODUCT_525366,图书音像,质量,质量好,positive,质量好
TRAIN_65369,PRODUCT_525366,图书音像,正品,正品放心,positive,正品放心
TRAIN_65371,PRODUCT_35916,图书音像,质量,质量好,positive,质量好
TRAIN_65378,PRODUCT_28020,图书音像,质量,质量好,positive,质量好
TRAIN_65404,PRODUCT_423697,母婴/玩具,包装,包装好,positive,包装好
TRAIN_65410,PRODUCT_150692,家用电器,物流,发货快,positive,发货快
TRAIN_65439,PRODUCT_147239,图书音像,质量,质量好,positive,质量好
TRAIN_65446,PRODUCT_468400,图书音像,质量,质量好,positive,质量好
TRAIN_65460,PRODUCT_86266,图书音像,质量,质量好,positive,质量好
TRAIN_65462,PRODUCT_488545,图书音像,包装,包装好,positive,包装好
TRAIN_65462,PRODUCT_488545,图书音像,正品,正品放心,positive,正品放心
TRAIN_65476,PRODUCT_131602,图书音像,包装,包装好,positive,包装好
TRAIN_65476,PRODUCT_131602,图书音像,价格,性价比高,positive,性价比高
TRAIN_65478,PRODUCT_505398,图书音像,推荐,不推荐,negative,不推荐
TRAIN_65487,PRODUCT_217866,图书音像,内容,内容不错,positive,内容不错
TRAIN_65491,PRODUCT_10247,家具/家装/建材,价格,性价比高,positive,性价比高
TRAIN_65495,PRODUCT_365455,图书音像,内容,内容不错,positive,内容不错
TRAIN_65497,PRODUCT_330721,图书音像,价格,性价比高,positive,性价比高
TRAIN_65504,PRODUCT_248506,图书音像,内容,内容不错,positive,内容不错
TRAIN_65509,PRODUCT_262877,家用电器,价格,性价比高,positive,性价比高
TRAIN_65518,PRODUCT_195118,图书音像,质量,质量好,positive,质量好
TRAIN_65519,PRODUCT_326016,图书音像,物流,发货快,positive,发货快
TRAIN_65522,PRODUCT_103704,鞋类箱包,正品,正品放心,positive,正品放心
TRAIN_65523,PRODUCT_250303,美妆个护,质量,质量差,negative,质量差
TRAIN_65523,PRODUCT_250303,美妆个护,正品,正品放心,positive,正品放心
TRAIN_65524,PRODUCT_253551,图书音像,物流,发货快,positive,发货快
TRAIN_65528,PRODUCT_80196,电脑/办公,正品,正品放心,positive,正品放心
TRAIN_65537,PRODUCT_423032,图书音像,正品,正品放心,positive,正品放心
TRAIN_65551,PRODUCT_177377,图书音像,质量,质量好,positive,质量好
TRAIN_65559,PRODUCT_163284,图书音像,价格,性价比高,positive,性价比高
TRAIN_65565,PRODUCT_275561,图书音像,物流,发货快,positive,发货快
TRAIN_65571,PRODUCT_387179,图书音像,正品,正品放心,positive,正品放心
TRAIN_65578,PRODUCT_197474,图书音像,质量,质量好,positive,质量好
TRAIN_65592,PRODUCT_32431,其他,物流,发货快,positive,发货快
TRAIN_65592,PRODUCT_32431,其他,正品,正品放心,positive,正品放心
TRAIN_65597,PRODUCT_273761,图书音像,质量,质量好,positive,质量好
TRAIN_65602,PRODUCT_311203,图书音像,正品,正品放心,positive,正品放心
TRAIN_65628,PRODUCT_385463,图书音像,推荐,会回购,positive,会回购
TRAIN_65648,PRODUCT_9669,图书音像,价格,性价比高,positive,性价比高
TRAIN_65662,PRODUCT_509716,图书音像,质量,质量好,positive,质量好
TRAIN_65662,PRODUCT_509716,图书音像,物流,发货快,positive,发货快
TRAIN_65674,PRODUCT_78725,图书音像,正品,疑似假货,negative,疑似假货
TRAIN_65681,PRODUCT_306926,手机/数码,物流,发货快,positive,发货快
TRAIN_65681,PRODUCT_306926,手机/数码,包装,包装好,positive,包装好
TRAIN_65683,PRODUCT_141454,图书音像,正品,正品放心,positive,正品放心
TRAIN_65687,PRODUCT_366455,电脑/办公,质量,质量好,positive,质量好
TRAIN_65687,PRODUCT_366455,电脑/办公,价格,性价比高,positive,性价比高
TRAIN_65693,PRODUCT_525202,图书音像,正品,正品放心,positive,正品放心
TRAIN_65695,PRODUCT_429408,食品/保健,味道,味道不错,positive,味道不错
TRAIN_65695,PRODUCT_429408,食品/保健,味道,味道一般,negative,味道一般
TRAIN_65697,PRODUCT_67634,图书音像,正品,正品放心,positive,正品放心
TRAIN_65708,PRODUCT_497565,图书音像,质量,质量好,positive,质量好
TRAIN_65713,PRODUCT_224891,图书音像,正品,正品放心,positive,正品放心
TRAIN_65717,PRODUCT_389959,其他,质量,质量好,positive,质量好
TRAIN_65721,PRODUCT_379495,图书音像,质量,质量好,positive,质量好
TRAIN_65725,PRODUCT_481481,钟表/首饰/眼镜/礼品,正品,正品放心,positive,正品放心
TRAIN_65726,PRODUCT_513153,家具/家装/建材,耐用,很耐用,positive,很耐用
TRAIN_65726,PRODUCT_513153,家具/家装/建材,耐用,容易坏,negative,容易坏
TRAIN_65727,PRODUCT_87585,家用电器,包装,包装好,positive,包装好
TRAIN_65729,PRODUCT_429168,图书音像,外观,外观一般,negative,外观一般
TRAIN_65731,PRODUCT_10650,手机/数码,续航,续航差,negative,续航差
TRAIN_65734,PRODUCT_407428,电脑/办公,物流,发货快,positive,发货快
TRAIN_65739,PRODUCT_36848,电脑/办公,质量,质量好,positive,质量好
TRAIN_65739,PRODUCT_36848,电脑/办公,价格,性价比高,positive,性价比高
TRAIN_65748,PRODUCT_308606,美妆个护,价格,价格贵,negative,价格贵
TRAIN_65753,PRODUCT_178644,图书音像,物流,发货快,positive,发货快
TRAIN_65756,PRODUCT_407079,图书音像,正品,正品放心,positive,正品放心
TRAIN_65757,PRODUCT_417198,图书音像,内容,内容不错,positive,内容不错
TRAIN_65759,PRODUCT_88358,电脑/办公,物流,发货快,positive,发货快
TRAIN_65759,PRODUCT_88358,电脑/办公,耐用,容易坏,negative,容易坏
TRAIN_65761,PRODUCT_384158,图书音像,推荐,会回购,positive,会回购
TRAIN_65763,PRODUCT_3617,家用电器,耐用,容易坏,negative,容易坏
TRAIN_65767,PRODUCT_53272,图书音像,质量,质量好,positive,质量好
TRAIN_65767,PRODUCT_53272,图书音像,正品,正品放心,positive,正品放心
TRAIN_65772,PRODUCT_376302,图书音像,质量,质量好,positive,质量好
TRAIN_65780,PRODUCT_237235,电脑/办公,耐用,容易坏,negative,容易坏
TRAIN_65783,PRODUCT_386924,电脑/办公,正品,正品放心,positive,正品放心
TRAIN_65784,PRODUCT_409790,图书音像,包装,包装差,negative,包装差
TRAIN_65803,PRODUCT_377981,钟表/首饰/眼镜/礼品,物流,发货快,positive,发货快
TRAIN_65810,PRODUCT_361867,图书音像,正品,正品放心,positive,正品放心
TRAIN_65811,PRODUCT_133293,图书音像,价格,性价比高,positive,性价比高
TRAIN_65811,PRODUCT_133293,图书音像,正品,正品放心,positive,正品放心
TRAIN_65819,PRODUCT_294043,图书音像,质量,质量好,positive,质量好
TRAIN_65821,PRODUCT_110392,手机/数码,价格,性价比高,positive,性价比高
TRAIN_65823,PRODUCT_203135,鞋类箱包,正品,疑似假货,negative,疑似假货
TRAIN_65830,PRODUCT_515900,美妆个护,味道,味道不错,positive,味道不错
TRAIN_65831,PRODUCT_176276,图书音像,质量,质量好,positive,质量好
TRAIN_65831,PRODUCT_176276,图书音像,正品,正品放心,positive,正品放心
TRAIN_65831,PRODUCT_176276,图书音像,正品,疑似假货,negative,疑似假货
TRAIN_65832,PRODUCT_520877,图书音像,质量,质量好,positive,质量好
TRAIN_65832,PRODUCT_520877,图书音像,包装,包装好,positive,包装好
TRAIN_65834,PRODUCT_337083,图书音像,价格,性价比高,positive,性价比高
TRAIN_65834,PRODUCT_337083,图书音像,正品,正品放心,positive,正品放心
TRAIN_65836,PRODUCT_413824,图书音像,内容,内容不错,positive,内容不错
TRAIN_65839,PRODUCT_177995,图书音像,物流,发货快,positive,发货快
TRAIN_65839,PRODUCT_177995,图书音像,价格,价格贵,negative,价格贵
TRAIN_65844,PRODUCT_439418,家居生活,价格,价格贵,negative,价格贵
TRAIN_65845,PRODUCT_487515,图书音像,内容,内容不错,positive,内容不错
TRAIN_65847,PRODUCT_427174,图书音像,质量,质量差,negative,质量差
TRAIN_65847,PRODUCT_427174,图书音像,正品,疑似假货,negative,疑似假货
TRAIN_65852,PRODUCT_238510,手机/数码,外观,外观一般,negative,外观一般
TRAIN_65856,PRODUCT_463074,图书音像,质量,质量好,positive,质量好
TRAIN_65870,PRODUCT_434619,家用电器,物流,发货快,positive,发货快
TRAIN_65881,PRODUCT_233530,食品/保健,质量,质量好,positive,质量好
TRAIN_65886,PRODUCT_171745,图书音像,质量,质量好,positive,质量好
TRAIN_65887,PRODUCT_3617,家用电器,质量,质量好,positive,质量好
TRAIN_65897,PRODUCT_161421,图书音像,价格,性价比高,positive,性价比高
TRAIN_65900,PRODUCT_324506,食品/保健,质量,质量好,positive,质量好
TRAIN_65900,PRODUCT_324506,食品/保健,味道,味道不错,positive,味道不错
TRAIN_65911,PRODUCT_145833,电脑/办公,屏幕,屏幕差,negative,屏幕差
TRAIN_65912,PRODUCT_514351,图书音像,质量,质量好,positive,质量好
TRAIN_65914,PRODUCT_230562,图书音像,物流,发货快,positive,发货快
TRAIN_65914,PRODUCT_230562,图书音像,包装,包装好,positive,包装好
TRAIN_65923,PRODUCT_318183,图书音像,质量,质量好,positive,质量好
TRAIN_65928,PRODUCT_446461,家用电器,质量,质量好,positive,质量好
TRAIN_65947,PRODUCT_339636,手机/数码,耐用,容易坏,negative,容易坏
TRAIN_65951,PRODUCT_97499,图书音像,正品,正品放心,positive,正品放心
TRAIN_65953,PRODUCT_319754,家居生活,质量,质量好,positive,质量好
TRAIN_65963,PRODUCT_1857,图书音像,正品,正品放心,positive,正品放心
TRAIN_65971,PRODUCT_440311,美妆个护,价格,性价比高,positive,性价比高
TRAIN_65979,PRODUCT_92685,家具/家装/建材,包装,包装差,negative,包装差
TRAIN_65979,PRODUCT_92685,家具/家装/建材,耐用,很耐用,positive,很耐用
TRAIN_65987,PRODUCT_422241,美妆个护,味道,味道不错,positive,味道不错
TRAIN_65990,PRODUCT_245859,图书音像,价格,价格贵,negative,价格贵
TRAIN_65997,PRODUCT_509976,图书音像,正品,正品放心,positive,正品放心
TRAIN_65999,PRODUCT_109195,电脑/办公,质量,质量好,positive,质量好
TRAIN_66003,PRODUCT_429223,图书音像,质量,质量好,positive,质量好
TRAIN_66007,PRODUCT_398187,图书音像,内容,内容不错,positive,内容不错
TRAIN_66009,PRODUCT_429834,图书音像,物流,发货快,positive,发货快
TRAIN_66021,PRODUCT_211561,图书音像,质量,质量好,positive,质量好
TRAIN_66022,PRODUCT_432880,图书音像,质量,质量好,positive,质量好
TRAIN_66023,PRODUCT_317456,其他,质量,质量好,positive,质量好
TRAIN_66023,PRODUCT_317456,其他,正品,正品放心,positive,正品放心
TRAIN_66026,PRODUCT_387758,图书音像,质量,质量好,positive,质量好
TRAIN_66026,PRODUCT_387758,图书音像,正品,正品放心,positive,正品放心
TRAIN_66027,PRODUCT_192078,家用电器,质量,质量差,negative,质量差
TRAIN_66045,PRODUCT_189020,家用电器,外观,外观好看,positive,外观好看
TRAIN_66046,PRODUCT_286883,图书音像,包装,包装好,positive,包装好
TRAIN_66047,PRODUCT_171571,图书音像,内容,内容不错,positive,内容不错
TRAIN_66050,PRODUCT_222528,母婴/玩具,价格,性价比高,positive,性价比高
TRAIN_66059,PRODUCT_363012,图书音像,物流,发货快,positive,发货快
TRAIN_66069,PRODUCT_186718,图书音像,价格,性价比高,positive,性价比高
TRAIN_66069,PRODUCT_186718,图书音像,正品,正品放心,positive,正品放心
TRAIN_66070,PRODUCT_91066,美妆个护,味道,味道不错,positive,味道不错
TRAIN_66071,PRODUCT_263983,图书音像,内容,内容不错,positive,内容不错
TRAIN_66084,PRODUCT_277544,图书音像,质量,质量好,positive,质量好
TRAIN_66085,PRODUCT_458082,图书音像,推荐,会回购,positive,会回购
TRAIN_66103,PRODUCT_139610,电脑/办公,耐用,很耐用,positive,很耐用
TRAIN_66105,PRODUCT_265636,图书音像,质量,质量差,negative,质量差
TRAIN_66105,PRODUCT_265636,图书音像,推荐,不推荐,negative,不推荐
TRAIN_66119,PRODUCT_299934,图书音像,质量,质量好,positive,质量好
TRAIN_66120,PRODUCT_337813,手机/数码,价格,性价比高,positive,性价比高
TRAIN_66126,PRODUCT_440984,电脑/办公,物流,发货快,positive,发货快
TRAIN_66128,PRODUCT_499269,美妆个护,正品,正品放心,positive,正品放心
TRAIN_66130,PRODUCT_148021,图书音像,质量,质量好,positive,质量好
TRAIN_66134,PRODUCT_376803,电脑/办公,价格,性价比高,positive,性价比高
TRAIN_66136,PRODUCT_499494,图书音像,质量,质量好,positive,质量好
TRAIN_66140,PRODUCT_249112,电脑/办公,正品,疑似假货,negative,疑似假货
TRAIN_66141,PRODUCT_478837,其他,价格,性价比高,positive,性价比高
TRAIN_66143,PRODUCT_201197,图书音像,内容,内容不错,positive,内容不错
TRAIN_66144,PRODUCT_106896,图书音像,质量,质量好,positive,质量好
TRAIN_66144,PRODUCT_106896,图书音像,正品,正品放心,positive,正品放心
TRAIN_66148,PRODUCT_441853,图书音像,包装,包装好,positive,包装好
TRAIN_66148,PRODUCT_441853,图书音像,正品,正品放心,positive,正品放心
TRAIN_66160,PRODUCT_167680,电脑/办公,推荐,不推荐,negative,不推荐
TRAIN_66179,PRODUCT_191458,图书音像,正品,正品放心,positive,正品放心
TRAIN_66183,PRODUCT_50692,家用电器,价格,性价比高,positive,性价比高
TRAIN_66190,PRODUCT_353704,其他,价格,性价比高,positive,性价比高
TRAIN_66194,PRODUCT_189182,家具/家装/建材,质量,质量好,positive,质量好
TRAIN_66196,PRODUCT_15859,图书音像,正品,正品放心,positive,正品放心
TRAIN_66197,PRODUCT_41237,美妆个护,物流,发货快,positive,发货快
TRAIN_66197,PRODUCT_41237,美妆个护,味道,味道不错,positive,味道不错
TRAIN_66200,PRODUCT_148669,图书音像,包装,包装好,positive,包装好
TRAIN_66201,PRODUCT_129434,图书音像,质量,质量好,positive,质量好
TRAIN_66201,PRODUCT_129434,图书音像,正品,正品放心,positive,正品放心
TRAIN_66202,PRODUCT_385678,图书音像,正品,正品放心,positive,正品放心
TRAIN_66204,PRODUCT_443969,电脑/办公,价格,性价比高,positive,性价比高
TRAIN_66213,PRODUCT_22758,电脑/办公,正品,正品放心,positive,正品放心
TRAIN_66224,PRODUCT_411748,图书音像,质量,质量好,positive,质量好
TRAIN_66227,PRODUCT_295173,图书音像,质量,质量好,positive,质量好
TRAIN_66240,PRODUCT_423963,家具/家装/建材,正品,正品放心,positive,正品放心
TRAIN_66250,PRODUCT_43566,电脑/办公,耐用,容易坏,negative,容易坏
TRAIN_66256,PRODUCT_245970,图书音像,质量,质量好,positive,质量好
TRAIN_66256,PRODUCT_245970,图书音像,包装,包装差,negative,包装差
TRAIN_66258,PRODUCT_133354,图书音像,正品,正品放心,positive,正品放心
TRAIN_66260,PRODUCT_331821,服饰服装,质量,质量好,positive,质量好
TRAIN_66260,PRODUCT_331821,服饰服装,尺码,尺码合适,positive,尺码合适
TRAIN_66266,PRODUCT_107563,美妆个护,物流,发货快,positive,发货快
TRAIN_66267,PRODUCT_278076,图书音像,价格,性价比高,positive,性价比高
TRAIN_66279,PRODUCT_487848,手机/数码,包装,包装差,negative,包装差
TRAIN_66292,PRODUCT_136532,图书音像,物流,物流慢,negative,物流慢
TRAIN_66294,PRODUCT_170735,图书音像,质量,质量好,positive,质量好
TRAIN_66311,PRODUCT_130841,图书音像,质量,质量好,positive,质量好
TRAIN_66311,PRODUCT_130841,图书音像,推荐,会回购,positive,会回购
TRAIN_66312,PRODUCT_140336,电脑/办公,正品,正品放心,positive,正品放心
TRAIN_66313,PRODUCT_187779,图书音像,正品,疑似假货,negative,疑似假货
TRAIN_66323,PRODUCT_287901,食品/保健,物流,发货快,positive,发货快
TRAIN_66323,PRODUCT_287901,食品/保健,包装,包装好,positive,包装好
TRAIN_66323,PRODUCT_287901,食品/保健,味道,味道不错,positive,味道不错
TRAIN_66326,PRODUCT_351839,美妆个护,味道,味道不错,positive,味道不错
TRAIN_66333,PRODUCT_139424,手机/数码,物流,发货快,positive,发货快
TRAIN_66342,PRODUCT_321414,家居生活,正品,正品放心,positive,正品放心
TRAIN_66349,PRODUCT_441540,美妆个护,质量,质量好,positive,质量好
TRAIN_66349,PRODUCT_441540,美妆个护,价格,性价比高,positive,性价比高
TRAIN_66352,PRODUCT_201400,手机/数码,耐用,容易坏,negative,容易坏
TRAIN_66355,PRODUCT_80611,图书音像,内容,内容不错,positive,内容不错
TRAIN_66358,PRODUCT_60048,图书音像,质量,质量好,positive,质量好
TRAIN_66359,PRODUCT_116159,手机/数码,正品,正品放心,positive,正品放心
TRAIN_66372,PRODUCT_185978,手机/数码,屏幕,屏幕差,negative,屏幕差
TRAIN_66374,PRODUCT_251761,美妆个护,正品,疑似假货,negative,疑似假货
TRAIN_66375,PRODUCT_392058,图书音像,内容,内容不错,positive,内容不错
TRAIN_66415,PRODUCT_91909,图书音像,质量,质量好,positive,质量好
TRAIN_66418,PRODUCT_138292,图书音像,内容,内容不错,positive,内容不错
TRAIN_66427,PRODUCT_203333,图书音像,质量,质量好,positive,质量好
TRAIN_66427,PRODUCT_203333,图书音像,物流,物流慢,negative,物流慢
TRAIN_66430,PRODUCT_158656,图书音像,质量,质量好,positive,质量好
TRAIN_66437,PRODUCT_137125,图书音像,物流,发货快,positive,发货快
TRAIN_66440,PRODUCT_377438,家用电器,价格,性价比高,positive,性价比高
TRAIN_66444,PRODUCT_92690,图书音像,质量,质量差,negative,质量差
TRAIN_66448,PRODUCT_42759,美妆个护,正品,疑似假货,negative,疑似假货
TRAIN_66450,PRODUCT_392608,图书音像,质量,质量好,positive,质量好
TRAIN_66452,PRODUCT_304866,图书音像,质量,质量好,positive,质量好
TRAIN_66457,PRODUCT_228212,图书音像,物流,发货快,positive,发货快
TRAIN_66468,PRODUCT_275536,家用电器,价格,性价比高,positive,性价比高
TRAIN_66468,PRODUCT_275536,家用电器,外观,外观好看,positive,外观好看
TRAIN_66469,PRODUCT_110804,图书音像,正品,正品放心,positive,正品放心
TRAIN_66473,PRODUCT_508495,图书音像,正品,疑似假货,negative,疑似假货
TRAIN_66477,PRODUCT_60035,美妆个护,包装,包装好,positive,包装好
TRAIN_66477,PRODUCT_60035,美妆个护,正品,正品放心,positive,正品放心
TRAIN_66478,PRODUCT_122980,图书音像,质量,质量差,negative,质量差
TRAIN_66480,PRODUCT_74065,图书音像,包装,包装差,negative,包装差
TRAIN_66493,PRODUCT_278004,图书音像,包装,包装好,positive,包装好
TRAIN_66494,PRODUCT_196002,图书音像,包装,包装差,negative,包装差
TRAIN_66498,PRODUCT_413144,手机/数码,质量,质量差,negative,质量差
TRAIN_66498,PRODUCT_413144,手机/数码,耐用,容易坏,negative,容易坏
TRAIN_66500,PRODUCT_345847,美妆个护,价格,价格贵,negative,价格贵
TRAIN_66503,PRODUCT_282499,图书音像,质量,质量好,positive,质量好
TRAIN_66504,PRODUCT_68953,手机/数码,外观,外观一般,negative,外观一般
TRAIN_66513,PRODUCT_318741,电脑/办公,价格,性价比高,positive,性价比高
TRAIN_66526,PRODUCT_409522,家用电器,耐用,容易坏,negative,容易坏
TRAIN_66535,PRODUCT_450790,图书音像,物流,发货快,positive,发货快
TRAIN_66544,PRODUCT_264273,图书音像,正品,疑似假货,negative,疑似假货
TRAIN_66551,PRODUCT_198151,图书音像,正品,正品放心,positive,正品放心
TRAIN_66552,PRODUCT_480479,图书音像,包装,包装好,positive,包装好
TRAIN_66558,PRODUCT_214332,图书音像,正品,正品放心,positive,正品放心
TRAIN_66563,PRODUCT_154769,美妆个护,正品,正品放心,positive,正品放心
TRAIN_66568,PRODUCT_318859,图书音像,推荐,会回购,positive,会回购
TRAIN_66581,PRODUCT_254801,图书音像,正品,正品放心,positive,正品放心
TRAIN_66588,PRODUCT_291618,手机/数码,价格,性价比高,positive,性价比高
TRAIN_66597,PRODUCT_212993,图书音像,包装,包装好,positive,包装好
TRAIN_66599,PRODUCT_306849,图书音像,内容,内容不错,positive,内容不错
TRAIN_66619,PRODUCT_88519,图书音像,物流,发货快,positive,发货快
TRAIN_66624,PRODUCT_316161,图书音像,正品,正品放心,positive,正品放心
TRAIN_66632,PRODUCT_45990,家用电器,质量,质量好,positive,质量好
TRAIN_66636,PRODUCT_249314,图书音像,正品,正品放心,positive,正品放心
TRAIN_66637,PRODUCT_478377,美妆个护,质量,质量好,positive,质量好
TRAIN_66638,PRODUCT_49321,图书音像,推荐,会回购,positive,会回购
TRAIN_66640,PRODUCT_176581,图书音像,物流,发货快,positive,发货快
TRAIN_66643,PRODUCT_365426,图书音像,物流,发货快,positive,发货快
TRAIN_66643,PRODUCT_365426,图书音像,内容,内容不错,positive,内容不错
TRAIN_66644,PRODUCT_234743,图书音像,正品,正品放心,positive,正品放心
TRAIN_66646,PRODUCT_490031,家用电器,正品,正品放心,positive,正品放心
TRAIN_66651,PRODUCT_394554,图书音像,内容,内容一般,negative,内容一般
TRAIN_66658,PRODUCT_308146,图书音像,推荐,会回购,positive,会回购
TRAIN_66659,PRODUCT_29188,电脑/办公,正品,正品放心,positive,正品放心
TRAIN_66662,PRODUCT_54323,图书音像,推荐,会回购,positive,会回购
TRAIN_66663,PRODUCT_143548,图书音像,质量,质量好,positive,质量好
TRAIN_66663,PRODUCT_143548,图书音像,价格,性价比高,positive,性价比高
TRAIN_66664,PRODUCT_230609,图书音像,质量,质量好,positive,质量好
TRAIN_66670,PRODUCT_465484,图书音像,质量,质量差,negative,质量差
TRAIN_66670,PRODUCT_465484,图书音像,价格,性价比高,positive,性价比高
TRAIN_66670,PRODUCT_465484,图书音像,内容,内容一般,negative,内容一般
TRAIN_66672,PRODUCT_230738,手机/数码,包装,包装好,positive,包装好
TRAIN_66672,PRODUCT_230738,手机/数码,正品,正品放心,positive,正品放心
TRAIN_66673,PRODUCT_85595,图书音像,正品,疑似假货,negative,疑似假货
TRAIN_66684,PRODUCT_12166,图书音像,推荐,会回购,positive,会回购
TRAIN_66685,PRODUCT_157011,手机/数码,外观,外观好看,positive,外观好看
TRAIN_66692,PRODUCT_454770,手机/数码,质量,质量好,positive,质量好
TRAIN_66696,PRODUCT_167389,鞋类箱包,正品,正品放心,positive,正品放心
TRAIN_66707,PRODUCT_46215,图书音像,物流,发货快,positive,发货快
TRAIN_66711,PRODUCT_109845,图书音像,质量,质量好,positive,质量好
TRAIN_66712,PRODUCT_103833,其他,客服,客服好,positive,客服好
TRAIN_66714,PRODUCT_25073,手机/数码,物流,发货快,positive,发货快
TRAIN_66719,PRODUCT_237872,图书音像,内容,内容不错,positive,内容不错
TRAIN_66721,PRODUCT_327948,图书音像,推荐,会回购,positive,会回购
TRAIN_66732,PRODUCT_111430,家居生活,耐用,容易坏,negative,容易坏
TRAIN_66743,PRODUCT_248060,图书音像,质量,质量好,positive,质量好
TRAIN_66744,PRODUCT_452258,图书音像,正品,正品放心,positive,正品放心
TRAIN_66761,PRODUCT_89877,图书音像,质量,质量好,positive,质量好
TRAIN_66762,PRODUCT_109950,图书音像,包装,包装好,positive,包装好
TRAIN_66766,PRODUCT_36848,电脑/办公,正品,正品放心,positive,正品放心
TRAIN_66780,PRODUCT_182663,图书音像,价格,性价比高,positive,性价比高
TRAIN_66783,PRODUCT_177689,运动户外,价格,性价比高,positive,性价比高
TRAIN_66796,PRODUCT_466381,图书音像,包装,包装差,negative,包装差
TRAIN_66798,PRODUCT_160441,图书音像,内容,内容不错,positive,内容不错
TRAIN_66802,PRODUCT_405516,电脑/办公,正品,正品放心,positive,正品放心
TRAIN_66804,PRODUCT_467553,图书音像,质量,质量好,positive,质量好
TRAIN_66806,PRODUCT_520550,手机/数码,质量,质量好,positive,质量好
TRAIN_66806,PRODUCT_520550,手机/数码,物流,发货快,positive,发货快
TRAIN_66807,PRODUCT_316998,图书音像,正品,正品放心,positive,正品放心
TRAIN_66809,PRODUCT_231236,图书音像,推荐,会回购,positive,会回购
TRAIN_66814,PRODUCT_86794,图书音像,质量,质量差,negative,质量差
TRAIN_66821,PRODUCT_248361,家用电器,耐用,容易坏,negative,容易坏
TRAIN_66832,PRODUCT_361491,图书音像,正品,正品放心,positive,正品放心
TRAIN_66838,PRODUCT_331533,手机/数码,质量,质量好,positive,质量好
TRAIN_66843,PRODUCT_176991,图书音像,包装,包装好,positive,包装好
TRAIN_66846,PRODUCT_118371,图书音像,正品,正品放心,positive,正品放心
TRAIN_66849,PRODUCT_404964,家具/家装/建材,质量,质量好,positive,质量好
TRAIN_66863,PRODUCT_497514,图书音像,正品,正品放心,positive,正品放心
TRAIN_66872,PRODUCT_116375,图书音像,质量,质量好,positive,质量好
TRAIN_66875,PRODUCT_122906,图书音像,包装,包装差,negative,包装差
TRAIN_66882,PRODUCT_92188,家具/家装/建材,价格,价格贵,negative,价格贵
TRAIN_66890,PRODUCT_464842,图书音像,质量,质量好,positive,质量好
TRAIN_66890,PRODUCT_464842,图书音像,物流,发货快,positive,发货快
TRAIN_66900,PRODUCT_316808,图书音像,正品,正品放心,positive,正品放心
TRAIN_66901,PRODUCT_133128,图书音像,质量,质量好,positive,质量好
TRAIN_66903,PRODUCT_412893,图书音像,推荐,会回购,positive,会回购
TRAIN_66924,PRODUCT_508881,图书音像,质量,质量好,positive,质量好
TRAIN_66924,PRODUCT_508881,图书音像,正品,正品放心,positive,正品放心
TRAIN_66925,PRODUCT_132817,手机/数码,价格,性价比高,positive,性价比高
TRAIN_66925,PRODUCT_132817,手机/数码,价格,价格贵,negative,价格贵
TRAIN_66925,PRODUCT_132817,手机/数码,正品,正品放心,positive,正品放心
TRAIN_66925,PRODUCT_132817,手机/数码,正品,疑似假货,negative,疑似假货
TRAIN_66925,PRODUCT_132817,手机/数码,耐用,很耐用,positive,很耐用
TRAIN_66930,PRODUCT_26054,食品/保健,味道,味道不错,positive,味道不错
TRAIN_66933,PRODUCT_14300,图书音像,推荐,不推荐,negative,不推荐
TRAIN_66958,PRODUCT_182919,图书音像,质量,质量好,positive,质量好
TRAIN_66966,PRODUCT_189182,家具/家装/建材,耐用,很耐用,positive,很耐用
TRAIN_66967,PRODUCT_203358,美妆个护,价格,性价比高,positive,性价比高
TRAIN_66968,PRODUCT_440778,图书音像,质量,质量好,positive,质量好
TRAIN_66972,PRODUCT_204803,图书音像,耐用,容易坏,negative,容易坏
TRAIN_66973,PRODUCT_401866,电脑/办公,正品,正品放心,positive,正品放心
TRAIN_66976,PRODUCT_180800,手机/数码,正品,正品放心,positive,正品放心
TRAIN_66989,PRODUCT_217154,图书音像,质量,质量好,positive,质量好
TRAIN_66992,PRODUCT_468501,图书音像,正品,正品放心,positive,正品放心
TRAIN_66993,PRODUCT_42658,美妆个护,正品,正品放心,positive,正品放心
TRAIN_66996,PRODUCT_83152,美妆个护,味道,味道不错,positive,味道不错
TRAIN_67001,PRODUCT_37186,图书音像,质量,质量好,positive,质量好
TRAIN_67003,PRODUCT_101891,图书音像,包装,包装差,negative,包装差
TRAIN_67007,PRODUCT_353173,图书音像,质量,质量好,positive,质量好
TRAIN_67007,PRODUCT_353173,图书音像,价格,性价比高,positive,性价比高
TRAIN_67019,PRODUCT_250137,家居生活,价格,性价比高,positive,性价比高
TRAIN_67058,PRODUCT_200106,家居生活,质量,质量好,positive,质量好
TRAIN_67058,PRODUCT_200106,家居生活,价格,性价比高,positive,性价比高
TRAIN_67059,PRODUCT_351250,钟表/首饰/眼镜/礼品,质量,质量差,negative,质量差
TRAIN_67069,PRODUCT_521422,图书音像,价格,性价比高,positive,性价比高
TRAIN_67071,PRODUCT_7404,图书音像,质量,质量好,positive,质量好
TRAIN_67071,PRODUCT_7404,图书音像,物流,发货快,positive,发货快
TRAIN_67074,PRODUCT_298479,图书音像,质量,质量好,positive,质量好
TRAIN_67087,PRODUCT_282713,家用电器,物流,发货快,positive,发货快
TRAIN_67097,PRODUCT_334726,家用电器,质量,质量差,negative,质量差
TRAIN_67099,PRODUCT_510617,美妆个护,价格,性价比高,positive,性价比高
TRAIN_67101,PRODUCT_447547,图书音像,质量,质量好,positive,质量好
TRAIN_67101,PRODUCT_447547,图书音像,正品,正品放心,positive,正品放心
TRAIN_67110,PRODUCT_208098,图书音像,包装,包装差,negative,包装差
TRAIN_67117,PRODUCT_75679,手机/数码,物流,发货快,positive,发货快
TRAIN_67124,PRODUCT_163965,图书音像,内容,内容不错,positive,内容不错
TRAIN_67131,PRODUCT_512889,图书音像,质量,质量好,positive,质量好
TRAIN_67134,PRODUCT_262359,图书音像,物流,发货快,positive,发货快
TRAIN_67135,PRODUCT_219019,图书音像,正品,正品放心,positive,正品放心
TRAIN_67142,PRODUCT_407428,电脑/办公,价格,性价比高,positive,性价比高
TRAIN_67147,PRODUCT_218331,图书音像,质量,质量差,negative,质量差
TRAIN_67155,PRODUCT_319490,图书音像,正品,正品放心,positive,正品放心
TRAIN_67155,PRODUCT_319490,图书音像,正品,疑似假货,negative,疑似假货
TRAIN_67176,PRODUCT_324845,图书音像,包装,包装差,negative,包装差
TRAIN_67186,PRODUCT_229377,图书音像,物流,发货快,positive,发货快
TRAIN_67190,PRODUCT_345124,家居生活,价格,性价比高,positive,性价比高
TRAIN_67193,PRODUCT_114095,图书音像,正品,疑似假货,negative,疑似假货
TRAIN_67200,PRODUCT_385851,图书音像,内容,内容一般,negative,内容一般
TRAIN_67221,PRODUCT_349892,图书音像,推荐,会回购,positive,会回购
TRAIN_67221,PRODUCT_349892,图书音像,内容,内容一般,negative,内容一般
TRAIN_67223,PRODUCT_442248,电脑/办公,正品,正品放心,positive,正品放心
TRAIN_67230,PRODUCT_219102,食品/保健,味道,味道不错,positive,味道不错
TRAIN_67232,PRODUCT_452941,图书音像,质量,质量好,positive,质量好
TRAIN_67232,PRODUCT_452941,图书音像,物流,发货快,positive,发货快
TRAIN_67235,PRODUCT_147571,图书音像,正品,正品放心,positive,正品放心
TRAIN_67235,PRODUCT_147571,图书音像,正品,疑似假货,negative,疑似假货
TRAIN_67241,PRODUCT_441014,电脑/办公,正品,正品放心,positive,正品放心
TRAIN_67242,PRODUCT_336450,母婴/玩具,正品,疑似假货,negative,疑似假货
TRAIN_67247,PRODUCT_503225,图书音像,质量,质量好,positive,质量好
TRAIN_67247,PRODUCT_503225,图书音像,价格,性价比高,positive,性价比高
TRAIN_67250,PRODUCT_290820,图书音像,价格,性价比高,positive,性价比高
TRAIN_67254,PRODUCT_12720,图书音像,正品,正品放心,positive,正品放心
TRAIN_67266,PRODUCT_242672,图书音像,正品,正品放心,positive,正品放心
TRAIN_67267,PRODUCT_408569,手机/数码,续航,续航差,negative,续航差
TRAIN_67268,PRODUCT_439176,图书音像,内容,内容不错,positive,内容不错
TRAIN_67270,PRODUCT_91068,电脑/办公,价格,性价比高,positive,性价比高
TRAIN_67276,PRODUCT_400606,图书音像,内容,内容不错,positive,内容不错
TRAIN_67280,PRODUCT_352831,图书音像,质量,质量好,positive,质量好
TRAIN_67283,PRODUCT_369058,图书音像,质量,质量好,positive,质量好
TRAIN_67292,PRODUCT_104513,家用电器,物流,发货快,positive,发货快
TRAIN_67297,PRODUCT_499054,图书音像,推荐,会回购,positive,会回购
TRAIN_67306,PRODUCT_409830,图书音像,质量,质量好,positive,质量好
TRAIN_67311,PRODUCT_41740,图书音像,价格,价格贵,negative,价格贵
TRAIN_67315,PRODUCT_177794,图书音像,正品,正品放心,positive,正品放心
TRAIN_67319,PRODUCT_67990,图书音像,价格,性价比高,positive,性价比高
TRAIN_67322,PRODUCT_319407,美妆个护,味道,味道不错,positive,味道不错
TRAIN_67324,PRODUCT_425990,手机/数码,正品,正品放心,positive,正品放心
TRAIN_67325,PRODUCT_264970,图书音像,质量,质量好,positive,质量好
TRAIN_67329,PRODUCT_33409,图书音像,质量,质量好,positive,质量好
TRAIN_67331,PRODUCT_415717,图书音像,价格,价格贵,negative,价格贵
TRAIN_67337,PRODUCT_235067,图书音像,包装,包装差,negative,包装差
TRAIN_67340,PRODUCT_159516,图书音像,外观,外观一般,negative,外观一般
TRAIN_67341,PRODUCT_446915,图书音像,质量,质量差,negative,质量差
TRAIN_67357,PRODUCT_345096,图书音像,价格,性价比高,positive,性价比高
TRAIN_67360,PRODUCT_346697,电脑/办公,质量,质量好,positive,质量好
TRAIN_67360,PRODUCT_346697,电脑/办公,物流,发货快,positive,发货快
TRAIN_67360,PRODUCT_346697,电脑/办公,价格,性价比高,positive,性价比高
TRAIN_67366,PRODUCT_337029,家具/家装/建材,质量,质量好,positive,质量好
TRAIN_67373,PRODUCT_494642,手机/数码,价格,性价比高,positive,性价比高
TRAIN_67378,PRODUCT_120774,电脑/办公,质量,质量好,positive,质量好
TRAIN_67380,PRODUCT_374095,图书音像,质量,质量差,negative,质量差
TRAIN_67383,PRODUCT_99832,图书音像,包装,包装好,positive,包装好
TRAIN_67383,PRODUCT_99832,图书音像,包装,包装差,negative,包装差
TRAIN_67383,PRODUCT_99832,图书音像,正品,正品放心,positive,正品放心
TRAIN_67386,PRODUCT_89084,图书音像,价格,价格贵,negative,价格贵
TRAIN_67391,PRODUCT_101191,图书音像,质量,质量好,positive,质量好
TRAIN_67399,PRODUCT_320994,图书音像,物流,发货快,positive,发货快
TRAIN_67399,PRODUCT_320994,图书音像,正品,疑似假货,negative,疑似假货
TRAIN_67400,PRODUCT_209570,图书音像,质量,质量好,positive,质量好
TRAIN_67402,PRODUCT_160912,美妆个护,推荐,不推荐,negative,不推荐
TRAIN_67406,PRODUCT_259808,图书音像,质量,质量好,positive,质量好
TRAIN_67413,PRODUCT_422813,图书音像,质量,质量好,positive,质量好
TRAIN_67422,PRODUCT_208909,图书音像,内容,内容不错,positive,内容不错
TRAIN_67430,PRODUCT_147571,图书音像,质量,质量好,positive,质量好
TRAIN_67431,PRODUCT_82381,钟表/首饰/眼镜/礼品,正品,正品放心,positive,正品放心
TRAIN_67447,PRODUCT_417756,图书音像,内容,内容不错,positive,内容不错
TRAIN_67453,PRODUCT_82381,钟表/首饰/眼镜/礼品,物流,发货快,positive,发货快
TRAIN_67453,PRODUCT_82381,钟表/首饰/眼镜/礼品,正品,正品放心,positive,正品放心
TRAIN_67454,PRODUCT_343715,手机/数码,质量,质量好,positive,质量好
TRAIN_67456,PRODUCT_208957,钟表/首饰/眼镜/礼品,价格,性价比高,positive,性价比高
TRAIN_67461,PRODUCT_494029,手机/数码,正品,正品放心,positive,正品放心
TRAIN_67467,PRODUCT_369802,美妆个护,价格,性价比高,positive,性价比高
TRAIN_67477,PRODUCT_185376,图书音像,正品,正品放心,positive,正品放心
TRAIN_67499,PRODUCT_42859,图书音像,内容,内容不错,positive,内容不错
TRAIN_67501,PRODUCT_230609,图书音像,包装,包装好,positive,包装好
TRAIN_67503,PRODUCT_252260,图书音像,正品,正品放心,positive,正品放心
TRAIN_67505,PRODUCT_383548,电脑/办公,耐用,很耐用,positive,很耐用
TRAIN_67505,PRODUCT_383548,电脑/办公,耐用,容易坏,negative,容易坏
TRAIN_67535,PRODUCT_52264,电脑/办公,耐用,容易坏,negative,容易坏
TRAIN_67536,PRODUCT_335272,母婴/玩具,推荐,会回购,positive,会回购
TRAIN_67538,PRODUCT_379747,手机/数码,正品,正品放心,positive,正品放心
TRAIN_67539,PRODUCT_89322,图书音像,推荐,不推荐,negative,不推荐
TRAIN_67546,PRODUCT_437581,图书音像,质量,质量好,positive,质量好
TRAIN_67546,PRODUCT_437581,图书音像,客服,客服好,positive,客服好
TRAIN_67548,PRODUCT_312327,图书音像,价格,性价比高,positive,性价比高
TRAIN_67549,PRODUCT_170968,图书音像,正品,正品放心,positive,正品放心
TRAIN_67551,PRODUCT_21826,其他,包装,包装差,negative,包装差
TRAIN_67554,PRODUCT_158890,图书音像,质量,质量好,positive,质量好
TRAIN_67556,PRODUCT_515428,图书音像,内容,内容不错,positive,内容不错
TRAIN_67562,PRODUCT_145361,手机/数码,耐用,很耐用,positive,很耐用
TRAIN_67562,PRODUCT_145361,手机/数码,续航,续航久,positive,续航久
TRAIN_67568,PRODUCT_517878,图书音像,质量,质量差,negative,质量差
TRAIN_67568,PRODUCT_517878,图书音像,正品,疑似假货,negative,疑似假货
TRAIN_67577,PRODUCT_278960,电脑/办公,物流,发货快,positive,发货快
TRAIN_67579,PRODUCT_244589,图书音像,内容,内容一般,negative,内容一般
TRAIN_67586,PRODUCT_346391,图书音像,正品,正品放心,positive,正品放心
TRAIN_67596,PRODUCT_20614,图书音像,质量,质量好,positive,质量好
TRAIN_67597,PRODUCT_390577,图书音像,质量,质量好,positive,质量好
TRAIN_67598,PRODUCT_420916,图书音像,质量,质量好,positive,质量好
TRAIN_67598,PRODUCT_420916,图书音像,内容,内容不错,positive,内容不错
TRAIN_67599,PRODUCT_439149,图书音像,物流,发货快,positive,发货快
TRAIN_67601,PRODUCT_19980,图书音像,正品,正品放心,positive,正品放心
TRAIN_67602,PRODUCT_259534,图书音像,质量,质量好,positive,质量好
TRAIN_67606,PRODUCT_208234,图书音像,价格,性价比高,positive,性价比高
TRAIN_67618,PRODUCT_426749,美妆个护,正品,正品放心,positive,正品放心
TRAIN_67623,PRODUCT_299783,家居生活,质量,质量好,positive,质量好
TRAIN_67628,PRODUCT_331068,电脑/办公,质量,质量差,negative,质量差
TRAIN_67628,PRODUCT_331068,电脑/办公,耐用,容易坏,negative,容易坏
TRAIN_67636,PRODUCT_76394,图书音像,质量,质量好,positive,质量好
TRAIN_67637,PRODUCT_337554,图书音像,质量,质量好,positive,质量好
TRAIN_67639,PRODUCT_275928,家居生活,正品,正品放心,positive,正品放心
TRAIN_67648,PRODUCT_211092,图书音像,正品,正品放心,positive,正品放心
TRAIN_67649,PRODUCT_147003,手机/数码,质量,质量好,positive,质量好
TRAIN_67650,PRODUCT_266804,钟表/首饰/眼镜/礼品,物流,发货快,positive,发货快
TRAIN_67651,PRODUCT_295323,图书音像,质量,质量好,positive,质量好
TRAIN_67652,PRODUCT_437897,图书音像,质量,质量好,positive,质量好
TRAIN_67660,PRODUCT_423285,手机/数码,正品,正品放心,positive,正品放心
TRAIN_67660,PRODUCT_423285,手机/数码,外观,外观好看,positive,外观好看
TRAIN_67671,PRODUCT_439929,图书音像,内容,内容不错,positive,内容不错
TRAIN_67673,PRODUCT_96319,美妆个护,价格,性价比高,positive,性价比高
TRAIN_67673,PRODUCT_96319,美妆个护,味道,味道不错,positive,味道不错
TRAIN_67674,PRODUCT_172465,图书音像,质量,质量好,positive,质量好
TRAIN_67674,PRODUCT_172465,图书音像,包装,包装差,negative,包装差
TRAIN_67684,PRODUCT_480723,钟表/首饰/眼镜/礼品,正品,正品放心,positive,正品放心
TRAIN_67691,PRODUCT_101559,图书音像,包装,包装好,positive,包装好
TRAIN_67700,PRODUCT_153455,图书音像,质量,质量差,negative,质量差
TRAIN_67715,PRODUCT_478594,图书音像,外观,外观一般,negative,外观一般
TRAIN_67716,PRODUCT_482229,图书音像,物流,发货快,positive,发货快
TRAIN_67718,PRODUCT_326402,图书音像,质量,质量好,positive,质量好
TRAIN_67718,PRODUCT_326402,图书音像,推荐,会回购,positive,会回购
TRAIN_67725,PRODUCT_370599,美妆个护,外观,外观一般,negative,外观一般
TRAIN_67730,PRODUCT_212753,电脑/办公,推荐,会回购,positive,会回购
TRAIN_67733,PRODUCT_241442,图书音像,正品,疑似假货,negative,疑似假货
TRAIN_67735,PRODUCT_399532,美妆个护,味道,味道不错,positive,味道不错
TRAIN_67742,PRODUCT_194535,图书音像,质量,质量差,negative,质量差
TRAIN_67749,PRODUCT_384032,图书音像,质量,质量好,positive,质量好
TRAIN_67750,PRODUCT_124197,图书音像,正品,正品放心,positive,正品放心
TRAIN_67753,PRODUCT_106816,电脑/办公,价格,性价比高,positive,性价比高
TRAIN_67753,PRODUCT_106816,电脑/办公,正品,正品放心,positive,正品放心
TRAIN_67770,PRODUCT_259997,电脑/办公,耐用,容易坏,negative,容易坏
TRAIN_67774,PRODUCT_325108,家用电器,价格,性价比高,positive,性价比高
TRAIN_67778,PRODUCT_169725,图书音像,正品,正品放心,positive,正品放心
TRAIN_67779,PRODUCT_100772,图书音像,质量,质量好,positive,质量好
TRAIN_67785,PRODUCT_62272,食品/保健,味道,味道不错,positive,味道不错
TRAIN_67786,PRODUCT_87479,图书音像,正品,疑似假货,negative,疑似假货
TRAIN_67791,PRODUCT_230609,图书音像,价格,价格贵,negative,价格贵
TRAIN_67797,PRODUCT_396915,图书音像,包装,包装好,positive,包装好
TRAIN_67798,PRODUCT_334717,图书音像,质量,质量差,negative,质量差
TRAIN_67800,PRODUCT_346890,图书音像,内容,内容不错,positive,内容不错
TRAIN_67811,PRODUCT_516952,图书音像,物流,发货快,positive,发货快
TRAIN_67823,PRODUCT_352611,运动户外,质量,质量好,positive,质量好
TRAIN_67828,PRODUCT_428404,钟表/首饰/眼镜/礼品,正品,正品放心,positive,正品放心
TRAIN_67840,PRODUCT_451953,图书音像,耐用,容易坏,negative,容易坏
TRAIN_67847,PRODUCT_279325,图书音像,质量,质量好,positive,质量好
TRAIN_67853,PRODUCT_295303,其他,正品,正品放心,positive,正品放心
TRAIN_67854,PRODUCT_253243,图书音像,质量,质量好,positive,质量好
TRAIN_67855,PRODUCT_504129,电脑/办公,正品,正品放心,positive,正品放心
TRAIN_67861,PRODUCT_325249,运动户外,正品,正品放心,positive,正品放心
TRAIN_67867,PRODUCT_938,图书音像,质量,质量好,positive,质量好
TRAIN_67867,PRODUCT_938,图书音像,正品,疑似假货,negative,疑似假货
TRAIN_67873,PRODUCT_288156,美妆个护,味道,味道不错,positive,味道不错
TRAIN_67874,PRODUCT_322031,图书音像,内容,内容不错,positive,内容不错
TRAIN_67880,PRODUCT_296731,图书音像,内容,内容不错,positive,内容不错
TRAIN_67886,PRODUCT_489285,图书音像,内容,内容不错,positive,内容不错
TRAIN_67906,PRODUCT_346497,图书音像,质量,质量好,positive,质量好
TRAIN_67906,PRODUCT_346497,图书音像,内容,内容不错,positive,内容不错
TRAIN_67907,PRODUCT_466198,图书音像,质量,质量好,positive,质量好
TRAIN_67912,PRODUCT_35957,图书音像,包装,包装好,positive,包装好
TRAIN_67918,PRODUCT_136686,食品/保健,味道,味道不错,positive,味道不错
TRAIN_67920,PRODUCT_316842,家用电器,物流,发货快,positive,发货快
TRAIN_67924,PRODUCT_129920,图书音像,质量,质量差,negative,质量差
TRAIN_67945,PRODUCT_218057,图书音像,正品,正品放心,positive,正品放心
TRAIN_67946,PRODUCT_253158,图书音像,包装,包装好,positive,包装好
TRAIN_67957,PRODUCT_322931,美妆个护,正品,疑似假货,negative,疑似假货
TRAIN_67958,PRODUCT_314607,手机/数码,质量,质量差,negative,质量差
TRAIN_67963,PRODUCT_204208,图书音像,质量,质量好,positive,质量好
TRAIN_67963,PRODUCT_204208,图书音像,包装,包装差,negative,包装差
TRAIN_67968,PRODUCT_135178,图书音像,内容,内容一般,negative,内容一般
TRAIN_67972,PRODUCT_206593,家居生活,质量,质量好,positive,质量好
TRAIN_67975,PRODUCT_300557,图书音像,价格,性价比高,positive,性价比高
TRAIN_67977,PRODUCT_46248,家具/家装/建材,耐用,很耐用,positive,很耐用
TRAIN_67980,PRODUCT_442185,电脑/办公,包装,包装好,positive,包装好
TRAIN_67980,PRODUCT_442185,电脑/办公,正品,正品放心,positive,正品放心
TRAIN_67981,PRODUCT_316161,图书音像,质量,质量差,negative,质量差
TRAIN_67982,PRODUCT_113167,图书音像,内容,内容不错,positive,内容不错
TRAIN_67983,PRODUCT_216663,图书音像,价格,性价比高,positive,性价比高
TRAIN_67988,PRODUCT_511952,家具/家装/建材,质量,质量好,positive,质量好
TRAIN_67993,PRODUCT_334640,图书音像,质量,质量好,positive,质量好
TRAIN_67993,PRODUCT_334640,图书音像,正品,正品放心,positive,正品放心
TRAIN_68009,PRODUCT_333334,图书音像,正品,疑似假货,negative,疑似假货
TRAIN_68013,PRODUCT_36556,母婴/玩具,正品,正品放心,positive,正品放心
TRAIN_68014,PRODUCT_276924,图书音像,包装,包装差,negative,包装差
TRAIN_68016,PRODUCT_214332,图书音像,质量,质量好,positive,质量好
TRAIN_68016,PRODUCT_214332,图书音像,物流,发货快,positive,发货快
TRAIN_68016,PRODUCT_214332,图书音像,正品,正品放心,positive,正品放心
TRAIN_68016,PRODUCT_214332,图书音像,正品,疑似假货,negative,疑似假货
TRAIN_68016,PRODUCT_214332,图书音像,外观,外观一般,negative,外观一般
TRAIN_68016,PRODUCT_214332,图书音像,推荐,会回购,positive,会回购
TRAIN_68025,PRODUCT_118528,美妆个护,价格,价格贵,negative,价格贵
TRAIN_68033,PRODUCT_471684,图书音像,正品,正品放心,positive,正品放心
TRAIN_68036,PRODUCT_137454,家用电器,正品,正品放心,positive,正品放心
TRAIN_68045,PRODUCT_159310,图书音像,质量,质量好,positive,质量好
TRAIN_68055,PRODUCT_262635,图书音像,包装,包装差,negative,包装差
TRAIN_68069,PRODUCT_382881,图书音像,质量,质量好,positive,质量好
TRAIN_68070,PRODUCT_408470,电脑/办公,价格,性价比高,positive,性价比高
TRAIN_68074,PRODUCT_9921,图书音像,内容,内容一般,negative,内容一般
TRAIN_68081,PRODUCT_2652,图书音像,质量,质量好,positive,质量好
TRAIN_68090,PRODUCT_184826,电脑/办公,质量,质量好,positive,质量好
TRAIN_68093,PRODUCT_96213,图书音像,正品,正品放心,positive,正品放心
TRAIN_68095,PRODUCT_416643,图书音像,价格,性价比高,positive,性价比高
TRAIN_68100,PRODUCT_354672,图书音像,外观,外观好看,positive,外观好看
TRAIN_68101,PRODUCT_75278,图书音像,质量,质量好,positive,质量好
TRAIN_68103,PRODUCT_179795,其他,价格,性价比高,positive,性价比高
TRAIN_68108,PRODUCT_344206,图书音像,物流,发货快,positive,发货快
TRAIN_68120,PRODUCT_247842,食品/保健,味道,味道不错,positive,味道不错
TRAIN_68124,PRODUCT_173760,图书音像,内容,内容不错,positive,内容不错
TRAIN_68139,PRODUCT_178589,电脑/办公,价格,性价比高,positive,性价比高
TRAIN_68142,PRODUCT_28656,图书音像,正品,疑似假货,negative,疑似假货
TRAIN_68163,PRODUCT_43404,美妆个护,推荐,会回购,positive,会回购
TRAIN_68179,PRODUCT_16059,图书音像,质量,质量好,positive,质量好
TRAIN_68179,PRODUCT_16059,图书音像,内容,内容不错,positive,内容不错
TRAIN_68181,PRODUCT_217238,图书音像,内容,内容一般,negative,内容一般
TRAIN_68186,PRODUCT_42841,图书音像,质量,质量好,positive,质量好
TRAIN_68189,PRODUCT_474630,图书音像,价格,性价比高,positive,性价比高
TRAIN_68190,PRODUCT_461414,图书音像,正品,疑似假货,negative,疑似假货
TRAIN_68190,PRODUCT_461414,图书音像,内容,内容一般,negative,内容一般
TRAIN_68201,PRODUCT_10859,手机/数码,质量,质量好,positive,质量好
TRAIN_68202,PRODUCT_131820,图书音像,质量,质量好,positive,质量好
TRAIN_68217,PRODUCT_62662,图书音像,质量,质量好,positive,质量好
TRAIN_68232,PRODUCT_199769,图书音像,价格,性价比高,positive,性价比高
TRAIN_68234,PRODUCT_436341,图书音像,质量,质量好,positive,质量好
TRAIN_68242,PRODUCT_511649,食品/保健,推荐,会回购,positive,会回购
TRAIN_68242,PRODUCT_511649,食品/保健,味道,味道不错,positive,味道不错
TRAIN_68244,PRODUCT_348463,母婴/玩具,物流,发货快,positive,发货快
TRAIN_68253,PRODUCT_261849,图书音像,正品,正品放心,positive,正品放心
TRAIN_68261,PRODUCT_495209,图书音像,质量,质量好,positive,质量好
TRAIN_68261,PRODUCT_495209,图书音像,正品,正品放心,positive,正品放心
TRAIN_68262,PRODUCT_25502,家用电器,外观,外观好看,positive,外观好看
TRAIN_68264,PRODUCT_189322,图书音像,质量,质量好,positive,质量好
TRAIN_68265,PRODUCT_176842,美妆个护,正品,正品放心,positive,正品放心
TRAIN_68268,PRODUCT_61522,家具/家装/建材,推荐,会回购,positive,会回购
TRAIN_68274,PRODUCT_466032,图书音像,推荐,会回购,positive,会回购
TRAIN_68275,PRODUCT_284217,图书音像,质量,质量好,positive,质量好
TRAIN_68280,PRODUCT_267201,图书音像,质量,质量差,negative,质量差
TRAIN_68283,PRODUCT_73676,图书音像,质量,质量好,positive,质量好
TRAIN_68283,PRODUCT_73676,图书音像,价格,性价比高,positive,性价比高
TRAIN_68297,PRODUCT_265810,图书音像,内容,内容不错,positive,内容不错
TRAIN_68298,PRODUCT_133910,图书音像,推荐,会回购,positive,会回购
TRAIN_68321,PRODUCT_136786,图书音像,价格,性价比高,positive,性价比高
TRAIN_68329,PRODUCT_547,图书音像,质量,质量好,positive,质量好
TRAIN_68336,PRODUCT_127634,电脑/办公,耐用,很耐用,positive,很耐用
TRAIN_68347,PRODUCT_101282,母婴/玩具,正品,正品放心,positive,正品放心
TRAIN_68353,PRODUCT_269327,图书音像,质量,质量好,positive,质量好
TRAIN_68354,PRODUCT_347185,图书音像,内容,内容不错,positive,内容不错
TRAIN_68359,PRODUCT_403471,图书音像,质量,质量好,positive,质量好
TRAIN_68365,PRODUCT_102015,家居生活,质量,质量差,negative,质量差
TRAIN_68365,PRODUCT_102015,家居生活,推荐,不推荐,negative,不推荐
TRAIN_68370,PRODUCT_215402,美妆个护,味道,味道不错,positive,味道不错
TRAIN_68371,PRODUCT_517780,图书音像,推荐,会回购,positive,会回购
TRAIN_68373,PRODUCT_109468,图书音像,质量,质量好,positive,质量好
TRAIN_68386,PRODUCT_439176,图书音像,内容,内容不错,positive,内容不错
TRAIN_68388,PRODUCT_21164,图书音像,质量,质量好,positive,质量好
TRAIN_68391,PRODUCT_300557,图书音像,价格,性价比高,positive,性价比高
TRAIN_68393,PRODUCT_356703,家居生活,价格,性价比高,positive,性价比高
TRAIN_68396,PRODUCT_364621,图书音像,内容,内容不错,positive,内容不错
TRAIN_68397,PRODUCT_13329,图书音像,推荐,不推荐,negative,不推荐
TRAIN_68421,PRODUCT_259989,图书音像,质量,质量好,positive,质量好
TRAIN_68428,PRODUCT_106424,家居生活,质量,质量差,negative,质量差
TRAIN_68431,PRODUCT_291014,手机/数码,正品,正品放心,positive,正品放心
TRAIN_68433,PRODUCT_103496,图书音像,价格,性价比高,positive,性价比高
TRAIN_68435,PRODUCT_279697,图书音像,包装,包装差,negative,包装差
TRAIN_68438,PRODUCT_30465,图书音像,质量,质量好,positive,质量好
TRAIN_68445,PRODUCT_79130,图书音像,内容,内容不错,positive,内容不错
TRAIN_68446,PRODUCT_403526,家居生活,价格,价格贵,negative,价格贵
TRAIN_68447,PRODUCT_261556,电脑/办公,正品,疑似假货,negative,疑似假货
TRAIN_68457,PRODUCT_3877,手机/数码,耐用,容易坏,negative,容易坏
TRAIN_68458,PRODUCT_388932,图书音像,推荐,会回购,positive,会回购
TRAIN_68458,PRODUCT_388932,图书音像,内容,内容不错,positive,内容不错
TRAIN_68476,PRODUCT_464747,手机/数码,质量,质量好,positive,质量好
TRAIN_68476,PRODUCT_464747,手机/数码,正品,正品放心,positive,正品放心
TRAIN_68477,PRODUCT_104669,电脑/办公,耐用,容易坏,negative,容易坏
TRAIN_68483,PRODUCT_367157,手机/数码,质量,质量差,negative,质量差
TRAIN_68487,PRODUCT_423046,图书音像,价格,性价比高,positive,性价比高
TRAIN_68492,PRODUCT_342403,图书音像,正品,正品放心,positive,正品放心
TRAIN_68495,PRODUCT_210089,图书音像,正品,疑似假货,negative,疑似假货
TRAIN_68496,PRODUCT_74320,图书音像,质量,质量好,positive,质量好
TRAIN_68498,PRODUCT_124723,图书音像,价格,性价比高,positive,性价比高
TRAIN_68498,PRODUCT_124723,图书音像,内容,内容一般,negative,内容一般
TRAIN_68501,PRODUCT_425283,电脑/办公,正品,正品放心,positive,正品放心
TRAIN_68501,PRODUCT_425283,电脑/办公,推荐,会回购,positive,会回购
TRAIN_68505,PRODUCT_52636,图书音像,外观,外观一般,negative,外观一般
TRAIN_68508,PRODUCT_202948,电脑/办公,屏幕,屏幕差,negative,屏幕差
TRAIN_68509,PRODUCT_202290,家居生活,价格,性价比高,positive,性价比高
TRAIN_68525,PRODUCT_70942,图书音像,内容,内容不错,positive,内容不错
TRAIN_68533,PRODUCT_376857,图书音像,正品,正品放心,positive,正品放心
TRAIN_68534,PRODUCT_440180,图书音像,价格,性价比高,positive,性价比高
TRAIN_68538,PRODUCT_126716,图书音像,价格,性价比高,positive,性价比高
TRAIN_68540,PRODUCT_145263,图书音像,正品,正品放心,positive,正品放心
TRAIN_68544,PRODUCT_265452,图书音像,内容,内容不错,positive,内容不错
TRAIN_68555,PRODUCT_453949,图书音像,质量,质量好,positive,质量好
TRAIN_68556,PRODUCT_276639,图书音像,物流,发货快,positive,发货快
TRAIN_68559,PRODUCT_201206,图书音像,包装,包装差,negative,包装差
TRAIN_68560,PRODUCT_244758,手机/数码,耐用,很耐用,positive,很耐用
TRAIN_68563,PRODUCT_131209,美妆个护,正品,正品放心,positive,正品放心
TRAIN_68573,PRODUCT_342021,图书音像,质量,质量好,positive,质量好
TRAIN_68578,PRODUCT_84446,图书音像,质量,质量差,negative,质量差
TRAIN_68580,PRODUCT_21070,鞋类箱包,价格,性价比高,positive,性价比高
TRAIN_68584,PRODUCT_417344,图书音像,正品,正品放心,positive,正品放心
TRAIN_68586,PRODUCT_111523,图书音像,质量,质量好,positive,质量好
TRAIN_68586,PRODUCT_111523,图书音像,价格,性价比高,positive,性价比高
TRAIN_68596,PRODUCT_134774,电脑/办公,质量,质量好,positive,质量好
TRAIN_68599,PRODUCT_298909,图书音像,推荐,不推荐,negative,不推荐
TRAIN_68602,PRODUCT_74641,图书音像,质量,质量好,positive,质量好
TRAIN_68605,PRODUCT_131605,家居生活,正品,正品放心,positive,正品放心
TRAIN_68607,PRODUCT_158949,图书音像,包装,包装好,positive,包装好
TRAIN_68609,PRODUCT_388943,家具/家装/建材,耐用,很耐用,positive,很耐用
TRAIN_68612,PRODUCT_499283,母婴/玩具,耐用,容易坏,negative,容易坏
TRAIN_68612,PRODUCT_499283,母婴/玩具,推荐,会回购,positive,会回购
TRAIN_68613,PRODUCT_163404,家用电器,物流,发货快,positive,发货快
TRAIN_68616,PRODUCT_119413,图书音像,推荐,不推荐,negative,不推荐
TRAIN_68625,PRODUCT_393415,家居生活,质量,质量好,positive,质量好
TRAIN_68625,PRODUCT_393415,家居生活,包装,包装好,positive,包装好
TRAIN_68627,PRODUCT_236958,电脑/办公,价格,性价比高,positive,性价比高
TRAIN_68628,PRODUCT_352149,图书音像,耐用,容易坏,negative,容易坏
TRAIN_68641,PRODUCT_407428,电脑/办公,质量,质量好,positive,质量好
TRAIN_68641,PRODUCT_407428,电脑/办公,物流,发货快,positive,发货快
TRAIN_68656,PRODUCT_476259,手机/数码,物流,物流慢,negative,物流慢
TRAIN_68656,PRODUCT_476259,手机/数码,包装,包装好,positive,包装好
TRAIN_68656,PRODUCT_476259,手机/数码,价格,价格贵,negative,价格贵
TRAIN_68659,PRODUCT_33933,鞋类箱包,耐用,很耐用,positive,很耐用
TRAIN_68667,PRODUCT_177794,图书音像,正品,正品放心,positive,正品放心
TRAIN_68673,PRODUCT_30353,图书音像,物流,发货快,positive,发货快
TRAIN_68678,PRODUCT_189601,电脑/办公,正品,正品放心,positive,正品放心
TRAIN_68684,PRODUCT_152370,图书音像,质量,质量好,positive,质量好
TRAIN_68694,PRODUCT_160932,图书音像,物流,发货快,positive,发货快
TRAIN_68700,PRODUCT_44864,图书音像,质量,质量好,positive,质量好
TRAIN_68712,PRODUCT_485430,图书音像,正品,疑似假货,negative,疑似假货
TRAIN_68714,PRODUCT_456226,图书音像,价格,性价比高,positive,性价比高
TRAIN_68723,PRODUCT_225439,钟表/首饰/眼镜/礼品,质量,质量差,negative,质量差
TRAIN_68725,PRODUCT_469685,图书音像,质量,质量好,positive,质量好
TRAIN_68732,PRODUCT_44463,图书音像,价格,性价比高,positive,性价比高
TRAIN_68735,PRODUCT_170861,图书音像,质量,质量好,positive,质量好
TRAIN_68754,PRODUCT_39717,手机/数码,耐用,容易坏,negative,容易坏
TRAIN_68761,PRODUCT_218982,图书音像,内容,内容不错,positive,内容不错
TRAIN_68765,PRODUCT_453896,其他,质量,质量好,positive,质量好
TRAIN_68769,PRODUCT_486299,图书音像,质量,质量好,positive,质量好
TRAIN_68793,PRODUCT_289282,图书音像,质量,质量好,positive,质量好
TRAIN_68796,PRODUCT_66075,图书音像,耐用,容易坏,negative,容易坏
TRAIN_68806,PRODUCT_504129,电脑/办公,物流,发货快,positive,发货快
TRAIN_68809,PRODUCT_480515,图书音像,质量,质量差,negative,质量差
TRAIN_68809,PRODUCT_480515,图书音像,正品,疑似假货,negative,疑似假货
TRAIN_68819,PRODUCT_20521,图书音像,推荐,不推荐,negative,不推荐
TRAIN_68829,PRODUCT_160241,图书音像,正品,正品放心,positive,正品放心
TRAIN_68841,PRODUCT_392820,图书音像,内容,内容不错,positive,内容不错
TRAIN_68849,PRODUCT_11395,电脑/办公,正品,正品放心,positive,正品放心
TRAIN_68850,PRODUCT_245935,图书音像,质量,质量好,positive,质量好
TRAIN_68852,PRODUCT_275570,运动户外,物流,物流慢,negative,物流慢
TRAIN_68852,PRODUCT_275570,运动户外,正品,正品放心,positive,正品放心
TRAIN_68855,PRODUCT_522566,家居生活,外观,外观好看,positive,外观好看
TRAIN_68856,PRODUCT_509853,图书音像,物流,发货快,positive,发货快
TRAIN_68865,PRODUCT_178133,图书音像,质量,质量好,positive,质量好
TRAIN_68873,PRODUCT_351863,图书音像,物流,发货快,positive,发货快
TRAIN_68881,PRODUCT_4211,手机/数码,正品,正品放心,positive,正品放心
TRAIN_68884,PRODUCT_194569,图书音像,内容,内容不错,positive,内容不错
TRAIN_68889,PRODUCT_360844,手机/数码,耐用,容易坏,negative,容易坏
TRAIN_68891,PRODUCT_378127,图书音像,质量,质量差,negative,质量差
TRAIN_68892,PRODUCT_307611,鞋类箱包,价格,性价比高,positive,性价比高
TRAIN_68892,PRODUCT_307611,鞋类箱包,正品,正品放心,positive,正品放心
TRAIN_68895,PRODUCT_383153,家具/家装/建材,包装,包装好,positive,包装好
TRAIN_68897,PRODUCT_446031,图书音像,内容,内容不错,positive,内容不错
TRAIN_68901,PRODUCT_370598,图书音像,内容,内容不错,positive,内容不错
TRAIN_68909,PRODUCT_458964,电脑/办公,价格,性价比高,positive,性价比高
TRAIN_68919,PRODUCT_200002,钟表/首饰/眼镜/礼品,物流,发货快,positive,发货快
TRAIN_68928,PRODUCT_359316,图书音像,物流,发货快,positive,发货快
TRAIN_68930,PRODUCT_269469,图书音像,质量,质量好,positive,质量好
TRAIN_68935,PRODUCT_84852,电脑/办公,质量,质量好,positive,质量好
TRAIN_68936,PRODUCT_400778,图书音像,物流,发货快,positive,发货快
TRAIN_68938,PRODUCT_246027,图书音像,质量,质量好,positive,质量好
TRAIN_68951,PRODUCT_275290,图书音像,推荐,会回购,positive,会回购
TRAIN_68957,PRODUCT_33445,家具/家装/建材,质量,质量好,positive,质量好
TRAIN_68969,PRODUCT_335312,图书音像,内容,内容不错,positive,内容不错
TRAIN_68970,PRODUCT_155649,母婴/玩具,正品,正品放心,positive,正品放心
TRAIN_68970,PRODUCT_155649,母婴/玩具,耐用,很耐用,positive,很耐用
TRAIN_68973,PRODUCT_138098,食品/保健,味道,味道不错,positive,味道不错
TRAIN_68985,PRODUCT_228663,图书音像,质量,质量好,positive,质量好
TRAIN_68986,PRODUCT_130682,图书音像,包装,包装好,positive,包装好
TRAIN_68990,PRODUCT_191908,电脑/办公,正品,正品放心,positive,正品放心
TRAIN_68997,PRODUCT_32431,其他,价格,性价比高,positive,性价比高
TRAIN_68997,PRODUCT_32431,其他,正品,正品放心,positive,正品放心
TRAIN_68998,PRODUCT_412752,图书音像,质量,质量好,positive,质量好
TRAIN_69000,PRODUCT_446428,图书音像,正品,正品放心,positive,正品放心
TRAIN_69003,PRODUCT_18196,图书音像,内容,内容不错,positive,内容不错
TRAIN_69020,PRODUCT_212633,图书音像,内容,内容不错,positive,内容不错
TRAIN_69022,PRODUCT_290969,钟表/首饰/眼镜/礼品,外观,外观好看,positive,外观好看
TRAIN_69029,PRODUCT_512602,图书音像,正品,正品放心,positive,正品放心
TRAIN_69030,PRODUCT_457604,图书音像,价格,价格贵,negative,价格贵
TRAIN_69031,PRODUCT_208170,电脑/办公,正品,正品放心,positive,正品放心
TRAIN_69031,PRODUCT_208170,电脑/办公,耐用,很耐用,positive,很耐用
TRAIN_69043,PRODUCT_465228,图书音像,质量,质量好,positive,质量好
TRAIN_69050,PRODUCT_402019,图书音像,推荐,不推荐,negative,不推荐
TRAIN_69051,PRODUCT_162216,图书音像,内容,内容不错,positive,内容不错
TRAIN_69055,PRODUCT_38849,图书音像,质量,质量好,positive,质量好
TRAIN_69056,PRODUCT_69653,美妆个护,包装,包装好,positive,包装好
TRAIN_69057,PRODUCT_191822,电脑/办公,耐用,容易坏,negative,容易坏
TRAIN_69059,PRODUCT_313038,家居生活,物流,发货快,positive,发货快
TRAIN_69059,PRODUCT_313038,家居生活,外观,外观好看,positive,外观好看
TRAIN_69060,PRODUCT_241519,图书音像,物流,发货快,positive,发货快
TRAIN_69060,PRODUCT_241519,图书音像,包装,包装好,positive,包装好
TRAIN_69060,PRODUCT_241519,图书音像,包装,包装差,negative,包装差
TRAIN_69066,PRODUCT_51230,图书音像,质量,质量好,positive,质量好
TRAIN_69067,PRODUCT_448389,图书音像,质量,质量好,positive,质量好
TRAIN_69068,PRODUCT_247195,图书音像,质量,质量好,positive,质量好
TRAIN_69075,PRODUCT_58455,手机/数码,耐用,很耐用,positive,很耐用
TRAIN_69075,PRODUCT_58455,手机/数码,续航,续航差,negative,续航差
TRAIN_69094,PRODUCT_189485,图书音像,价格,性价比高,positive,性价比高
TRAIN_69108,PRODUCT_221467,图书音像,正品,正品放心,positive,正品放心
TRAIN_69110,PRODUCT_147813,图书音像,质量,质量好,positive,质量好
TRAIN_69112,PRODUCT_503997,图书音像,内容,内容不错,positive,内容不错
TRAIN_69117,PRODUCT_10266,图书音像,推荐,会回购,positive,会回购
TRAIN_69119,PRODUCT_40668,图书音像,质量,质量好,positive,质量好
TRAIN_69120,PRODUCT_480053,图书音像,耐用,容易坏,negative,容易坏
TRAIN_69124,PRODUCT_130445,图书音像,质量,质量好,positive,质量好
TRAIN_69134,PRODUCT_333964,图书音像,内容,内容不错,positive,内容不错
TRAIN_69137,PRODUCT_207074,图书音像,包装,包装好,positive,包装好
TRAIN_69140,PRODUCT_189790,图书音像,正品,正品放心,positive,正品放心
TRAIN_69141,PRODUCT_247842,食品/保健,味道,味道不错,positive,味道不错
TRAIN_69144,PRODUCT_36848,电脑/办公,物流,发货快,positive,发货快
TRAIN_69147,PRODUCT_79373,图书音像,包装,包装好,positive,包装好
TRAIN_69149,PRODUCT_261849,图书音像,质量,质量好,positive,质量好
TRAIN_69153,PRODUCT_417784,运动户外,包装,包装差,negative,包装差
TRAIN_69158,PRODUCT_97107,服饰服装,质量,质量好,positive,质量好
TRAIN_69161,PRODUCT_446555,图书音像,推荐,会回购,positive,会回购
TRAIN_69168,PRODUCT_181348,家居生活,正品,正品放心,positive,正品放心
TRAIN_69171,PRODUCT_517065,图书音像,质量,质量好,positive,质量好
TRAIN_69177,PRODUCT_305041,图书音像,正品,疑似假货,negative,疑似假货
TRAIN_69178,PRODUCT_304800,图书音像,推荐,不推荐,negative,不推荐
TRAIN_69183,PRODUCT_83526,食品/保健,正品,正品放心,positive,正品放心
TRAIN_69188,PRODUCT_334697,图书音像,正品,正品放心,positive,正品放心
TRAIN_69195,PRODUCT_51114,图书音像,质量,质量好,positive,质量好
TRAIN_69207,PRODUCT_33897,电脑/办公,价格,性价比高,positive,性价比高
TRAIN_69215,PRODUCT_147752,母婴/玩具,正品,正品放心,positive,正品放心
TRAIN_69228,PRODUCT_297093,图书音像,包装,包装好,positive,包装好
TRAIN_69235,PRODUCT_493793,家用电器,质量,质量好,positive,质量好
TRAIN_69242,PRODUCT_487461,图书音像,正品,正品放心,positive,正品放心
TRAIN_69245,PRODUCT_79300,家具/家装/建材,质量,质量好,positive,质量好
TRAIN_69248,PRODUCT_358519,食品/保健,味道,味道不错,positive,味道不错
TRAIN_69249,PRODUCT_284595,手机/数码,质量,质量好,positive,质量好
TRAIN_69249,PRODUCT_284595,手机/数码,正品,正品放心,positive,正品放心
TRAIN_69255,PRODUCT_347730,图书音像,质量,质量好,positive,质量好
TRAIN_69258,PRODUCT_26824,家用电器,耐用,很耐用,positive,很耐用
TRAIN_69259,PRODUCT_25542,图书音像,正品,正品放心,positive,正品放心
TRAIN_69262,PRODUCT_489690,手机/数码,正品,正品放心,positive,正品放心
TRAIN_69268,PRODUCT_33042,图书音像,质量,质量好,positive,质量好
TRAIN_69272,PRODUCT_8820,图书音像,质量,质量差,negative,质量差
TRAIN_69275,PRODUCT_510440,图书音像,内容,内容不错,positive,内容不错
TRAIN_69277,PRODUCT_504912,图书音像,质量,质量好,positive,质量好
TRAIN_69278,PRODUCT_209907,电脑/办公,正品,正品放心,positive,正品放心
TRAIN_69279,PRODUCT_413037,家用电器,价格,性价比高,positive,性价比高
TRAIN_69281,PRODUCT_26992,图书音像,质量,质量差,negative,质量差
TRAIN_69281,PRODUCT_26992,图书音像,正品,正品放心,positive,正品放心
TRAIN_69281,PRODUCT_26992,图书音像,正品,疑似假货,negative,疑似假货
TRAIN_69282,PRODUCT_368388,图书音像,正品,疑似假货,negative,疑似假货
TRAIN_69284,PRODUCT_449946,图书音像,价格,性价比高,positive,性价比高
TRAIN_69285,PRODUCT_256114,电脑/办公,质量,质量差,negative,质量差
TRAIN_69285,PRODUCT_256114,电脑/办公,耐用,容易坏,negative,容易坏
TRAIN_69286,PRODUCT_403712,图书音像,包装,包装好,positive,包装好
TRAIN_69291,PRODUCT_506247,图书音像,质量,质量差,negative,质量差
TRAIN_69297,PRODUCT_238402,手机/数码,物流,发货快,positive,发货快
TRAIN_69308,PRODUCT_263018,电脑/办公,价格,性价比高,positive,性价比高
TRAIN_69309,PRODUCT_418347,图书音像,质量,质量好,positive,质量好
TRAIN_69324,PRODUCT_442436,运动户外,质量,质量好,positive,质量好
TRAIN_69324,PRODUCT_442436,运动户外,耐用,很耐用,positive,很耐用
TRAIN_69328,PRODUCT_453625,其他,耐用,很耐用,positive,很耐用
TRAIN_69337,PRODUCT_377182,钟表/首饰/眼镜/礼品,质量,质量好,positive,质量好
TRAIN_69340,PRODUCT_341651,图书音像,正品,疑似假货,negative,疑似假货
TRAIN_69341,PRODUCT_452258,图书音像,质量,质量好,positive,质量好
TRAIN_69351,PRODUCT_27605,手机/数码,正品,疑似假货,negative,疑似假货
TRAIN_69360,PRODUCT_214720,图书音像,质量,质量差,negative,质量差
TRAIN_69362,PRODUCT_170770,电脑/办公,物流,发货快,positive,发货快
TRAIN_69366,PRODUCT_69300,图书音像,内容,内容不错,positive,内容不错
TRAIN_69376,PRODUCT_410187,图书音像,正品,正品放心,positive,正品放心
TRAIN_69376,PRODUCT_410187,图书音像,推荐,会回购,positive,会回购
TRAIN_69379,PRODUCT_86055,图书音像,内容,内容不错,positive,内容不错
TRAIN_69380,PRODUCT_79705,手机/数码,正品,正品放心,positive,正品放心
TRAIN_69385,PRODUCT_21230,图书音像,价格,性价比高,positive,性价比高
TRAIN_69386,PRODUCT_412094,图书音像,正品,正品放心,positive,正品放心
TRAIN_69398,PRODUCT_322582,图书音像,质量,质量好,positive,质量好
TRAIN_69403,PRODUCT_16646,家具/家装/建材,物流,发货快,positive,发货快
TRAIN_69411,PRODUCT_298472,图书音像,推荐,会回购,positive,会回购
TRAIN_69416,PRODUCT_152081,图书音像,正品,正品放心,positive,正品放心
TRAIN_69420,PRODUCT_247901,图书音像,质量,质量好,positive,质量好
TRAIN_69421,PRODUCT_277560,图书音像,内容,内容一般,negative,内容一般
TRAIN_69423,PRODUCT_336101,电脑/办公,正品,正品放心,positive,正品放心
TRAIN_69432,PRODUCT_269736,电脑/办公,物流,发货快,positive,发货快
TRAIN_69432,PRODUCT_269736,电脑/办公,耐用,很耐用,positive,很耐用
TRAIN_69452,PRODUCT_265660,图书音像,价格,性价比高,positive,性价比高
TRAIN_69468,PRODUCT_53457,图书音像,内容,内容不错,positive,内容不错
TRAIN_69469,PRODUCT_256114,电脑/办公,正品,正品放心,positive,正品放心
TRAIN_69474,PRODUCT_368376,美妆个护,味道,味道不错,positive,味道不错
TRAIN_69484,PRODUCT_340843,电脑/办公,耐用,容易坏,negative,容易坏
TRAIN_69491,PRODUCT_375609,美妆个护,味道,味道不错,positive,味道不错
TRAIN_69504,PRODUCT_54236,图书音像,正品,正品放心,positive,正品放心
TRAIN_69505,PRODUCT_231428,图书音像,物流,发货快,positive,发货快
TRAIN_69520,PRODUCT_149145,图书音像,内容,内容不错,positive,内容不错
TRAIN_69522,PRODUCT_487957,图书音像,物流,发货快,positive,发货快
TRAIN_69522,PRODUCT_487957,图书音像,包装,包装差,negative,包装差
TRAIN_69529,PRODUCT_120674,家用电器,价格,性价比高,positive,性价比高
TRAIN_69535,PRODUCT_511961,其他,推荐,会回购,positive,会回购
TRAIN_69536,PRODUCT_514351,图书音像,物流,发货快,positive,发货快
TRAIN_69539,PRODUCT_82409,图书音像,质量,质量好,positive,质量好
TRAIN_69541,PRODUCT_52114,图书音像,内容,内容不错,positive,内容不错
TRAIN_69542,PRODUCT_371333,图书音像,正品,正品放心,positive,正品放心
TRAIN_69545,PRODUCT_516539,图书音像,内容,内容不错,positive,内容不错
TRAIN_69553,PRODUCT_96919,图书音像,正品,疑似假货,negative,疑似假货
TRAIN_69555,PRODUCT_212774,电脑/办公,正品,正品放心,positive,正品放心
TRAIN_69564,PRODUCT_437434,手机/数码,质量,质量好,positive,质量好
TRAIN_69578,PRODUCT_213614,电脑/办公,正品,正品放心,positive,正品放心
TRAIN_69581,PRODUCT_50756,电脑/办公,耐用,很耐用,positive,很耐用
TRAIN_69587,PRODUCT_213729,其他,包装,包装差,negative,包装差
TRAIN_69590,PRODUCT_55751,电脑/办公,价格,性价比高,positive,性价比高
TRAIN_69613,PRODUCT_384608,电脑/办公,耐用,容易坏,negative,容易坏
TRAIN_69617,PRODUCT_453640,图书音像,正品,正品放心,positive,正品放心
TRAIN_69617,PRODUCT_453640,图书音像,内容,内容不错,positive,内容不错
TRAIN_69627,PRODUCT_387758,图书音像,正品,正品放心,positive,正品放心
TRAIN_69628,PRODUCT_103064,其他,质量,质量差,negative,质量差
TRAIN_69628,PRODUCT_103064,其他,耐用,容易坏,negative,容易坏
TRAIN_69629,PRODUCT_201562,食品/保健,味道,味道不错,positive,味道不错
TRAIN_69631,PRODUCT_266399,手机/数码,正品,正品放心,positive,正品放心
TRAIN_69635,PRODUCT_83893,图书音像,质量,质量差,negative,质量差
TRAIN_69635,PRODUCT_83893,图书音像,内容,内容一般,negative,内容一般
TRAIN_69651,PRODUCT_493742,图书音像,正品,正品放心,positive,正品放心
TRAIN_69651,PRODUCT_493742,图书音像,正品,疑似假货,negative,疑似假货
TRAIN_69661,PRODUCT_55168,图书音像,质量,质量好,positive,质量好
TRAIN_69664,PRODUCT_121366,图书音像,耐用,容易坏,negative,容易坏
TRAIN_69674,PRODUCT_351250,钟表/首饰/眼镜/礼品,正品,正品放心,positive,正品放心
TRAIN_69675,PRODUCT_254388,钟表/首饰/眼镜/礼品,正品,正品放心,positive,正品放心
TRAIN_69675,PRODUCT_254388,钟表/首饰/眼镜/礼品,正品,疑似假货,negative,疑似假货
TRAIN_69675,PRODUCT_254388,钟表/首饰/眼镜/礼品,外观,外观好看,positive,外观好看
TRAIN_69686,PRODUCT_189601,电脑/办公,价格,性价比高,positive,性价比高
TRAIN_69701,PRODUCT_380280,图书音像,质量,质量好,positive,质量好
TRAIN_69702,PRODUCT_493145,美妆个护,正品,正品放心,positive,正品放心
TRAIN_69703,PRODUCT_457792,家用电器,续航,续航差,negative,续航差
TRAIN_69707,PRODUCT_131096,其他,正品,疑似假货,negative,疑似假货
TRAIN_69707,PRODUCT_131096,其他,耐用,很耐用,positive,很耐用
TRAIN_69716,PRODUCT_483300,美妆个护,价格,性价比高,positive,性价比高
TRAIN_69718,PRODUCT_240116,图书音像,质量,质量好,positive,质量好
TRAIN_69718,PRODUCT_240116,图书音像,正品,正品放心,positive,正品放心
TRAIN_69730,PRODUCT_405633,图书音像,正品,正品放心,positive,正品放心
TRAIN_69734,PRODUCT_517379,家具/家装/建材,质量,质量好,positive,质量好
TRAIN_69734,PRODUCT_517379,家具/家装/建材,耐用,很耐用,positive,很耐用
TRAIN_69739,PRODUCT_411676,图书音像,包装,包装好,positive,包装好
TRAIN_69739,PRODUCT_411676,图书音像,包装,包装差,negative,包装差
TRAIN_69742,PRODUCT_289815,电脑/办公,物流,发货快,positive,发货快
TRAIN_69760,PRODUCT_428678,美妆个护,味道,味道不错,positive,味道不错
TRAIN_69765,PRODUCT_486002,图书音像,外观,外观一般,negative,外观一般
TRAIN_69768,PRODUCT_179628,图书音像,质量,质量好,positive,质量好
TRAIN_69778,PRODUCT_374752,图书音像,质量,质量好,positive,质量好
TRAIN_69785,PRODUCT_164193,图书音像,质量,质量好,positive,质量好
TRAIN_69785,PRODUCT_164193,图书音像,质量,质量差,negative,质量差
TRAIN_69785,PRODUCT_164193,图书音像,正品,疑似假货,negative,疑似假货
TRAIN_69787,PRODUCT_452558,图书音像,推荐,会回购,positive,会回购
TRAIN_69793,PRODUCT_43266,美妆个护,质量,质量差,negative,质量差
TRAIN_69794,PRODUCT_332721,图书音像,内容,内容不错,positive,内容不错
TRAIN_69795,PRODUCT_100914,手机/数码,质量,质量差,negative,质量差
TRAIN_69807,PRODUCT_323905,家用电器,质量,质量好,positive,质量好
TRAIN_69808,PRODUCT_520232,图书音像,推荐,会回购,positive,会回购
TRAIN_69824,PRODUCT_124052,图书音像,正品,正品放心,positive,正品放心
TRAIN_69829,PRODUCT_474898,美妆个护,正品,正品放心,positive,正品放心
TRAIN_69829,PRODUCT_474898,美妆个护,味道,味道不错,positive,味道不错
TRAIN_69836,PRODUCT_79688,图书音像,外观,外观一般,negative,外观一般
TRAIN_69838,PRODUCT_31715,图书音像,包装,包装差,negative,包装差
TRAIN_69851,PRODUCT_31844,图书音像,质量,质量好,positive,质量好
TRAIN_69852,PRODUCT_33033,图书音像,质量,质量好,positive,质量好
TRAIN_69860,PRODUCT_130833,图书音像,质量,质量好,positive,质量好
TRAIN_69862,PRODUCT_334232,图书音像,质量,质量好,positive,质量好
TRAIN_69865,PRODUCT_197187,电脑/办公,正品,正品放心,positive,正品放心
TRAIN_69873,PRODUCT_36848,电脑/办公,正品,正品放心,positive,正品放心
TRAIN_69877,PRODUCT_430604,图书音像,质量,质量好,positive,质量好
TRAIN_69881,PRODUCT_397858,图书音像,正品,正品放心,positive,正品放心
TRAIN_69881,PRODUCT_397858,图书音像,正品,疑似假货,negative,疑似假货
TRAIN_69883,PRODUCT_27370,手机/数码,质量,质量好,positive,质量好
TRAIN_69884,PRODUCT_236369,图书音像,正品,正品放心,positive,正品放心
TRAIN_69885,PRODUCT_167162,美妆个护,正品,正品放心,positive,正品放心
TRAIN_69887,PRODUCT_322714,图书音像,内容,内容不错,positive,内容不错
TRAIN_69895,PRODUCT_61026,家具/家装/建材,质量,质量好,positive,质量好
TRAIN_69896,PRODUCT_341451,图书音像,包装,包装好,positive,包装好
TRAIN_69902,PRODUCT_186137,图书音像,质量,质量差,negative,质量差
TRAIN_69913,PRODUCT_249171,图书音像,质量,质量好,positive,质量好
TRAIN_69918,PRODUCT_73281,图书音像,质量,质量好,positive,质量好
TRAIN_69918,PRODUCT_73281,图书音像,物流,发货快,positive,发货快
TRAIN_69922,PRODUCT_354866,家用电器,正品,正品放心,positive,正品放心
TRAIN_69925,PRODUCT_91101,图书音像,质量,质量好,positive,质量好
TRAIN_69927,PRODUCT_185494,手机/数码,耐用,很耐用,positive,很耐用
TRAIN_69929,PRODUCT_166951,母婴/玩具,推荐,不推荐,negative,不推荐
TRAIN_69937,PRODUCT_328181,图书音像,正品,正品放心,positive,正品放心
TRAIN_69942,PRODUCT_91838,图书音像,正品,正品放心,positive,正品放心
TRAIN_69945,PRODUCT_192403,图书音像,质量,质量好,positive,质量好
TRAIN_69946,PRODUCT_374704,图书音像,推荐,会回购,positive,会回购
TRAIN_69947,PRODUCT_96512,图书音像,质量,质量好,positive,质量好
TRAIN_69950,PRODUCT_485985,图书音像,质量,质量好,positive,质量好
TRAIN_69951,PRODUCT_55052,图书音像,质量,质量好,positive,质量好
TRAIN_69967,PRODUCT_497913,图书音像,正品,疑似假货,negative,疑似假货
TRAIN_69972,PRODUCT_270594,电脑/办公,物流,发货快,positive,发货快
TRAIN_69972,PRODUCT_270594,电脑/办公,包装,包装好,positive,包装好
TRAIN_69981,PRODUCT_14170,图书音像,质量,质量差,negative,质量差
TRAIN_69990,PRODUCT_468397,美妆个护,价格,性价比高,positive,性价比高
TRAIN_69990,PRODUCT_468397,美妆个护,味道,味道不错,positive,味道不错
TRAIN_69996,PRODUCT_470699,图书音像,外观,外观好看,positive,外观好看
TRAIN_69997,PRODUCT_83417,图书音像,质量,质量好,positive,质量好
TRAIN_69998,PRODUCT_143207,图书音像,质量,质量好,positive,质量好
TRAIN_69998,PRODUCT_143207,图书音像,正品,正品放心,positive,正品放心
TRAIN_69998,PRODUCT_143207,图书音像,正品,疑似假货,negative,疑似假货
