product_id,category,tag,polarity,count,ratio
PRODUCT_100007,图书音像,性价比高,positive,1,0.5
PRODUCT_100015,图书音像,正品放心,positive,1,1.0
PRODUCT_100017,图书音像,外观好看,positive,1,0.5
PRODUCT_100017,图书音像,性价比高,positive,1,0.5
PRODUCT_100023,图书音像,内容不错,positive,1,0.125
PRODUCT_100023,图书音像,正品放心,positive,1,0.125
PRODUCT_100023,图书音像,物流慢,negative,1,0.125
PRODUCT_100028,图书音像,内容一般,negative,1,1.0
PRODUCT_100075,图书音像,质量好,positive,1,1.0
PRODUCT_100086,图书音像,外观好看,positive,1,1.0
PRODUCT_100159,图书音像,质量好,positive,1,0.3333333333333333
PRODUCT_100195,图书音像,正品放心,positive,1,1.0
PRODUCT_10021,图书音像,内容不错,positive,1,1.0
PRODUCT_100222,家居生活,容易坏,negative,1,0.1
PRODUCT_100244,图书音像,价格贵,negative,1,0.14285714285714285
PRODUCT_100244,图书音像,内容不错,positive,1,0.14285714285714285
PRODUCT_100258,图书音像,外观好看,positive,1,1.0
PRODUCT_100327,其他,正品放心,positive,1,0.3333333333333333
PRODUCT_100375,家用电器,味道不错,positive,1,0.3333333333333333
PRODUCT_100462,电脑/办公,价格贵,negative,1,0.3333333333333333
PRODUCT_100462,电脑/办公,尺码不准,negative,1,0.3333333333333333
PRODUCT_100684,美妆个护,味道不错,positive,1,1.0
PRODUCT_100724,图书音像,包装好,positive,1,0.5
PRODUCT_100724,图书音像,包装差,negative,1,0.5
PRODUCT_100772,图书音像,外观好看,positive,2,0.2222222222222222
PRODUCT_100789,电脑/办公,不推荐,negative,1,0.058823529411764705
PRODUCT_100789,电脑/办公,容易坏,negative,1,0.058823529411764705
PRODUCT_100789,电脑/办公,很耐用,positive,1,0.058823529411764705
PRODUCT_100789,电脑/办公,性价比高,positive,1,0.058823529411764705
PRODUCT_100789,电脑/办公,正品放心,positive,1,0.058823529411764705
PRODUCT_100789,电脑/办公,质量好,positive,1,0.058823529411764705
PRODUCT_100824,图书音像,外观好看,positive,1,0.5
PRODUCT_100844,图书音像,会回购,positive,1,1.0
PRODUCT_100891,运动户外,正品放心,positive,1,1.0
PRODUCT_100914,手机/数码,不推荐,negative,1,0.3333333333333333
PRODUCT_100914,手机/数码,正品放心,positive,1,0.3333333333333333
PRODUCT_100914,手机/数码,质量差,negative,1,0.3333333333333333
PRODUCT_100921,图书音像,正品放心,positive,1,0.5
PRODUCT_100921,图书音像,质量好,positive,1,0.5
PRODUCT_10094,家用电器,外观好看,positive,1,0.3333333333333333
PRODUCT_10094,家用电器,性价比高,positive,1,0.3333333333333333
PRODUCT_100941,图书音像,内容不错,positive,1,1.0
PRODUCT_100953,其他,外观一般,negative,1,1.0
PRODUCT_100953,其他,外观好看,positive,1,1.0
PRODUCT_101005,家用电器,不推荐,negative,1,0.3333333333333333
PRODUCT_101022,电脑/办公,会回购,positive,1,0.5
PRODUCT_101022,电脑/办公,性价比高,positive,1,0.5
PRODUCT_101022,电脑/办公,疑似假货,negative,1,0.5
PRODUCT_101022,电脑/办公,质量好,positive,1,0.5
PRODUCT_101040,图书音像,性价比高,positive,1,1.0
PRODUCT_101136,图书音像,包装差,negative,1,1.0
PRODUCT_101143,图书音像,包装好,positive,1,1.0
PRODUCT_101147,鞋类箱包,性价比高,positive,1,1.0
PRODUCT_101236,图书音像,不推荐,negative,1,0.5
PRODUCT_101237,图书音像,正品放心,positive,2,1.0
PRODUCT_10127,图书音像,外观好看,positive,1,1.0
PRODUCT_101271,图书音像,正品放心,positive,1,1.0
PRODUCT_101282,母婴/玩具,正品放心,positive,1,1.0
PRODUCT_101337,图书音像,味道不错,positive,1,1.0
PRODUCT_101348,图书音像,正品放心,positive,1,1.0
PRODUCT_101362,运动户外,质量好,positive,1,1.0
PRODUCT_101363,图书音像,价格贵,negative,1,1.0
PRODUCT_101502,电脑/办公,外观好看,positive,1,1.0
PRODUCT_101504,图书音像,不推荐,negative,1,0.5
PRODUCT_10154,图书音像,不推荐,negative,1,1.0
PRODUCT_101551,食品/保健,发货快,positive,1,1.0
PRODUCT_101559,图书音像,正品放心,positive,1,0.3333333333333333
PRODUCT_101599,图书音像,正品放心,positive,1,1.0
PRODUCT_101671,图书音像,外观好看,positive,1,1.0
PRODUCT_101757,其他,质量差,negative,1,0.5
PRODUCT_101798,美妆个护,正品放心,positive,1,0.5
PRODUCT_101835,图书音像,正品放心,positive,1,0.3333333333333333
PRODUCT_101891,图书音像,包装差,negative,1,1.0
PRODUCT_101911,图书音像,正品放心,positive,1,0.5
PRODUCT_101912,图书音像,性价比高,positive,1,1.0
PRODUCT_101933,图书音像,外观好看,positive,1,0.5
PRODUCT_101940,图书音像,质量好,positive,1,0.25
PRODUCT_101997,图书音像,质量好,positive,1,1.0
PRODUCT_101999,图书音像,质量好,positive,1,1.0
PRODUCT_102008,手机/数码,很耐用,positive,1,1.0
PRODUCT_102015,家居生活,不推荐,negative,1,1.0
PRODUCT_102015,家居生活,质量差,negative,1,1.0
PRODUCT_102031,电脑/办公,会回购,positive,1,0.125
PRODUCT_102031,电脑/办公,外观好看,positive,1,0.125
PRODUCT_102031,电脑/办公,正品放心,positive,1,0.125
PRODUCT_102031,电脑/办公,质量好,positive,1,0.125
PRODUCT_102076,手机/数码,正品放心,positive,1,0.16666666666666666
PRODUCT_102076,手机/数码,质量好,positive,1,0.16666666666666666
PRODUCT_102081,家具/家装/建材,外观好看,positive,2,0.2222222222222222
PRODUCT_102081,家具/家装/建材,很耐用,positive,2,0.2222222222222222
PRODUCT_102081,家具/家装/建材,容易坏,negative,1,0.1111111111111111
PRODUCT_102081,家具/家装/建材,性价比高,positive,1,0.1111111111111111
PRODUCT_102100,图书音像,内容不错,positive,1,1.0
PRODUCT_102109,图书音像,外观好看,positive,1,1.0
PRODUCT_102109,图书音像,正品放心,positive,1,1.0
PRODUCT_102168,图书音像,正品放心,positive,1,1.0
PRODUCT_102190,图书音像,内容一般,negative,1,0.16666666666666666
PRODUCT_102190,图书音像,性价比高,positive,1,0.16666666666666666
PRODUCT_102203,家用电器,不推荐,negative,1,1.0
PRODUCT_102203,家用电器,内容一般,negative,1,1.0
PRODUCT_102295,图书音像,会回购,positive,1,1.0
PRODUCT_102323,美妆个护,味道不错,positive,1,0.25
PRODUCT_102378,家居生活,质量差,negative,1,1.0
PRODUCT_1024,图书音像,正品放心,positive,1,0.5
PRODUCT_102452,图书音像,内容不错,positive,1,1.0
PRODUCT_102455,图书音像,外观好看,positive,1,1.0
PRODUCT_10247,家具/家装/建材,性价比高,positive,1,1.0
PRODUCT_102474,图书音像,质量好,positive,1,1.0
PRODUCT_102475,图书音像,疑似假货,negative,1,0.5
PRODUCT_102487,图书音像,正品放心,positive,1,1.0
PRODUCT_102492,电脑/办公,会回购,positive,1,0.3333333333333333
PRODUCT_102492,电脑/办公,性价比高,positive,1,0.3333333333333333
PRODUCT_102492,电脑/办公,质量好,positive,1,0.3333333333333333
PRODUCT_102506,电脑/办公,容易坏,negative,1,1.0
PRODUCT_102570,电脑/办公,包装好,positive,1,0.25
PRODUCT_102570,电脑/办公,正品放心,positive,1,0.25
PRODUCT_102616,图书音像,正品放心,positive,1,0.3333333333333333
PRODUCT_10266,图书音像,内容不错,positive,4,0.06557377049180328
PRODUCT_10266,图书音像,会回购,positive,3,0.04918032786885246
PRODUCT_10266,图书音像,外观好看,positive,3,0.04918032786885246
PRODUCT_10266,图书音像,质量好,positive,3,0.04918032786885246
PRODUCT_10266,图书音像,不推荐,negative,1,0.01639344262295082
PRODUCT_10266,图书音像,发货快,positive,1,0.01639344262295082
PRODUCT_10266,图书音像,很新鲜,positive,1,0.01639344262295082
PRODUCT_10266,图书音像,性价比高,positive,1,0.01639344262295082
PRODUCT_10266,图书音像,正品放心,positive,1,0.01639344262295082
PRODUCT_10266,图书音像,疑似假货,negative,1,0.01639344262295082
PRODUCT_10266,图书音像,质量差,negative,1,0.01639344262295082
PRODUCT_102676,家用电器,外观好看,positive,1,0.3333333333333333
PRODUCT_102676,家用电器,容易坏,negative,1,0.3333333333333333
PRODUCT_10268,手机/数码,性价比高,positive,2,0.3333333333333333
PRODUCT_10268,手机/数码,外观好看,positive,1,0.16666666666666666
PRODUCT_10268,手机/数码,容易坏,negative,1,0.16666666666666666
PRODUCT_102689,图书音像,质量好,positive,1,1.0
PRODUCT_102713,图书音像,会回购,positive,1,1.0
PRODUCT_102774,图书音像,会回购,positive,1,1.0
PRODUCT_102797,鞋类箱包,质量好,positive,1,1.0
PRODUCT_102801,图书音像,会回购,positive,1,1.0
PRODUCT_102837,图书音像,味道不错,positive,2,0.16666666666666666
PRODUCT_102837,图书音像,内容一般,negative,1,0.08333333333333333
PRODUCT_102837,图书音像,外观好看,positive,1,0.08333333333333333
PRODUCT_102837,图书音像,质量好,positive,1,0.08333333333333333
PRODUCT_102851,图书音像,正品放心,positive,1,1.0
PRODUCT_102859,家用电器,外观好看,positive,1,0.3333333333333333
PRODUCT_102859,家用电器,性价比高,positive,1,0.3333333333333333
PRODUCT_102879,图书音像,正品放心,positive,1,1.0
PRODUCT_102950,家居生活,性价比高,positive,1,0.5
PRODUCT_102950,家居生活,正品放心,positive,1,0.5
PRODUCT_102968,家用电器,包装好,positive,1,0.5
PRODUCT_102968,家用电器,容易坏,negative,1,0.5
PRODUCT_102981,家用电器,很耐用,positive,1,0.5
PRODUCT_102981,家用电器,续航差,negative,1,0.5
PRODUCT_102984,图书音像,外观好看,positive,1,1.0
PRODUCT_103018,图书音像,外观好看,positive,1,0.5
PRODUCT_103033,图书音像,内容一般,negative,1,0.5
PRODUCT_103064,其他,容易坏,negative,1,0.5
PRODUCT_103064,其他,质量差,negative,1,0.5
PRODUCT_103077,图书音像,不推荐,negative,1,0.2
PRODUCT_103077,图书音像,内容一般,negative,1,0.2
PRODUCT_103077,图书音像,内容不错,positive,1,0.2
PRODUCT_103077,图书音像,性价比高,positive,1,0.2
PRODUCT_103178,图书音像,外观好看,positive,1,0.08333333333333333
PRODUCT_103178,图书音像,性价比高,positive,1,0.08333333333333333
PRODUCT_103197,图书音像,会回购,positive,1,0.25
PRODUCT_103197,图书音像,外观好看,positive,1,0.25
PRODUCT_103207,家居生活,质量好,positive,1,0.5
PRODUCT_103310,电脑/办公,外观好看,positive,1,0.5
PRODUCT_103310,电脑/办公,质量好,positive,1,0.5
PRODUCT_103318,图书音像,价格贵,negative,1,0.5
PRODUCT_103408,电脑/办公,正品放心,positive,1,0.125
PRODUCT_103413,运动户外,性价比高,positive,1,0.5
PRODUCT_103496,图书音像,性价比高,positive,1,1.0
PRODUCT_103525,图书音像,包装好,positive,1,0.5
PRODUCT_103525,图书音像,包装差,negative,1,0.5
PRODUCT_103526,钟表/首饰/眼镜/礼品,外观好看,positive,1,1.0
PRODUCT_103529,美妆个护,正品放心,positive,1,1.0
PRODUCT_103578,图书音像,疑似假货,negative,1,1.0
PRODUCT_103578,图书音像,质量差,negative,1,1.0
PRODUCT_103614,图书音像,包装差,negative,1,0.2
PRODUCT_103614,图书音像,正品放心,positive,1,0.2
PRODUCT_103662,图书音像,外观好看,positive,2,0.5
PRODUCT_103677,图书音像,味道不错,positive,1,1.0
PRODUCT_1037,手机/数码,外观好看,positive,1,1.0
PRODUCT_103704,鞋类箱包,正品放心,positive,1,0.25
PRODUCT_103734,图书音像,会回购,positive,1,1.0
PRODUCT_103735,图书音像,外观好看,positive,1,0.16666666666666666
PRODUCT_103746,图书音像,质量好,positive,1,1.0
PRODUCT_103755,电脑/办公,会回购,positive,1,0.25
PRODUCT_103756,电脑/办公,正品放心,positive,1,1.0
PRODUCT_103767,图书音像,外观好看,positive,1,1.0
PRODUCT_103806,图书音像,不推荐,negative,1,1.0
PRODUCT_103806,图书音像,质量差,negative,1,1.0
PRODUCT_103820,电脑/办公,会回购,positive,1,1.0
PRODUCT_103820,电脑/办公,外观好看,positive,1,1.0
PRODUCT_103833,其他,客服好,positive,1,1.0
PRODUCT_103843,母婴/玩具,性价比高,positive,1,1.0
PRODUCT_103850,图书音像,包装差,negative,1,0.3333333333333333
PRODUCT_103850,图书音像,外观一般,negative,1,0.3333333333333333
PRODUCT_103850,图书音像,容易坏,negative,1,0.3333333333333333
PRODUCT_103940,手机/数码,不推荐,negative,1,1.0
PRODUCT_104033,图书音像,正品放心,positive,1,0.2
PRODUCT_104088,其他,味道不错,positive,1,1.0
PRODUCT_104227,图书音像,外观好看,positive,1,0.2
PRODUCT_104254,电脑/办公,疑似假货,negative,1,0.5
PRODUCT_104263,图书音像,会回购,positive,1,1.0
PRODUCT_104290,图书音像,外观好看,positive,1,1.0
PRODUCT_104395,图书音像,疑似假货,negative,1,1.0
PRODUCT_104398,电脑/办公,性价比高,positive,1,1.0
PRODUCT_104431,家具/家装/建材,外观好看,positive,1,0.3333333333333333
PRODUCT_104513,家用电器,性价比高,positive,1,0.1
PRODUCT_104513,家用电器,正品放心,positive,1,0.1
PRODUCT_104565,图书音像,外观好看,positive,2,0.6666666666666666
PRODUCT_104669,电脑/办公,容易坏,negative,1,0.25
PRODUCT_104705,美妆个护,味道不错,positive,1,1.0
PRODUCT_10474,图书音像,内容不错,positive,1,0.2
PRODUCT_104756,图书音像,疑似假货,negative,1,1.0
PRODUCT_10476,家居生活,外观一般,negative,1,1.0
PRODUCT_10476,家居生活,外观好看,positive,1,1.0
PRODUCT_104866,图书音像,会回购,positive,1,0.5
PRODUCT_104871,图书音像,外观好看,positive,1,1.0
PRODUCT_104877,美妆个护,外观好看,positive,1,0.25
PRODUCT_104877,美妆个护,性价比高,positive,1,0.25
PRODUCT_104908,电脑/办公,外观好看,positive,1,0.5
PRODUCT_10514,美妆个护,正品放心,positive,1,0.16666666666666666
PRODUCT_10525,美妆个护,味道不错,positive,3,0.5
PRODUCT_10529,手机/数码,容易坏,negative,2,0.18181818181818182
PRODUCT_10529,手机/数码,性价比高,positive,1,0.09090909090909091
PRODUCT_10529,手机/数码,正品放心,positive,1,0.09090909090909091
PRODUCT_105404,图书音像,内容一般,negative,1,0.2
PRODUCT_105404,图书音像,性价比高,positive,1,0.2
PRODUCT_105404,图书音像,正品放心,positive,1,0.2
PRODUCT_105453,图书音像,会回购,positive,1,1.0
PRODUCT_105473,图书音像,内容不错,positive,1,1.0
PRODUCT_105569,图书音像,包装差,negative,1,0.25
PRODUCT_105569,图书音像,外观好看,positive,1,0.25
PRODUCT_105596,家用电器,很耐用,positive,1,1.0
PRODUCT_105605,美妆个护,味道不错,positive,1,0.3333333333333333
PRODUCT_105631,图书音像,疑似假货,negative,2,0.2857142857142857
PRODUCT_105631,图书音像,质量好,positive,1,0.14285714285714285
PRODUCT_105641,图书音像,质量差,negative,1,1.0
PRODUCT_105697,图书音像,正品放心,positive,1,1.0
PRODUCT_105702,图书音像,内容不错,positive,1,1.0
PRODUCT_105802,图书音像,内容一般,negative,1,1.0
PRODUCT_105846,图书音像,尺码不准,negative,1,1.0
PRODUCT_10589,手机/数码,很耐用,positive,1,1.0
PRODUCT_10589,手机/数码,正品放心,positive,1,1.0
PRODUCT_105933,图书音像,容易坏,negative,1,1.0
PRODUCT_105940,图书音像,包装差,negative,1,0.5
PRODUCT_105940,图书音像,很新鲜,positive,1,0.5
PRODUCT_105943,图书音像,性价比高,positive,3,0.17647058823529413
PRODUCT_105943,图书音像,包装差,negative,1,0.058823529411764705
PRODUCT_105943,图书音像,发货快,positive,1,0.058823529411764705
PRODUCT_105943,图书音像,外观好看,positive,1,0.058823529411764705
PRODUCT_105943,图书音像,很耐用,positive,1,0.058823529411764705
PRODUCT_105943,图书音像,质量好,positive,1,0.058823529411764705
PRODUCT_105952,图书音像,很新鲜,positive,1,0.5
PRODUCT_106132,图书音像,外观好看,positive,1,1.0
PRODUCT_106149,图书音像,质量差,negative,1,1.0
PRODUCT_106268,图书音像,正品放心,positive,1,1.0
PRODUCT_106276,图书音像,外观一般,negative,1,0.5
PRODUCT_106276,图书音像,外观好看,positive,1,0.5
PRODUCT_106342,图书音像,正品放心,positive,1,1.0
PRODUCT_106357,图书音像,正品放心,positive,1,1.0
PRODUCT_106424,家居生活,质量差,negative,1,0.3333333333333333
PRODUCT_106427,图书音像,正品放心,positive,2,1.0
PRODUCT_106444,图书音像,正品放心,positive,1,0.3333333333333333
PRODUCT_10650,手机/数码,外观好看,positive,4,0.2222222222222222
PRODUCT_10650,手机/数码,正品放心,positive,2,0.1111111111111111
PRODUCT_10650,手机/数码,性价比高,positive,1,0.05555555555555555
PRODUCT_10650,手机/数码,疑似假货,negative,1,0.05555555555555555
PRODUCT_10650,手机/数码,续航差,negative,1,0.05555555555555555
PRODUCT_10650,手机/数码,质量好,positive,1,0.05555555555555555
PRODUCT_10650,手机/数码,质量差,negative,1,0.05555555555555555
PRODUCT_106617,图书音像,内容不错,positive,1,0.25
PRODUCT_106640,图书音像,性价比高,positive,1,1.0
PRODUCT_10667,图书音像,正品放心,positive,1,1.0
PRODUCT_10667,图书音像,疑似假货,negative,1,1.0
PRODUCT_106691,图书音像,不推荐,negative,1,1.0
PRODUCT_106691,图书音像,包装差,negative,1,1.0
PRODUCT_106751,图书音像,质量好,positive,1,1.0
PRODUCT_106793,图书音像,正品放心,positive,5,0.5555555555555556
PRODUCT_106793,图书音像,外观好看,positive,1,0.1111111111111111
PRODUCT_106793,图书音像,很新鲜,positive,1,0.1111111111111111
PRODUCT_106793,图书音像,疑似假货,negative,1,0.1111111111111111
PRODUCT_106797,图书音像,正品放心,positive,1,0.5
PRODUCT_106799,图书音像,性价比高,positive,1,1.0
PRODUCT_106816,电脑/办公,很耐用,positive,2,0.06060606060606061
PRODUCT_106816,电脑/办公,外观好看,positive,1,0.030303030303030304
PRODUCT_106816,电脑/办公,容易坏,negative,1,0.030303030303030304
PRODUCT_106816,电脑/办公,性价比高,positive,1,0.030303030303030304
PRODUCT_106816,电脑/办公,正品放心,positive,1,0.030303030303030304
PRODUCT_106816,电脑/办公,质量差,negative,1,0.030303030303030304
PRODUCT_106822,图书音像,不推荐,negative,1,1.0
PRODUCT_106834,图书音像,疑似假货,negative,1,0.5
PRODUCT_106838,图书音像,外观好看,positive,1,0.2
PRODUCT_106838,图书音像,质量好,positive,1,0.2
PRODUCT_106863,图书音像,很新鲜,positive,1,1.0
PRODUCT_106863,图书音像,正品放心,positive,1,1.0
PRODUCT_106891,食品/保健,外观好看,positive,1,1.0
PRODUCT_106896,图书音像,质量好,positive,2,0.4
PRODUCT_106896,图书音像,正品放心,positive,1,0.2
PRODUCT_106899,图书音像,不推荐,negative,1,1.0
PRODUCT_106983,图书音像,疑似假货,negative,1,0.125
PRODUCT_106983,图书音像,质量好,positive,1,0.125
PRODUCT_107004,图书音像,外观好看,positive,1,0.3333333333333333
PRODUCT_107070,图书音像,正品放心,positive,1,1.0
PRODUCT_107077,图书音像,内容不错,positive,1,1.0
PRODUCT_107077,图书音像,性价比高,positive,1,1.0
PRODUCT_107096,图书音像,性价比高,positive,1,0.25
PRODUCT_107115,图书音像,质量好,positive,2,0.5
PRODUCT_107115,图书音像,价格贵,negative,1,0.25
PRODUCT_10713,图书音像,外观好看,positive,1,1.0
PRODUCT_107159,手机/数码,正品放心,positive,1,1.0
PRODUCT_107217,美妆个护,味道不错,positive,1,1.0
PRODUCT_107256,家居生活,味道不错,positive,1,1.0
PRODUCT_107265,图书音像,质量好,positive,1,0.3333333333333333
PRODUCT_107398,图书音像,性价比高,positive,1,0.3333333333333333
PRODUCT_107430,图书音像,包装好,positive,1,1.0
PRODUCT_107445,美妆个护,味道不错,positive,1,0.5
PRODUCT_107450,图书音像,外观一般,negative,1,1.0
PRODUCT_10747,图书音像,性价比高,positive,1,0.16666666666666666
PRODUCT_10747,图书音像,正品放心,positive,1,0.16666666666666666
PRODUCT_10747,图书音像,质量好,positive,1,0.16666666666666666
PRODUCT_107511,图书音像,会回购,positive,1,1.0
PRODUCT_107560,图书音像,内容不错,positive,1,1.0
PRODUCT_107576,美妆个护,味道不错,positive,5,1.0
PRODUCT_107576,美妆个护,内容一般,negative,1,0.2
PRODUCT_107588,图书音像,质量好,positive,1,1.0
PRODUCT_107590,美妆个护,会回购,positive,1,0.3333333333333333
PRODUCT_1076,图书音像,外观好看,positive,1,1.0
PRODUCT_107601,图书音像,价格贵,negative,1,1.0
PRODUCT_107609,图书音像,内容不错,positive,1,1.0
PRODUCT_107642,图书音像,性价比高,positive,1,0.5
PRODUCT_107643,图书音像,不推荐,negative,1,0.14285714285714285
PRODUCT_107643,图书音像,正品放心,positive,1,0.14285714285714285
PRODUCT_107643,图书音像,疑似假货,negative,1,0.14285714285714285
PRODUCT_107643,图书音像,质量好,positive,1,0.14285714285714285
PRODUCT_107671,图书音像,正品放心,positive,1,0.5
PRODUCT_107703,图书音像,内容一般,negative,1,1.0
PRODUCT_10771,图书音像,正品放心,positive,1,0.5
PRODUCT_10771,图书音像,疑似假货,negative,1,0.5
PRODUCT_107775,图书音像,外观好看,positive,1,1.0
PRODUCT_107819,家用电器,正品放心,positive,1,0.5
PRODUCT_107820,图书音像,外观好看,positive,1,1.0
PRODUCT_107860,其他,质量差,negative,1,1.0
PRODUCT_107917,图书音像,会回购,positive,1,0.5
PRODUCT_107917,图书音像,正品放心,positive,1,0.5
PRODUCT_107940,图书音像,正品放心,positive,1,1.0
PRODUCT_107940,图书音像,质量好,positive,1,1.0
PRODUCT_108050,图书音像,正品放心,positive,4,0.6666666666666666
PRODUCT_108113,图书音像,疑似假货,negative,2,0.3333333333333333
PRODUCT_108113,图书音像,很新鲜,positive,1,0.16666666666666666
PRODUCT_108113,图书音像,正品放心,positive,1,0.16666666666666666
PRODUCT_108115,图书音像,内容不错,positive,1,0.5
PRODUCT_108163,电脑/办公,发货快,positive,1,1.0
PRODUCT_108163,电脑/办公,正品放心,positive,1,1.0
PRODUCT_108163,电脑/办公,质量好,positive,1,1.0
PRODUCT_10821,手机/数码,不推荐,negative,1,1.0
PRODUCT_10821,手机/数码,价格贵,negative,1,1.0
PRODUCT_108303,家用电器,外观好看,positive,2,0.5
PRODUCT_108318,美妆个护,性价比高,positive,1,0.5
PRODUCT_108343,图书音像,外观好看,positive,1,1.0
PRODUCT_108346,图书音像,内容不错,positive,2,0.6666666666666666
PRODUCT_10839,家用电器,外观好看,positive,1,0.2
PRODUCT_10839,家用电器,性价比高,positive,1,0.2
PRODUCT_10839,家用电器,质量差,negative,1,0.2
PRODUCT_108401,图书音像,疑似假货,negative,2,1.0
PRODUCT_108401,图书音像,味道一般,negative,1,0.5
PRODUCT_108435,图书音像,正品放心,positive,1,0.5
PRODUCT_108442,电脑/办公,不推荐,negative,1,0.3333333333333333
PRODUCT_108442,电脑/办公,味道不错,positive,1,0.3333333333333333
PRODUCT_108442,电脑/办公,质量好,positive,1,0.3333333333333333
PRODUCT_108634,图书音像,正品放心,positive,1,1.0
PRODUCT_108686,图书音像,外观好看,positive,1,0.3333333333333333
PRODUCT_108737,图书音像,质量好,positive,1,0.3333333333333333
PRODUCT_108789,钟表/首饰/眼镜/礼品,外观好看,positive,1,0.25
PRODUCT_108863,图书音像,不推荐,negative,1,0.3333333333333333
PRODUCT_108863,图书音像,内容一般,negative,1,0.3333333333333333
PRODUCT_108865,图书音像,内容不错,positive,3,0.04838709677419355
PRODUCT_108865,图书音像,正品放心,positive,3,0.04838709677419355
PRODUCT_108865,图书音像,会回购,positive,1,0.016129032258064516
PRODUCT_108865,图书音像,性价比高,positive,1,0.016129032258064516
PRODUCT_108875,图书音像,会回购,positive,1,1.0
PRODUCT_10892,图书音像,包装差,negative,1,0.25
PRODUCT_109075,图书音像,内容不错,positive,1,0.25
PRODUCT_109143,手机/数码,价格贵,negative,1,1.0
PRODUCT_109143,手机/数码,外观好看,positive,1,1.0
PRODUCT_109143,手机/数码,很耐用,positive,1,1.0
PRODUCT_109195,电脑/办公,正品放心,positive,2,0.2222222222222222
PRODUCT_109195,电脑/办公,包装好,positive,1,0.1111111111111111
PRODUCT_109195,电脑/办公,质量好,positive,1,0.1111111111111111
PRODUCT_109195,电脑/办公,质量差,negative,1,0.1111111111111111
PRODUCT_109208,服饰服装,质量好,positive,1,0.5
PRODUCT_109289,家居生活,价格贵,negative,1,1.0
PRODUCT_109289,家居生活,外观一般,negative,1,1.0
PRODUCT_109289,家居生活,外观好看,positive,1,1.0
PRODUCT_109317,电脑/办公,质量差,negative,1,0.3333333333333333
PRODUCT_109357,家用电器,正品放心,positive,1,0.3333333333333333
PRODUCT_109526,钟表/首饰/眼镜/礼品,外观好看,positive,1,1.0
PRODUCT_109590,图书音像,正品放心,positive,1,0.3333333333333333
PRODUCT_109607,手机/数码,内容一般,negative,1,0.5
PRODUCT_109607,手机/数码,外观好看,positive,1,0.5
PRODUCT_109641,手机/数码,正品放心,positive,1,0.5
PRODUCT_109696,电脑/办公,质量好,positive,2,0.18181818181818182
PRODUCT_109696,电脑/办公,价格贵,negative,1,0.09090909090909091
PRODUCT_109696,电脑/办公,质量差,negative,1,0.09090909090909091
PRODUCT_109714,鞋类箱包,外观好看,positive,1,1.0
PRODUCT_109760,图书音像,外观好看,positive,1,0.5
PRODUCT_109845,图书音像,质量好,positive,1,0.5
PRODUCT_10995,图书音像,发货快,positive,1,1.0
PRODUCT_10995,图书音像,正品放心,positive,1,1.0
PRODUCT_110030,图书音像,内容不错,positive,1,1.0
PRODUCT_110107,家居生活,质量好,positive,1,1.0
PRODUCT_110205,电脑/办公,性价比高,positive,2,0.2
PRODUCT_110205,电脑/办公,外观好看,positive,1,0.1
PRODUCT_110205,电脑/办公,疑似假货,negative,1,0.1
PRODUCT_110355,手机/数码,性价比高,positive,1,0.25
PRODUCT_110355,手机/数码,质量好,positive,1,0.25
PRODUCT_110389,运动户外,质量好,positive,1,1.0
PRODUCT_110392,手机/数码,很耐用,positive,1,0.2
PRODUCT_110392,手机/数码,性价比高,positive,1,0.2
PRODUCT_11041,电脑/办公,味道不错,positive,1,0.16666666666666666
PRODUCT_110418,母婴/玩具,质量好,positive,1,1.0
PRODUCT_110522,电脑/办公,性价比高,positive,1,0.5
PRODUCT_110559,电脑/办公,包装好,positive,1,0.5
PRODUCT_110560,电脑/办公,发货快,positive,1,0.3333333333333333
PRODUCT_110560,电脑/办公,质量差,negative,1,0.3333333333333333
PRODUCT_110574,图书音像,发货快,positive,1,1.0
PRODUCT_110594,手机/数码,正品放心,positive,1,1.0
PRODUCT_110719,手机/数码,疑似假货,negative,1,1.0
PRODUCT_110719,手机/数码,质量差,negative,1,1.0
PRODUCT_110721,图书音像,会回购,positive,1,0.3333333333333333
PRODUCT_110804,图书音像,正品放心,positive,1,1.0
PRODUCT_11094,图书音像,正品放心,positive,1,0.3333333333333333
PRODUCT_11103,家居生活,外观好看,positive,2,0.3333333333333333
PRODUCT_11103,家居生活,发货快,positive,1,0.16666666666666666
PRODUCT_11137,图书音像,会回购,positive,1,0.2
PRODUCT_111429,钟表/首饰/眼镜/礼品,外观好看,positive,2,0.6666666666666666
PRODUCT_111430,家居生活,容易坏,negative,1,1.0
PRODUCT_111523,图书音像,不推荐,negative,1,0.0625
PRODUCT_111523,图书音像,外观好看,positive,1,0.0625
PRODUCT_111523,图书音像,性价比高,positive,1,0.0625
PRODUCT_111523,图书音像,正品放心,positive,1,0.0625
PRODUCT_111523,图书音像,质量好,positive,1,0.0625
PRODUCT_111581,图书音像,外观好看,positive,1,0.25
PRODUCT_111602,图书音像,内容不错,positive,1,1.0
PRODUCT_111682,家用电器,性价比高,positive,1,0.5
PRODUCT_111690,图书音像,外观好看,positive,1,0.3333333333333333
PRODUCT_111690,图书音像,质量好,positive,1,0.3333333333333333
PRODUCT_111744,图书音像,质量好,positive,1,1.0
PRODUCT_11178,电脑/办公,外观好看,positive,1,1.0
PRODUCT_111856,家用电器,性价比高,positive,1,0.25
PRODUCT_111999,图书音像,外观一般,negative,1,1.0
PRODUCT_112079,图书音像,外观好看,positive,2,0.5
PRODUCT_112079,图书音像,会回购,positive,1,0.25
PRODUCT_112093,图书音像,性价比高,positive,1,0.14285714285714285
PRODUCT_112122,图书音像,会回购,positive,1,1.0
PRODUCT_112277,图书音像,质量差,negative,1,0.5
PRODUCT_112421,图书音像,内容不错,positive,1,0.3333333333333333
PRODUCT_112579,食品/保健,味道不错,positive,1,1.0
PRODUCT_112645,电脑/办公,外观好看,positive,8,0.26666666666666666
PRODUCT_112645,电脑/办公,正品放心,positive,4,0.13333333333333333
PRODUCT_112645,电脑/办公,质量好,positive,1,0.03333333333333333
PRODUCT_112731,图书音像,内容不错,positive,1,0.05
PRODUCT_112731,图书音像,包装好,positive,1,0.05
PRODUCT_112731,图书音像,外观好看,positive,1,0.05
PRODUCT_112731,图书音像,很新鲜,positive,1,0.05
PRODUCT_112731,图书音像,性价比高,positive,1,0.05
PRODUCT_112731,图书音像,质量好,positive,1,0.05
PRODUCT_112786,图书音像,外观好看,positive,1,0.2
PRODUCT_112786,图书音像,正品放心,positive,1,0.2
PRODUCT_1128,图书音像,容易坏,negative,1,1.0
PRODUCT_112919,美妆个护,疑似假货,negative,1,1.0
PRODUCT_112938,图书音像,质量差,negative,1,0.1
PRODUCT_11295,图书音像,不推荐,negative,1,0.5
PRODUCT_112951,图书音像,不推荐,negative,1,0.16666666666666666
PRODUCT_112951,图书音像,包装好,positive,1,0.16666666666666666
PRODUCT_112951,图书音像,外观好看,positive,1,0.16666666666666666
PRODUCT_112965,图书音像,质量好,positive,1,1.0
PRODUCT_112970,家用电器,很耐用,positive,1,1.0
PRODUCT_11299,电脑/办公,不推荐,negative,1,0.125
PRODUCT_11299,电脑/办公,性价比高,positive,1,0.125
PRODUCT_113001,母婴/玩具,外观一般,negative,1,1.0
PRODUCT_113013,图书音像,不推荐,negative,1,1.0
PRODUCT_113041,电脑/办公,尺码合适,positive,1,1.0
PRODUCT_113044,图书音像,味道不错,positive,1,1.0
PRODUCT_113058,图书音像,内容不错,positive,1,1.0
PRODUCT_113095,图书音像,质量好,positive,1,1.0
PRODUCT_113143,图书音像,质量好,positive,1,0.3333333333333333
PRODUCT_113152,图书音像,正品放心,positive,1,0.3333333333333333
PRODUCT_113167,图书音像,内容不错,positive,1,0.25
PRODUCT_113167,图书音像,包装好,positive,1,0.25
PRODUCT_113167,图书音像,正品放心,positive,1,0.25
PRODUCT_113310,图书音像,疑似假货,negative,1,1.0
PRODUCT_113315,图书音像,外观好看,positive,1,1.0
PRODUCT_113344,图书音像,外观好看,positive,1,1.0
PRODUCT_113349,其他,容易坏,negative,1,1.0
PRODUCT_113385,母婴/玩具,续航差,negative,1,1.0
PRODUCT_113386,母婴/玩具,内容一般,negative,1,1.0
PRODUCT_113386,母婴/玩具,正品放心,positive,1,1.0
PRODUCT_113443,电脑/办公,很耐用,positive,1,0.2
PRODUCT_113467,家用电器,价格贵,negative,1,1.0
PRODUCT_113469,图书音像,性价比高,positive,1,0.16666666666666666
PRODUCT_113491,电脑/办公,发货快,positive,1,0.5
PRODUCT_113491,电脑/办公,味道不错,positive,1,0.5
PRODUCT_113491,电脑/办公,外观好看,positive,1,0.5
PRODUCT_113544,美妆个护,会回购,positive,1,0.5
PRODUCT_113544,美妆个护,味道不错,positive,1,0.5
PRODUCT_113544,美妆个护,性价比高,positive,1,0.5
PRODUCT_113544,美妆个护,正品放心,positive,1,0.5
PRODUCT_113575,图书音像,很新鲜,positive,1,0.5
PRODUCT_113575,图书音像,很耐用,positive,1,0.5
PRODUCT_113575,图书音像,性价比高,positive,1,0.5
PRODUCT_113582,其他,包装好,positive,1,1.0
PRODUCT_113582,其他,性价比高,positive,1,1.0
PRODUCT_113633,图书音像,很新鲜,positive,1,1.0
PRODUCT_113648,母婴/玩具,容易坏,negative,1,1.0
PRODUCT_113840,美妆个护,正品放心,positive,1,1.0
PRODUCT_113922,图书音像,外观好看,positive,1,1.0
PRODUCT_11395,电脑/办公,外观一般,negative,1,0.2
PRODUCT_11395,电脑/办公,外观好看,positive,1,0.2
PRODUCT_11395,电脑/办公,正品放心,positive,1,0.2
PRODUCT_113964,家居生活,外观好看,positive,1,1.0
PRODUCT_113964,家居生活,质量好,positive,1,1.0
PRODUCT_114020,图书音像,正品放心,positive,1,1.0
PRODUCT_114095,图书音像,疑似假货,negative,1,0.5
PRODUCT_114127,手机/数码,正品放心,positive,1,1.0
PRODUCT_114160,图书音像,价格贵,negative,1,0.3333333333333333
PRODUCT_114160,图书音像,会回购,positive,1,0.3333333333333333
PRODUCT_114160,图书音像,内容不错,positive,1,0.3333333333333333
PRODUCT_114160,图书音像,很新鲜,positive,1,0.3333333333333333
PRODUCT_114165,美妆个护,味道不错,positive,1,1.0
PRODUCT_114198,图书音像,外观好看,positive,2,0.3333333333333333
PRODUCT_114198,图书音像,很新鲜,positive,1,0.16666666666666666
PRODUCT_114242,图书音像,性价比高,positive,1,0.3333333333333333
PRODUCT_114255,图书音像,质量差,negative,1,1.0
PRODUCT_114365,图书音像,会回购,positive,1,1.0
PRODUCT_114424,家居生活,不推荐,negative,1,0.5
PRODUCT_114424,家居生活,外观一般,negative,1,0.5
PRODUCT_114446,图书音像,内容不错,positive,1,1.0
PRODUCT_114464,图书音像,不推荐,negative,1,0.2
PRODUCT_114464,图书音像,性价比高,positive,1,0.2
PRODUCT_114488,图书音像,味道不错,positive,1,1.0
PRODUCT_114501,手机/数码,正品放心,positive,1,1.0
PRODUCT_114514,家用电器,会回购,positive,1,1.0
PRODUCT_114581,图书音像,质量好,positive,1,0.3333333333333333
PRODUCT_114595,图书音像,外观好看,positive,1,1.0
PRODUCT_114636,电脑/办公,正品放心,positive,2,0.4
PRODUCT_114636,电脑/办公,外观好看,positive,1,0.2
PRODUCT_114636,电脑/办公,很耐用,positive,1,0.2
PRODUCT_114746,电脑/办公,质量好,positive,2,0.25
PRODUCT_114746,电脑/办公,发货快,positive,1,0.125
PRODUCT_114746,电脑/办公,很耐用,positive,1,0.125
PRODUCT_114746,电脑/办公,性价比高,positive,1,0.125
PRODUCT_114746,电脑/办公,疑似假货,negative,1,0.125
PRODUCT_114746,电脑/办公,续航差,negative,1,0.125
PRODUCT_114751,图书音像,性价比高,positive,1,0.5
PRODUCT_114751,图书音像,正品放心,positive,1,0.5
PRODUCT_114817,鞋类箱包,质量差,negative,1,0.5
PRODUCT_114836,家用电器,质量好,positive,1,0.16666666666666666
PRODUCT_114887,家居生活,很耐用,positive,1,1.0
PRODUCT_11497,图书音像,正品放心,positive,1,1.0
PRODUCT_114980,图书音像,正品放心,positive,1,0.5
PRODUCT_114989,图书音像,质量好,positive,1,1.0
PRODUCT_115030,电脑/办公,价格贵,negative,1,0.1
PRODUCT_115030,电脑/办公,容易坏,negative,1,0.1
PRODUCT_115030,电脑/办公,正品放心,positive,1,0.1
PRODUCT_115030,电脑/办公,疑似假货,negative,1,0.1
PRODUCT_115030,电脑/办公,质量好,positive,1,0.1
PRODUCT_115122,其他,外观好看,positive,1,0.047619047619047616
PRODUCT_115122,其他,性价比高,positive,1,0.047619047619047616
PRODUCT_115125,手机/数码,价格贵,negative,1,1.0
PRODUCT_115146,图书音像,外观好看,positive,1,1.0
PRODUCT_115187,图书音像,内容不错,positive,1,0.5
PRODUCT_115206,图书音像,正品放心,positive,1,0.3333333333333333
PRODUCT_115210,图书音像,包装好,positive,1,1.0
PRODUCT_115228,家具/家装/建材,价格贵,negative,1,0.25
PRODUCT_115228,家具/家装/建材,包装差,negative,1,0.25
PRODUCT_115228,家具/家装/建材,发货快,positive,1,0.25
PRODUCT_115228,家具/家装/建材,容易坏,negative,1,0.25
PRODUCT_115228,家具/家装/建材,很耐用,positive,1,0.25
PRODUCT_115234,母婴/玩具,正品放心,positive,1,1.0
PRODUCT_115259,服饰服装,性价比高,positive,1,1.0
PRODUCT_115339,图书音像,外观好看,positive,1,1.0
PRODUCT_115417,图书音像,正品放心,positive,1,0.5
PRODUCT_115417,图书音像,质量差,negative,1,0.5
PRODUCT_115483,美妆个护,正品放心,positive,2,1.0
PRODUCT_11550,电脑/办公,质量差,negative,1,0.5
PRODUCT_115572,其他,外观好看,positive,1,0.25
PRODUCT_115580,美妆个护,外观好看,positive,1,0.5
PRODUCT_115627,电脑/办公,外观好看,positive,1,0.2
PRODUCT_115627,电脑/办公,尺码不准,negative,1,0.2
PRODUCT_115627,电脑/办公,质量好,positive,1,0.2
PRODUCT_115628,电脑/办公,很耐用,positive,1,0.5
PRODUCT_115637,图书音像,正品放心,positive,1,0.25
PRODUCT_115676,电脑/办公,容易坏,negative,1,0.5
PRODUCT_11568,手机/数码,味道一般,negative,1,0.3333333333333333
PRODUCT_115696,图书音像,尺码不准,negative,1,0.3333333333333333
PRODUCT_11585,母婴/玩具,外观一般,negative,1,1.0
PRODUCT_11585,母婴/玩具,外观好看,positive,1,1.0
PRODUCT_115922,家居生活,质量好,positive,1,1.0
PRODUCT_116041,图书音像,外观好看,positive,1,1.0
PRODUCT_116060,图书音像,味道不错,positive,1,0.08333333333333333
PRODUCT_116060,图书音像,外观一般,negative,1,0.08333333333333333
PRODUCT_116060,图书音像,外观好看,positive,1,0.08333333333333333
PRODUCT_116060,图书音像,容易坏,negative,1,0.08333333333333333
PRODUCT_116060,图书音像,很新鲜,positive,1,0.08333333333333333
PRODUCT_116159,手机/数码,正品放心,positive,2,0.4
PRODUCT_116178,图书音像,内容不错,positive,1,1.0
PRODUCT_116381,家居生活,正品放心,positive,1,1.0
PRODUCT_116394,手机/数码,外观好看,positive,1,0.5
PRODUCT_116399,图书音像,内容不错,positive,1,1.0
PRODUCT_116493,手机/数码,外观好看,positive,1,0.3333333333333333
PRODUCT_116690,其他,外观好看,positive,1,0.09090909090909091
PRODUCT_116717,电脑/办公,外观一般,negative,1,0.3333333333333333
PRODUCT_116717,电脑/办公,外观好看,positive,1,0.3333333333333333
PRODUCT_117036,图书音像,质量好,positive,1,0.5
PRODUCT_117115,手机/数码,不推荐,negative,1,0.2
PRODUCT_117115,手机/数码,外观好看,positive,1,0.2
PRODUCT_117115,手机/数码,很耐用,positive,1,0.2
PRODUCT_117115,手机/数码,续航差,negative,1,0.2
PRODUCT_117115,手机/数码,质量差,negative,1,0.2
PRODUCT_117221,图书音像,外观好看,positive,1,1.0
PRODUCT_117239,图书音像,性价比高,positive,1,1.0
PRODUCT_117404,美妆个护,疑似假货,negative,1,1.0
PRODUCT_117408,母婴/玩具,质量好,positive,2,0.2857142857142857
PRODUCT_117426,图书音像,质量好,positive,1,0.5
PRODUCT_117510,图书音像,正品放心,positive,1,0.5
PRODUCT_117554,图书音像,物流慢,negative,1,1.0
PRODUCT_117562,图书音像,尺码不准,negative,1,0.5
PRODUCT_117569,图书音像,会回购,positive,1,0.5
PRODUCT_117578,图书音像,会回购,positive,1,0.5
PRODUCT_117582,图书音像,包装差,negative,1,0.16666666666666666
PRODUCT_117593,图书音像,外观好看,positive,1,1.0
PRODUCT_117610,图书音像,正品放心,positive,2,0.08333333333333333
PRODUCT_117610,图书音像,质量好,positive,2,0.08333333333333333
PRODUCT_117616,图书音像,不推荐,negative,1,1.0
PRODUCT_11777,图书音像,质量好,positive,1,1.0
PRODUCT_117918,图书音像,正品放心,positive,1,1.0
PRODUCT_1180,图书音像,内容一般,negative,1,0.14285714285714285
PRODUCT_1180,图书音像,外观好看,positive,1,0.14285714285714285
PRODUCT_1180,图书音像,正品放心,positive,1,0.14285714285714285
PRODUCT_118185,其他,价格贵,negative,1,1.0
PRODUCT_118185,其他,质量好,positive,1,1.0
PRODUCT_118198,图书音像,正品放心,positive,1,1.0
PRODUCT_118222,图书音像,会回购,positive,1,1.0
PRODUCT_118222,图书音像,正品放心,positive,1,1.0
PRODUCT_118231,图书音像,会回购,positive,1,0.04
PRODUCT_118231,图书音像,外观好看,positive,1,0.04
PRODUCT_118231,图书音像,性价比高,positive,1,0.04
PRODUCT_118231,图书音像,质量好,positive,1,0.04
PRODUCT_118371,图书音像,正品放心,positive,1,1.0
PRODUCT_118528,美妆个护,价格贵,negative,1,0.2
PRODUCT_118528,美妆个护,味道不错,positive,1,0.2
PRODUCT_118528,美妆个护,正品放心,positive,1,0.2
PRODUCT_118528,美妆个护,疑似假货,negative,1,0.2
PRODUCT_118593,钟表/首饰/眼镜/礼品,很耐用,positive,1,1.0
PRODUCT_118682,图书音像,正品放心,positive,1,1.0
PRODUCT_118700,图书音像,内容一般,negative,1,0.5
PRODUCT_118729,图书音像,正品放心,positive,1,1.0
PRODUCT_118780,图书音像,会回购,positive,1,0.5
PRODUCT_118794,图书音像,正品放心,positive,1,1.0
PRODUCT_118797,家用电器,质量好,positive,1,0.5
PRODUCT_11880,图书音像,内容不错,positive,1,0.3333333333333333
PRODUCT_11880,图书音像,性价比高,positive,1,0.3333333333333333
PRODUCT_118814,图书音像,正品放心,positive,1,1.0
PRODUCT_118814,图书音像,质量好,positive,1,1.0
PRODUCT_118817,图书音像,外观好看,positive,1,0.08333333333333333
PRODUCT_118937,图书音像,包装差,negative,1,1.0
PRODUCT_118948,图书音像,很新鲜,positive,1,1.0
PRODUCT_119026,手机/数码,外观好看,positive,1,1.0
PRODUCT_119048,图书音像,容易坏,negative,1,0.5
PRODUCT_119094,图书音像,外观好看,positive,1,0.14285714285714285
PRODUCT_119152,家具/家装/建材,外观好看,positive,3,0.2
PRODUCT_119152,家具/家装/建材,性价比高,positive,2,0.13333333333333333
PRODUCT_119152,家具/家装/建材,质量好,positive,2,0.13333333333333333
PRODUCT_119152,家具/家装/建材,包装差,negative,1,0.06666666666666667
PRODUCT_119152,家具/家装/建材,很耐用,positive,1,0.06666666666666667
PRODUCT_119208,图书音像,很新鲜,positive,1,1.0
PRODUCT_119225,手机/数码,外观好看,positive,1,0.3333333333333333
PRODUCT_119327,图书音像,正品放心,positive,1,0.14285714285714285
PRODUCT_119330,图书音像,包装差,negative,1,1.0
PRODUCT_119413,图书音像,不推荐,negative,1,0.3333333333333333
PRODUCT_119413,图书音像,包装差,negative,1,0.3333333333333333
PRODUCT_119434,电脑/办公,容易坏,negative,1,1.0
PRODUCT_119435,美妆个护,正品放心,positive,1,0.3333333333333333
PRODUCT_119452,图书音像,内容不错,positive,1,1.0
PRODUCT_119452,图书音像,质量好,positive,1,1.0
PRODUCT_119558,图书音像,内容不错,positive,1,1.0
PRODUCT_11959,图书音像,外观好看,positive,1,0.5
PRODUCT_119641,图书音像,内容不错,positive,1,1.0
PRODUCT_119641,图书音像,疑似假货,negative,1,1.0
PRODUCT_11966,图书音像,外观好看,positive,1,1.0
PRODUCT_119734,图书音像,正品放心,positive,1,1.0
PRODUCT_119761,家居生活,味道不错,positive,1,1.0
PRODUCT_119776,手机/数码,正品放心,positive,1,1.0
PRODUCT_119803,图书音像,性价比高,positive,1,1.0
PRODUCT_119816,图书音像,外观好看,positive,3,0.1875
PRODUCT_119821,图书音像,内容不错,positive,1,0.3333333333333333
PRODUCT_119835,图书音像,内容不错,positive,1,1.0
PRODUCT_119884,美妆个护,味道不错,positive,2,0.6666666666666666
PRODUCT_119898,图书音像,正品放心,positive,1,1.0
PRODUCT_119903,图书音像,正品放心,positive,1,1.0
PRODUCT_119913,电脑/办公,质量好,positive,1,1.0
PRODUCT_119997,图书音像,质量好,positive,2,0.2222222222222222
PRODUCT_119997,图书音像,价格贵,negative,1,0.1111111111111111
PRODUCT_119997,图书音像,内容不错,positive,1,0.1111111111111111
PRODUCT_119997,图书音像,正品放心,positive,1,0.1111111111111111
PRODUCT_120020,图书音像,质量好,positive,2,0.16666666666666666
PRODUCT_120020,图书音像,内容不错,positive,1,0.08333333333333333
PRODUCT_120036,图书音像,外观好看,positive,1,1.0
PRODUCT_12007,图书音像,不推荐,negative,1,1.0
PRODUCT_12007,图书音像,正品放心,positive,1,1.0
PRODUCT_120078,电脑/办公,不推荐,negative,1,0.5
PRODUCT_120097,家用电器,性价比高,positive,1,1.0
PRODUCT_120117,家具/家装/建材,性价比高,positive,1,0.5
PRODUCT_120267,图书音像,不推荐,negative,1,1.0
PRODUCT_12029,图书音像,疑似假货,negative,1,0.3333333333333333
PRODUCT_120294,图书音像,正品放心,positive,1,1.0
PRODUCT_120308,图书音像,疑似假货,negative,1,1.0
PRODUCT_120326,图书音像,正品放心,positive,1,0.5
PRODUCT_120346,电脑/办公,正品放心,positive,2,0.2857142857142857
PRODUCT_120346,电脑/办公,外观好看,positive,1,0.14285714285714285
PRODUCT_120522,图书音像,内容不错,positive,1,1.0
PRODUCT_120559,图书音像,正品放心,positive,1,0.2
PRODUCT_120559,图书音像,疑似假货,negative,1,0.2
PRODUCT_120604,手机/数码,疑似假货,negative,1,1.0
PRODUCT_120628,手机/数码,正品放心,positive,1,0.3333333333333333
PRODUCT_120674,家用电器,性价比高,positive,1,0.5
PRODUCT_120713,图书音像,外观好看,positive,1,1.0
PRODUCT_120718,食品/保健,味道不错,positive,1,1.0
PRODUCT_120748,图书音像,包装差,negative,1,0.5
PRODUCT_120757,图书音像,味道不错,positive,1,1.0
PRODUCT_120761,图书音像,不推荐,negative,1,0.5
PRODUCT_120774,电脑/办公,质量好,positive,1,0.25
PRODUCT_120784,家居生活,质量差,negative,1,1.0
PRODUCT_12091,图书音像,外观好看,positive,1,0.2
PRODUCT_120946,图书音像,内容不错,positive,2,0.3333333333333333
PRODUCT_120984,美妆个护,味道不错,positive,1,0.3333333333333333
PRODUCT_120984,美妆个护,外观好看,positive,1,0.3333333333333333
PRODUCT_120993,图书音像,疑似假货,negative,1,1.0
PRODUCT_12105,图书音像,内容不错,positive,1,1.0
PRODUCT_12105,图书音像,包装差,negative,1,1.0
PRODUCT_121064,鞋类箱包,外观好看,positive,1,1.0
PRODUCT_121064,鞋类箱包,很耐用,positive,1,1.0
PRODUCT_121108,手机/数码,不推荐,negative,1,0.07692307692307693
PRODUCT_121108,手机/数码,价格贵,negative,1,0.07692307692307693
PRODUCT_121108,手机/数码,正品放心,positive,1,0.07692307692307693
PRODUCT_121108,手机/数码,质量好,positive,1,0.07692307692307693
PRODUCT_121126,图书音像,正品放心,positive,3,0.6
PRODUCT_121126,图书音像,发货快,positive,1,0.2
PRODUCT_121126,图书音像,质量好,positive,1,0.2
PRODUCT_121127,食品/保健,味道不错,positive,1,1.0
PRODUCT_121151,图书音像,性价比高,positive,1,0.5
PRODUCT_121157,电脑/办公,很耐用,positive,1,0.058823529411764705
PRODUCT_121157,电脑/办公,性价比高,positive,1,0.058823529411764705
PRODUCT_121157,电脑/办公,正品放心,positive,1,0.058823529411764705
PRODUCT_121157,电脑/办公,续航差,negative,1,0.058823529411764705
PRODUCT_121223,其他,疑似假货,negative,1,0.5
PRODUCT_12127,图书音像,质量好,positive,1,0.16666666666666666
PRODUCT_121277,图书音像,外观好看,positive,2,0.2222222222222222
PRODUCT_121277,图书音像,不推荐,negative,1,0.1111111111111111
PRODUCT_121305,图书音像,外观好看,positive,1,1.0
PRODUCT_121312,图书音像,疑似假货,negative,1,1.0
PRODUCT_121319,电脑/办公,容易坏,negative,1,0.16666666666666666
PRODUCT_121319,电脑/办公,质量好,positive,1,0.16666666666666666
PRODUCT_121366,图书音像,容易坏,negative,1,1.0
PRODUCT_121390,手机/数码,质量好,positive,2,0.4
PRODUCT_121390,手机/数码,外观好看,positive,1,0.2
PRODUCT_121439,母婴/玩具,内容一般,negative,1,1.0
PRODUCT_121514,家具/家装/建材,质量好,positive,1,1.0
PRODUCT_12166,图书音像,会回购,positive,1,0.07142857142857142
PRODUCT_12166,图书音像,发货快,positive,1,0.07142857142857142
PRODUCT_121688,电脑/办公,质量好,positive,1,0.3333333333333333
PRODUCT_121755,母婴/玩具,质量好,positive,1,1.0
PRODUCT_121837,图书音像,正品放心,positive,1,0.3333333333333333
PRODUCT_12186,图书音像,疑似假货,negative,1,0.3333333333333333
PRODUCT_121928,电脑/办公,外观好看,positive,1,1.0
PRODUCT_121958,家具/家装/建材,外观好看,positive,1,1.0
PRODUCT_121958,家具/家装/建材,性价比高,positive,1,1.0
PRODUCT_121958,家具/家装/建材,正品放心,positive,1,1.0
PRODUCT_122001,图书音像,价格贵,negative,1,0.25
PRODUCT_122156,图书音像,不推荐,negative,1,0.07692307692307693
PRODUCT_122156,图书音像,内容不错,positive,1,0.07692307692307693
PRODUCT_122156,图书音像,容易坏,negative,1,0.07692307692307693
PRODUCT_122156,图书音像,正品放心,positive,1,0.07692307692307693
PRODUCT_122156,图书音像,质量差,negative,1,0.07692307692307693
PRODUCT_122225,图书音像,性价比高,positive,1,1.0
PRODUCT_122475,图书音像,正品放心,positive,1,1.0
PRODUCT_1226,图书音像,不推荐,negative,1,1.0
PRODUCT_122822,图书音像,价格贵,negative,1,1.0
PRODUCT_122829,图书音像,性价比高,positive,1,1.0
PRODUCT_122871,图书音像,内容一般,negative,1,0.1
PRODUCT_122871,图书音像,很耐用,positive,1,0.1
PRODUCT_122871,图书音像,疑似假货,negative,1,0.1
PRODUCT_122906,图书音像,包装差,negative,2,0.18181818181818182
PRODUCT_122906,图书音像,质量好,positive,1,0.09090909090909091
PRODUCT_122934,图书音像,不推荐,negative,1,1.0
PRODUCT_122934,图书音像,会回购,positive,1,1.0
PRODUCT_122980,图书音像,性价比高,positive,2,0.125
PRODUCT_122980,图书音像,质量好,positive,1,0.0625
PRODUCT_122980,图书音像,质量差,negative,1,0.0625
PRODUCT_12300,图书音像,味道不错,positive,1,0.09090909090909091
PRODUCT_12300,图书音像,性价比高,positive,1,0.09090909090909091
PRODUCT_12300,图书音像,正品放心,positive,1,0.09090909090909091
PRODUCT_123000,图书音像,内容不错,positive,1,1.0
PRODUCT_123013,美妆个护,味道不错,positive,1,0.2
PRODUCT_123013,美妆个护,容易坏,negative,1,0.2
PRODUCT_123088,图书音像,内容不错,positive,1,1.0
PRODUCT_123172,图书音像,会回购,positive,1,0.3333333333333333
PRODUCT_12328,美妆个护,外观一般,negative,1,0.3333333333333333
PRODUCT_12328,美妆个护,很耐用,positive,1,0.3333333333333333
PRODUCT_12328,美妆个护,疑似假货,negative,1,0.3333333333333333
PRODUCT_12328,美妆个护,续航差,negative,1,0.3333333333333333
PRODUCT_12329,图书音像,质量好,positive,1,0.14285714285714285
PRODUCT_123290,图书音像,质量差,negative,1,1.0
PRODUCT_123335,图书音像,质量差,negative,1,0.2
PRODUCT_123348,图书音像,内容不错,positive,1,1.0
PRODUCT_123348,图书音像,正品放心,positive,1,1.0
PRODUCT_123348,图书音像,质量差,negative,1,1.0
PRODUCT_123353,图书音像,质量好,positive,1,1.0
PRODUCT_123584,图书音像,正品放心,positive,1,0.5
PRODUCT_123627,图书音像,内容不错,positive,1,0.16666666666666666
PRODUCT_123627,图书音像,包装差,negative,1,0.16666666666666666
PRODUCT_123631,图书音像,很新鲜,positive,1,1.0
PRODUCT_123649,图书音像,性价比高,positive,1,0.25
PRODUCT_123649,图书音像,正品放心,positive,1,0.25
PRODUCT_123663,图书音像,质量好,positive,1,1.0
PRODUCT_123671,图书音像,价格贵,negative,1,1.0
PRODUCT_123685,图书音像,包装差,negative,1,0.5
PRODUCT_123717,图书音像,不推荐,negative,1,1.0
PRODUCT_123744,图书音像,内容不错,positive,1,0.5
PRODUCT_123838,图书音像,外观好看,positive,1,1.0
PRODUCT_12384,图书音像,内容不错,positive,1,1.0
PRODUCT_123880,图书音像,疑似假货,negative,1,0.16666666666666666
PRODUCT_123909,图书音像,内容不错,positive,1,1.0
PRODUCT_123976,图书音像,外观一般,negative,1,0.5
PRODUCT_123976,图书音像,外观好看,positive,1,0.5
PRODUCT_123976,图书音像,正品放心,positive,1,0.5
PRODUCT_123990,图书音像,外观好看,positive,2,0.2
PRODUCT_123990,图书音像,外观一般,negative,1,0.1
PRODUCT_123990,图书音像,质量差,negative,1,0.1
PRODUCT_124013,图书音像,很新鲜,positive,1,0.5
PRODUCT_12403,家居生活,容易坏,negative,1,0.14285714285714285
PRODUCT_12403,家居生活,很耐用,positive,1,0.14285714285714285
PRODUCT_124052,图书音像,正品放心,positive,1,0.25
PRODUCT_124072,图书音像,外观好看,positive,1,0.5
PRODUCT_124089,家用电器,外观好看,positive,1,0.16666666666666666
PRODUCT_1241,图书音像,性价比高,positive,1,1.0
PRODUCT_12411,图书音像,包装好,positive,1,0.07142857142857142
PRODUCT_12411,图书音像,外观好看,positive,1,0.07142857142857142
PRODUCT_12411,图书音像,正品放心,positive,1,0.07142857142857142
PRODUCT_124147,图书音像,疑似假货,negative,1,0.5
PRODUCT_124152,图书音像,性价比高,positive,1,0.25
PRODUCT_124197,图书音像,正品放心,positive,1,0.3333333333333333
PRODUCT_124206,母婴/玩具,价格贵,negative,1,0.3333333333333333
PRODUCT_124225,图书音像,内容不错,positive,1,1.0
PRODUCT_124225,图书音像,包装好,positive,1,1.0
PRODUCT_124242,图书音像,正品放心,positive,1,0.5
PRODUCT_124281,图书音像,味道一般,negative,1,1.0
PRODUCT_124354,图书音像,性价比高,positive,1,0.5
PRODUCT_124354,图书音像,质量好,positive,1,0.5
PRODUCT_124428,家居生活,外观好看,positive,1,1.0
PRODUCT_124428,家居生活,正品放心,positive,1,1.0
PRODUCT_124477,图书音像,内容不错,positive,1,0.25
PRODUCT_124477,图书音像,味道不错,positive,1,0.25
PRODUCT_124477,图书音像,正品放心,positive,1,0.25
PRODUCT_124477,图书音像,质量好,positive,1,0.25
PRODUCT_124537,图书音像,正品放心,positive,1,1.0
PRODUCT_12455,图书音像,内容不错,positive,1,0.2
PRODUCT_124579,图书音像,质量好,positive,1,0.14285714285714285
PRODUCT_12459,其他,味道不错,positive,1,0.16666666666666666
PRODUCT_12459,其他,容易坏,negative,1,0.16666666666666666
PRODUCT_12459,其他,正品放心,positive,1,0.16666666666666666
PRODUCT_124602,图书音像,内容一般,negative,1,0.08333333333333333
PRODUCT_124602,图书音像,很新鲜,positive,1,0.08333333333333333
PRODUCT_124602,图书音像,正品放心,positive,1,0.08333333333333333
PRODUCT_124602,图书音像,质量差,negative,1,0.08333333333333333
PRODUCT_124644,图书音像,质量差,negative,2,0.16666666666666666
PRODUCT_124644,图书音像,会回购,positive,1,0.08333333333333333
PRODUCT_124644,图书音像,外观好看,positive,1,0.08333333333333333
PRODUCT_124723,图书音像,内容一般,negative,1,1.0
PRODUCT_124723,图书音像,性价比高,positive,1,1.0
PRODUCT_124725,服饰服装,质量好,positive,1,1.0
PRODUCT_124766,图书音像,外观好看,positive,1,0.5
PRODUCT_124784,运动户外,外观一般,negative,1,1.0
PRODUCT_124832,美妆个护,正品放心,positive,1,0.5
PRODUCT_124832,美妆个护,疑似假货,negative,1,0.5
PRODUCT_124840,家用电器,性价比高,positive,1,1.0
PRODUCT_124842,图书音像,正品放心,positive,1,1.0
PRODUCT_124878,图书音像,正品放心,positive,1,1.0
PRODUCT_12490,图书音像,疑似假货,negative,1,1.0
PRODUCT_124907,图书音像,质量差,negative,1,0.3333333333333333
PRODUCT_124919,手机/数码,不推荐,negative,1,1.0
PRODUCT_12492,图书音像,外观一般,negative,1,0.06666666666666667
PRODUCT_12492,图书音像,性价比高,positive,1,0.06666666666666667
PRODUCT_12492,图书音像,疑似假货,negative,1,0.06666666666666667
PRODUCT_12494,图书音像,疑似假货,negative,1,1.0
PRODUCT_124947,电脑/办公,性价比高,positive,2,0.1
PRODUCT_124947,电脑/办公,质量好,positive,2,0.1
PRODUCT_124947,电脑/办公,不推荐,negative,1,0.05
PRODUCT_124947,电脑/办公,质量差,negative,1,0.05
PRODUCT_125095,图书音像,质量好,positive,1,1.0
PRODUCT_125116,图书音像,不推荐,negative,1,1.0
PRODUCT_125117,图书音像,疑似假货,negative,1,0.25
PRODUCT_125146,图书音像,质量好,positive,1,0.5
PRODUCT_125160,图书音像,内容不错,positive,3,0.5
PRODUCT_125160,图书音像,外观好看,positive,1,0.16666666666666666
PRODUCT_125219,图书音像,质量好,positive,1,1.0
PRODUCT_125245,图书音像,内容不错,positive,1,1.0
PRODUCT_125250,家用电器,外观好看,positive,1,1.0
PRODUCT_125273,美妆个护,正品放心,positive,2,0.18181818181818182
PRODUCT_125273,美妆个护,容易坏,negative,1,0.09090909090909091
PRODUCT_125281,图书音像,外观好看,positive,1,0.5
PRODUCT_125281,图书音像,正品放心,positive,1,0.5
PRODUCT_125335,图书音像,不推荐,negative,1,0.3333333333333333
PRODUCT_125335,图书音像,疑似假货,negative,1,0.3333333333333333
PRODUCT_125365,美妆个护,味道不错,positive,1,1.0
PRODUCT_125393,食品/保健,味道不错,positive,1,1.0
PRODUCT_125497,图书音像,质量好,positive,1,1.0
PRODUCT_125529,手机/数码,会回购,positive,1,1.0
PRODUCT_125563,手机/数码,容易坏,negative,2,0.18181818181818182
PRODUCT_125563,手机/数码,不推荐,negative,1,0.09090909090909091
PRODUCT_125563,手机/数码,价格贵,negative,1,0.09090909090909091
PRODUCT_125563,手机/数码,疑似假货,negative,1,0.09090909090909091
PRODUCT_125563,手机/数码,质量差,negative,1,0.09090909090909091
PRODUCT_125678,美妆个护,味道不错,positive,1,1.0
PRODUCT_12572,图书音像,外观一般,negative,1,1.0
PRODUCT_125753,图书音像,疑似假货,negative,1,0.14285714285714285
PRODUCT_125792,钟表/首饰/眼镜/礼品,正品放心,positive,1,1.0
PRODUCT_125792,钟表/首饰/眼镜/礼品,疑似假货,negative,1,1.0
PRODUCT_125844,图书音像,疑似假货,negative,1,0.5
PRODUCT_125857,图书音像,正品放心,positive,1,0.3333333333333333
PRODUCT_125913,图书音像,尺码不准,negative,1,1.0
PRODUCT_125946,手机/数码,正品放心,positive,1,1.0
PRODUCT_125975,图书音像,很新鲜,positive,2,0.18181818181818182
PRODUCT_125975,图书音像,内容不错,positive,1,0.09090909090909091
PRODUCT_125975,图书音像,疑似假货,negative,1,0.09090909090909091
PRODUCT_125989,图书音像,正品放心,positive,1,1.0
PRODUCT_125998,图书音像,外观好看,positive,1,0.1111111111111111
PRODUCT_125998,图书音像,质量差,negative,1,0.1111111111111111
PRODUCT_126107,图书音像,内容不错,positive,1,1.0
PRODUCT_12612,图书音像,正品放心,positive,1,1.0
PRODUCT_126130,家具/家装/建材,很耐用,positive,1,0.5
PRODUCT_126232,家用电器,外观好看,positive,1,0.5
PRODUCT_126252,鞋类箱包,内容一般,negative,1,0.5
PRODUCT_126252,鞋类箱包,发货快,positive,1,0.5
PRODUCT_126252,鞋类箱包,外观好看,positive,1,0.5
PRODUCT_126282,图书音像,很新鲜,positive,1,1.0
PRODUCT_126332,图书音像,外观一般,negative,1,1.0
PRODUCT_126372,母婴/玩具,外观好看,positive,1,1.0
PRODUCT_126386,图书音像,正品放心,positive,2,0.16666666666666666
PRODUCT_126386,图书音像,质量好,positive,1,0.08333333333333333
PRODUCT_126387,电脑/办公,正品放心,positive,2,0.5
PRODUCT_126387,电脑/办公,性价比高,positive,1,0.25
PRODUCT_126488,图书音像,外观好看,positive,1,0.3333333333333333
PRODUCT_126716,图书音像,性价比高,positive,2,1.0
PRODUCT_126716,图书音像,外观好看,positive,1,0.5
PRODUCT_12678,图书音像,味道不错,positive,1,0.3333333333333333
PRODUCT_12678,图书音像,外观好看,positive,1,0.3333333333333333
PRODUCT_126810,图书音像,外观好看,positive,1,1.0
PRODUCT_126825,家居生活,质量差,negative,1,0.5
PRODUCT_126835,电脑/办公,内容一般,negative,1,1.0
PRODUCT_126914,电脑/办公,外观好看,positive,2,0.4
PRODUCT_126914,电脑/办公,很耐用,positive,1,0.2
PRODUCT_12695,图书音像,内容不错,positive,1,1.0
PRODUCT_126960,图书音像,正品放心,positive,1,0.3333333333333333
PRODUCT_126960,图书音像,质量好,positive,1,0.3333333333333333
PRODUCT_12699,图书音像,质量好,positive,1,0.25
PRODUCT_12710,图书音像,内容不错,positive,1,0.1111111111111111
PRODUCT_127165,图书音像,正品放心,positive,1,0.5
PRODUCT_12720,图书音像,正品放心,positive,1,1.0
PRODUCT_12736,电脑/办公,不推荐,negative,1,0.1111111111111111
PRODUCT_12736,电脑/办公,会回购,positive,1,0.1111111111111111
PRODUCT_12736,电脑/办公,尺码不准,negative,1,0.1111111111111111
PRODUCT_12739,图书音像,内容不错,positive,1,1.0
PRODUCT_127437,手机/数码,客服好,positive,1,0.5
PRODUCT_127437,手机/数码,性价比高,positive,1,0.5
PRODUCT_127464,图书音像,会回购,positive,1,0.125
PRODUCT_127464,图书音像,外观好看,positive,1,0.125
PRODUCT_12753,图书音像,性价比高,positive,1,0.3333333333333333
PRODUCT_127584,手机/数码,正品放心,positive,1,1.0
PRODUCT_127618,家具/家装/建材,很耐用,positive,1,0.5
PRODUCT_127618,家具/家装/建材,性价比高,positive,1,0.5
PRODUCT_127634,电脑/办公,外观好看,positive,1,0.1
PRODUCT_127634,电脑/办公,容易坏,negative,1,0.1
PRODUCT_127634,电脑/办公,很耐用,positive,1,0.1
PRODUCT_127634,电脑/办公,正品放心,positive,1,0.1
PRODUCT_127709,图书音像,性价比高,positive,1,0.5
PRODUCT_127716,图书音像,质量差,negative,1,1.0
PRODUCT_127731,图书音像,正品放心,positive,1,1.0
PRODUCT_127731,图书音像,质量好,positive,1,1.0
PRODUCT_127734,手机/数码,发货快,positive,1,0.09090909090909091
PRODUCT_127734,手机/数码,外观好看,positive,1,0.09090909090909091
PRODUCT_127734,手机/数码,质量差,negative,1,0.09090909090909091
PRODUCT_12784,母婴/玩具,价格贵,negative,1,1.0
PRODUCT_12787,图书音像,正品放心,positive,1,0.5
PRODUCT_127899,手机/数码,很耐用,positive,1,0.5
PRODUCT_127899,手机/数码,续航差,negative,1,0.5
PRODUCT_127948,图书音像,性价比高,positive,1,1.0
PRODUCT_127990,电脑/办公,容易坏,negative,1,0.2
PRODUCT_128070,图书音像,内容一般,negative,2,0.25
PRODUCT_128070,图书音像,价格贵,negative,1,0.125
PRODUCT_128070,图书音像,尺码合适,positive,1,0.125
PRODUCT_128070,图书音像,正品放心,positive,1,0.125
PRODUCT_128070,图书音像,疑似假货,negative,1,0.125
PRODUCT_128097,手机/数码,味道不错,positive,1,1.0
PRODUCT_128097,手机/数码,很新鲜,positive,1,1.0
PRODUCT_128115,图书音像,外观好看,positive,1,0.5
PRODUCT_12820,图书音像,质量好,positive,1,1.0
PRODUCT_128236,电脑/办公,质量好,positive,1,1.0
PRODUCT_128237,图书音像,疑似假货,negative,1,0.25
PRODUCT_128237,图书音像,质量好,positive,1,0.25
PRODUCT_128348,图书音像,疑似假货,negative,1,0.5
PRODUCT_128521,图书音像,内容不错,positive,1,0.5
PRODUCT_128640,手机/数码,正品放心,positive,1,1.0
PRODUCT_128640,手机/数码,质量差,negative,1,1.0
PRODUCT_128685,图书音像,包装好,positive,1,0.3333333333333333
PRODUCT_128817,图书音像,内容不错,positive,1,1.0
PRODUCT_128830,图书音像,质量好,positive,1,1.0
PRODUCT_128868,图书音像,容易坏,negative,1,0.5
PRODUCT_12887,图书音像,会回购,positive,1,1.0
PRODUCT_12891,图书音像,外观好看,positive,1,1.0
PRODUCT_128937,图书音像,性价比高,positive,1,0.07692307692307693
PRODUCT_128937,图书音像,质量好,positive,1,0.07692307692307693
PRODUCT_12905,图书音像,正品放心,positive,2,0.5
PRODUCT_12905,图书音像,不推荐,negative,1,0.25
PRODUCT_12907,图书音像,疑似假货,negative,1,0.3333333333333333
PRODUCT_12917,美妆个护,味道不错,positive,1,0.5
PRODUCT_129311,图书音像,包装好,positive,1,1.0
PRODUCT_129314,美妆个护,外观好看,positive,1,0.5
PRODUCT_129348,美妆个护,味道不错,positive,3,0.21428571428571427
PRODUCT_129348,美妆个护,价格贵,negative,1,0.07142857142857142
PRODUCT_129348,美妆个护,性价比高,positive,1,0.07142857142857142
PRODUCT_129351,母婴/玩具,很耐用,positive,1,1.0
PRODUCT_129370,美妆个护,正品放心,positive,2,0.1111111111111111
PRODUCT_129370,美妆个护,味道不错,positive,1,0.05555555555555555
PRODUCT_129370,美妆个护,容易坏,negative,1,0.05555555555555555
PRODUCT_129370,美妆个护,性价比高,positive,1,0.05555555555555555
PRODUCT_129434,图书音像,正品放心,positive,2,0.5
PRODUCT_129461,图书音像,不推荐,negative,1,0.2
PRODUCT_129479,图书音像,内容一般,negative,1,0.25
PRODUCT_129564,图书音像,质量好,positive,1,1.0
PRODUCT_129610,图书音像,外观一般,negative,1,1.0
PRODUCT_129610,图书音像,外观好看,positive,1,1.0
PRODUCT_129618,图书音像,正品放心,positive,3,0.23076923076923078
PRODUCT_129618,图书音像,质量好,positive,2,0.15384615384615385
PRODUCT_129618,图书音像,味道不错,positive,1,0.07692307692307693
PRODUCT_129618,图书音像,外观好看,positive,1,0.07692307692307693
PRODUCT_129639,图书音像,内容不错,positive,1,0.0625
PRODUCT_12972,图书音像,包装好,positive,1,1.0
PRODUCT_12972,图书音像,包装差,negative,1,1.0
PRODUCT_129723,钟表/首饰/眼镜/礼品,外观好看,positive,1,1.0
PRODUCT_129793,图书音像,不推荐,negative,2,1.0
PRODUCT_129848,图书音像,不推荐,negative,1,0.5
PRODUCT_129920,图书音像,质量差,negative,1,0.5
PRODUCT_129961,图书音像,外观好看,positive,1,0.5
PRODUCT_129999,图书音像,外观好看,positive,1,1.0
PRODUCT_130000,图书音像,性价比高,positive,1,0.5
PRODUCT_130000,图书音像,正品放心,positive,1,0.5
PRODUCT_130045,图书音像,味道一般,negative,1,1.0
PRODUCT_130055,图书音像,正品放心,positive,1,1.0
PRODUCT_130068,图书音像,疑似假货,negative,1,0.5
PRODUCT_13009,钟表/首饰/眼镜/礼品,不推荐,negative,1,0.5
PRODUCT_1301,家居生活,性价比高,positive,1,0.3333333333333333
PRODUCT_1301,家居生活,正品放心,positive,1,0.3333333333333333
PRODUCT_130121,图书音像,外观好看,positive,1,0.5
PRODUCT_130121,图书音像,正品放心,positive,1,0.5
PRODUCT_130129,美妆个护,味道不错,positive,1,1.0
PRODUCT_13019,电脑/办公,性价比高,positive,1,1.0
PRODUCT_130203,图书音像,很耐用,positive,1,0.08333333333333333
PRODUCT_130203,图书音像,疑似假货,negative,1,0.08333333333333333
PRODUCT_130241,图书音像,外观好看,positive,1,0.16666666666666666
PRODUCT_130259,图书音像,很新鲜,positive,1,1.0
PRODUCT_130259,图书音像,正品放心,positive,1,1.0
PRODUCT_130344,图书音像,不推荐,negative,1,1.0
PRODUCT_130371,美妆个护,不推荐,negative,1,0.3333333333333333
PRODUCT_130393,家用电器,会回购,positive,1,0.1111111111111111
PRODUCT_130393,家用电器,外观好看,positive,1,0.1111111111111111
PRODUCT_130393,家用电器,性价比高,positive,1,0.1111111111111111
PRODUCT_130405,电脑/办公,正品放心,positive,1,1.0
PRODUCT_130408,图书音像,价格贵,negative,1,1.0
PRODUCT_130408,图书音像,内容不错,positive,1,1.0
PRODUCT_130445,图书音像,内容一般,negative,1,0.16666666666666666
PRODUCT_130445,图书音像,外观好看,positive,1,0.16666666666666666
PRODUCT_130445,图书音像,性价比高,positive,1,0.16666666666666666
PRODUCT_130445,图书音像,质量好,positive,1,0.16666666666666666
PRODUCT_130542,图书音像,会回购,positive,1,0.14285714285714285
PRODUCT_130542,图书音像,外观好看,positive,1,0.14285714285714285
PRODUCT_130542,图书音像,质量好,positive,1,0.14285714285714285
PRODUCT_130578,图书音像,包装差,negative,1,0.25
PRODUCT_130578,图书音像,正品放心,positive,1,0.25
PRODUCT_130578,图书音像,质量好,positive,1,0.25
PRODUCT_130593,图书音像,会回购,positive,1,0.5
PRODUCT_130593,图书音像,外观好看,positive,1,0.5
PRODUCT_130680,图书音像,性价比高,positive,1,0.2
PRODUCT_130682,图书音像,疑似假货,negative,2,0.14285714285714285
PRODUCT_130682,图书音像,包装好,positive,1,0.07142857142857142
PRODUCT_130689,家用电器,会回购,positive,1,0.2
PRODUCT_130689,家用电器,正品放心,positive,1,0.2
PRODUCT_130740,图书音像,外观好看,positive,1,1.0
PRODUCT_130740,图书音像,疑似假货,negative,1,1.0
PRODUCT_130772,电脑/办公,性价比高,positive,1,1.0
PRODUCT_130833,图书音像,质量好,positive,1,1.0
PRODUCT_130841,图书音像,会回购,positive,1,0.5
PRODUCT_130841,图书音像,质量好,positive,1,0.5
PRODUCT_130905,家用电器,味道不错,positive,2,0.5
PRODUCT_130960,美妆个护,味道不错,positive,2,1.0
PRODUCT_131026,家用电器,外观好看,positive,1,1.0
PRODUCT_131030,图书音像,质量好,positive,1,0.3333333333333333
PRODUCT_131037,美妆个护,味道不错,positive,2,0.4
PRODUCT_131073,母婴/玩具,质量好,positive,1,0.3333333333333333
PRODUCT_131091,图书音像,内容不错,positive,1,0.3333333333333333
PRODUCT_131096,其他,很耐用,positive,1,1.0
PRODUCT_131096,其他,疑似假货,negative,1,1.0
PRODUCT_131116,图书音像,性价比高,positive,1,1.0
PRODUCT_13117,电脑/办公,容易坏,negative,1,0.5
PRODUCT_131209,美妆个护,正品放心,positive,1,1.0
PRODUCT_131210,家居生活,性价比高,positive,1,1.0
PRODUCT_131210,家居生活,正品放心,positive,1,1.0
PRODUCT_131224,图书音像,内容不错,positive,1,1.0
PRODUCT_131297,图书音像,质量好,positive,1,1.0
PRODUCT_131318,电脑/办公,包装好,positive,1,0.25
PRODUCT_131318,电脑/办公,性价比高,positive,1,0.25
PRODUCT_131318,电脑/办公,正品放心,positive,1,0.25
PRODUCT_131372,图书音像,不推荐,negative,1,1.0
PRODUCT_131372,图书音像,味道不错,positive,1,1.0
PRODUCT_131424,图书音像,不推荐,negative,1,1.0
PRODUCT_131447,图书音像,不推荐,negative,1,0.3333333333333333
PRODUCT_131447,图书音像,外观好看,positive,1,0.3333333333333333
PRODUCT_131475,图书音像,外观好看,positive,1,0.07142857142857142
PRODUCT_131506,美妆个护,正品放心,positive,1,1.0
PRODUCT_131512,图书音像,性价比高,positive,1,0.5
PRODUCT_131580,钟表/首饰/眼镜/礼品,外观好看,positive,1,0.3333333333333333
PRODUCT_131602,图书音像,外观好看,positive,11,0.24444444444444444
PRODUCT_131602,图书音像,性价比高,positive,2,0.044444444444444446
PRODUCT_131602,图书音像,会回购,positive,1,0.022222222222222223
PRODUCT_131602,图书音像,包装好,positive,1,0.022222222222222223
PRODUCT_131602,图书音像,正品放心,positive,1,0.022222222222222223
PRODUCT_131605,家居生活,正品放心,positive,1,0.3333333333333333
PRODUCT_131608,手机/数码,性价比高,positive,1,1.0
PRODUCT_131608,手机/数码,正品放心,positive,1,1.0
PRODUCT_131638,图书音像,内容不错,positive,1,1.0
PRODUCT_131746,图书音像,外观好看,positive,2,1.0
PRODUCT_131746,图书音像,质量好,positive,1,0.5
PRODUCT_13176,图书音像,内容不错,positive,1,0.25
PRODUCT_131774,图书音像,性价比高,positive,1,0.5
PRODUCT_131810,电脑/办公,外观好看,positive,1,1.0
PRODUCT_131904,图书音像,很新鲜,positive,1,1.0
PRODUCT_131967,其他,不推荐,negative,1,1.0
PRODUCT_131975,图书音像,价格贵,negative,1,1.0
PRODUCT_1320,图书音像,正品放心,positive,2,0.16666666666666666
PRODUCT_1320,图书音像,质量好,positive,2,0.16666666666666666
PRODUCT_1320,图书音像,容易坏,negative,1,0.08333333333333333
PRODUCT_1320,图书音像,很新鲜,positive,1,0.08333333333333333
PRODUCT_132109,图书音像,性价比高,positive,2,0.3333333333333333
PRODUCT_132109,图书音像,正品放心,positive,1,0.16666666666666666
PRODUCT_132109,图书音像,疑似假货,negative,1,0.16666666666666666
PRODUCT_132125,图书音像,不推荐,negative,1,0.3333333333333333
PRODUCT_132190,电脑/办公,外观好看,positive,1,0.5
PRODUCT_132190,电脑/办公,质量好,positive,1,0.5
PRODUCT_132253,图书音像,正品放心,positive,1,0.3333333333333333
PRODUCT_132260,图书音像,外观好看,positive,2,0.6666666666666666
PRODUCT_132294,其他,容易坏,negative,1,1.0
PRODUCT_132294,其他,正品放心,positive,1,1.0
PRODUCT_132423,图书音像,内容不错,positive,1,0.3333333333333333
PRODUCT_132437,家用电器,发货快,positive,1,1.0
PRODUCT_132495,运动户外,不推荐,negative,1,1.0
PRODUCT_132513,图书音像,正品放心,positive,1,1.0
PRODUCT_132545,母婴/玩具,内容一般,negative,1,0.3333333333333333
PRODUCT_132545,母婴/玩具,质量差,negative,1,0.3333333333333333
PRODUCT_132650,图书音像,正品放心,positive,1,1.0
PRODUCT_132697,图书音像,疑似假货,negative,1,1.0
PRODUCT_132716,图书音像,很新鲜,positive,1,1.0
PRODUCT_132817,手机/数码,价格贵,negative,1,1.0
PRODUCT_132817,手机/数码,外观好看,positive,1,1.0
PRODUCT_132817,手机/数码,很新鲜,positive,1,1.0
PRODUCT_132817,手机/数码,很耐用,positive,1,1.0
PRODUCT_132817,手机/数码,性价比高,positive,1,1.0
PRODUCT_132817,手机/数码,正品放心,positive,1,1.0
PRODUCT_132817,手机/数码,疑似假货,negative,1,1.0
PRODUCT_132832,图书音像,外观好看,positive,1,1.0
PRODUCT_132832,图书音像,很新鲜,positive,1,1.0
PRODUCT_132874,图书音像,疑似假货,negative,1,1.0
PRODUCT_132896,美妆个护,疑似假货,negative,1,1.0
PRODUCT_132908,电脑/办公,尺码不准,negative,1,1.0
PRODUCT_132912,图书音像,外观一般,negative,1,1.0
PRODUCT_132912,图书音像,外观好看,positive,1,1.0
PRODUCT_132915,鞋类箱包,尺码不准,negative,1,0.3333333333333333
PRODUCT_132915,鞋类箱包,性价比高,positive,1,0.3333333333333333
PRODUCT_132990,手机/数码,不推荐,negative,1,0.25
PRODUCT_132990,手机/数码,外观好看,positive,1,0.25
PRODUCT_132998,图书音像,内容不错,positive,1,1.0
PRODUCT_133032,图书音像,性价比高,positive,1,1.0
PRODUCT_133128,图书音像,外观好看,positive,2,0.2857142857142857
PRODUCT_133128,图书音像,质量好,positive,1,0.14285714285714285
PRODUCT_13313,图书音像,外观好看,positive,1,0.3333333333333333
PRODUCT_133188,图书音像,正品放心,positive,1,0.3333333333333333
PRODUCT_133279,电脑/办公,性价比高,positive,1,0.5
PRODUCT_133283,电脑/办公,正品放心,positive,1,0.2
PRODUCT_133285,手机/数码,外观好看,positive,2,0.6666666666666666
PRODUCT_13329,图书音像,不推荐,negative,1,1.0
PRODUCT_133293,图书音像,性价比高,positive,1,1.0
PRODUCT_133293,图书音像,正品放心,positive,1,1.0
PRODUCT_133297,图书音像,内容不错,positive,1,1.0
PRODUCT_133342,图书音像,味道不错,positive,1,1.0
PRODUCT_133342,图书音像,外观好看,positive,1,1.0
PRODUCT_133354,图书音像,外观好看,positive,1,0.5
PRODUCT_133354,图书音像,正品放心,positive,1,0.5
PRODUCT_133374,手机/数码,价格贵,negative,1,1.0
PRODUCT_133374,手机/数码,内容一般,negative,1,1.0
PRODUCT_133379,图书音像,正品放心,positive,1,0.1
PRODUCT_133482,图书音像,味道不错,positive,1,1.0
PRODUCT_133494,图书音像,外观好看,positive,2,0.6666666666666666
PRODUCT_133519,图书音像,包装差,negative,1,1.0
PRODUCT_133574,鞋类箱包,外观好看,positive,1,1.0
PRODUCT_133574,鞋类箱包,质量差,negative,1,1.0
PRODUCT_133693,图书音像,质量差,negative,1,1.0
PRODUCT_133723,图书音像,外观好看,positive,1,0.14285714285714285
PRODUCT_13376,图书音像,外观好看,positive,2,0.4
PRODUCT_13376,图书音像,性价比高,positive,1,0.2
PRODUCT_133790,图书音像,性价比高,positive,1,0.5
PRODUCT_133810,图书音像,价格贵,negative,1,1.0
PRODUCT_133843,图书音像,内容不错,positive,1,0.5
PRODUCT_133910,图书音像,会回购,positive,1,1.0
PRODUCT_134014,图书音像,质量差,negative,1,0.16666666666666666
PRODUCT_134023,图书音像,外观好看,positive,1,0.3333333333333333
PRODUCT_134030,电脑/办公,发货快,positive,1,0.5
PRODUCT_134030,电脑/办公,外观好看,positive,1,0.5
PRODUCT_134040,手机/数码,性价比高,positive,1,0.2
PRODUCT_134054,其他,正品放心,positive,1,1.0
PRODUCT_13417,图书音像,质量好,positive,1,0.3333333333333333
PRODUCT_13431,图书音像,正品放心,positive,1,0.3333333333333333
PRODUCT_134344,图书音像,不推荐,negative,1,0.3333333333333333
PRODUCT_134344,图书音像,外观好看,positive,1,0.3333333333333333
PRODUCT_134565,图书音像,包装差,negative,1,1.0
PRODUCT_134568,图书音像,外观好看,positive,1,1.0
PRODUCT_134589,图书音像,疑似假货,negative,1,0.14285714285714285
PRODUCT_134774,电脑/办公,质量好,positive,1,0.25
PRODUCT_134777,手机/数码,正品放心,positive,1,0.25
PRODUCT_134787,美妆个护,外观好看,positive,1,0.08333333333333333
PRODUCT_134787,美妆个护,正品放心,positive,1,0.08333333333333333
PRODUCT_134787,美妆个护,疑似假货,negative,1,0.08333333333333333
PRODUCT_13484,美妆个护,味道不错,positive,1,0.3333333333333333
PRODUCT_134873,图书音像,外观好看,positive,1,1.0
PRODUCT_134916,图书音像,内容不错,positive,1,0.25
PRODUCT_135029,图书音像,外观好看,positive,1,0.5
PRODUCT_135062,图书音像,包装差,negative,1,0.3333333333333333
PRODUCT_135062,图书音像,疑似假货,negative,1,0.3333333333333333
PRODUCT_135156,图书音像,疑似假货,negative,1,1.0
PRODUCT_135156,图书音像,质量差,negative,1,1.0
PRODUCT_135176,图书音像,内容不错,positive,1,1.0
PRODUCT_135178,图书音像,内容一般,negative,1,1.0
PRODUCT_13521,图书音像,内容不错,positive,1,0.3333333333333333
PRODUCT_135251,图书音像,会回购,positive,1,1.0
PRODUCT_135269,图书音像,质量好,positive,2,0.10526315789473684
PRODUCT_135269,图书音像,很耐用,positive,1,0.05263157894736842
PRODUCT_135269,图书音像,性价比高,positive,1,0.05263157894736842
PRODUCT_135269,图书音像,质量差,negative,1,0.05263157894736842
PRODUCT_135296,图书音像,不推荐,negative,1,1.0
PRODUCT_135296,图书音像,质量差,negative,1,1.0
PRODUCT_135354,图书音像,质量好,positive,1,1.0
PRODUCT_135482,图书音像,性价比高,positive,1,0.2
PRODUCT_135524,图书音像,外观好看,positive,1,1.0
PRODUCT_135537,图书音像,内容不错,positive,1,1.0
PRODUCT_135588,图书音像,会回购,positive,1,0.125
PRODUCT_135608,图书音像,会回购,positive,1,1.0
PRODUCT_135646,图书音像,不推荐,negative,1,0.16666666666666666
PRODUCT_135646,图书音像,内容不错,positive,1,0.16666666666666666
PRODUCT_135646,图书音像,外观好看,positive,1,0.16666666666666666
PRODUCT_13572,图书音像,正品放心,positive,1,0.3333333333333333
PRODUCT_13577,家居生活,外观好看,positive,1,0.3333333333333333
PRODUCT_135799,图书音像,正品放心,positive,1,0.5
PRODUCT_135978,图书音像,价格贵,negative,1,0.2
PRODUCT_135978,图书音像,很新鲜,positive,1,0.2
PRODUCT_135991,图书音像,不推荐,negative,1,1.0
PRODUCT_136013,图书音像,内容不错,positive,1,1.0
PRODUCT_13609,母婴/玩具,味道不错,positive,1,1.0
PRODUCT_136126,钟表/首饰/眼镜/礼品,性价比高,positive,1,0.3333333333333333
PRODUCT_136126,钟表/首饰/眼镜/礼品,正品放心,positive,1,0.3333333333333333
PRODUCT_136179,图书音像,物流慢,negative,1,1.0
PRODUCT_136207,图书音像,正品放心,positive,1,0.25
PRODUCT_13631,图书音像,性价比高,positive,1,0.3333333333333333
PRODUCT_136323,图书音像,味道不错,positive,1,0.5
PRODUCT_136345,图书音像,外观好看,positive,1,1.0
PRODUCT_136386,图书音像,价格贵,negative,2,0.15384615384615385
PRODUCT_136386,图书音像,外观好看,positive,1,0.07692307692307693
PRODUCT_136386,图书音像,很新鲜,positive,1,0.07692307692307693
PRODUCT_136386,图书音像,质量好,positive,1,0.07692307692307693
PRODUCT_136437,图书音像,正品放心,positive,1,0.07692307692307693
PRODUCT_136456,美妆个护,味道不错,positive,1,1.0
PRODUCT_136472,图书音像,正品放心,positive,1,0.125
PRODUCT_136532,图书音像,物流慢,negative,1,0.14285714285714285
PRODUCT_136532,图书音像,疑似假货,negative,1,0.14285714285714285
PRODUCT_136532,图书音像,质量差,negative,1,0.14285714285714285
PRODUCT_136592,图书音像,内容不错,positive,1,1.0
PRODUCT_136592,图书音像,疑似假货,negative,1,1.0
PRODUCT_136621,图书音像,疑似假货,negative,1,1.0
PRODUCT_136621,图书音像,质量差,negative,1,1.0
PRODUCT_136623,图书音像,质量好,positive,1,1.0
PRODUCT_136626,图书音像,质量好,positive,1,0.5
PRODUCT_136637,图书音像,正品放心,positive,2,0.2
PRODUCT_136637,图书音像,会回购,positive,1,0.1
PRODUCT_136637,图书音像,外观好看,positive,1,0.1
PRODUCT_136677,图书音像,很新鲜,positive,1,0.16666666666666666
PRODUCT_136686,食品/保健,味道不错,positive,1,1.0
PRODUCT_136786,图书音像,性价比高,positive,1,0.3333333333333333
PRODUCT_136786,图书音像,正品放心,positive,1,0.3333333333333333
PRODUCT_136824,图书音像,正品放心,positive,1,1.0
PRODUCT_136824,图书音像,疑似假货,negative,1,1.0
PRODUCT_136828,家用电器,内容一般,negative,1,1.0
PRODUCT_136828,家用电器,外观好看,positive,1,1.0
PRODUCT_136865,图书音像,内容不错,positive,1,0.3333333333333333
PRODUCT_136865,图书音像,客服好,positive,1,0.3333333333333333
PRODUCT_136876,家居生活,会回购,positive,1,0.25
PRODUCT_136876,家居生活,发货快,positive,1,0.25
PRODUCT_136881,图书音像,外观好看,positive,1,1.0
PRODUCT_136897,图书音像,包装差,negative,1,1.0
PRODUCT_136897,图书音像,疑似假货,negative,1,1.0
PRODUCT_136910,图书音像,价格贵,negative,1,0.3333333333333333
PRODUCT_136932,图书音像,疑似假货,negative,1,0.5
PRODUCT_136940,图书音像,外观好看,positive,1,0.1
PRODUCT_136966,图书音像,疑似假货,negative,1,1.0
PRODUCT_136966,图书音像,质量差,negative,1,1.0
PRODUCT_136967,图书音像,性价比高,positive,1,0.3333333333333333
PRODUCT_137088,家居生活,外观好看,positive,2,0.2222222222222222
PRODUCT_137088,家居生活,性价比高,positive,1,0.1111111111111111
PRODUCT_137088,家居生活,正品放心,positive,1,0.1111111111111111
PRODUCT_137125,图书音像,正品放心,positive,1,0.5
PRODUCT_137132,图书音像,内容不错,positive,2,0.18181818181818182
PRODUCT_137132,图书音像,正品放心,positive,2,0.18181818181818182
PRODUCT_137143,图书音像,价格贵,negative,1,0.5
PRODUCT_137149,美妆个护,正品放心,positive,1,0.25
PRODUCT_137176,图书音像,内容不错,positive,1,1.0
PRODUCT_137187,图书音像,外观好看,positive,1,0.16666666666666666
PRODUCT_13719,食品/保健,味道不错,positive,1,1.0
PRODUCT_137200,美妆个护,味道不错,positive,2,1.0
PRODUCT_137200,美妆个护,性价比高,positive,1,0.5
PRODUCT_137201,图书音像,不推荐,negative,1,0.07692307692307693
PRODUCT_137201,图书音像,包装好,positive,1,0.07692307692307693
PRODUCT_137201,图书音像,发货快,positive,1,0.07692307692307693
PRODUCT_137201,图书音像,味道一般,negative,1,0.07692307692307693
PRODUCT_137201,图书音像,外观好看,positive,1,0.07692307692307693
PRODUCT_137201,图书音像,正品放心,positive,1,0.07692307692307693
PRODUCT_137213,图书音像,内容不错,positive,1,1.0
PRODUCT_137246,图书音像,外观好看,positive,1,0.25
PRODUCT_137246,图书音像,疑似假货,negative,1,0.25
PRODUCT_137340,图书音像,外观好看,positive,1,1.0
PRODUCT_137340,图书音像,疑似假货,negative,1,1.0
PRODUCT_137345,图书音像,内容不错,positive,1,1.0
PRODUCT_137373,图书音像,外观好看,positive,1,1.0
PRODUCT_137450,图书音像,容易坏,negative,1,1.0
PRODUCT_137454,家用电器,正品放心,positive,1,1.0
PRODUCT_137456,钟表/首饰/眼镜/礼品,外观好看,positive,1,0.5
PRODUCT_137465,母婴/玩具,味道不错,positive,1,0.5
PRODUCT_137523,图书音像,外观好看,positive,1,0.5
PRODUCT_137538,图书音像,内容不错,positive,1,0.5
PRODUCT_137538,图书音像,味道不错,positive,1,0.5
PRODUCT_137540,运动户外,质量差,negative,1,1.0
PRODUCT_137599,图书音像,外观好看,positive,3,0.42857142857142855
PRODUCT_137599,图书音像,疑似假货,negative,1,0.14285714285714285
PRODUCT_137599,图书音像,质量差,negative,1,0.14285714285714285
PRODUCT_137622,电脑/办公,包装好,positive,1,1.0
PRODUCT_137636,钟表/首饰/眼镜/礼品,正品放心,positive,1,1.0
PRODUCT_137685,电脑/办公,正品放心,positive,1,0.5
PRODUCT_137686,电脑/办公,质量好,positive,2,0.2222222222222222
PRODUCT_137686,电脑/办公,性价比高,positive,1,0.1111111111111111
PRODUCT_137686,电脑/办公,正品放心,positive,1,0.1111111111111111
PRODUCT_137736,美妆个护,味道不错,positive,1,0.2
PRODUCT_137736,美妆个护,疑似假货,negative,1,0.2
PRODUCT_137740,其他,正品放心,positive,1,0.5
PRODUCT_137774,美妆个护,疑似假货,negative,1,1.0
PRODUCT_137777,图书音像,不推荐,negative,1,0.5
PRODUCT_137779,图书音像,正品放心,positive,1,0.25
PRODUCT_137799,美妆个护,正品放心,positive,2,0.11764705882352941
PRODUCT_137799,美妆个护,外观好看,positive,1,0.058823529411764705
PRODUCT_137799,美妆个护,性价比高,positive,1,0.058823529411764705
PRODUCT_137799,美妆个护,质量差,negative,1,0.058823529411764705
PRODUCT_137828,图书音像,内容不错,positive,1,1.0
PRODUCT_13788,家居生活,质量好,positive,1,0.125
PRODUCT_137892,钟表/首饰/眼镜/礼品,不推荐,negative,1,1.0
PRODUCT_137956,手机/数码,包装好,positive,1,1.0
PRODUCT_137956,手机/数码,很耐用,positive,1,1.0
PRODUCT_137969,图书音像,内容不错,positive,1,0.2
PRODUCT_138033,手机/数码,很耐用,positive,1,0.3333333333333333
PRODUCT_138048,图书音像,正品放心,positive,1,1.0
PRODUCT_138048,图书音像,质量好,positive,1,1.0
PRODUCT_138098,食品/保健,味道不错,positive,1,1.0
PRODUCT_138107,电脑/办公,正品放心,positive,3,0.17647058823529413
PRODUCT_138107,电脑/办公,容易坏,negative,1,0.058823529411764705
PRODUCT_138124,图书音像,外观好看,positive,2,0.3333333333333333
PRODUCT_138130,图书音像,内容不错,positive,1,1.0
PRODUCT_138157,图书音像,正品放心,positive,1,1.0
PRODUCT_138292,图书音像,内容不错,positive,1,0.3333333333333333
PRODUCT_138327,图书音像,外观好看,positive,1,1.0
PRODUCT_138333,图书音像,正品放心,positive,1,1.0
PRODUCT_13835,图书音像,性价比高,positive,1,0.5
PRODUCT_138375,电脑/办公,很耐用,positive,1,0.5
PRODUCT_138375,电脑/办公,性价比高,positive,1,0.5
PRODUCT_138396,图书音像,质量好,positive,1,1.0
PRODUCT_138413,图书音像,内容不错,positive,1,1.0
PRODUCT_138476,食品/保健,很新鲜,positive,1,0.5
PRODUCT_138492,图书音像,会回购,positive,1,0.3333333333333333
PRODUCT_138492,图书音像,内容一般,negative,1,0.3333333333333333
PRODUCT_138518,手机/数码,正品放心,positive,1,1.0
PRODUCT_138518,手机/数码,疑似假货,negative,1,1.0
PRODUCT_13852,电脑/办公,外观好看,positive,1,0.3333333333333333
PRODUCT_138520,图书音像,质量好,positive,1,0.2
PRODUCT_138580,图书音像,正品放心,positive,1,1.0
PRODUCT_138631,图书音像,外观好看,positive,1,0.5
PRODUCT_138649,图书音像,包装好,positive,2,0.2
PRODUCT_138649,图书音像,发货快,positive,1,0.1
PRODUCT_138649,图书音像,正品放心,positive,1,0.1
PRODUCT_138649,图书音像,疑似假货,negative,1,0.1
PRODUCT_138732,家用电器,外观好看,positive,1,1.0
PRODUCT_138758,图书音像,不推荐,negative,1,0.5
PRODUCT_138776,图书音像,不推荐,negative,1,1.0
PRODUCT_138826,图书音像,内容不错,positive,1,0.08333333333333333
PRODUCT_138892,家具/家装/建材,正品放心,positive,2,0.3333333333333333
PRODUCT_138892,家具/家装/建材,性价比高,positive,1,0.16666666666666666
PRODUCT_138892,家具/家装/建材,质量好,positive,1,0.16666666666666666
PRODUCT_138923,图书音像,内容不错,positive,1,1.0
PRODUCT_13894,电脑/办公,正品放心,positive,1,0.5
PRODUCT_138952,家用电器,味道不错,positive,1,0.25
PRODUCT_138952,家用电器,外观好看,positive,1,0.25
PRODUCT_139023,图书音像,外观好看,positive,1,1.0
PRODUCT_139026,运动户外,外观好看,positive,1,0.25
PRODUCT_139026,运动户外,质量好,positive,1,0.25
PRODUCT_13920,图书音像,正品放心,positive,2,0.2857142857142857
PRODUCT_139204,图书音像,不推荐,negative,1,0.5
PRODUCT_13924,家居生活,外观好看,positive,1,0.5
PRODUCT_13924,家居生活,质量好,positive,1,0.5
PRODUCT_139298,图书音像,性价比高,positive,1,0.3333333333333333
PRODUCT_139318,图书音像,正品放心,positive,1,1.0
PRODUCT_139414,图书音像,外观好看,positive,1,1.0
PRODUCT_139414,图书音像,很新鲜,positive,1,1.0
PRODUCT_139424,手机/数码,外观好看,positive,1,0.25
PRODUCT_139448,图书音像,包装差,negative,1,1.0
PRODUCT_13947,图书音像,外观好看,positive,1,0.16666666666666666
PRODUCT_139543,图书音像,正品放心,positive,1,0.5
PRODUCT_13960,图书音像,正品放心,positive,1,1.0
PRODUCT_139610,电脑/办公,很耐用,positive,1,0.14285714285714285
PRODUCT_139890,电脑/办公,容易坏,negative,1,0.2
PRODUCT_139890,电脑/办公,性价比高,positive,1,0.2
PRODUCT_139992,图书音像,正品放心,positive,1,1.0
PRODUCT_140002,图书音像,外观好看,positive,1,0.3333333333333333
PRODUCT_140002,图书音像,疑似假货,negative,1,0.3333333333333333
PRODUCT_140052,图书音像,性价比高,positive,1,1.0
PRODUCT_140157,电脑/办公,会回购,positive,1,0.125
PRODUCT_140157,电脑/办公,外观好看,positive,1,0.125
PRODUCT_140157,电脑/办公,性价比高,positive,1,0.125
PRODUCT_140270,图书音像,内容不错,positive,1,1.0
PRODUCT_140273,图书音像,正品放心,positive,1,1.0
PRODUCT_140303,图书音像,外观好看,positive,1,0.16666666666666666
PRODUCT_14033,图书音像,包装差,negative,1,1.0
PRODUCT_140336,电脑/办公,正品放心,positive,5,0.29411764705882354
PRODUCT_140336,电脑/办公,疑似假货,negative,3,0.17647058823529413
PRODUCT_140336,电脑/办公,价格贵,negative,1,0.058823529411764705
PRODUCT_140421,图书音像,会回购,positive,1,0.14285714285714285
PRODUCT_140421,图书音像,内容不错,positive,1,0.14285714285714285
PRODUCT_140421,图书音像,外观好看,positive,1,0.14285714285714285
PRODUCT_140421,图书音像,质量好,positive,1,0.14285714285714285
PRODUCT_140436,图书音像,正品放心,positive,1,1.0
PRODUCT_140436,图书音像,疑似假货,negative,1,1.0
PRODUCT_140628,图书音像,质量好,positive,1,0.25
PRODUCT_140658,图书音像,会回购,positive,1,0.5
PRODUCT_140688,图书音像,价格贵,negative,1,0.5
PRODUCT_140755,图书音像,价格贵,negative,1,1.0
PRODUCT_140802,图书音像,质量好,positive,1,0.5
PRODUCT_14085,美妆个护,外观好看,positive,1,0.08333333333333333
PRODUCT_14098,图书音像,正品放心,positive,1,1.0
PRODUCT_141013,图书音像,正品放心,positive,1,1.0
PRODUCT_141145,图书音像,正品放心,positive,1,1.0
PRODUCT_14117,其他,正品放心,positive,1,1.0
PRODUCT_141201,电脑/办公,质量好,positive,1,0.5
PRODUCT_141204,图书音像,会回购,positive,1,1.0
PRODUCT_141224,图书音像,质量好,positive,1,1.0
PRODUCT_141260,图书音像,会回购,positive,1,1.0
PRODUCT_141322,图书音像,正品放心,positive,1,1.0
PRODUCT_141322,图书音像,质量好,positive,1,1.0
PRODUCT_141407,图书音像,质量好,positive,1,0.25
PRODUCT_141454,图书音像,正品放心,positive,1,1.0
PRODUCT_141455,图书音像,质量好,positive,1,0.5
PRODUCT_141508,母婴/玩具,质量好,positive,1,1.0
PRODUCT_141512,母婴/玩具,正品放心,positive,1,1.0
PRODUCT_141565,家用电器,性价比高,positive,1,1.0
PRODUCT_141617,图书音像,性价比高,positive,1,1.0
PRODUCT_141629,钟表/首饰/眼镜/礼品,性价比高,positive,1,1.0
PRODUCT_141665,手机/数码,性价比高,positive,1,0.09090909090909091
PRODUCT_141665,手机/数码,续航差,negative,1,0.09090909090909091
PRODUCT_141665,手机/数码,质量好,positive,1,0.09090909090909091
PRODUCT_14168,图书音像,正品放心,positive,1,0.5
PRODUCT_14170,图书音像,不推荐,negative,1,1.0
PRODUCT_14170,图书音像,质量差,negative,1,1.0
PRODUCT_141708,美妆个护,正品放心,positive,1,0.5
PRODUCT_141708,美妆个护,质量好,positive,1,0.5
PRODUCT_141811,图书音像,外观好看,positive,1,1.0
PRODUCT_141848,美妆个护,不推荐,negative,1,0.16666666666666666
PRODUCT_141848,美妆个护,价格贵,negative,1,0.16666666666666666
PRODUCT_141848,美妆个护,味道不错,positive,1,0.16666666666666666
PRODUCT_141854,图书音像,会回购,positive,1,0.5
PRODUCT_141854,图书音像,疑似假货,negative,1,0.5
PRODUCT_141945,图书音像,很新鲜,positive,1,1.0
PRODUCT_141957,食品/保健,味道不错,positive,1,1.0
PRODUCT_141962,食品/保健,味道不错,positive,3,0.75
PRODUCT_141972,母婴/玩具,正品放心,positive,1,0.3333333333333333
PRODUCT_14199,图书音像,正品放心,positive,1,1.0
PRODUCT_142032,图书音像,正品放心,positive,1,0.5
PRODUCT_142046,图书音像,正品放心,positive,1,1.0
PRODUCT_142055,图书音像,正品放心,positive,1,0.058823529411764705
PRODUCT_142055,图书音像,疑似假货,negative,1,0.058823529411764705
PRODUCT_142064,图书音像,外观好看,positive,1,0.14285714285714285
PRODUCT_142064,图书音像,质量差,negative,1,0.14285714285714285
PRODUCT_142086,图书音像,内容不错,positive,1,0.3333333333333333
PRODUCT_142086,图书音像,正品放心,positive,1,0.3333333333333333
PRODUCT_142094,图书音像,质量好,positive,1,1.0
PRODUCT_142100,电脑/办公,外观好看,positive,1,0.5
PRODUCT_142122,电脑/办公,包装好,positive,1,0.2
PRODUCT_142126,图书音像,性价比高,positive,1,0.25
PRODUCT_142143,图书音像,质量好,positive,1,1.0
PRODUCT_142201,图书音像,质量好,positive,1,1.0
PRODUCT_142351,图书音像,包装差,negative,1,1.0
PRODUCT_142412,图书音像,内容一般,negative,1,1.0
PRODUCT_142501,美妆个护,味道不错,positive,2,0.4
PRODUCT_142501,美妆个护,正品放心,positive,2,0.4
PRODUCT_142501,美妆个护,内容一般,negative,1,0.2
PRODUCT_142519,图书音像,发货快,positive,1,0.5
PRODUCT_142519,图书音像,外观好看,positive,1,0.5
PRODUCT_142519,图书音像,质量好,positive,1,0.5
PRODUCT_142577,图书音像,包装差,negative,1,0.2
PRODUCT_142583,图书音像,质量好,positive,1,0.25
PRODUCT_142671,手机/数码,内容一般,negative,1,1.0
PRODUCT_142737,图书音像,会回购,positive,1,1.0
PRODUCT_142785,图书音像,内容不错,positive,1,0.2
PRODUCT_142795,图书音像,正品放心,positive,1,1.0
PRODUCT_142828,图书音像,价格贵,negative,1,1.0
PRODUCT_142836,美妆个护,会回购,positive,1,0.3333333333333333
PRODUCT_142836,美妆个护,正品放心,positive,1,0.3333333333333333
PRODUCT_142870,图书音像,正品放心,positive,1,1.0
PRODUCT_142876,图书音像,内容一般,negative,1,1.0
PRODUCT_142907,图书音像,正品放心,positive,1,0.25
PRODUCT_142932,图书音像,外观好看,positive,1,1.0
PRODUCT_142939,食品/保健,味道不错,positive,1,1.0
PRODUCT_14300,图书音像,不推荐,negative,1,1.0
PRODUCT_143028,图书音像,正品放心,positive,1,1.0
PRODUCT_143053,图书音像,外观好看,positive,1,0.16666666666666666
PRODUCT_14307,电脑/办公,正品放心,positive,1,0.3333333333333333
PRODUCT_143128,图书音像,很新鲜,positive,1,0.5
PRODUCT_143130,美妆个护,正品放心,positive,1,0.3333333333333333
PRODUCT_143153,图书音像,外观一般,negative,1,1.0
PRODUCT_143207,图书音像,外观好看,positive,3,0.11538461538461539
PRODUCT_143207,图书音像,正品放心,positive,2,0.07692307692307693
PRODUCT_143207,图书音像,不推荐,negative,1,0.038461538461538464
PRODUCT_143207,图书音像,会回购,positive,1,0.038461538461538464
PRODUCT_143207,图书音像,味道不错,positive,1,0.038461538461538464
PRODUCT_143207,图书音像,疑似假货,negative,1,0.038461538461538464
PRODUCT_143239,手机/数码,会回购,positive,1,1.0
PRODUCT_143339,美妆个护,味道不错,positive,1,1.0
PRODUCT_143380,家用电器,性价比高,positive,3,0.6
PRODUCT_143380,家用电器,发货快,positive,1,0.2
PRODUCT_143380,家用电器,外观好看,positive,1,0.2
PRODUCT_143424,图书音像,正品放心,positive,2,0.25
PRODUCT_143424,图书音像,质量好,positive,1,0.125
PRODUCT_143434,电脑/办公,包装好,positive,1,0.3333333333333333
PRODUCT_14346,图书音像,内容不错,positive,1,1.0
PRODUCT_14346,图书音像,正品放心,positive,1,1.0
PRODUCT_143473,手机/数码,不推荐,negative,1,0.06666666666666667
PRODUCT_143473,手机/数码,外观好看,positive,1,0.06666666666666667
PRODUCT_143473,手机/数码,性价比高,positive,1,0.06666666666666667
PRODUCT_143473,手机/数码,质量好,positive,1,0.06666666666666667
PRODUCT_143475,图书音像,内容不错,positive,2,0.2857142857142857
PRODUCT_143475,图书音像,容易坏,negative,1,0.14285714285714285
PRODUCT_143475,图书音像,正品放心,positive,1,0.14285714285714285
PRODUCT_143475,图书音像,质量差,negative,1,0.14285714285714285
PRODUCT_143545,图书音像,外观一般,negative,1,0.5
PRODUCT_143545,图书音像,容易坏,negative,1,0.5
PRODUCT_143548,图书音像,质量好,positive,2,0.25
PRODUCT_143548,图书音像,性价比高,positive,1,0.125
PRODUCT_143548,图书音像,疑似假货,negative,1,0.125
PRODUCT_143562,电脑/办公,会回购,positive,2,0.3333333333333333
PRODUCT_143562,电脑/办公,性价比高,positive,1,0.16666666666666666
PRODUCT_143589,美妆个护,正品放心,positive,1,1.0
PRODUCT_143607,图书音像,疑似假货,negative,1,1.0
PRODUCT_143765,家居生活,很耐用,positive,1,0.3333333333333333
PRODUCT_143765,家居生活,质量好,positive,1,0.3333333333333333
PRODUCT_143767,图书音像,质量差,negative,1,0.5
PRODUCT_143781,家居生活,外观好看,positive,2,0.2
PRODUCT_143781,家居生活,发货快,positive,1,0.1
PRODUCT_143781,家居生活,尺码不准,negative,1,0.1
PRODUCT_143781,家居生活,正品放心,positive,1,0.1
PRODUCT_143781,家居生活,质量好,positive,1,0.1
PRODUCT_143814,图书音像,外观好看,positive,1,0.5
PRODUCT_143820,食品/保健,会回购,positive,1,1.0
PRODUCT_143845,图书音像,性价比高,positive,1,1.0
PRODUCT_143867,图书音像,内容不错,positive,1,1.0
PRODUCT_143894,图书音像,外观好看,positive,1,1.0
PRODUCT_143904,电脑/办公,容易坏,negative,1,0.14285714285714285
PRODUCT_143904,电脑/办公,质量好,positive,1,0.14285714285714285
PRODUCT_143930,图书音像,不推荐,negative,1,0.5
PRODUCT_143944,图书音像,正品放心,positive,1,1.0
PRODUCT_143960,图书音像,性价比高,positive,1,0.5
PRODUCT_143960,图书音像,质量好,positive,1,0.5
PRODUCT_144019,家具/家装/建材,外观好看,positive,1,0.3333333333333333
PRODUCT_144019,家具/家装/建材,很耐用,positive,1,0.3333333333333333
PRODUCT_144023,图书音像,内容不错,positive,1,0.1111111111111111
PRODUCT_144098,电脑/办公,正品放心,positive,2,0.2222222222222222
PRODUCT_144098,电脑/办公,外观好看,positive,1,0.1111111111111111
PRODUCT_144133,图书音像,内容不错,positive,1,1.0
PRODUCT_144133,图书音像,很耐用,positive,1,1.0
PRODUCT_144152,手机/数码,外观好看,positive,1,0.3333333333333333
PRODUCT_144155,图书音像,包装好,positive,1,1.0
PRODUCT_144183,家用电器,内容一般,negative,1,1.0
PRODUCT_144235,电脑/办公,性价比高,positive,2,0.6666666666666666
PRODUCT_144235,电脑/办公,外观好看,positive,1,0.3333333333333333
PRODUCT_144257,手机/数码,正品放心,positive,1,1.0
PRODUCT_14437,图书音像,疑似假货,negative,1,0.3333333333333333
PRODUCT_144391,家具/家装/建材,外观好看,positive,1,1.0
PRODUCT_144421,图书音像,质量好,positive,1,0.3333333333333333
PRODUCT_144455,图书音像,正品放心,positive,1,1.0
PRODUCT_144600,图书音像,正品放心,positive,1,0.5
PRODUCT_144642,图书音像,正品放心,positive,1,1.0
PRODUCT_144662,电脑/办公,外观好看,positive,1,0.2
PRODUCT_144662,电脑/办公,性价比高,positive,1,0.2
PRODUCT_144669,图书音像,内容不错,positive,1,1.0
PRODUCT_144688,图书音像,性价比高,positive,1,1.0
PRODUCT_144688,图书音像,正品放心,positive,1,1.0
PRODUCT_144698,图书音像,性价比高,positive,1,1.0
PRODUCT_144808,手机/数码,正品放心,positive,1,1.0
PRODUCT_144808,手机/数码,疑似假货,negative,1,1.0
PRODUCT_144816,手机/数码,内容一般,negative,1,0.2
PRODUCT_144816,手机/数码,很耐用,positive,1,0.2
PRODUCT_144824,家用电器,味道不错,positive,1,0.5
PRODUCT_144841,图书音像,包装好,positive,1,0.5
PRODUCT_144841,图书音像,发货快,positive,1,0.5
PRODUCT_144842,图书音像,外观好看,positive,1,1.0
PRODUCT_144877,图书音像,质量差,negative,1,1.0
PRODUCT_144884,美妆个护,会回购,positive,1,1.0
PRODUCT_144884,美妆个护,包装好,positive,1,1.0
PRODUCT_14498,手机/数码,很耐用,positive,1,1.0
PRODUCT_145025,图书音像,外观好看,positive,1,1.0
PRODUCT_14507,食品/保健,味道不错,positive,1,0.5
PRODUCT_145080,图书音像,外观好看,positive,1,0.3333333333333333
PRODUCT_145101,图书音像,会回购,positive,1,1.0
PRODUCT_145112,电脑/办公,质量差,negative,1,0.5
PRODUCT_14522,图书音像,正品放心,positive,1,1.0
PRODUCT_145242,图书音像,外观好看,positive,1,1.0
PRODUCT_145250,图书音像,不推荐,negative,1,1.0
PRODUCT_145250,图书音像,会回购,positive,1,1.0
PRODUCT_145263,图书音像,正品放心,positive,1,1.0
PRODUCT_145290,图书音像,价格贵,negative,1,1.0
PRODUCT_145290,图书音像,性价比高,positive,1,1.0
PRODUCT_145315,手机/数码,价格贵,negative,1,0.5
PRODUCT_14534,图书音像,正品放心,positive,1,0.3333333333333333
PRODUCT_145361,手机/数码,正品放心,positive,2,0.2857142857142857
PRODUCT_145361,手机/数码,会回购,positive,1,0.14285714285714285
PRODUCT_145361,手机/数码,很耐用,positive,1,0.14285714285714285
PRODUCT_145361,手机/数码,续航久,positive,1,0.14285714285714285
PRODUCT_145402,图书音像,外观好看,positive,1,1.0
PRODUCT_14542,图书音像,正品放心,positive,1,1.0
PRODUCT_14542,图书音像,质量好,positive,1,1.0
PRODUCT_145448,图书音像,正品放心,positive,1,0.25
PRODUCT_145448,图书音像,质量好,positive,1,0.25
PRODUCT_145471,图书音像,外观好看,positive,1,0.3333333333333333
PRODUCT_145556,图书音像,外观好看,positive,1,1.0
PRODUCT_145631,图书音像,质量好,positive,1,1.0
PRODUCT_14568,钟表/首饰/眼镜/礼品,外观好看,positive,1,1.0
PRODUCT_145688,图书音像,很新鲜,positive,1,0.5
PRODUCT_145694,手机/数码,外观好看,positive,1,0.14285714285714285
PRODUCT_145694,手机/数码,性价比高,positive,1,0.14285714285714285
PRODUCT_145694,手机/数码,正品放心,positive,1,0.14285714285714285
PRODUCT_145694,手机/数码,疑似假货,negative,1,0.14285714285714285
PRODUCT_145755,手机/数码,外观好看,positive,2,0.6666666666666666
PRODUCT_145755,手机/数码,质量好,positive,1,0.3333333333333333
PRODUCT_145768,图书音像,正品放心,positive,1,0.3333333333333333
PRODUCT_14578,图书音像,正品放心,positive,1,1.0
PRODUCT_145796,图书音像,包装好,positive,2,0.2222222222222222
PRODUCT_146031,电脑/办公,性价比高,positive,1,0.2
PRODUCT_14610,家用电器,外观好看,positive,1,1.0
PRODUCT_14630,手机/数码,性价比高,positive,1,0.2
PRODUCT_14630,手机/数码,正品放心,positive,1,0.2
PRODUCT_146332,图书音像,不推荐,negative,1,0.14285714285714285
PRODUCT_146336,图书音像,正品放心,positive,1,1.0
PRODUCT_146349,其他,外观好看,positive,1,1.0
PRODUCT_146361,电脑/办公,会回购,positive,1,1.0
PRODUCT_146361,电脑/办公,性价比高,positive,1,1.0
PRODUCT_146361,电脑/办公,正品放心,positive,1,1.0
PRODUCT_146581,家居生活,包装好,positive,1,0.3333333333333333
PRODUCT_146581,家居生活,外观好看,positive,1,0.3333333333333333
PRODUCT_146629,图书音像,价格贵,negative,1,0.5
PRODUCT_146641,图书音像,疑似假货,negative,1,1.0
PRODUCT_14665,图书音像,味道不错,positive,1,0.2
PRODUCT_14665,图书音像,正品放心,positive,1,0.2
PRODUCT_146694,图书音像,外观好看,positive,1,1.0
PRODUCT_146699,图书音像,外观好看,positive,1,1.0
PRODUCT_146700,图书音像,味道不错,positive,1,0.5
PRODUCT_14675,家用电器,外观好看,positive,1,0.3333333333333333
PRODUCT_14675,家用电器,性价比高,positive,1,0.3333333333333333
PRODUCT_14676,美妆个护,味道不错,positive,1,1.0
PRODUCT_146791,钟表/首饰/眼镜/礼品,正品放心,positive,1,0.5
PRODUCT_146800,家具/家装/建材,很耐用,positive,1,0.3333333333333333
PRODUCT_146810,美妆个护,正品放心,positive,1,0.3333333333333333
PRODUCT_146810,美妆个护,疑似假货,negative,1,0.3333333333333333
PRODUCT_146824,图书音像,很新鲜,positive,1,1.0
PRODUCT_146848,图书音像,容易坏,negative,1,0.25
PRODUCT_146848,图书音像,性价比高,positive,1,0.25
PRODUCT_146990,图书音像,外观好看,positive,1,0.5
PRODUCT_147003,手机/数码,质量好,positive,1,0.3333333333333333
PRODUCT_147007,图书音像,包装好,positive,1,0.3333333333333333
PRODUCT_14701,食品/保健,价格贵,negative,1,1.0
PRODUCT_147035,图书音像,外观好看,positive,1,0.5
PRODUCT_147076,图书音像,不推荐,negative,1,1.0
PRODUCT_147102,图书音像,内容不错,positive,1,0.5
PRODUCT_147207,图书音像,性价比高,positive,1,0.3333333333333333
PRODUCT_147210,图书音像,正品放心,positive,2,0.3333333333333333
PRODUCT_147237,图书音像,很新鲜,positive,1,1.0
PRODUCT_147240,图书音像,质量差,negative,1,1.0
PRODUCT_147397,图书音像,正品放心,positive,1,0.3333333333333333
PRODUCT_147491,图书音像,外观好看,positive,1,1.0
PRODUCT_147540,美妆个护,味道不错,positive,2,0.5
PRODUCT_147558,图书音像,外观好看,positive,1,0.5
PRODUCT_147558,图书音像,质量好,positive,1,0.5
PRODUCT_147571,图书音像,正品放心,positive,2,0.2
PRODUCT_147571,图书音像,疑似假货,negative,2,0.2
PRODUCT_147571,图书音像,质量好,positive,2,0.2
PRODUCT_147622,美妆个护,味道不错,positive,5,0.625
PRODUCT_147622,美妆个护,正品放心,positive,1,0.125
PRODUCT_147622,美妆个护,疑似假货,negative,1,0.125
PRODUCT_147657,图书音像,外观好看,positive,1,0.14285714285714285
PRODUCT_147736,图书音像,内容不错,positive,1,1.0
PRODUCT_147752,母婴/玩具,正品放心,positive,1,0.3333333333333333
PRODUCT_147757,图书音像,味道不错,positive,1,0.25
PRODUCT_147765,图书音像,包装好,positive,1,1.0
PRODUCT_147896,手机/数码,正品放心,positive,1,0.1111111111111111
PRODUCT_147903,图书音像,味道一般,negative,1,0.5
PRODUCT_147903,图书音像,味道不错,positive,1,0.5
PRODUCT_147903,图书音像,性价比高,positive,1,0.5
PRODUCT_147985,图书音像,外观好看,positive,1,0.1
PRODUCT_148022,图书音像,质量好,positive,1,0.16666666666666666
PRODUCT_148028,图书音像,外观好看,positive,1,1.0
PRODUCT_148028,图书音像,质量好,positive,1,1.0
PRODUCT_148062,图书音像,不推荐,negative,1,0.25
PRODUCT_14807,图书音像,质量好,positive,1,1.0
PRODUCT_148071,电脑/办公,价格贵,negative,1,1.0
PRODUCT_148077,图书音像,正品放心,positive,1,0.5
PRODUCT_14811,图书音像,正品放心,positive,1,0.5
PRODUCT_14811,图书音像,质量好,positive,1,0.5
PRODUCT_148114,图书音像,会回购,positive,1,0.2
PRODUCT_148114,图书音像,内容不错,positive,1,0.2
PRODUCT_148114,图书音像,质量好,positive,1,0.2
PRODUCT_148125,其他,正品放心,positive,1,1.0
PRODUCT_148150,美妆个护,性价比高,positive,1,1.0
PRODUCT_148160,图书音像,外观好看,positive,1,0.08333333333333333
PRODUCT_148160,图书音像,正品放心,positive,1,0.08333333333333333
PRODUCT_148171,图书音像,外观好看,positive,1,0.125
PRODUCT_148171,图书音像,正品放心,positive,1,0.125
PRODUCT_148198,图书音像,正品放心,positive,1,1.0
PRODUCT_148242,图书音像,不推荐,negative,1,0.5
PRODUCT_148242,图书音像,外观好看,positive,1,0.5
PRODUCT_148247,图书音像,外观好看,positive,1,1.0
PRODUCT_148267,家居生活,外观好看,positive,1,0.0625
PRODUCT_148267,家居生活,性价比高,positive,1,0.0625
PRODUCT_148267,家居生活,正品放心,positive,1,0.0625
PRODUCT_148267,家居生活,质量好,positive,1,0.0625
PRODUCT_148337,图书音像,内容不错,positive,1,0.125
PRODUCT_148402,美妆个护,不推荐,negative,1,0.5
PRODUCT_148402,美妆个护,性价比高,positive,1,0.5
PRODUCT_148470,美妆个护,正品放心,positive,1,0.25
PRODUCT_148470,美妆个护,疑似假货,negative,1,0.25
PRODUCT_148481,图书音像,正品放心,positive,1,1.0
PRODUCT_148481,图书音像,质量差,negative,1,1.0
PRODUCT_148493,家用电器,质量好,positive,1,1.0
PRODUCT_148526,图书音像,内容一般,negative,1,1.0
PRODUCT_148581,美妆个护,正品放心,positive,1,1.0
PRODUCT_14865,运动户外,外观一般,negative,1,1.0
PRODUCT_148669,图书音像,包装好,positive,1,1.0
PRODUCT_148672,图书音像,外观好看,positive,1,1.0
PRODUCT_148690,图书音像,内容不错,positive,1,1.0
PRODUCT_148733,电脑/办公,物流慢,negative,1,1.0
PRODUCT_148753,图书音像,外观好看,positive,1,1.0
PRODUCT_148791,电脑/办公,会回购,positive,1,0.3333333333333333
PRODUCT_148807,图书音像,很新鲜,positive,1,0.2
PRODUCT_148808,图书音像,质量差,negative,1,1.0
PRODUCT_148833,图书音像,正品放心,positive,1,0.25
PRODUCT_148837,图书音像,正品放心,positive,1,0.5
PRODUCT_148838,图书音像,内容不错,positive,1,0.2
PRODUCT_148838,图书音像,疑似假货,negative,1,0.2
PRODUCT_148951,图书音像,正品放心,positive,1,0.5
PRODUCT_14897,鞋类箱包,外观好看,positive,1,1.0
PRODUCT_14898,图书音像,包装差,negative,1,0.5
PRODUCT_14898,图书音像,性价比高,positive,1,0.5
PRODUCT_149012,图书音像,外观一般,negative,1,0.5
PRODUCT_149012,图书音像,外观好看,positive,1,0.5
PRODUCT_149021,图书音像,内容不错,positive,1,1.0
PRODUCT_149047,图书音像,正品放心,positive,1,0.2
PRODUCT_149047,图书音像,质量好,positive,1,0.2
PRODUCT_149056,家居生活,外观好看,positive,1,1.0
PRODUCT_149098,电脑/办公,正品放心,positive,1,1.0
PRODUCT_149116,图书音像,包装差,negative,1,0.2
PRODUCT_149116,图书音像,质量好,positive,1,0.2
PRODUCT_149142,电脑/办公,不推荐,negative,1,0.16666666666666666
PRODUCT_149142,电脑/办公,正品放心,positive,1,0.16666666666666666
PRODUCT_149142,电脑/办公,质量差,negative,1,0.16666666666666666
PRODUCT_149145,图书音像,内容不错,positive,2,0.3333333333333333
PRODUCT_149145,图书音像,外观好看,positive,2,0.3333333333333333
PRODUCT_149212,美妆个护,味道不错,positive,1,1.0
PRODUCT_149226,母婴/玩具,质量好,positive,1,1.0
PRODUCT_149236,图书音像,正品放心,positive,1,1.0
PRODUCT_149279,母婴/玩具,外观好看,positive,1,1.0
PRODUCT_149296,图书音像,正品放心,positive,1,1.0
PRODUCT_149304,美妆个护,正品放心,positive,1,0.25
PRODUCT_149356,美妆个护,味道不错,positive,4,0.8
PRODUCT_149356,美妆个护,包装好,positive,1,0.2
PRODUCT_149356,美妆个护,包装差,negative,1,0.2
PRODUCT_149356,美妆个护,正品放心,positive,1,0.2
PRODUCT_149359,图书音像,味道不错,positive,1,1.0
PRODUCT_149392,家用电器,正品放心,positive,1,0.5
PRODUCT_149414,图书音像,正品放心,positive,1,1.0
PRODUCT_149441,图书音像,内容不错,positive,1,0.5
PRODUCT_149613,美妆个护,味道不错,positive,2,1.0
PRODUCT_149613,美妆个护,疑似假货,negative,1,0.5
PRODUCT_149615,图书音像,外观好看,positive,1,0.3333333333333333
PRODUCT_149688,图书音像,正品放心,positive,1,1.0
PRODUCT_149825,家用电器,不推荐,negative,1,1.0
PRODUCT_149835,图书音像,质量好,positive,1,1.0
PRODUCT_149977,图书音像,内容不错,positive,1,1.0
PRODUCT_149979,图书音像,不推荐,negative,1,1.0
PRODUCT_150089,图书音像,内容不错,positive,1,1.0
PRODUCT_150095,手机/数码,质量差,negative,1,1.0
PRODUCT_150116,图书音像,质量好,positive,1,0.25
PRODUCT_150122,家具/家装/建材,正品放心,positive,1,1.0
PRODUCT_150204,食品/保健,味道不错,positive,1,1.0
PRODUCT_150228,图书音像,正品放心,positive,1,1.0
PRODUCT_150228,图书音像,质量好,positive,1,1.0
PRODUCT_15025,图书音像,内容不错,positive,1,0.5
PRODUCT_150288,鞋类箱包,外观好看,positive,1,1.0
PRODUCT_150347,图书音像,价格贵,negative,1,0.3333333333333333
PRODUCT_150354,图书音像,正品放心,positive,1,0.25
PRODUCT_150354,图书音像,质量好,positive,1,0.25
PRODUCT_150371,美妆个护,发货快,positive,1,0.16666666666666666
PRODUCT_150371,美妆个护,味道不错,positive,1,0.16666666666666666
PRODUCT_150380,图书音像,性价比高,positive,1,1.0
PRODUCT_150383,家具/家装/建材,外观好看,positive,1,1.0
PRODUCT_150383,家具/家装/建材,很耐用,positive,1,1.0
PRODUCT_150438,图书音像,外观好看,positive,1,0.5
PRODUCT_150446,图书音像,正品放心,positive,1,1.0
PRODUCT_150504,鞋类箱包,尺码不准,negative,3,0.16666666666666666
PRODUCT_150504,鞋类箱包,外观好看,positive,2,0.1111111111111111
PRODUCT_150504,鞋类箱包,内容一般,negative,1,0.05555555555555555
PRODUCT_150504,鞋类箱包,包装好,positive,1,0.05555555555555555
PRODUCT_150504,鞋类箱包,发货快,positive,1,0.05555555555555555
PRODUCT_150504,鞋类箱包,质量好,positive,1,0.05555555555555555
PRODUCT_150504,鞋类箱包,质量差,negative,1,0.05555555555555555
PRODUCT_15059,图书音像,发货快,positive,1,0.25
PRODUCT_15068,图书音像,包装差,negative,1,1.0
PRODUCT_15068,图书音像,很新鲜,positive,1,1.0
PRODUCT_15068,图书音像,正品放心,positive,1,1.0
PRODUCT_150680,家用电器,物流慢,negative,1,0.5
PRODUCT_15070,图书音像,不推荐,negative,1,1.0
PRODUCT_150700,电脑/办公,正品放心,positive,1,0.5
PRODUCT_150704,图书音像,容易坏,negative,1,1.0
PRODUCT_150802,图书音像,性价比高,positive,1,0.5
PRODUCT_150802,图书音像,正品放心,positive,1,0.5
PRODUCT_150809,图书音像,外观好看,positive,1,1.0
PRODUCT_150812,图书音像,外观一般,negative,1,1.0
PRODUCT_150812,图书音像,外观好看,positive,1,1.0
PRODUCT_15089,图书音像,内容不错,positive,1,1.0
PRODUCT_151014,图书音像,质量好,positive,1,1.0
PRODUCT_151052,图书音像,正品放心,positive,2,0.5
PRODUCT_151052,图书音像,会回购,positive,1,0.25
PRODUCT_151052,图书音像,质量好,positive,1,0.25
PRODUCT_151124,图书音像,味道一般,negative,1,1.0
PRODUCT_151127,图书音像,会回购,positive,1,1.0
PRODUCT_151131,电脑/办公,续航差,negative,1,1.0
PRODUCT_151136,图书音像,外观好看,positive,1,1.0
PRODUCT_151195,图书音像,会回购,positive,1,1.0
PRODUCT_15122,家用电器,外观好看,positive,1,1.0
PRODUCT_15122,家用电器,质量好,positive,1,1.0
PRODUCT_151288,母婴/玩具,正品放心,positive,1,1.0
PRODUCT_151291,电脑/办公,包装好,positive,1,0.2
PRODUCT_151291,电脑/办公,发货快,positive,1,0.2
PRODUCT_151291,电脑/办公,外观好看,positive,1,0.2
PRODUCT_151294,电脑/办公,外观好看,positive,1,0.5
PRODUCT_151523,图书音像,内容一般,negative,1,0.1111111111111111
PRODUCT_151523,图书音像,外观一般,negative,1,0.1111111111111111
PRODUCT_151523,图书音像,外观好看,positive,1,0.1111111111111111
PRODUCT_151551,电脑/办公,不推荐,negative,1,0.125
PRODUCT_151551,电脑/办公,外观好看,positive,1,0.125
PRODUCT_151551,电脑/办公,容易坏,negative,1,0.125
PRODUCT_151551,电脑/办公,性价比高,positive,1,0.125
PRODUCT_151755,电脑/办公,正品放心,positive,1,0.25
PRODUCT_151758,图书音像,性价比高,positive,1,1.0
PRODUCT_151780,其他,价格贵,negative,1,1.0
PRODUCT_151780,其他,内容一般,negative,1,1.0
PRODUCT_15191,图书音像,内容不错,positive,1,0.25
PRODUCT_15191,图书音像,质量好,positive,1,0.25
PRODUCT_152020,图书音像,外观好看,positive,1,0.3333333333333333
PRODUCT_152035,图书音像,疑似假货,negative,1,1.0
PRODUCT_152062,图书音像,性价比高,positive,1,1.0
PRODUCT_152081,图书音像,正品放心,positive,1,0.5
PRODUCT_152108,图书音像,内容一般,negative,1,0.06666666666666667
PRODUCT_152108,图书音像,外观好看,positive,1,0.06666666666666667
PRODUCT_152108,图书音像,正品放心,positive,1,0.06666666666666667
PRODUCT_152108,图书音像,疑似假货,negative,1,0.06666666666666667
PRODUCT_152114,图书音像,价格贵,negative,1,1.0
PRODUCT_152126,图书音像,外观好看,positive,1,1.0
PRODUCT_152189,图书音像,价格贵,negative,1,1.0
PRODUCT_152217,图书音像,性价比高,positive,1,0.25
PRODUCT_152269,美妆个护,味道不错,positive,1,0.3333333333333333
PRODUCT_152286,图书音像,外观好看,positive,1,0.2
PRODUCT_152286,图书音像,正品放心,positive,1,0.2
PRODUCT_152320,图书音像,包装好,positive,1,1.0
PRODUCT_152320,图书音像,质量好,positive,1,1.0
PRODUCT_15233,图书音像,外观好看,positive,1,1.0
PRODUCT_152344,图书音像,质量差,negative,1,1.0
PRODUCT_152366,图书音像,性价比高,positive,1,1.0
PRODUCT_152370,图书音像,味道不错,positive,1,0.5
PRODUCT_152426,图书音像,正品放心,positive,1,1.0
PRODUCT_152453,图书音像,包装好,positive,1,0.5
PRODUCT_152603,美妆个护,味道不错,positive,1,0.125
PRODUCT_152629,图书音像,正品放心,positive,1,1.0
PRODUCT_152702,图书音像,外观好看,positive,1,0.5
PRODUCT_152740,图书音像,内容不错,positive,1,0.14285714285714285
PRODUCT_152740,图书音像,正品放心,positive,1,0.14285714285714285
PRODUCT_152740,图书音像,疑似假货,negative,1,0.14285714285714285
PRODUCT_152833,图书音像,内容一般,negative,1,1.0
PRODUCT_152833,图书音像,外观好看,positive,1,1.0
PRODUCT_15284,图书音像,内容不错,positive,1,0.125
PRODUCT_15292,图书音像,包装差,negative,2,0.4
PRODUCT_15292,图书音像,性价比高,positive,1,0.2
PRODUCT_15292,图书音像,质量好,positive,1,0.2
PRODUCT_15293,图书音像,疑似假货,negative,1,0.5
PRODUCT_15294,电脑/办公,会回购,positive,1,1.0
PRODUCT_152949,图书音像,正品放心,positive,1,0.5
PRODUCT_15304,食品/保健,味道不错,positive,1,1.0
PRODUCT_1531,图书音像,内容一般,negative,1,0.08333333333333333
PRODUCT_1531,图书音像,内容不错,positive,1,0.08333333333333333
PRODUCT_1531,图书音像,包装好,positive,1,0.08333333333333333
PRODUCT_1531,图书音像,正品放心,positive,1,0.08333333333333333
PRODUCT_153121,图书音像,很新鲜,positive,1,1.0
PRODUCT_153139,图书音像,内容不错,positive,1,1.0
PRODUCT_153167,图书音像,质量好,positive,1,1.0
PRODUCT_153188,图书音像,内容一般,negative,1,1.0
PRODUCT_153224,图书音像,不推荐,negative,1,1.0
PRODUCT_153274,图书音像,不推荐,negative,1,1.0
PRODUCT_15329,母婴/玩具,质量好,positive,1,1.0
PRODUCT_153386,图书音像,内容不错,positive,1,0.5
PRODUCT_153386,图书音像,发货快,positive,1,0.5
PRODUCT_153415,图书音像,内容不错,positive,1,0.5
PRODUCT_153415,图书音像,外观一般,negative,1,0.5
PRODUCT_15345,图书音像,正品放心,positive,1,1.0
PRODUCT_153455,图书音像,质量差,negative,1,1.0
PRODUCT_153479,图书音像,不推荐,negative,1,1.0
PRODUCT_153597,图书音像,疑似假货,negative,1,0.07692307692307693
PRODUCT_153622,图书音像,内容不错,positive,1,0.5
PRODUCT_153629,图书音像,质量好,positive,2,0.5
PRODUCT_153629,图书音像,正品放心,positive,1,0.25
PRODUCT_153688,美妆个护,正品放心,positive,1,0.5
PRODUCT_153736,图书音像,会回购,positive,1,1.0
PRODUCT_153836,图书音像,会回购,positive,1,0.3333333333333333
PRODUCT_153876,图书音像,外观好看,positive,2,0.10526315789473684
PRODUCT_153876,图书音像,包装差,negative,1,0.05263157894736842
PRODUCT_153876,图书音像,很新鲜,positive,1,0.05263157894736842
PRODUCT_153876,图书音像,正品放心,positive,1,0.05263157894736842
PRODUCT_153876,图书音像,质量好,positive,1,0.05263157894736842
PRODUCT_153889,图书音像,内容不错,positive,1,0.2
PRODUCT_153889,图书音像,包装好,positive,1,0.2
PRODUCT_153889,图书音像,外观好看,positive,1,0.2
PRODUCT_153889,图书音像,质量好,positive,1,0.2
PRODUCT_153895,图书音像,内容不错,positive,1,1.0
PRODUCT_153917,图书音像,质量差,negative,1,0.25
PRODUCT_153962,图书音像,疑似假货,negative,1,1.0
PRODUCT_153991,电脑/办公,包装差,negative,1,0.5
PRODUCT_153996,图书音像,价格贵,negative,1,1.0
PRODUCT_15406,图书音像,外观好看,positive,1,1.0
PRODUCT_154061,图书音像,外观好看,positive,1,0.25
PRODUCT_154136,图书音像,性价比高,positive,1,0.3333333333333333
PRODUCT_154243,图书音像,很新鲜,positive,1,1.0
PRODUCT_154266,图书音像,外观好看,positive,1,1.0
PRODUCT_154309,图书音像,很新鲜,positive,1,1.0
PRODUCT_154345,图书音像,质量好,positive,1,1.0
PRODUCT_154370,图书音像,会回购,positive,1,1.0
PRODUCT_15438,图书音像,内容不错,positive,1,0.14285714285714285
PRODUCT_154407,家用电器,不推荐,negative,1,0.2
PRODUCT_154407,家用电器,会回购,positive,1,0.2
PRODUCT_154407,家用电器,很新鲜,positive,1,0.2
PRODUCT_154417,图书音像,质量好,positive,1,1.0
PRODUCT_154429,家用电器,发货快,positive,1,0.5
PRODUCT_154429,家用电器,外观好看,positive,1,0.5
PRODUCT_154429,家用电器,正品放心,positive,1,0.5
PRODUCT_154560,图书音像,内容不错,positive,1,1.0
PRODUCT_154588,家居生活,质量好,positive,1,1.0
PRODUCT_154595,图书音像,不推荐,negative,1,1.0
PRODUCT_154615,电脑/办公,会回购,positive,1,1.0
PRODUCT_154680,电脑/办公,很耐用,positive,1,0.5
PRODUCT_154711,手机/数码,正品放心,positive,1,1.0
PRODUCT_15472,服饰服装,客服好,positive,1,1.0
PRODUCT_154729,图书音像,性价比高,positive,1,0.25
PRODUCT_154769,美妆个护,价格贵,negative,1,0.16666666666666666
PRODUCT_154769,美妆个护,正品放心,positive,1,0.16666666666666666
PRODUCT_154775,图书音像,内容不错,positive,1,0.06666666666666667
PRODUCT_154775,图书音像,很新鲜,positive,1,0.06666666666666667
PRODUCT_154775,图书音像,正品放心,positive,1,0.06666666666666667
PRODUCT_154775,图书音像,疑似假货,negative,1,0.06666666666666667
PRODUCT_154775,图书音像,质量好,positive,1,0.06666666666666667
PRODUCT_154916,手机/数码,包装好,positive,1,0.5
PRODUCT_154941,运动户外,很耐用,positive,1,0.25
PRODUCT_154941,运动户外,性价比高,positive,1,0.25
PRODUCT_154941,运动户外,质量好,positive,1,0.25
PRODUCT_154948,图书音像,正品放心,positive,1,1.0
PRODUCT_154954,图书音像,外观好看,positive,1,1.0
PRODUCT_154971,食品/保健,味道一般,negative,1,1.0
PRODUCT_154971,食品/保健,味道不错,positive,1,1.0
PRODUCT_155030,图书音像,外观好看,positive,1,1.0
PRODUCT_155030,图书音像,疑似假货,negative,1,1.0
PRODUCT_155030,图书音像,质量差,negative,1,1.0
PRODUCT_155064,母婴/玩具,质量好,positive,1,0.25
PRODUCT_155127,图书音像,很新鲜,positive,1,1.0
PRODUCT_155156,图书音像,外观一般,negative,1,0.5
PRODUCT_155177,图书音像,会回购,positive,1,0.2
PRODUCT_155177,图书音像,味道不错,positive,1,0.2
PRODUCT_155248,图书音像,性价比高,positive,1,1.0
PRODUCT_155275,图书音像,疑似假货,negative,1,1.0
PRODUCT_155340,电脑/办公,内容一般,negative,1,0.16666666666666666
PRODUCT_155340,电脑/办公,质量好,positive,1,0.16666666666666666
PRODUCT_155373,图书音像,外观好看,positive,1,1.0
PRODUCT_155374,家用电器,外观好看,positive,1,0.3333333333333333
PRODUCT_155390,鞋类箱包,外观好看,positive,1,0.25
PRODUCT_155390,鞋类箱包,很耐用,positive,1,0.25
PRODUCT_155390,鞋类箱包,性价比高,positive,1,0.25
PRODUCT_155432,图书音像,包装差,negative,1,0.5
PRODUCT_155498,电脑/办公,很耐用,positive,1,1.0
PRODUCT_15550,家居生活,很耐用,positive,1,1.0
PRODUCT_155532,电脑/办公,质量好,positive,1,1.0
PRODUCT_155557,图书音像,疑似假货,negative,1,1.0
PRODUCT_155593,电脑/办公,外观好看,positive,3,0.42857142857142855
PRODUCT_155593,电脑/办公,包装好,positive,1,0.14285714285714285
PRODUCT_155593,电脑/办公,质量好,positive,1,0.14285714285714285
PRODUCT_155622,图书音像,会回购,positive,2,0.15384615384615385
PRODUCT_155622,图书音像,正品放心,positive,1,0.07692307692307693
PRODUCT_155649,母婴/玩具,很耐用,positive,1,1.0
PRODUCT_155649,母婴/玩具,正品放心,positive,1,1.0
PRODUCT_155698,图书音像,外观好看,positive,1,1.0
PRODUCT_155698,图书音像,很新鲜,positive,1,1.0
PRODUCT_15574,家具/家装/建材,会回购,positive,1,1.0
PRODUCT_155794,图书音像,内容不错,positive,1,0.04
PRODUCT_155794,图书音像,包装好,positive,1,0.04
PRODUCT_155794,图书音像,外观好看,positive,1,0.04
PRODUCT_155794,图书音像,正品放心,positive,1,0.04
PRODUCT_155794,图书音像,质量好,positive,1,0.04
PRODUCT_155937,图书音像,正品放心,positive,1,1.0
PRODUCT_155979,图书音像,外观好看,positive,1,1.0
PRODUCT_156051,图书音像,很新鲜,positive,1,1.0
PRODUCT_156051,图书音像,质量好,positive,1,1.0
PRODUCT_156080,电脑/办公,质量好,positive,1,0.5
PRODUCT_15609,图书音像,不推荐,negative,1,1.0
PRODUCT_15611,手机/数码,外观好看,positive,1,0.2
PRODUCT_15611,手机/数码,正品放心,positive,1,0.2
PRODUCT_15618,图书音像,质量好,positive,1,0.5
PRODUCT_156203,图书音像,正品放心,positive,1,1.0
PRODUCT_156216,图书音像,正品放心,positive,1,1.0
PRODUCT_156238,手机/数码,性价比高,positive,1,1.0
PRODUCT_156262,鞋类箱包,质量差,negative,1,1.0
PRODUCT_156270,电脑/办公,正品放心,positive,12,0.1518987341772152
PRODUCT_156270,电脑/办公,疑似假货,negative,6,0.0759493670886076
PRODUCT_156270,电脑/办公,包装好,positive,2,0.02531645569620253
PRODUCT_156270,电脑/办公,外观好看,positive,2,0.02531645569620253
PRODUCT_156270,电脑/办公,性价比高,positive,2,0.02531645569620253
PRODUCT_156270,电脑/办公,质量好,positive,2,0.02531645569620253
PRODUCT_156270,电脑/办公,不推荐,negative,1,0.012658227848101266
PRODUCT_156270,电脑/办公,包装差,negative,1,0.012658227848101266
PRODUCT_156270,电脑/办公,发货快,positive,1,0.012658227848101266
PRODUCT_156270,电脑/办公,物流慢,negative,1,0.012658227848101266
PRODUCT_156354,家具/家装/建材,包装差,negative,1,1.0
PRODUCT_156365,鞋类箱包,性价比高,positive,1,1.0
PRODUCT_156406,图书音像,外观好看,positive,1,0.25
PRODUCT_156412,其他,正品放心,positive,1,1.0
PRODUCT_156482,图书音像,内容不错,positive,1,1.0
PRODUCT_156550,手机/数码,质量好,positive,1,0.5
PRODUCT_156553,服饰服装,正品放心,positive,1,1.0
PRODUCT_156564,美妆个护,正品放心,positive,1,1.0
PRODUCT_156721,图书音像,价格贵,negative,1,0.25
PRODUCT_156723,电脑/办公,会回购,positive,1,1.0
PRODUCT_156759,图书音像,尺码合适,positive,1,1.0
PRODUCT_156854,图书音像,会回购,positive,1,1.0
PRODUCT_156871,家用电器,性价比高,positive,1,1.0
PRODUCT_156880,图书音像,外观一般,negative,1,1.0
PRODUCT_156954,服饰服装,尺码不准,negative,1,1.0
PRODUCT_156963,家具/家装/建材,不推荐,negative,1,1.0
PRODUCT_156992,图书音像,不推荐,negative,1,1.0
PRODUCT_156992,图书音像,容易坏,negative,1,1.0
PRODUCT_157011,手机/数码,外观好看,positive,2,0.2857142857142857
PRODUCT_157015,美妆个护,外观好看,positive,1,1.0
PRODUCT_157038,电脑/办公,外观好看,positive,1,0.5
PRODUCT_157135,图书音像,质量好,positive,1,0.3333333333333333
PRODUCT_157178,图书音像,正品放心,positive,1,0.25
PRODUCT_157229,图书音像,外观好看,positive,1,1.0
PRODUCT_157261,手机/数码,性价比高,positive,1,1.0
PRODUCT_157345,图书音像,内容一般,negative,1,1.0
PRODUCT_157357,家居生活,很耐用,positive,1,1.0
PRODUCT_157415,电脑/办公,性价比高,positive,1,0.1
PRODUCT_157444,电脑/办公,外观好看,positive,1,1.0
PRODUCT_15746,食品/保健,味道不错,positive,1,0.5
PRODUCT_157501,电脑/办公,外观好看,positive,1,1.0
PRODUCT_157549,图书音像,内容一般,negative,1,1.0
PRODUCT_157549,图书音像,外观一般,negative,1,1.0
PRODUCT_157554,图书音像,不推荐,negative,1,0.06666666666666667
PRODUCT_157554,图书音像,外观一般,negative,1,0.06666666666666667
PRODUCT_157618,图书音像,正品放心,positive,1,1.0
PRODUCT_157671,图书音像,外观好看,positive,1,0.5
PRODUCT_157735,电脑/办公,外观好看,positive,1,1.0
PRODUCT_157852,美妆个护,正品放心,positive,1,1.0
PRODUCT_157877,图书音像,内容不错,positive,1,0.25
PRODUCT_157877,图书音像,质量好,positive,1,0.25
PRODUCT_15802,家居生活,外观好看,positive,1,1.0
PRODUCT_158045,手机/数码,外观好看,positive,1,0.5
PRODUCT_15807,图书音像,性价比高,positive,1,0.5
PRODUCT_158086,手机/数码,不推荐,negative,1,1.0
PRODUCT_158148,钟表/首饰/眼镜/礼品,外观好看,positive,2,0.6666666666666666
PRODUCT_158181,图书音像,质量好,positive,1,1.0
PRODUCT_158242,图书音像,质量好,positive,1,1.0
PRODUCT_158319,图书音像,很新鲜,positive,1,1.0
PRODUCT_158319,图书音像,疑似假货,negative,1,1.0
PRODUCT_158319,图书音像,质量好,positive,1,1.0
PRODUCT_158352,图书音像,正品放心,positive,1,1.0
PRODUCT_158359,图书音像,正品放心,positive,1,1.0
PRODUCT_158460,图书音像,性价比高,positive,1,0.3333333333333333
PRODUCT_158460,图书音像,正品放心,positive,1,0.3333333333333333
PRODUCT_158526,图书音像,内容不错,positive,1,1.0
PRODUCT_15859,图书音像,正品放心,positive,1,0.14285714285714285
PRODUCT_158604,图书音像,正品放心,positive,1,0.5
PRODUCT_158610,图书音像,性价比高,positive,1,1.0
PRODUCT_158656,图书音像,质量好,positive,1,0.5
PRODUCT_158697,图书音像,价格贵,negative,1,1.0
PRODUCT_158760,家居生活,正品放心,positive,2,0.18181818181818182
PRODUCT_158760,家居生活,疑似假货,negative,2,0.18181818181818182
PRODUCT_158773,图书音像,正品放心,positive,1,0.3333333333333333
PRODUCT_158773,图书音像,疑似假货,negative,1,0.3333333333333333
PRODUCT_158802,图书音像,质量好,positive,1,1.0
PRODUCT_158807,美妆个护,正品放心,positive,1,0.25
PRODUCT_158807,美妆个护,疑似假货,negative,1,0.25
PRODUCT_158820,图书音像,包装差,negative,1,1.0
PRODUCT_158949,图书音像,包装好,positive,1,0.25
PRODUCT_158973,图书音像,很新鲜,positive,1,1.0
PRODUCT_158986,家用电器,会回购,positive,1,1.0
PRODUCT_159005,家居生活,性价比高,positive,1,1.0
PRODUCT_159062,美妆个护,外观一般,negative,1,0.5
PRODUCT_159090,图书音像,外观一般,negative,1,1.0
PRODUCT_159154,美妆个护,发货快,positive,1,0.5
PRODUCT_159154,美妆个护,味道不错,positive,1,0.5
PRODUCT_159200,美妆个护,味道不错,positive,1,0.5
PRODUCT_159236,美妆个护,味道不错,positive,2,0.6666666666666666
PRODUCT_159236,美妆个护,不推荐,negative,1,0.3333333333333333
PRODUCT_159236,美妆个护,正品放心,positive,1,0.3333333333333333
PRODUCT_159298,图书音像,内容不错,positive,1,0.25
PRODUCT_159298,图书音像,质量差,negative,1,0.25
PRODUCT_159310,图书音像,质量好,positive,1,1.0
PRODUCT_159312,美妆个护,价格贵,negative,1,1.0
PRODUCT_159315,家具/家装/建材,包装好,positive,1,1.0
PRODUCT_159340,电脑/办公,性价比高,positive,1,1.0
PRODUCT_159374,图书音像,很新鲜,positive,1,1.0
PRODUCT_159374,图书音像,性价比高,positive,1,1.0
PRODUCT_159381,家具/家装/建材,质量好,positive,1,1.0
PRODUCT_159413,图书音像,外观好看,positive,1,0.3333333333333333
PRODUCT_15944,图书音像,内容不错,positive,1,1.0
PRODUCT_159516,图书音像,外观一般,negative,1,0.3333333333333333
PRODUCT_159564,图书音像,正品放心,positive,1,0.07692307692307693
PRODUCT_159564,图书音像,疑似假货,negative,1,0.07692307692307693
PRODUCT_159610,图书音像,正品放心,positive,1,1.0
PRODUCT_159625,图书音像,质量差,negative,1,0.07142857142857142
PRODUCT_159630,图书音像,内容不错,positive,1,0.1
PRODUCT_159630,图书音像,正品放心,positive,1,0.1
PRODUCT_15966,图书音像,包装差,negative,1,1.0
PRODUCT_159702,美妆个护,味道不错,positive,1,1.0
PRODUCT_159719,图书音像,内容一般,negative,1,1.0
PRODUCT_159811,图书音像,质量差,negative,1,1.0
PRODUCT_159829,图书音像,正品放心,positive,1,1.0
PRODUCT_159936,图书音像,质量好,positive,1,0.5
PRODUCT_159973,图书音像,正品放心,positive,2,0.5
PRODUCT_159973,图书音像,外观好看,positive,1,0.25
PRODUCT_159992,图书音像,性价比高,positive,1,1.0
PRODUCT_159999,图书音像,正品放心,positive,1,1.0
PRODUCT_160065,图书音像,外观好看,positive,1,1.0
PRODUCT_160077,图书音像,包装好,positive,1,1.0
PRODUCT_160086,图书音像,不推荐,negative,1,1.0
PRODUCT_1601,家用电器,内容一般,negative,1,0.14285714285714285
PRODUCT_1601,家用电器,外观好看,positive,1,0.14285714285714285
PRODUCT_1601,家用电器,正品放心,positive,1,0.14285714285714285
PRODUCT_160111,图书音像,内容不错,positive,1,0.25
PRODUCT_160111,图书音像,很新鲜,positive,1,0.25
PRODUCT_160111,图书音像,质量好,positive,1,0.25
PRODUCT_160172,图书音像,包装差,negative,1,1.0
PRODUCT_160172,图书音像,外观好看,positive,1,1.0
PRODUCT_16022,图书音像,外观好看,positive,1,0.14285714285714285
PRODUCT_16022,图书音像,正品放心,positive,1,0.14285714285714285
PRODUCT_160241,图书音像,不推荐,negative,2,0.05
PRODUCT_160241,图书音像,内容不错,positive,2,0.05
PRODUCT_160241,图书音像,包装好,positive,1,0.025
PRODUCT_160241,图书音像,性价比高,positive,1,0.025
PRODUCT_160241,图书音像,正品放心,positive,1,0.025
PRODUCT_160306,图书音像,客服好,positive,1,1.0
PRODUCT_160306,图书音像,性价比高,positive,1,1.0
PRODUCT_160352,图书音像,不推荐,negative,1,1.0
PRODUCT_160415,美妆个护,发货快,positive,1,0.2
PRODUCT_160430,美妆个护,性价比高,positive,1,1.0
PRODUCT_160437,家居生活,不推荐,negative,1,0.3333333333333333
PRODUCT_160437,家居生活,味道一般,negative,1,0.3333333333333333
PRODUCT_160437,家居生活,味道不错,positive,1,0.3333333333333333
PRODUCT_160437,家居生活,质量好,positive,1,0.3333333333333333
PRODUCT_160441,图书音像,内容不错,positive,1,1.0
PRODUCT_160449,其他,不推荐,negative,1,1.0
PRODUCT_160449,其他,疑似假货,negative,1,1.0
PRODUCT_160462,图书音像,内容不错,positive,1,1.0
PRODUCT_160559,家用电器,疑似假货,negative,1,1.0
PRODUCT_160581,图书音像,外观好看,positive,1,0.2
PRODUCT_16059,图书音像,内容不错,positive,1,1.0
PRODUCT_160594,电脑/办公,会回购,positive,1,0.25
PRODUCT_160597,图书音像,正品放心,positive,2,0.6666666666666666
PRODUCT_160622,图书音像,性价比高,positive,1,0.3333333333333333
PRODUCT_160632,电脑/办公,很耐用,positive,1,0.3333333333333333
PRODUCT_160674,图书音像,正品放心,positive,1,0.5
PRODUCT_160766,图书音像,质量好,positive,1,0.3333333333333333
PRODUCT_160793,图书音像,性价比高,positive,1,0.2
PRODUCT_160793,图书音像,疑似假货,negative,1,0.2
PRODUCT_160795,图书音像,外观好看,positive,1,0.16666666666666666
PRODUCT_1608,图书音像,正品放心,positive,1,0.2
PRODUCT_160887,图书音像,发货快,positive,1,0.2
PRODUCT_160902,图书音像,内容不错,positive,1,1.0
PRODUCT_160912,美妆个护,不推荐,negative,1,1.0
PRODUCT_160981,手机/数码,不推荐,negative,1,0.08333333333333333
PRODUCT_160981,手机/数码,正品放心,positive,1,0.08333333333333333
PRODUCT_160993,家具/家装/建材,价格贵,negative,1,0.5
PRODUCT_161,图书音像,质量好,positive,1,1.0
PRODUCT_161062,图书音像,内容不错,positive,1,1.0
PRODUCT_1611,图书音像,正品放心,positive,1,1.0
PRODUCT_161376,图书音像,正品放心,positive,1,0.5
PRODUCT_161382,美妆个护,很耐用,positive,1,0.3333333333333333
PRODUCT_161382,美妆个护,质量好,positive,1,0.3333333333333333
PRODUCT_161383,电脑/办公,价格贵,negative,1,0.1111111111111111
PRODUCT_161383,电脑/办公,正品放心,positive,1,0.1111111111111111
PRODUCT_161383,电脑/办公,疑似假货,negative,1,0.1111111111111111
PRODUCT_161421,图书音像,性价比高,positive,1,0.14285714285714285
PRODUCT_161421,图书音像,疑似假货,negative,1,0.14285714285714285
PRODUCT_161439,食品/保健,味道不错,positive,1,0.5
PRODUCT_161470,图书音像,正品放心,positive,1,1.0
PRODUCT_161503,图书音像,正品放心,positive,1,1.0
PRODUCT_161542,图书音像,会回购,positive,1,0.3333333333333333
PRODUCT_16156,图书音像,不推荐,negative,1,1.0
PRODUCT_161586,图书音像,很耐用,positive,1,1.0
PRODUCT_161648,图书音像,内容不错,positive,1,1.0
PRODUCT_161763,图书音像,外观好看,positive,1,1.0
PRODUCT_161783,图书音像,外观好看,positive,1,0.5
PRODUCT_161793,图书音像,外观好看,positive,2,0.3333333333333333
PRODUCT_161891,图书音像,外观好看,positive,1,0.16666666666666666
PRODUCT_1619,图书音像,质量好,positive,1,0.5
PRODUCT_161935,手机/数码,物流慢,negative,1,1.0
PRODUCT_161954,图书音像,正品放心,positive,1,0.5
PRODUCT_162069,手机/数码,不推荐,negative,1,1.0
PRODUCT_162069,手机/数码,很耐用,positive,1,1.0
PRODUCT_162069,手机/数码,正品放心,positive,1,1.0
PRODUCT_162088,图书音像,内容一般,negative,1,0.3333333333333333
PRODUCT_162114,图书音像,内容不错,positive,1,0.16666666666666666
PRODUCT_162114,图书音像,正品放心,positive,1,0.16666666666666666
PRODUCT_162216,图书音像,内容不错,positive,1,1.0
PRODUCT_162232,图书音像,会回购,positive,1,0.1
PRODUCT_162247,图书音像,不推荐,negative,1,0.5
PRODUCT_162260,家居生活,不推荐,negative,1,1.0
PRODUCT_162286,图书音像,外观好看,positive,1,1.0
PRODUCT_162503,图书音像,不推荐,negative,1,1.0
PRODUCT_162503,图书音像,很新鲜,positive,1,1.0
PRODUCT_162505,电脑/办公,容易坏,negative,1,0.3333333333333333
PRODUCT_162505,电脑/办公,质量差,negative,1,0.3333333333333333
PRODUCT_162567,家具/家装/建材,性价比高,positive,1,0.5
PRODUCT_162583,手机/数码,包装好,positive,1,0.14285714285714285
PRODUCT_162583,手机/数码,发货快,positive,1,0.14285714285714285
PRODUCT_162583,手机/数码,正品放心,positive,1,0.14285714285714285
PRODUCT_162639,钟表/首饰/眼镜/礼品,容易坏,negative,1,0.5
PRODUCT_162642,图书音像,内容不错,positive,1,1.0
PRODUCT_162681,电脑/办公,质量好,positive,1,1.0
PRODUCT_162692,食品/保健,疑似假货,negative,1,1.0
PRODUCT_162738,母婴/玩具,外观好看,positive,1,1.0
PRODUCT_162747,图书音像,质量好,positive,1,1.0
PRODUCT_162780,家具/家装/建材,容易坏,negative,1,0.5
PRODUCT_162780,家具/家装/建材,很耐用,positive,1,0.5
PRODUCT_16281,图书音像,外观好看,positive,1,0.3333333333333333
PRODUCT_162853,图书音像,内容不错,positive,1,1.0
PRODUCT_162897,图书音像,不推荐,negative,1,1.0
PRODUCT_162897,图书音像,内容不错,positive,1,1.0
PRODUCT_163020,图书音像,正品放心,positive,1,0.2
PRODUCT_163066,家居生活,味道不错,positive,1,1.0
PRODUCT_163135,图书音像,正品放心,positive,1,0.5
PRODUCT_163162,手机/数码,会回购,positive,1,1.0
PRODUCT_16319,图书音像,价格贵,negative,1,1.0
PRODUCT_163276,图书音像,很新鲜,positive,1,0.5
PRODUCT_163284,图书音像,内容不错,positive,1,0.3333333333333333
PRODUCT_163284,图书音像,外观好看,positive,1,0.3333333333333333
PRODUCT_163284,图书音像,性价比高,positive,1,0.3333333333333333
PRODUCT_163404,家用电器,外观好看,positive,1,1.0
PRODUCT_163882,图书音像,疑似假货,negative,2,0.11764705882352941
PRODUCT_163882,图书音像,外观好看,positive,1,0.058823529411764705
PRODUCT_163882,图书音像,尺码合适,positive,1,0.058823529411764705
PRODUCT_163882,图书音像,正品放心,positive,1,0.058823529411764705
PRODUCT_163882,图书音像,质量好,positive,1,0.058823529411764705
PRODUCT_163896,图书音像,质量差,negative,1,1.0
PRODUCT_163959,图书音像,外观好看,positive,1,0.3333333333333333
PRODUCT_163965,图书音像,内容不错,positive,1,1.0
PRODUCT_163970,其他,价格贵,negative,1,0.3333333333333333
PRODUCT_163971,图书音像,正品放心,positive,2,1.0
PRODUCT_163971,图书音像,疑似假货,negative,1,0.5
PRODUCT_163992,图书音像,味道不错,positive,1,0.5
PRODUCT_164034,图书音像,疑似假货,negative,1,0.5
PRODUCT_164056,图书音像,包装差,negative,1,1.0
PRODUCT_164083,美妆个护,正品放心,positive,1,1.0
PRODUCT_164088,美妆个护,正品放心,positive,1,0.3333333333333333
PRODUCT_164088,美妆个护,疑似假货,negative,1,0.3333333333333333
PRODUCT_164095,图书音像,正品放心,positive,1,0.5
PRODUCT_164193,图书音像,正品放心,positive,1,0.25
PRODUCT_164193,图书音像,疑似假货,negative,1,0.25
PRODUCT_164193,图书音像,质量好,positive,1,0.25
PRODUCT_164193,图书音像,质量差,negative,1,0.25
PRODUCT_164289,图书音像,正品放心,positive,1,0.5
PRODUCT_164314,图书音像,内容不错,positive,1,1.0
PRODUCT_164332,图书音像,性价比高,positive,1,1.0
PRODUCT_164353,图书音像,质量好,positive,1,1.0
PRODUCT_164386,图书音像,外观好看,positive,1,1.0
PRODUCT_164394,图书音像,内容一般,negative,1,0.5
PRODUCT_164394,图书音像,包装差,negative,1,0.5
PRODUCT_164394,图书音像,质量差,negative,1,0.5
PRODUCT_164400,图书音像,疑似假货,negative,1,1.0
PRODUCT_164463,图书音像,物流慢,negative,1,1.0
PRODUCT_164465,图书音像,外观好看,positive,1,1.0
PRODUCT_164501,图书音像,正品放心,positive,1,1.0
PRODUCT_16460,图书音像,不推荐,negative,1,0.3333333333333333
PRODUCT_16460,图书音像,内容不错,positive,1,0.3333333333333333
PRODUCT_16460,图书音像,疑似假货,negative,1,0.3333333333333333
PRODUCT_164653,图书音像,不推荐,negative,1,0.25
PRODUCT_164653,图书音像,外观好看,positive,1,0.25
PRODUCT_164669,手机/数码,价格贵,negative,1,1.0
PRODUCT_164731,图书音像,性价比高,positive,2,0.2857142857142857
PRODUCT_164807,图书音像,内容一般,negative,1,0.3333333333333333
PRODUCT_164848,图书音像,疑似假货,negative,1,0.25
PRODUCT_164848,图书音像,质量好,positive,1,0.25
PRODUCT_164849,图书音像,不推荐,negative,1,1.0
PRODUCT_164989,图书音像,价格贵,negative,1,1.0
PRODUCT_165108,图书音像,正品放心,positive,2,0.4
PRODUCT_165108,图书音像,很新鲜,positive,1,0.2
PRODUCT_165108,图书音像,疑似假货,negative,1,0.2
PRODUCT_16516,图书音像,内容不错,positive,1,1.0
PRODUCT_165293,图书音像,正品放心,positive,1,1.0
PRODUCT_165295,图书音像,外观好看,positive,1,0.3333333333333333
PRODUCT_165413,图书音像,正品放心,positive,1,0.5
PRODUCT_165413,图书音像,质量好,positive,1,0.5
PRODUCT_165424,图书音像,正品放心,positive,1,1.0
PRODUCT_165447,美妆个护,味道不错,positive,1,0.5
PRODUCT_165448,图书音像,会回购,positive,1,0.16666666666666666
PRODUCT_165448,图书音像,正品放心,positive,1,0.16666666666666666
PRODUCT_165555,图书音像,正品放心,positive,1,1.0
PRODUCT_165707,美妆个护,包装差,negative,1,0.5
PRODUCT_165855,图书音像,包装差,negative,1,0.5
PRODUCT_165911,图书音像,价格贵,negative,1,1.0
PRODUCT_165921,图书音像,包装差,negative,1,0.5
PRODUCT_165940,图书音像,内容一般,negative,1,1.0
PRODUCT_165948,图书音像,内容不错,positive,2,0.5
PRODUCT_165948,图书音像,外观好看,positive,1,0.25
PRODUCT_166029,图书音像,味道不错,positive,1,1.0
PRODUCT_166103,图书音像,质量好,positive,1,1.0
PRODUCT_166104,图书音像,内容不错,positive,1,1.0
PRODUCT_166137,图书音像,正品放心,positive,1,1.0
PRODUCT_166138,美妆个护,味道不错,positive,1,0.3333333333333333
PRODUCT_166151,图书音像,正品放心,positive,1,1.0
PRODUCT_166197,图书音像,内容不错,positive,1,0.5
PRODUCT_166245,家居生活,容易坏,negative,1,0.5
PRODUCT_166260,图书音像,会回购,positive,1,0.07142857142857142
PRODUCT_166260,图书音像,质量好,positive,1,0.07142857142857142
PRODUCT_166277,图书音像,外观好看,positive,1,1.0
PRODUCT_166280,图书音像,包装差,negative,1,1.0
PRODUCT_166345,图书音像,质量好,positive,1,0.25
PRODUCT_166413,家居生活,质量好,positive,1,1.0
PRODUCT_16646,家具/家装/建材,性价比高,positive,1,0.3333333333333333
PRODUCT_166460,图书音像,内容不错,positive,1,0.5
PRODUCT_166460,图书音像,包装好,positive,1,0.5
PRODUCT_166460,图书音像,很新鲜,positive,1,0.5
PRODUCT_166460,图书音像,质量好,positive,1,0.5
PRODUCT_166560,图书音像,外观一般,negative,1,0.5
PRODUCT_166560,图书音像,外观好看,positive,1,0.5
PRODUCT_166577,电脑/办公,外观好看,positive,1,0.5
PRODUCT_166619,家用电器,正品放心,positive,1,0.3333333333333333
PRODUCT_166626,图书音像,很耐用,positive,1,1.0
PRODUCT_16669,图书音像,正品放心,positive,1,0.5
PRODUCT_166753,图书音像,正品放心,positive,1,1.0
PRODUCT_166818,电脑/办公,疑似假货,negative,1,1.0
PRODUCT_166838,电脑/办公,质量好,positive,1,1.0
PRODUCT_16684,图书音像,包装好,positive,1,1.0
PRODUCT_16684,图书音像,包装差,negative,1,1.0
PRODUCT_166843,图书音像,正品放心,positive,1,0.3333333333333333
PRODUCT_166851,电脑/办公,外观好看,positive,1,1.0
PRODUCT_166859,美妆个护,味道不错,positive,1,0.3333333333333333
PRODUCT_166893,家用电器,发货快,positive,1,0.07692307692307693
PRODUCT_166893,家用电器,性价比高,positive,1,0.07692307692307693
PRODUCT_166893,家用电器,质量好,positive,1,0.07692307692307693
PRODUCT_166908,图书音像,正品放心,positive,1,0.5
PRODUCT_166951,母婴/玩具,不推荐,negative,1,1.0
PRODUCT_166984,母婴/玩具,外观好看,positive,1,0.5
PRODUCT_166984,母婴/玩具,正品放心,positive,1,0.5
PRODUCT_166992,图书音像,内容不错,positive,1,1.0
PRODUCT_166996,图书音像,很新鲜,positive,1,0.5
PRODUCT_167022,图书音像,味道不错,positive,1,0.16666666666666666
PRODUCT_167022,图书音像,外观好看,positive,1,0.16666666666666666
PRODUCT_167035,手机/数码,不推荐,negative,1,0.3333333333333333
PRODUCT_167039,手机/数码,质量差,negative,1,0.5
PRODUCT_167053,图书音像,质量好,positive,1,1.0
PRODUCT_167111,图书音像,性价比高,positive,1,1.0
PRODUCT_16712,电脑/办公,容易坏,negative,1,0.2
PRODUCT_16712,电脑/办公,质量好,positive,1,0.2
PRODUCT_167162,美妆个护,正品放心,positive,1,0.5
PRODUCT_167172,图书音像,不推荐,negative,1,0.16666666666666666
PRODUCT_167206,图书音像,外观好看,positive,1,0.3333333333333333
PRODUCT_167226,手机/数码,很耐用,positive,1,1.0
PRODUCT_167226,手机/数码,正品放心,positive,1,1.0
PRODUCT_167241,图书音像,不推荐,negative,1,1.0
PRODUCT_167277,电脑/办公,正品放心,positive,3,0.2
PRODUCT_167277,电脑/办公,外观好看,positive,2,0.13333333333333333
PRODUCT_167277,电脑/办公,不推荐,negative,1,0.06666666666666667
PRODUCT_167277,电脑/办公,会回购,positive,1,0.06666666666666667
PRODUCT_167277,电脑/办公,质量差,negative,1,0.06666666666666667
PRODUCT_167289,电脑/办公,正品放心,positive,2,0.15384615384615385
PRODUCT_167289,电脑/办公,会回购,positive,1,0.07692307692307693
PRODUCT_167289,电脑/办公,容易坏,negative,1,0.07692307692307693
PRODUCT_167361,图书音像,外观一般,negative,1,0.3333333333333333
PRODUCT_167378,图书音像,包装差,negative,1,1.0
PRODUCT_167389,鞋类箱包,正品放心,positive,1,0.5
PRODUCT_167574,钟表/首饰/眼镜/礼品,质量好,positive,1,1.0
PRODUCT_167586,家具/家装/建材,性价比高,positive,1,1.0
PRODUCT_167680,电脑/办公,正品放心,positive,2,0.6666666666666666
PRODUCT_167680,电脑/办公,不推荐,negative,1,0.3333333333333333
PRODUCT_167680,电脑/办公,价格贵,negative,1,0.3333333333333333
PRODUCT_167715,食品/保健,味道不错,positive,1,1.0
PRODUCT_167854,家用电器,性价比高,positive,1,0.2
PRODUCT_167854,家用电器,正品放心,positive,1,0.2
PRODUCT_167874,图书音像,外观好看,positive,1,0.3333333333333333
PRODUCT_167907,鞋类箱包,会回购,positive,2,0.2
PRODUCT_167907,鞋类箱包,内容一般,negative,1,0.1
PRODUCT_167907,鞋类箱包,很耐用,positive,1,0.1
PRODUCT_167907,鞋类箱包,质量好,positive,1,0.1
PRODUCT_168010,电脑/办公,包装好,positive,1,0.25
PRODUCT_168019,图书音像,外观好看,positive,1,1.0
PRODUCT_168035,图书音像,内容不错,positive,1,1.0
PRODUCT_168090,美妆个护,质量差,negative,1,1.0
PRODUCT_16813,图书音像,包装差,negative,1,1.0
PRODUCT_168160,图书音像,内容不错,positive,1,0.2
PRODUCT_168160,图书音像,客服好,positive,1,0.2
PRODUCT_168160,图书音像,性价比高,positive,1,0.2
PRODUCT_168240,图书音像,外观好看,positive,1,0.3333333333333333
PRODUCT_168251,图书音像,不推荐,negative,1,1.0
PRODUCT_168259,家具/家装/建材,质量好,positive,1,1.0
PRODUCT_168287,图书音像,包装差,negative,1,0.25
PRODUCT_168287,图书音像,很新鲜,positive,1,0.25
PRODUCT_168351,家居生活,外观好看,positive,1,0.3333333333333333
PRODUCT_168351,家居生活,质量好,positive,1,0.3333333333333333
PRODUCT_168404,图书音像,质量好,positive,1,0.25
PRODUCT_168406,美妆个护,正品放心,positive,2,0.4
PRODUCT_168444,电脑/办公,正品放心,positive,1,0.16666666666666666
PRODUCT_168614,母婴/玩具,尺码合适,positive,1,1.0
PRODUCT_168614,母婴/玩具,正品放心,positive,1,1.0
PRODUCT_168682,手机/数码,尺码不准,negative,1,0.2
PRODUCT_168682,手机/数码,正品放心,positive,1,0.2
PRODUCT_16869,手机/数码,容易坏,negative,2,0.4
PRODUCT_168796,电脑/办公,性价比高,positive,1,1.0
PRODUCT_16881,图书音像,内容不错,positive,1,0.25
PRODUCT_168842,图书音像,尺码不准,negative,1,1.0
PRODUCT_168863,手机/数码,外观好看,positive,1,0.5
PRODUCT_168863,手机/数码,质量好,positive,1,0.5
PRODUCT_168905,电脑/办公,外观好看,positive,1,0.3333333333333333
PRODUCT_169026,图书音像,正品放心,positive,1,1.0
PRODUCT_169041,图书音像,味道不错,positive,1,0.5
PRODUCT_169059,家具/家装/建材,味道不错,positive,1,1.0
PRODUCT_16916,图书音像,性价比高,positive,2,0.3333333333333333
PRODUCT_16916,图书音像,正品放心,positive,1,0.16666666666666666
PRODUCT_169193,图书音像,外观好看,positive,1,1.0
PRODUCT_169277,图书音像,外观好看,positive,1,1.0
PRODUCT_169278,图书音像,外观好看,positive,1,0.25
PRODUCT_169436,图书音像,内容一般,negative,1,0.5
PRODUCT_169573,手机/数码,质量好,positive,1,1.0
PRODUCT_16967,图书音像,内容不错,positive,1,0.3333333333333333
PRODUCT_16967,图书音像,很新鲜,positive,1,0.3333333333333333
PRODUCT_169725,图书音像,正品放心,positive,1,1.0
PRODUCT_169840,图书音像,容易坏,negative,1,1.0
PRODUCT_16994,电脑/办公,外观好看,positive,1,0.5
PRODUCT_169941,钟表/首饰/眼镜/礼品,很耐用,positive,1,0.2
PRODUCT_170051,图书音像,性价比高,positive,1,0.5
PRODUCT_170100,图书音像,包装差,negative,1,0.5
PRODUCT_170100,图书音像,正品放心,positive,1,0.5
PRODUCT_170102,图书音像,不推荐,negative,1,0.3333333333333333
PRODUCT_170102,图书音像,疑似假货,negative,1,0.3333333333333333
PRODUCT_170206,图书音像,性价比高,positive,1,1.0
PRODUCT_170245,图书音像,很新鲜,positive,1,0.5
PRODUCT_170259,手机/数码,外观好看,positive,2,0.3333333333333333
PRODUCT_170259,手机/数码,价格贵,negative,1,0.16666666666666666
PRODUCT_170270,图书音像,价格贵,negative,1,1.0
PRODUCT_170340,图书音像,质量好,positive,2,0.13333333333333333
PRODUCT_170340,图书音像,味道一般,negative,1,0.06666666666666667
PRODUCT_170340,图书音像,性价比高,positive,1,0.06666666666666667
PRODUCT_170348,图书音像,外观好看,positive,1,1.0
PRODUCT_170369,图书音像,不推荐,negative,1,1.0
PRODUCT_170369,图书音像,外观好看,positive,1,1.0
PRODUCT_170470,图书音像,正品放心,positive,1,1.0
PRODUCT_170598,美妆个护,味道不错,positive,1,0.5
PRODUCT_170598,美妆个护,正品放心,positive,1,0.5
PRODUCT_170666,母婴/玩具,外观好看,positive,1,0.1111111111111111
PRODUCT_170671,图书音像,性价比高,positive,1,1.0
PRODUCT_170678,美妆个护,味道不错,positive,2,1.0
PRODUCT_170735,图书音像,不推荐,negative,1,0.1111111111111111
PRODUCT_170735,图书音像,质量好,positive,1,0.1111111111111111
PRODUCT_170744,图书音像,外观好看,positive,1,1.0
PRODUCT_170770,电脑/办公,发货快,positive,1,0.3333333333333333
PRODUCT_170770,电脑/办公,外观好看,positive,1,0.3333333333333333
PRODUCT_170773,图书音像,正品放心,positive,1,1.0
PRODUCT_170799,图书音像,包装差,negative,1,0.5
PRODUCT_170799,图书音像,疑似假货,negative,1,0.5
PRODUCT_170844,图书音像,正品放心,positive,1,0.25
PRODUCT_170859,图书音像,内容不错,positive,1,0.3333333333333333
PRODUCT_170859,图书音像,外观好看,positive,1,0.3333333333333333
PRODUCT_170861,图书音像,外观好看,positive,1,0.3333333333333333
PRODUCT_170968,图书音像,正品放心,positive,3,0.25
PRODUCT_170968,图书音像,质量差,negative,2,0.16666666666666666
PRODUCT_170968,图书音像,发货快,positive,1,0.08333333333333333
PRODUCT_170968,图书音像,疑似假货,negative,1,0.08333333333333333
PRODUCT_17097,图书音像,外观好看,positive,2,0.2222222222222222
PRODUCT_17097,图书音像,正品放心,positive,1,0.1111111111111111
PRODUCT_171009,图书音像,正品放心,positive,1,1.0
PRODUCT_171079,图书音像,会回购,positive,1,0.5
PRODUCT_171090,食品/保健,味道不错,positive,1,1.0
PRODUCT_171153,家用电器,不推荐,negative,1,1.0
PRODUCT_171186,图书音像,不推荐,negative,1,0.3333333333333333
PRODUCT_171249,图书音像,内容一般,negative,1,1.0
PRODUCT_171279,图书音像,包装好,positive,1,1.0
PRODUCT_171291,图书音像,会回购,positive,1,0.3333333333333333
PRODUCT_171291,图书音像,外观好看,positive,1,0.3333333333333333
PRODUCT_171291,图书音像,性价比高,positive,1,0.3333333333333333
PRODUCT_171373,其他,性价比高,positive,1,0.5
PRODUCT_171376,图书音像,质量差,negative,1,0.25
PRODUCT_171422,图书音像,内容不错,positive,1,1.0
PRODUCT_171447,运动户外,内容不错,positive,1,0.25
PRODUCT_171453,图书音像,外观好看,positive,1,0.5
PRODUCT_171457,图书音像,容易坏,negative,1,0.5
PRODUCT_171489,钟表/首饰/眼镜/礼品,正品放心,positive,1,0.25
PRODUCT_171500,图书音像,内容不错,positive,1,0.2
PRODUCT_171500,图书音像,客服好,positive,1,0.2
PRODUCT_171507,图书音像,内容不错,positive,1,1.0
PRODUCT_171507,图书音像,质量好,positive,1,1.0
PRODUCT_171513,图书音像,疑似假货,negative,1,1.0
PRODUCT_171553,图书音像,内容不错,positive,1,1.0
PRODUCT_171571,图书音像,内容不错,positive,1,0.14285714285714285
PRODUCT_171571,图书音像,包装差,negative,1,0.14285714285714285
PRODUCT_171699,图书音像,质量好,positive,1,1.0
PRODUCT_171770,图书音像,会回购,positive,1,0.16666666666666666
PRODUCT_171770,图书音像,质量好,positive,1,0.16666666666666666
PRODUCT_171825,电脑/办公,外观好看,positive,1,0.3333333333333333
PRODUCT_171825,电脑/办公,正品放心,positive,1,0.3333333333333333
PRODUCT_171825,电脑/办公,质量好,positive,1,0.3333333333333333
PRODUCT_171851,图书音像,会回购,positive,1,1.0
PRODUCT_171851,图书音像,内容不错,positive,1,1.0
PRODUCT_171915,图书音像,性价比高,positive,1,1.0
PRODUCT_171946,家用电器,正品放心,positive,1,1.0
PRODUCT_171952,电脑/办公,包装好,positive,1,0.2
PRODUCT_171952,电脑/办公,性价比高,positive,1,0.2
PRODUCT_172048,图书音像,疑似假货,negative,1,0.25
PRODUCT_172116,家用电器,价格贵,negative,1,1.0
PRODUCT_172184,手机/数码,性价比高,positive,1,1.0
PRODUCT_172208,图书音像,内容一般,negative,1,1.0
PRODUCT_17222,电脑/办公,质量好,positive,1,0.5
PRODUCT_172244,图书音像,质量好,positive,1,1.0
PRODUCT_172266,图书音像,外观好看,positive,1,1.0
PRODUCT_172287,家用电器,外观好看,positive,1,0.5
PRODUCT_172312,图书音像,外观好看,positive,1,1.0
PRODUCT_172312,图书音像,性价比高,positive,1,1.0
PRODUCT_172341,图书音像,不推荐,negative,1,1.0
PRODUCT_172341,图书音像,外观好看,positive,1,1.0
PRODUCT_172402,图书音像,外观好看,positive,1,1.0
PRODUCT_172434,家居生活,味道不错,positive,1,1.0
PRODUCT_172465,图书音像,疑似假货,negative,2,0.2222222222222222
PRODUCT_172465,图书音像,包装差,negative,1,0.1111111111111111
PRODUCT_172465,图书音像,尺码合适,positive,1,0.1111111111111111
PRODUCT_172465,图书音像,质量好,positive,1,0.1111111111111111
PRODUCT_172508,美妆个护,包装差,negative,1,1.0
PRODUCT_172508,美妆个护,容易坏,negative,1,1.0
PRODUCT_172508,美妆个护,正品放心,positive,1,1.0
PRODUCT_172612,手机/数码,不推荐,negative,1,1.0
PRODUCT_172612,手机/数码,质量差,negative,1,1.0
PRODUCT_172625,手机/数码,会回购,positive,1,1.0
PRODUCT_172625,手机/数码,正品放心,positive,1,1.0
PRODUCT_172655,家用电器,性价比高,positive,2,0.16666666666666666
PRODUCT_172655,家用电器,会回购,positive,1,0.08333333333333333
PRODUCT_172656,图书音像,外观好看,positive,2,0.3333333333333333
PRODUCT_172656,图书音像,不推荐,negative,1,0.16666666666666666
PRODUCT_172671,家具/家装/建材,正品放心,positive,1,1.0
PRODUCT_172692,图书音像,外观好看,positive,1,1.0
PRODUCT_172760,图书音像,外观好看,positive,1,0.1
PRODUCT_172760,图书音像,质量好,positive,1,0.1
PRODUCT_172768,图书音像,正品放心,positive,5,0.3333333333333333
PRODUCT_172768,图书音像,外观好看,positive,3,0.2
PRODUCT_172768,图书音像,包装差,negative,2,0.13333333333333333
PRODUCT_172768,图书音像,价格贵,negative,1,0.06666666666666667
PRODUCT_172768,图书音像,包装好,positive,1,0.06666666666666667
PRODUCT_172768,图书音像,外观一般,negative,1,0.06666666666666667
PRODUCT_172789,图书音像,味道不错,positive,1,1.0
PRODUCT_172789,图书音像,正品放心,positive,1,1.0
PRODUCT_172809,电脑/办公,不推荐,negative,1,0.5
PRODUCT_172809,电脑/办公,内容一般,negative,1,0.5
PRODUCT_172809,电脑/办公,质量差,negative,1,0.5
PRODUCT_172819,食品/保健,外观好看,positive,1,0.5
PRODUCT_172885,图书音像,外观好看,positive,1,0.5
PRODUCT_172896,手机/数码,外观好看,positive,1,0.5
PRODUCT_172911,手机/数码,外观好看,positive,1,0.5
PRODUCT_172980,电脑/办公,不推荐,negative,1,1.0
PRODUCT_172983,食品/保健,味道不错,positive,1,1.0
PRODUCT_172997,图书音像,不推荐,negative,1,1.0
PRODUCT_173061,图书音像,外观好看,positive,2,0.4
PRODUCT_173061,图书音像,性价比高,positive,1,0.2
PRODUCT_173067,图书音像,内容不错,positive,1,0.3333333333333333
PRODUCT_173289,图书音像,包装差,negative,1,1.0
PRODUCT_173310,图书音像,质量差,negative,1,1.0
PRODUCT_173327,图书音像,价格贵,negative,1,0.3333333333333333
PRODUCT_173328,电脑/办公,性价比高,positive,3,0.2727272727272727
PRODUCT_173328,电脑/办公,不推荐,negative,1,0.09090909090909091
PRODUCT_173328,电脑/办公,质量差,negative,1,0.09090909090909091
PRODUCT_173367,钟表/首饰/眼镜/礼品,外观好看,positive,1,0.5
PRODUCT_173367,钟表/首饰/眼镜/礼品,质量差,negative,1,0.5
PRODUCT_173371,图书音像,外观好看,positive,2,0.2857142857142857
PRODUCT_173371,图书音像,正品放心,positive,2,0.2857142857142857
PRODUCT_173371,图书音像,很新鲜,positive,1,0.14285714285714285
PRODUCT_173394,图书音像,不推荐,negative,1,1.0
PRODUCT_173394,图书音像,会回购,positive,1,1.0
PRODUCT_173760,图书音像,内容不错,positive,1,0.3333333333333333
PRODUCT_173851,母婴/玩具,包装差,negative,1,0.5
PRODUCT_173873,电脑/办公,容易坏,negative,1,1.0
PRODUCT_173873,电脑/办公,正品放心,positive,1,1.0
PRODUCT_173873,电脑/办公,质量好,positive,1,1.0
PRODUCT_173874,电脑/办公,外观好看,positive,1,0.25
PRODUCT_173874,电脑/办公,尺码合适,positive,1,0.25
PRODUCT_173874,电脑/办公,正品放心,positive,1,0.25
PRODUCT_173877,电脑/办公,物流慢,negative,1,0.5
PRODUCT_173879,家用电器,性价比高,positive,1,0.25
PRODUCT_173946,母婴/玩具,性价比高,positive,1,1.0
PRODUCT_174013,家用电器,味道不错,positive,1,0.5
PRODUCT_174013,家用电器,质量好,positive,1,0.5
PRODUCT_174013,家用电器,质量差,negative,1,0.5
PRODUCT_174049,电脑/办公,正品放心,positive,1,0.2
PRODUCT_174078,手机/数码,质量好,positive,1,1.0
PRODUCT_174162,图书音像,正品放心,positive,1,1.0
PRODUCT_174379,电脑/办公,很耐用,positive,1,0.1111111111111111
PRODUCT_174403,图书音像,会回购,positive,1,0.5
PRODUCT_174438,手机/数码,性价比高,positive,1,0.25
PRODUCT_174456,母婴/玩具,质量好,positive,1,0.5
PRODUCT_174473,电脑/办公,不推荐,negative,1,0.5
PRODUCT_174473,电脑/办公,容易坏,negative,1,0.5
PRODUCT_174521,图书音像,味道不错,positive,1,1.0
PRODUCT_174528,图书音像,外观好看,positive,1,1.0
PRODUCT_174544,手机/数码,正品放心,positive,1,1.0
PRODUCT_174608,手机/数码,性价比高,positive,1,0.5
PRODUCT_174660,家用电器,外观好看,positive,1,0.25
PRODUCT_175254,电脑/办公,价格贵,negative,1,0.5
PRODUCT_175254,电脑/办公,包装差,negative,1,0.5
PRODUCT_17532,图书音像,外观好看,positive,1,1.0
PRODUCT_175328,图书音像,性价比高,positive,1,1.0
PRODUCT_175355,其他,包装差,negative,1,0.09090909090909091
PRODUCT_1754,家具/家装/建材,很耐用,positive,1,0.25
PRODUCT_17559,图书音像,不推荐,negative,1,1.0
PRODUCT_175609,电脑/办公,发货快,positive,1,0.25
PRODUCT_175609,电脑/办公,性价比高,positive,1,0.25
PRODUCT_175609,电脑/办公,正品放心,positive,1,0.25
PRODUCT_17573,图书音像,价格贵,negative,1,0.5
PRODUCT_17573,图书音像,内容一般,negative,1,0.5
PRODUCT_175780,图书音像,外观一般,negative,1,1.0
PRODUCT_175879,图书音像,正品放心,positive,1,1.0
PRODUCT_175920,图书音像,正品放心,positive,2,0.3333333333333333
PRODUCT_175920,图书音像,疑似假货,negative,2,0.3333333333333333
PRODUCT_175920,图书音像,质量差,negative,2,0.3333333333333333
PRODUCT_176059,电脑/办公,发货快,positive,1,1.0
PRODUCT_176060,家用电器,味道不错,positive,4,0.21052631578947367
PRODUCT_176060,家用电器,正品放心,positive,2,0.10526315789473684
PRODUCT_176060,家用电器,包装好,positive,1,0.05263157894736842
PRODUCT_176060,家用电器,发货快,positive,1,0.05263157894736842
PRODUCT_176062,手机/数码,正品放心,positive,2,0.15384615384615385
PRODUCT_176062,手机/数码,价格贵,negative,1,0.07692307692307693
PRODUCT_176062,手机/数码,很耐用,positive,1,0.07692307692307693
PRODUCT_176062,手机/数码,性价比高,positive,1,0.07692307692307693
PRODUCT_176062,手机/数码,疑似假货,negative,1,0.07692307692307693
PRODUCT_176067,美妆个护,疑似假货,negative,4,0.21052631578947367
PRODUCT_176067,美妆个护,很耐用,positive,1,0.05263157894736842
PRODUCT_176067,美妆个护,性价比高,positive,1,0.05263157894736842
PRODUCT_176067,美妆个护,正品放心,positive,1,0.05263157894736842
PRODUCT_176169,电脑/办公,会回购,positive,1,1.0
PRODUCT_176180,图书音像,正品放心,positive,2,1.0
PRODUCT_176238,图书音像,外观好看,positive,1,0.5
PRODUCT_176247,图书音像,质量好,positive,1,1.0
PRODUCT_176254,图书音像,内容一般,negative,1,1.0
PRODUCT_176276,图书音像,正品放心,positive,1,0.125
PRODUCT_176276,图书音像,疑似假货,negative,1,0.125
PRODUCT_176362,图书音像,很新鲜,positive,1,0.25
PRODUCT_176443,图书音像,包装差,negative,1,1.0
PRODUCT_176443,图书音像,质量好,positive,1,1.0
PRODUCT_176455,图书音像,正品放心,positive,1,0.16666666666666666
PRODUCT_176455,图书音像,疑似假货,negative,1,0.16666666666666666
PRODUCT_176581,图书音像,不推荐,negative,1,0.3333333333333333
PRODUCT_176581,图书音像,会回购,positive,1,0.3333333333333333
PRODUCT_176581,图书音像,外观一般,negative,1,0.3333333333333333
PRODUCT_176608,图书音像,正品放心,positive,1,0.3333333333333333
PRODUCT_176732,图书音像,质量好,positive,1,0.1
PRODUCT_176796,图书音像,外观好看,positive,1,0.5
PRODUCT_176841,美妆个护,味道不错,positive,4,0.6666666666666666
PRODUCT_176841,美妆个护,不推荐,negative,1,0.16666666666666666
PRODUCT_176841,美妆个护,正品放心,positive,1,0.16666666666666666
PRODUCT_176842,美妆个护,包装好,positive,1,0.25
PRODUCT_176842,美妆个护,正品放心,positive,1,0.25
PRODUCT_176857,图书音像,正品放心,positive,1,0.5
PRODUCT_176857,图书音像,质量好,positive,1,0.5
PRODUCT_176877,美妆个护,很耐用,positive,1,0.14285714285714285
PRODUCT_176877,美妆个护,质量好,positive,1,0.14285714285714285
PRODUCT_176899,图书音像,包装差,negative,1,0.5
PRODUCT_176899,图书音像,物流慢,negative,1,0.5
PRODUCT_176923,图书音像,质量差,negative,1,1.0
PRODUCT_176991,图书音像,包装差,negative,1,0.125
PRODUCT_176997,家居生活,不推荐,negative,1,0.1111111111111111
PRODUCT_176997,家居生活,性价比高,positive,1,0.1111111111111111
PRODUCT_177155,图书音像,正品放心,positive,1,0.5
PRODUCT_177155,图书音像,疑似假货,negative,1,0.5
PRODUCT_177155,图书音像,质量差,negative,1,0.5
PRODUCT_177244,图书音像,质量好,positive,1,1.0
PRODUCT_177298,图书音像,正品放心,positive,1,1.0
PRODUCT_177377,图书音像,会回购,positive,1,0.07692307692307693
PRODUCT_177377,图书音像,内容不错,positive,1,0.07692307692307693
PRODUCT_177377,图书音像,正品放心,positive,1,0.07692307692307693
PRODUCT_177411,家用电器,正品放心,positive,1,0.3333333333333333
PRODUCT_177412,图书音像,外观好看,positive,1,1.0
PRODUCT_177433,家具/家装/建材,包装差,negative,1,1.0
PRODUCT_177456,图书音像,正品放心,positive,1,0.3333333333333333
PRODUCT_177462,家具/家装/建材,质量好,positive,1,0.2
PRODUCT_177503,图书音像,质量好,positive,1,1.0
PRODUCT_177595,图书音像,发货快,positive,1,1.0
PRODUCT_1776,图书音像,内容不错,positive,1,0.5
PRODUCT_177620,图书音像,正品放心,positive,1,0.14285714285714285
PRODUCT_177620,图书音像,疑似假货,negative,1,0.14285714285714285
PRODUCT_177642,美妆个护,味道不错,positive,1,1.0
PRODUCT_177642,美妆个护,正品放心,positive,1,1.0
PRODUCT_17765,图书音像,包装差,negative,1,1.0
PRODUCT_177658,图书音像,质量好,positive,1,1.0
PRODUCT_17768,手机/数码,很新鲜,positive,1,0.1
PRODUCT_17768,手机/数码,很耐用,positive,1,0.1
PRODUCT_17768,手机/数码,正品放心,positive,1,0.1
PRODUCT_177687,图书音像,不推荐,negative,1,0.25
PRODUCT_177687,图书音像,外观好看,positive,1,0.25
PRODUCT_177689,运动户外,很耐用,positive,1,0.2
PRODUCT_177689,运动户外,性价比高,positive,1,0.2
PRODUCT_17769,图书音像,外观好看,positive,1,1.0
PRODUCT_177755,图书音像,外观好看,positive,1,0.058823529411764705
PRODUCT_177794,图书音像,正品放心,positive,9,0.5294117647058824
PRODUCT_177794,图书音像,疑似假货,negative,3,0.17647058823529413
PRODUCT_177794,图书音像,很新鲜,positive,2,0.11764705882352941
PRODUCT_177794,图书音像,不推荐,negative,1,0.058823529411764705
PRODUCT_177794,图书音像,价格贵,negative,1,0.058823529411764705
PRODUCT_177794,图书音像,尺码不准,negative,1,0.058823529411764705
PRODUCT_177794,图书音像,物流慢,negative,1,0.058823529411764705
PRODUCT_177794,图书音像,质量差,negative,1,0.058823529411764705
PRODUCT_177796,家具/家装/建材,价格贵,negative,1,0.16666666666666666
PRODUCT_177796,家具/家装/建材,外观好看,positive,1,0.16666666666666666
PRODUCT_177796,家具/家装/建材,很耐用,positive,1,0.16666666666666666
PRODUCT_177796,家具/家装/建材,性价比高,positive,1,0.16666666666666666
PRODUCT_177836,其他,质量好,positive,1,1.0
PRODUCT_17786,钟表/首饰/眼镜/礼品,外观好看,positive,3,1.0
PRODUCT_177867,图书音像,不推荐,negative,1,1.0
PRODUCT_177886,家居生活,外观好看,positive,1,0.3333333333333333
PRODUCT_177892,美妆个护,内容一般,negative,1,0.14285714285714285
PRODUCT_177916,图书音像,会回购,positive,1,0.07142857142857142
PRODUCT_177916,图书音像,包装差,negative,1,0.07142857142857142
PRODUCT_177916,图书音像,正品放心,positive,1,0.07142857142857142
PRODUCT_177916,图书音像,质量好,positive,1,0.07142857142857142
PRODUCT_177995,图书音像,价格贵,negative,1,0.5
PRODUCT_178029,图书音像,外观好看,positive,1,1.0
PRODUCT_178080,图书音像,外观好看,positive,1,0.5
PRODUCT_178100,图书音像,内容不错,positive,1,1.0
PRODUCT_178133,图书音像,质量好,positive,1,0.2
PRODUCT_178168,图书音像,内容不错,positive,3,0.2
PRODUCT_178168,图书音像,正品放心,positive,1,0.06666666666666667
PRODUCT_178184,图书音像,疑似假货,negative,1,1.0
PRODUCT_178195,家用电器,外观好看,positive,1,0.3333333333333333
PRODUCT_178195,家用电器,尺码不准,negative,1,0.3333333333333333
PRODUCT_178211,图书音像,会回购,positive,1,0.5
PRODUCT_178314,图书音像,外观好看,positive,1,1.0
PRODUCT_178341,图书音像,正品放心,positive,1,1.0
PRODUCT_178372,美妆个护,正品放心,positive,1,0.5
PRODUCT_178373,美妆个护,包装差,negative,1,0.25
PRODUCT_178373,美妆个护,正品放心,positive,1,0.25
PRODUCT_178384,家用电器,质量好,positive,1,1.0
PRODUCT_178399,图书音像,内容不错,positive,1,1.0
PRODUCT_178421,家具/家装/建材,外观好看,positive,2,0.10526315789473684
PRODUCT_178421,家具/家装/建材,容易坏,negative,2,0.10526315789473684
PRODUCT_178421,家具/家装/建材,性价比高,positive,2,0.10526315789473684
PRODUCT_178421,家具/家装/建材,质量好,positive,2,0.10526315789473684
PRODUCT_178421,家具/家装/建材,很耐用,positive,1,0.05263157894736842
PRODUCT_178421,家具/家装/建材,质量差,negative,1,0.05263157894736842
PRODUCT_178496,图书音像,外观一般,negative,1,1.0
PRODUCT_178496,图书音像,外观好看,positive,1,1.0
PRODUCT_178530,图书音像,内容不错,positive,1,1.0
PRODUCT_178539,图书音像,会回购,positive,1,0.3333333333333333
PRODUCT_178539,图书音像,正品放心,positive,1,0.3333333333333333
PRODUCT_178539,图书音像,质量好,positive,1,0.3333333333333333
PRODUCT_178554,图书音像,价格贵,negative,1,1.0
PRODUCT_178563,图书音像,外观好看,positive,1,1.0
PRODUCT_178589,电脑/办公,容易坏,negative,1,0.09090909090909091
PRODUCT_178589,电脑/办公,很新鲜,positive,1,0.09090909090909091
PRODUCT_178589,电脑/办公,很耐用,positive,1,0.09090909090909091
PRODUCT_178589,电脑/办公,性价比高,positive,1,0.09090909090909091
PRODUCT_178644,图书音像,发货快,positive,1,1.0
PRODUCT_178657,图书音像,外观好看,positive,1,0.25
PRODUCT_178657,图书音像,质量好,positive,1,0.25
PRODUCT_178664,食品/保健,包装差,negative,1,0.5
PRODUCT_178664,食品/保健,物流慢,negative,1,0.5
PRODUCT_178691,家用电器,正品放心,positive,1,1.0
PRODUCT_178693,图书音像,质量差,negative,1,1.0
PRODUCT_178698,图书音像,外观好看,positive,1,1.0
PRODUCT_178699,图书音像,内容不错,positive,1,1.0
PRODUCT_178742,图书音像,内容一般,negative,1,0.5
PRODUCT_178766,图书音像,内容不错,positive,1,1.0
PRODUCT_178796,图书音像,内容不错,positive,1,1.0
PRODUCT_178905,图书音像,质量好,positive,1,0.3333333333333333
PRODUCT_178912,图书音像,会回购,positive,1,0.5
PRODUCT_178912,图书音像,正品放心,positive,1,0.5
PRODUCT_178934,母婴/玩具,质量好,positive,1,1.0
PRODUCT_178953,图书音像,正品放心,positive,1,0.5
PRODUCT_179025,美妆个护,味道不错,positive,2,0.6666666666666666
PRODUCT_179123,图书音像,外观好看,positive,1,1.0
PRODUCT_179131,图书音像,容易坏,negative,1,1.0
PRODUCT_179139,图书音像,很新鲜,positive,1,0.5
PRODUCT_179154,家居生活,质量差,negative,1,1.0
PRODUCT_179194,美妆个护,不推荐,negative,1,0.25
PRODUCT_179213,图书音像,外观好看,positive,1,0.3333333333333333
PRODUCT_179217,图书音像,内容一般,negative,1,1.0
PRODUCT_179250,美妆个护,正品放心,positive,1,0.5
PRODUCT_179263,图书音像,质量好,positive,1,1.0
PRODUCT_179281,电脑/办公,很耐用,positive,1,0.16666666666666666
PRODUCT_179281,电脑/办公,续航差,negative,1,0.16666666666666666
PRODUCT_179287,电脑/办公,会回购,positive,2,0.11764705882352941
PRODUCT_179287,电脑/办公,正品放心,positive,2,0.11764705882352941
PRODUCT_179287,电脑/办公,包装好,positive,1,0.058823529411764705
PRODUCT_179287,电脑/办公,发货快,positive,1,0.058823529411764705
PRODUCT_179287,电脑/办公,性价比高,positive,1,0.058823529411764705
PRODUCT_179287,电脑/办公,疑似假货,negative,1,0.058823529411764705
PRODUCT_179287,电脑/办公,质量好,positive,1,0.058823529411764705
PRODUCT_179312,图书音像,正品放心,positive,1,1.0
PRODUCT_179318,食品/保健,味道不错,positive,1,1.0
PRODUCT_179318,食品/保健,外观好看,positive,1,1.0
PRODUCT_179386,手机/数码,性价比高,positive,1,1.0
PRODUCT_179431,家用电器,味道不错,positive,1,1.0
PRODUCT_179431,家用电器,外观好看,positive,1,1.0
PRODUCT_179440,图书音像,性价比高,positive,1,0.5
PRODUCT_179507,电脑/办公,外观好看,positive,1,0.3333333333333333
PRODUCT_179517,图书音像,外观好看,positive,1,1.0
PRODUCT_179552,图书音像,会回购,positive,1,0.5
PRODUCT_179584,图书音像,内容一般,negative,1,0.5
PRODUCT_179628,图书音像,质量好,positive,1,1.0
PRODUCT_179690,家用电器,正品放心,positive,1,1.0
PRODUCT_179717,手机/数码,价格贵,negative,1,0.07692307692307693
PRODUCT_179717,手机/数码,正品放心,positive,1,0.07692307692307693
PRODUCT_179728,电脑/办公,正品放心,positive,1,0.3333333333333333
PRODUCT_179752,家居生活,性价比高,positive,1,0.5
PRODUCT_179795,其他,性价比高,positive,1,0.5
PRODUCT_179819,手机/数码,会回购,positive,1,0.5
PRODUCT_179884,钟表/首饰/眼镜/礼品,正品放心,positive,1,0.5
PRODUCT_179898,图书音像,正品放心,positive,1,1.0
PRODUCT_179923,家居生活,外观好看,positive,1,0.3333333333333333
PRODUCT_18007,图书音像,外观好看,positive,1,0.3333333333333333
PRODUCT_180225,图书音像,发货快,positive,1,1.0
PRODUCT_18026,图书音像,外观好看,positive,1,0.16666666666666666
PRODUCT_18026,图书音像,正品放心,positive,1,0.16666666666666666
PRODUCT_18026,图书音像,质量好,positive,1,0.16666666666666666
PRODUCT_180298,服饰服装,外观好看,positive,1,1.0
PRODUCT_180298,服饰服装,尺码合适,positive,1,1.0
PRODUCT_180298,服饰服装,性价比高,positive,1,1.0
PRODUCT_180298,服饰服装,正品放心,positive,1,1.0
PRODUCT_180334,电脑/办公,很耐用,positive,1,1.0
PRODUCT_180351,图书音像,很新鲜,positive,1,1.0
PRODUCT_180404,图书音像,正品放心,positive,1,0.3333333333333333
PRODUCT_180423,电脑/办公,很耐用,positive,2,0.4
PRODUCT_180423,电脑/办公,容易坏,negative,1,0.2
PRODUCT_180507,图书音像,质量差,negative,1,0.5
PRODUCT_180537,手机/数码,外观好看,positive,1,0.5
PRODUCT_180537,手机/数码,很耐用,positive,1,0.5
PRODUCT_180537,手机/数码,正品放心,positive,1,0.5
PRODUCT_180553,电脑/办公,外观好看,positive,1,0.5
PRODUCT_180564,图书音像,外观好看,positive,1,1.0
PRODUCT_180593,图书音像,外观一般,negative,1,0.3333333333333333
PRODUCT_180593,图书音像,正品放心,positive,1,0.3333333333333333
PRODUCT_180622,图书音像,内容不错,positive,1,1.0
PRODUCT_180628,图书音像,正品放心,positive,1,0.5
PRODUCT_180742,图书音像,不推荐,negative,1,1.0
PRODUCT_180784,图书音像,很新鲜,positive,1,1.0
PRODUCT_180800,手机/数码,价格贵,negative,1,0.2
PRODUCT_180800,手机/数码,很耐用,positive,1,0.2
PRODUCT_180800,手机/数码,正品放心,positive,1,0.2
PRODUCT_181081,电脑/办公,不推荐,negative,1,0.08333333333333333
PRODUCT_181081,电脑/办公,外观好看,positive,1,0.08333333333333333
PRODUCT_181081,电脑/办公,性价比高,positive,1,0.08333333333333333
PRODUCT_181081,电脑/办公,正品放心,positive,1,0.08333333333333333
PRODUCT_181225,图书音像,性价比高,positive,1,0.5
PRODUCT_181330,图书音像,包装差,negative,1,0.25
PRODUCT_181330,图书音像,味道不错,positive,1,0.25
PRODUCT_181330,图书音像,容易坏,negative,1,0.25
PRODUCT_181330,图书音像,疑似假货,negative,1,0.25
PRODUCT_181330,图书音像,质量好,positive,1,0.25
PRODUCT_181340,图书音像,包装差,negative,1,0.3333333333333333
PRODUCT_181340,图书音像,外观好看,positive,1,0.3333333333333333
PRODUCT_181346,图书音像,包装差,negative,2,0.2
PRODUCT_181346,图书音像,价格贵,negative,1,0.1
PRODUCT_181346,图书音像,质量好,positive,1,0.1
PRODUCT_181348,家居生活,正品放心,positive,1,0.25
PRODUCT_181352,图书音像,尺码合适,positive,1,1.0
PRODUCT_181352,图书音像,正品放心,positive,1,1.0
PRODUCT_18136,图书音像,正品放心,positive,1,1.0
PRODUCT_181366,图书音像,内容不错,positive,1,1.0
PRODUCT_181371,图书音像,内容不错,positive,1,1.0
PRODUCT_181374,图书音像,不推荐,negative,1,0.5
PRODUCT_181411,图书音像,疑似假货,negative,1,1.0
PRODUCT_18145,图书音像,很新鲜,positive,1,0.2
PRODUCT_18145,图书音像,正品放心,positive,1,0.2
PRODUCT_18145,图书音像,疑似假货,negative,1,0.2
PRODUCT_181454,图书音像,性价比高,positive,1,1.0
PRODUCT_181521,美妆个护,正品放心,positive,3,1.0
PRODUCT_181521,美妆个护,味道不错,positive,2,0.6666666666666666
PRODUCT_181521,美妆个护,包装差,negative,1,0.3333333333333333
PRODUCT_181521,美妆个护,疑似假货,negative,1,0.3333333333333333
PRODUCT_181524,图书音像,质量差,negative,1,1.0
PRODUCT_181571,图书音像,内容不错,positive,1,0.2
PRODUCT_181571,图书音像,外观好看,positive,1,0.2
PRODUCT_181571,图书音像,正品放心,positive,1,0.2
PRODUCT_181589,图书音像,不推荐,negative,1,0.5
PRODUCT_181589,图书音像,外观好看,positive,1,0.5
PRODUCT_18163,图书音像,性价比高,positive,1,0.3333333333333333
PRODUCT_18163,图书音像,正品放心,positive,1,0.3333333333333333
PRODUCT_181704,图书音像,正品放心,positive,1,1.0
PRODUCT_181849,图书音像,不推荐,negative,1,1.0
PRODUCT_181849,图书音像,外观好看,positive,1,1.0
PRODUCT_181902,图书音像,外观好看,positive,1,1.0
PRODUCT_18196,图书音像,内容不错,positive,1,1.0
PRODUCT_182019,图书音像,内容不错,positive,1,0.1
PRODUCT_182019,图书音像,正品放心,positive,1,0.1
PRODUCT_182019,图书音像,疑似假货,negative,1,0.1
PRODUCT_182032,图书音像,质量好,positive,1,1.0
PRODUCT_182035,图书音像,不推荐,negative,1,1.0
PRODUCT_182106,图书音像,内容不错,positive,1,0.5
PRODUCT_182106,图书音像,外观好看,positive,1,0.5
PRODUCT_182146,图书音像,不推荐,negative,1,0.07142857142857142
PRODUCT_182146,图书音像,味道不错,positive,1,0.07142857142857142
PRODUCT_182146,图书音像,外观好看,positive,1,0.07142857142857142
PRODUCT_182146,图书音像,质量好,positive,1,0.07142857142857142
PRODUCT_182152,图书音像,很新鲜,positive,1,0.5
PRODUCT_182196,电脑/办公,性价比高,positive,1,0.3333333333333333
PRODUCT_182255,图书音像,疑似假货,negative,1,0.5
PRODUCT_18232,图书音像,外观好看,positive,2,0.08695652173913043
PRODUCT_182502,图书音像,正品放心,positive,1,0.5
PRODUCT_182563,图书音像,容易坏,negative,1,1.0
PRODUCT_182616,图书音像,质量好,positive,1,1.0
PRODUCT_182663,图书音像,性价比高,positive,1,1.0
PRODUCT_182682,图书音像,内容一般,negative,1,1.0
PRODUCT_182865,电脑/办公,外观好看,positive,1,0.16666666666666666
PRODUCT_182901,图书音像,内容不错,positive,1,0.5
PRODUCT_182919,图书音像,外观好看,positive,1,0.125
PRODUCT_182919,图书音像,质量好,positive,1,0.125
PRODUCT_182919,图书音像,质量差,negative,1,0.125
PRODUCT_183052,图书音像,性价比高,positive,1,0.2
PRODUCT_183052,图书音像,物流慢,negative,1,0.2
PRODUCT_183110,图书音像,外观好看,positive,2,0.4
PRODUCT_183153,图书音像,包装差,negative,1,1.0
PRODUCT_183153,图书音像,很耐用,positive,1,1.0
PRODUCT_183160,图书音像,会回购,positive,1,0.5
PRODUCT_183166,运动户外,价格贵,negative,1,0.14285714285714285
PRODUCT_183166,运动户外,性价比高,positive,1,0.14285714285714285
PRODUCT_183187,图书音像,质量好,positive,1,1.0
PRODUCT_183203,图书音像,客服好,positive,1,0.3333333333333333
PRODUCT_183203,图书音像,质量好,positive,1,0.3333333333333333
PRODUCT_183206,电脑/办公,正品放心,positive,3,0.2727272727272727
PRODUCT_183206,电脑/办公,容易坏,negative,2,0.18181818181818182
PRODUCT_183206,电脑/办公,包装好,positive,1,0.09090909090909091
PRODUCT_183207,母婴/玩具,容易坏,negative,1,1.0
PRODUCT_183216,图书音像,正品放心,positive,1,0.3333333333333333
PRODUCT_183216,图书音像,质量好,positive,1,0.3333333333333333
PRODUCT_183304,手机/数码,很新鲜,positive,1,0.14285714285714285
PRODUCT_183312,图书音像,包装差,negative,1,0.5
PRODUCT_183312,图书音像,正品放心,positive,1,0.5
PRODUCT_183339,图书音像,质量好,positive,1,0.2
PRODUCT_183343,图书音像,内容不错,positive,1,1.0
PRODUCT_183364,图书音像,会回购,positive,1,1.0
PRODUCT_183369,图书音像,内容不错,positive,1,1.0
PRODUCT_183389,图书音像,外观好看,positive,2,1.0
PRODUCT_183407,家居生活,价格贵,negative,1,1.0
PRODUCT_183408,图书音像,质量差,negative,1,1.0
PRODUCT_183415,图书音像,外观好看,positive,1,1.0
PRODUCT_183417,其他,正品放心,positive,1,1.0
PRODUCT_183456,图书音像,性价比高,positive,1,0.16666666666666666
PRODUCT_183496,图书音像,外观好看,positive,1,1.0
PRODUCT_183554,图书音像,外观好看,positive,1,1.0
PRODUCT_183560,图书音像,内容一般,negative,1,1.0
PRODUCT_18360,图书音像,性价比高,positive,1,0.5
PRODUCT_183708,图书音像,外观好看,positive,1,0.3333333333333333
PRODUCT_183751,美妆个护,很新鲜,positive,1,0.125
PRODUCT_183827,图书音像,正品放心,positive,1,1.0
PRODUCT_183837,家用电器,疑似假货,negative,1,0.5
PRODUCT_183837,家用电器,质量差,negative,1,0.5
PRODUCT_183850,图书音像,不推荐,negative,1,0.06666666666666667
PRODUCT_183850,图书音像,内容不错,positive,1,0.06666666666666667
PRODUCT_183850,图书音像,正品放心,positive,1,0.06666666666666667
PRODUCT_183893,图书音像,外观好看,positive,1,0.1
PRODUCT_1839,家用电器,不推荐,negative,1,0.3333333333333333
PRODUCT_18392,图书音像,包装差,negative,1,0.5
PRODUCT_18392,图书音像,外观好看,positive,1,0.5
PRODUCT_183989,图书音像,质量好,positive,1,1.0
PRODUCT_18399,图书音像,性价比高,positive,1,1.0
PRODUCT_184020,运动户外,内容一般,negative,1,0.09090909090909091
PRODUCT_184020,运动户外,质量差,negative,1,0.09090909090909091
PRODUCT_184037,钟表/首饰/眼镜/礼品,包装差,negative,1,1.0
PRODUCT_184077,图书音像,质量好,positive,1,0.2
PRODUCT_184090,手机/数码,外观一般,negative,1,0.3333333333333333
PRODUCT_184090,手机/数码,质量好,positive,1,0.3333333333333333
PRODUCT_184161,图书音像,性价比高,positive,1,0.3333333333333333
PRODUCT_184165,图书音像,内容不错,positive,1,1.0
PRODUCT_184186,食品/保健,味道不错,positive,1,1.0
PRODUCT_184188,电脑/办公,容易坏,negative,1,1.0
PRODUCT_184263,图书音像,质量好,positive,1,0.5
PRODUCT_184273,图书音像,质量好,positive,1,1.0
PRODUCT_184389,电脑/办公,不推荐,negative,1,0.3333333333333333
PRODUCT_184389,电脑/办公,很耐用,positive,1,0.3333333333333333
PRODUCT_184509,手机/数码,外观好看,positive,3,0.6
PRODUCT_184509,手机/数码,疑似假货,negative,1,0.2
PRODUCT_184509,手机/数码,质量差,negative,1,0.2
PRODUCT_184511,钟表/首饰/眼镜/礼品,容易坏,negative,1,1.0
PRODUCT_184511,钟表/首饰/眼镜/礼品,正品放心,positive,1,1.0
PRODUCT_184515,手机/数码,正品放心,positive,1,1.0
PRODUCT_184523,美妆个护,正品放心,positive,1,1.0
PRODUCT_184547,图书音像,外观好看,positive,1,0.3333333333333333
PRODUCT_184570,图书音像,发货快,positive,1,1.0
PRODUCT_184686,图书音像,外观好看,positive,1,1.0
PRODUCT_184723,图书音像,性价比高,positive,2,0.6666666666666666
PRODUCT_184730,图书音像,外观一般,negative,1,1.0
PRODUCT_18478,图书音像,外观好看,positive,1,1.0
PRODUCT_184833,手机/数码,外观一般,negative,1,1.0
PRODUCT_184833,手机/数码,外观好看,positive,1,1.0
PRODUCT_184833,手机/数码,质量好,positive,1,1.0
PRODUCT_18496,图书音像,外观好看,positive,1,1.0
PRODUCT_184972,家具/家装/建材,外观好看,positive,1,0.5
PRODUCT_184974,图书音像,内容不错,positive,1,0.5
PRODUCT_185008,手机/数码,价格贵,negative,1,0.14285714285714285
PRODUCT_185008,手机/数码,外观好看,positive,1,0.14285714285714285
PRODUCT_185008,手机/数码,性价比高,positive,1,0.14285714285714285
PRODUCT_185008,手机/数码,正品放心,positive,1,0.14285714285714285
PRODUCT_185050,家居生活,尺码不准,negative,1,1.0
PRODUCT_185070,家用电器,价格贵,negative,1,1.0
PRODUCT_185119,图书音像,不推荐,negative,1,1.0
PRODUCT_185136,图书音像,内容一般,negative,1,1.0
PRODUCT_185136,图书音像,疑似假货,negative,1,1.0
PRODUCT_185214,电脑/办公,不推荐,negative,1,1.0
PRODUCT_185235,图书音像,正品放心,positive,1,1.0
PRODUCT_185266,图书音像,正品放心,positive,1,0.5
PRODUCT_185307,图书音像,质量好,positive,1,1.0
PRODUCT_185308,鞋类箱包,正品放心,positive,2,0.6666666666666666
PRODUCT_185308,鞋类箱包,外观好看,positive,1,0.3333333333333333
PRODUCT_185308,鞋类箱包,疑似假货,negative,1,0.3333333333333333
PRODUCT_185359,美妆个护,会回购,positive,1,0.2
PRODUCT_185359,美妆个护,正品放心,positive,1,0.2
PRODUCT_185376,图书音像,正品放心,positive,1,0.2
PRODUCT_185383,美妆个护,正品放心,positive,2,0.3333333333333333
PRODUCT_185398,电脑/办公,正品放心,positive,1,0.5
PRODUCT_185494,手机/数码,很耐用,positive,1,1.0
PRODUCT_185540,手机/数码,外观好看,positive,1,0.5
PRODUCT_185548,图书音像,疑似假货,negative,1,0.5
PRODUCT_185565,图书音像,疑似假货,negative,1,1.0
PRODUCT_185583,图书音像,包装好,positive,1,1.0
PRODUCT_185661,电脑/办公,会回购,positive,1,0.5
PRODUCT_1857,图书音像,内容不错,positive,1,0.25
PRODUCT_1857,图书音像,正品放心,positive,1,0.25
PRODUCT_185715,手机/数码,外观好看,positive,2,0.5
PRODUCT_185715,手机/数码,不推荐,negative,1,0.25
PRODUCT_185715,手机/数码,物流慢,negative,1,0.25
PRODUCT_185826,手机/数码,外观好看,positive,1,0.3333333333333333
PRODUCT_185845,手机/数码,不推荐,negative,1,1.0
PRODUCT_185885,手机/数码,很耐用,positive,1,0.3333333333333333
PRODUCT_185885,手机/数码,续航久,positive,1,0.3333333333333333
PRODUCT_185885,手机/数码,质量好,positive,1,0.3333333333333333
PRODUCT_185888,鞋类箱包,很耐用,positive,1,1.0
PRODUCT_185921,图书音像,发货快,positive,1,1.0
PRODUCT_185921,图书音像,质量好,positive,1,1.0
PRODUCT_186014,家用电器,性价比高,positive,1,0.09090909090909091
PRODUCT_186047,手机/数码,性价比高,positive,1,0.0625
PRODUCT_186047,手机/数码,正品放心,positive,1,0.0625
PRODUCT_186047,手机/数码,质量好,positive,1,0.0625
PRODUCT_18605,图书音像,外观好看,positive,1,0.5
PRODUCT_186069,钟表/首饰/眼镜/礼品,外观好看,positive,1,0.5
PRODUCT_186085,图书音像,质量好,positive,1,1.0
PRODUCT_186136,美妆个护,包装好,positive,1,0.1
PRODUCT_186137,图书音像,质量差,negative,1,1.0
PRODUCT_186195,家具/家装/建材,很耐用,positive,1,1.0
PRODUCT_186204,图书音像,正品放心,positive,1,0.2
PRODUCT_186219,电脑/办公,外观好看,positive,2,0.4
PRODUCT_186219,电脑/办公,不推荐,negative,1,0.2
PRODUCT_186278,运动户外,疑似假货,negative,1,1.0
PRODUCT_186278,运动户外,质量差,negative,1,1.0
PRODUCT_186435,图书音像,正品放心,positive,1,1.0
PRODUCT_186435,图书音像,疑似假货,negative,1,1.0
PRODUCT_186553,图书音像,外观好看,positive,1,0.1111111111111111
PRODUCT_186562,图书音像,疑似假货,negative,1,0.3333333333333333
PRODUCT_18659,图书音像,内容不错,positive,1,0.5
PRODUCT_186612,图书音像,很新鲜,positive,1,0.2
PRODUCT_186631,图书音像,包装差,negative,1,1.0
PRODUCT_186678,图书音像,质量差,negative,1,1.0
PRODUCT_186704,图书音像,会回购,positive,1,1.0
PRODUCT_186718,图书音像,性价比高,positive,1,1.0
PRODUCT_186718,图书音像,正品放心,positive,1,1.0
PRODUCT_186737,图书音像,质量好,positive,1,1.0
PRODUCT_186757,图书音像,内容不错,positive,1,0.3333333333333333
PRODUCT_186757,图书音像,包装差,negative,1,0.3333333333333333
PRODUCT_186757,图书音像,很耐用,positive,1,0.3333333333333333
PRODUCT_186780,图书音像,正品放心,positive,1,1.0
PRODUCT_186818,图书音像,内容一般,negative,1,1.0
PRODUCT_186900,图书音像,疑似假货,negative,1,0.25
PRODUCT_18691,图书音像,外观好看,positive,1,1.0
PRODUCT_186934,图书音像,物流慢,negative,1,0.5
PRODUCT_186985,图书音像,外观好看,positive,1,1.0
PRODUCT_187378,图书音像,价格贵,negative,1,1.0
PRODUCT_187379,图书音像,内容一般,negative,1,1.0
PRODUCT_187393,图书音像,包装差,negative,1,1.0
PRODUCT_187497,图书音像,外观好看,positive,1,0.5
PRODUCT_187509,图书音像,正品放心,positive,1,0.14285714285714285
PRODUCT_187568,图书音像,包装差,negative,1,1.0
PRODUCT_18763,图书音像,容易坏,negative,1,1.0
PRODUCT_187650,图书音像,不推荐,negative,1,1.0
PRODUCT_187650,图书音像,疑似假货,negative,1,1.0
PRODUCT_18766,图书音像,会回购,positive,1,0.5
PRODUCT_187779,图书音像,疑似假货,negative,1,1.0
PRODUCT_187791,图书音像,质量好,positive,1,1.0
PRODUCT_18780,图书音像,性价比高,positive,1,1.0
PRODUCT_18780,图书音像,正品放心,positive,1,1.0
PRODUCT_187828,图书音像,内容不错,positive,1,1.0
PRODUCT_187877,图书音像,质量好,positive,1,1.0
PRODUCT_187906,母婴/玩具,质量好,positive,1,0.5
PRODUCT_188029,美妆个护,不推荐,negative,1,0.3333333333333333
PRODUCT_188071,家具/家装/建材,很耐用,positive,3,0.25
PRODUCT_188071,家具/家装/建材,质量好,positive,1,0.08333333333333333
PRODUCT_18810,图书音像,正品放心,positive,1,0.125
PRODUCT_188123,图书音像,味道不错,positive,1,0.3333333333333333
PRODUCT_188138,图书音像,外观好看,positive,1,0.5
PRODUCT_188163,图书音像,不推荐,negative,1,0.16666666666666666
PRODUCT_188167,图书音像,外观好看,positive,1,1.0
PRODUCT_188173,图书音像,包装差,negative,1,0.5
PRODUCT_188296,图书音像,性价比高,positive,1,0.5
PRODUCT_188303,钟表/首饰/眼镜/礼品,外观好看,positive,1,0.25
PRODUCT_188303,钟表/首饰/眼镜/礼品,很耐用,positive,1,0.25
PRODUCT_188303,钟表/首饰/眼镜/礼品,质量差,negative,1,0.25
PRODUCT_188332,图书音像,内容不错,positive,1,1.0
PRODUCT_188370,美妆个护,正品放心,positive,1,0.14285714285714285
PRODUCT_188464,电脑/办公,会回购,positive,1,1.0
PRODUCT_188464,电脑/办公,性价比高,positive,1,1.0
PRODUCT_188501,其他,包装差,negative,1,0.5
PRODUCT_188501,其他,很耐用,positive,1,0.5
PRODUCT_188501,其他,正品放心,positive,1,0.5
PRODUCT_188538,美妆个护,味道不错,positive,1,1.0
PRODUCT_188539,手机/数码,包装好,positive,1,0.3333333333333333
PRODUCT_188539,手机/数码,发货快,positive,1,0.3333333333333333
PRODUCT_188539,手机/数码,正品放心,positive,1,0.3333333333333333
PRODUCT_188539,手机/数码,质量好,positive,1,0.3333333333333333
PRODUCT_188553,家用电器,价格贵,negative,1,0.06666666666666667
PRODUCT_188553,家用电器,续航差,negative,1,0.06666666666666667
PRODUCT_188553,家用电器,质量差,negative,1,0.06666666666666667
PRODUCT_188578,家用电器,味道不错,positive,1,1.0
PRODUCT_188640,图书音像,外观好看,positive,1,0.5
PRODUCT_188662,图书音像,内容一般,negative,1,0.5
PRODUCT_188705,图书音像,不推荐,negative,1,1.0
PRODUCT_188723,图书音像,内容不错,positive,1,1.0
PRODUCT_188806,图书音像,外观好看,positive,1,0.3333333333333333
PRODUCT_188812,图书音像,客服差,negative,1,1.0
PRODUCT_188863,图书音像,性价比高,positive,1,0.3333333333333333
PRODUCT_188891,图书音像,质量好,positive,1,0.5
PRODUCT_188892,美妆个护,正品放心,positive,4,0.3076923076923077
PRODUCT_188892,美妆个护,会回购,positive,1,0.07692307692307693
PRODUCT_188892,美妆个护,包装差,negative,1,0.07692307692307693
PRODUCT_188892,美妆个护,味道不错,positive,1,0.07692307692307693
PRODUCT_188892,美妆个护,很新鲜,positive,1,0.07692307692307693
PRODUCT_188892,美妆个护,疑似假货,negative,1,0.07692307692307693
PRODUCT_188892,美妆个护,质量差,negative,1,0.07692307692307693
PRODUCT_188896,图书音像,包装好,positive,1,0.2
PRODUCT_188896,图书音像,正品放心,positive,1,0.2
PRODUCT_188901,图书音像,性价比高,positive,1,1.0
PRODUCT_188981,图书音像,正品放心,positive,1,0.2
PRODUCT_188981,图书音像,质量好,positive,1,0.2
PRODUCT_188995,图书音像,正品放心,positive,1,1.0
PRODUCT_189007,图书音像,内容不错,positive,1,1.0
PRODUCT_189007,图书音像,很耐用,positive,1,1.0
PRODUCT_189020,家用电器,外观好看,positive,1,0.5
PRODUCT_189020,家用电器,容易坏,negative,1,0.5
PRODUCT_189028,图书音像,包装好,positive,1,0.5
PRODUCT_189028,图书音像,正品放心,positive,1,0.5
PRODUCT_189044,图书音像,正品放心,positive,1,0.25
PRODUCT_189104,图书音像,性价比高,positive,1,1.0
PRODUCT_189133,图书音像,正品放心,positive,1,0.5
PRODUCT_189182,家具/家装/建材,很耐用,positive,5,0.22727272727272727
PRODUCT_189182,家具/家装/建材,外观好看,positive,3,0.13636363636363635
PRODUCT_189182,家具/家装/建材,质量好,positive,1,0.045454545454545456
PRODUCT_189250,食品/保健,味道一般,negative,1,0.5
PRODUCT_189250,食品/保健,味道不错,positive,1,0.5
PRODUCT_189322,图书音像,外观好看,positive,1,0.14285714285714285
PRODUCT_189322,图书音像,正品放心,positive,1,0.14285714285714285
PRODUCT_189322,图书音像,质量好,positive,1,0.14285714285714285
PRODUCT_189327,图书音像,正品放心,positive,1,0.5
PRODUCT_189342,图书音像,性价比高,positive,1,0.25
PRODUCT_189385,图书音像,外观好看,positive,1,0.5
PRODUCT_189471,家用电器,不推荐,negative,1,1.0
PRODUCT_189482,图书音像,质量好,positive,1,0.2
PRODUCT_189485,图书音像,性价比高,positive,1,1.0
PRODUCT_189493,图书音像,正品放心,positive,1,1.0
PRODUCT_189494,图书音像,会回购,positive,1,1.0
PRODUCT_189494,图书音像,性价比高,positive,1,1.0
PRODUCT_189523,图书音像,不推荐,negative,1,0.3333333333333333
PRODUCT_189523,图书音像,正品放心,positive,1,0.3333333333333333
PRODUCT_189523,图书音像,疑似假货,negative,1,0.3333333333333333
PRODUCT_189523,图书音像,质量差,negative,1,0.3333333333333333
PRODUCT_189601,电脑/办公,容易坏,negative,2,0.07142857142857142
PRODUCT_189601,电脑/办公,性价比高,positive,2,0.07142857142857142
PRODUCT_189601,电脑/办公,正品放心,positive,2,0.07142857142857142
PRODUCT_189601,电脑/办公,很耐用,positive,1,0.03571428571428571
PRODUCT_189614,图书音像,价格贵,negative,1,1.0
PRODUCT_189790,图书音像,正品放心,positive,1,1.0
PRODUCT_189970,家用电器,价格贵,negative,1,1.0
PRODUCT_189978,图书音像,包装差,negative,1,0.3333333333333333
PRODUCT_189979,图书音像,正品放心,positive,1,0.5
PRODUCT_190014,图书音像,包装差,negative,1,1.0
PRODUCT_190014,图书音像,正品放心,positive,1,1.0
PRODUCT_19003,图书音像,价格贵,negative,1,0.5
PRODUCT_19003,图书音像,内容一般,negative,1,0.5
PRODUCT_19011,图书音像,外观好看,positive,1,0.3333333333333333
PRODUCT_19011,图书音像,性价比高,positive,1,0.3333333333333333
PRODUCT_190143,图书音像,正品放心,positive,1,0.5
PRODUCT_190143,图书音像,物流慢,negative,1,0.5
PRODUCT_190201,家用电器,味道不错,positive,1,0.5
PRODUCT_190204,图书音像,外观好看,positive,1,1.0
PRODUCT_190272,家用电器,容易坏,negative,1,1.0
PRODUCT_190287,母婴/玩具,很耐用,positive,1,0.5
PRODUCT_190342,家用电器,味道不错,positive,1,0.5
PRODUCT_190342,家用电器,外观好看,positive,1,0.5
PRODUCT_190373,图书音像,内容不错,positive,1,1.0
PRODUCT_190379,家居生活,价格贵,negative,1,1.0
PRODUCT_190379,家居生活,很耐用,positive,1,1.0
PRODUCT_19040,图书音像,外观好看,positive,1,1.0
PRODUCT_190476,图书音像,价格贵,negative,1,1.0
PRODUCT_190506,母婴/玩具,正品放心,positive,1,1.0
PRODUCT_190575,图书音像,正品放心,positive,2,1.0
PRODUCT_190615,图书音像,内容不错,positive,1,1.0
PRODUCT_190702,家用电器,外观好看,positive,1,0.2
PRODUCT_190711,图书音像,不推荐,negative,1,0.5
PRODUCT_190775,家用电器,味道不错,positive,1,1.0
PRODUCT_190815,电脑/办公,外观好看,positive,1,1.0
PRODUCT_190815,电脑/办公,很耐用,positive,1,1.0
PRODUCT_190815,电脑/办公,续航差,negative,1,1.0
PRODUCT_190824,图书音像,正品放心,positive,1,1.0
PRODUCT_190848,家用电器,味道不错,positive,1,0.3333333333333333
PRODUCT_190848,家用电器,外观好看,positive,1,0.3333333333333333
PRODUCT_190855,家用电器,不推荐,negative,1,1.0
PRODUCT_190855,家用电器,味道不错,positive,1,1.0
PRODUCT_191049,图书音像,内容一般,negative,1,1.0
PRODUCT_191155,图书音像,正品放心,positive,1,1.0
PRODUCT_191163,电脑/办公,内容一般,negative,1,1.0
PRODUCT_191180,图书音像,包装好,positive,1,0.3333333333333333
PRODUCT_191180,图书音像,正品放心,positive,1,0.3333333333333333
PRODUCT_191195,电脑/办公,正品放心,positive,1,1.0
PRODUCT_191236,图书音像,疑似假货,negative,1,0.25
PRODUCT_191245,图书音像,不推荐,negative,1,0.1
PRODUCT_191245,图书音像,包装好,positive,1,0.1
PRODUCT_191245,图书音像,外观好看,positive,1,0.1
PRODUCT_191245,图书音像,性价比高,positive,1,0.1
PRODUCT_191256,图书音像,正品放心,positive,1,1.0
PRODUCT_191294,图书音像,外观一般,negative,1,0.5
PRODUCT_191294,图书音像,外观好看,positive,1,0.5
PRODUCT_191313,图书音像,会回购,positive,1,1.0
PRODUCT_191361,图书音像,质量好,positive,1,1.0
PRODUCT_19137,图书音像,正品放心,positive,1,1.0
PRODUCT_191372,图书音像,外观好看,positive,1,1.0
PRODUCT_191379,图书音像,外观好看,positive,1,1.0
PRODUCT_19139,图书音像,正品放心,positive,1,0.5
PRODUCT_19139,图书音像,质量好,positive,1,0.5
PRODUCT_191458,图书音像,正品放心,positive,1,1.0
PRODUCT_191470,图书音像,性价比高,positive,1,0.5
PRODUCT_191478,电脑/办公,很耐用,positive,2,0.2857142857142857
PRODUCT_191478,电脑/办公,质量好,positive,2,0.2857142857142857
PRODUCT_191478,电脑/办公,尺码不准,negative,1,0.14285714285714285
PRODUCT_191478,电脑/办公,疑似假货,negative,1,0.14285714285714285
PRODUCT_191478,电脑/办公,续航差,negative,1,0.14285714285714285
PRODUCT_191478,电脑/办公,质量差,negative,1,0.14285714285714285
PRODUCT_191495,图书音像,内容不错,positive,1,0.1111111111111111
PRODUCT_191495,图书音像,外观好看,positive,1,0.1111111111111111
PRODUCT_191519,手机/数码,质量好,positive,1,0.5
PRODUCT_191531,美妆个护,性价比高,positive,1,0.5
PRODUCT_191540,图书音像,会回购,positive,1,0.3333333333333333
PRODUCT_191556,电脑/办公,发货快,positive,1,1.0
PRODUCT_191556,电脑/办公,质量好,positive,1,1.0
PRODUCT_191623,图书音像,内容不错,positive,1,1.0
PRODUCT_191751,图书音像,不推荐,negative,1,1.0
PRODUCT_191797,其他,味道不错,positive,1,1.0
PRODUCT_191797,其他,外观好看,positive,1,1.0
PRODUCT_191801,图书音像,正品放心,positive,2,1.0
PRODUCT_191822,电脑/办公,容易坏,negative,1,0.5
PRODUCT_19183,图书音像,外观好看,positive,1,0.125
PRODUCT_191839,家用电器,不推荐,negative,1,0.25
PRODUCT_191839,家用电器,容易坏,negative,1,0.25
PRODUCT_191839,家用电器,质量差,negative,1,0.25
PRODUCT_191851,图书音像,不推荐,negative,1,1.0
PRODUCT_191908,电脑/办公,正品放心,positive,1,1.0
PRODUCT_19198,图书音像,内容一般,negative,1,0.3333333333333333
PRODUCT_192005,手机/数码,容易坏,negative,1,0.09090909090909091
PRODUCT_192005,手机/数码,性价比高,positive,1,0.09090909090909091
PRODUCT_192005,手机/数码,正品放心,positive,1,0.09090909090909091
PRODUCT_192031,图书音像,外观好看,positive,1,0.25
PRODUCT_192037,电脑/办公,外观好看,positive,1,1.0
PRODUCT_192046,电脑/办公,外观一般,negative,1,0.08333333333333333
PRODUCT_192046,电脑/办公,外观好看,positive,1,0.08333333333333333
PRODUCT_192064,电脑/办公,不推荐,negative,1,1.0
PRODUCT_192064,电脑/办公,质量差,negative,1,1.0
PRODUCT_192072,图书音像,很新鲜,positive,1,0.5
PRODUCT_192078,家用电器,质量差,negative,1,0.3333333333333333
PRODUCT_192083,图书音像,外观好看,positive,1,0.5
PRODUCT_192088,图书音像,外观好看,positive,1,1.0
PRODUCT_192106,图书音像,容易坏,negative,1,0.3333333333333333
PRODUCT_192106,图书音像,正品放心,positive,1,0.3333333333333333
PRODUCT_192149,手机/数码,容易坏,negative,1,1.0
PRODUCT_19215,钟表/首饰/眼镜/礼品,正品放心,positive,1,0.25
PRODUCT_192212,手机/数码,不推荐,negative,1,0.25
PRODUCT_192212,手机/数码,外观好看,positive,1,0.25
PRODUCT_192212,手机/数码,容易坏,negative,1,0.25
PRODUCT_192300,手机/数码,外观好看,positive,1,0.25
PRODUCT_192300,手机/数码,很新鲜,positive,1,0.25
PRODUCT_192403,图书音像,质量好,positive,1,0.14285714285714285
PRODUCT_19246,图书音像,很新鲜,positive,1,1.0
PRODUCT_192564,图书音像,包装差,negative,1,1.0
PRODUCT_192692,图书音像,外观好看,positive,1,1.0
PRODUCT_192803,图书音像,正品放心,positive,3,0.16666666666666666
PRODUCT_192803,图书音像,不推荐,negative,1,0.05555555555555555
PRODUCT_192803,图书音像,包装差,negative,1,0.05555555555555555
PRODUCT_192803,图书音像,疑似假货,negative,1,0.05555555555555555
PRODUCT_192803,图书音像,质量好,positive,1,0.05555555555555555
PRODUCT_193130,图书音像,不推荐,negative,1,1.0
PRODUCT_193130,图书音像,内容一般,negative,1,1.0
PRODUCT_193153,图书音像,外观好看,positive,1,1.0
PRODUCT_193276,图书音像,正品放心,positive,1,1.0
PRODUCT_19329,图书音像,包装差,negative,1,0.3333333333333333
PRODUCT_193367,家用电器,味道不错,positive,1,0.5
PRODUCT_193369,电脑/办公,会回购,positive,1,0.25
PRODUCT_193371,电脑/办公,性价比高,positive,1,1.0
PRODUCT_193377,美妆个护,发货快,positive,1,1.0
PRODUCT_193383,美妆个护,会回购,positive,1,0.25
PRODUCT_193383,美妆个护,很新鲜,positive,1,0.25
PRODUCT_193383,美妆个护,正品放心,positive,1,0.25
PRODUCT_193447,其他,疑似假货,negative,1,1.0
PRODUCT_193570,图书音像,包装差,negative,1,0.25
PRODUCT_193617,图书音像,正品放心,positive,1,0.5
PRODUCT_193625,图书音像,正品放心,positive,1,1.0
PRODUCT_193625,图书音像,质量好,positive,1,1.0
PRODUCT_193635,母婴/玩具,质量好,positive,1,0.5
PRODUCT_19365,图书音像,正品放心,positive,1,0.25
PRODUCT_19365,图书音像,质量好,positive,1,0.25
PRODUCT_193786,图书音像,性价比高,positive,1,1.0
PRODUCT_193792,图书音像,外观好看,positive,1,0.5
PRODUCT_193860,图书音像,质量好,positive,1,0.5
PRODUCT_193890,图书音像,质量差,negative,1,1.0
PRODUCT_193895,图书音像,外观好看,positive,1,0.1
PRODUCT_193921,图书音像,质量差,negative,1,1.0
PRODUCT_193942,图书音像,不推荐,negative,1,0.16666666666666666
PRODUCT_19396,图书音像,质量差,negative,1,1.0
PRODUCT_193968,图书音像,尺码合适,positive,1,0.125
PRODUCT_194306,图书音像,质量差,negative,1,0.5
PRODUCT_194368,图书音像,外观好看,positive,4,0.26666666666666666
PRODUCT_194368,图书音像,不推荐,negative,2,0.13333333333333333
PRODUCT_194368,图书音像,外观一般,negative,2,0.13333333333333333
PRODUCT_194368,图书音像,内容一般,negative,1,0.06666666666666667
PRODUCT_194452,图书音像,不推荐,negative,1,0.07692307692307693
PRODUCT_194505,图书音像,发货快,positive,1,0.125
PRODUCT_194505,图书音像,很新鲜,positive,1,0.125
PRODUCT_194505,图书音像,正品放心,positive,1,0.125
PRODUCT_194535,图书音像,质量差,negative,1,1.0
PRODUCT_19454,图书音像,质量好,positive,1,1.0
PRODUCT_194569,图书音像,内容不错,positive,1,0.5
PRODUCT_194593,图书音像,正品放心,positive,1,1.0
PRODUCT_194595,图书音像,正品放心,positive,1,0.09090909090909091
PRODUCT_194611,图书音像,质量差,negative,1,0.2
PRODUCT_194663,图书音像,内容不错,positive,1,1.0
PRODUCT_194663,图书音像,质量好,positive,1,1.0
PRODUCT_194684,图书音像,正品放心,positive,1,1.0
PRODUCT_194713,钟表/首饰/眼镜/礼品,外观一般,negative,1,0.5
PRODUCT_194713,钟表/首饰/眼镜/礼品,外观好看,positive,1,0.5
PRODUCT_194723,图书音像,内容不错,positive,1,0.14285714285714285
PRODUCT_194723,图书音像,质量差,negative,1,0.14285714285714285
PRODUCT_194752,家用电器,发货快,positive,1,0.14285714285714285
PRODUCT_194752,家用电器,很耐用,positive,1,0.14285714285714285
PRODUCT_194752,家用电器,性价比高,positive,1,0.14285714285714285
PRODUCT_194908,其他,内容一般,negative,1,1.0
PRODUCT_194918,图书音像,内容不错,positive,1,1.0
PRODUCT_194967,手机/数码,外观好看,positive,1,0.5
PRODUCT_195017,图书音像,价格贵,negative,1,0.5
PRODUCT_195017,图书音像,性价比高,positive,1,0.5
PRODUCT_195021,图书音像,外观好看,positive,1,0.16666666666666666
PRODUCT_195085,图书音像,性价比高,positive,1,0.2
PRODUCT_195118,图书音像,质量好,positive,2,0.11764705882352941
PRODUCT_195118,图书音像,包装差,negative,1,0.058823529411764705
PRODUCT_195118,图书音像,正品放心,positive,1,0.058823529411764705
PRODUCT_195156,电脑/办公,外观好看,positive,1,0.07692307692307693
PRODUCT_195156,电脑/办公,容易坏,negative,1,0.07692307692307693
PRODUCT_195156,电脑/办公,性价比高,positive,1,0.07692307692307693
PRODUCT_195156,电脑/办公,正品放心,positive,1,0.07692307692307693
PRODUCT_195160,美妆个护,正品放心,positive,1,0.1
PRODUCT_195221,图书音像,外观好看,positive,2,0.2222222222222222
PRODUCT_195221,图书音像,包装差,negative,1,0.1111111111111111
PRODUCT_195233,图书音像,价格贵,negative,1,0.07142857142857142
PRODUCT_195237,美妆个护,味道不错,positive,2,0.5
PRODUCT_195237,美妆个护,很新鲜,positive,1,0.25
PRODUCT_195237,美妆个护,疑似假货,negative,1,0.25
PRODUCT_195301,图书音像,外观好看,positive,1,1.0
PRODUCT_195326,图书音像,很新鲜,positive,1,1.0
PRODUCT_195331,电脑/办公,正品放心,positive,3,0.3333333333333333
PRODUCT_195365,图书音像,性价比高,positive,1,0.16666666666666666
PRODUCT_195383,图书音像,性价比高,positive,1,0.5
PRODUCT_195429,其他,质量差,negative,1,0.25
PRODUCT_195455,家居生活,发货快,positive,1,0.5
PRODUCT_195468,图书音像,外观一般,negative,1,1.0
PRODUCT_195524,图书音像,内容不错,positive,1,1.0
PRODUCT_195557,家具/家装/建材,外观好看,positive,1,1.0
PRODUCT_195618,电脑/办公,外观好看,positive,1,1.0
PRODUCT_195862,美妆个护,正品放心,positive,1,1.0
PRODUCT_195907,图书音像,价格贵,negative,1,1.0
PRODUCT_195976,图书音像,外观好看,positive,1,0.2
PRODUCT_195976,图书音像,质量好,positive,1,0.2
PRODUCT_196002,图书音像,包装差,negative,1,0.1
PRODUCT_196002,图书音像,外观好看,positive,1,0.1
PRODUCT_196017,图书音像,外观好看,positive,1,0.3333333333333333
PRODUCT_196110,家具/家装/建材,很耐用,positive,3,1.0
PRODUCT_196110,家具/家装/建材,外观好看,positive,1,0.3333333333333333
PRODUCT_196264,图书音像,外观好看,positive,1,1.0
PRODUCT_196298,图书音像,质量好,positive,1,1.0
PRODUCT_196329,家居生活,质量差,negative,1,0.5
PRODUCT_196403,电脑/办公,性价比高,positive,2,0.2857142857142857
PRODUCT_196403,电脑/办公,价格贵,negative,1,0.14285714285714285
PRODUCT_196403,电脑/办公,正品放心,positive,1,0.14285714285714285
PRODUCT_196449,电脑/办公,续航差,negative,1,0.1
PRODUCT_196457,手机/数码,外观好看,positive,1,1.0
PRODUCT_196483,家用电器,外观好看,positive,1,0.14285714285714285
PRODUCT_196488,家具/家装/建材,不推荐,negative,1,1.0
PRODUCT_196550,图书音像,包装好,positive,1,1.0
PRODUCT_19663,图书音像,外观一般,negative,1,0.25
PRODUCT_19673,图书音像,外观好看,positive,1,0.3333333333333333
PRODUCT_196802,电脑/办公,外观好看,positive,1,1.0
PRODUCT_196846,图书音像,质量差,negative,1,0.3333333333333333
PRODUCT_196946,图书音像,内容不错,positive,1,0.5
PRODUCT_196948,家用电器,正品放心,positive,1,0.5
PRODUCT_196991,家用电器,内容一般,negative,1,0.5
PRODUCT_197034,图书音像,很新鲜,positive,1,0.2
PRODUCT_197034,图书音像,正品放心,positive,1,0.2
PRODUCT_19704,图书音像,外观好看,positive,1,1.0
PRODUCT_197040,图书音像,正品放心,positive,1,1.0
PRODUCT_197099,图书音像,外观好看,positive,2,1.0
PRODUCT_197118,图书音像,外观好看,positive,1,1.0
PRODUCT_197126,图书音像,外观好看,positive,1,1.0
PRODUCT_19713,图书音像,正品放心,positive,1,1.0
PRODUCT_197139,图书音像,外观好看,positive,1,0.5
PRODUCT_197139,图书音像,正品放心,positive,1,0.5
PRODUCT_197175,图书音像,包装差,negative,1,0.3333333333333333
PRODUCT_197187,电脑/办公,发货快,positive,1,0.16666666666666666
PRODUCT_197187,电脑/办公,外观好看,positive,1,0.16666666666666666
PRODUCT_197187,电脑/办公,性价比高,positive,1,0.16666666666666666
PRODUCT_197187,电脑/办公,正品放心,positive,1,0.16666666666666666
PRODUCT_197279,家用电器,性价比高,positive,2,0.6666666666666666
PRODUCT_197279,家用电器,客服差,negative,1,0.3333333333333333
PRODUCT_197279,家用电器,容易坏,negative,1,0.3333333333333333
PRODUCT_197281,家居生活,质量好,positive,1,1.0
PRODUCT_197288,手机/数码,外观好看,positive,1,0.125
PRODUCT_197288,手机/数码,正品放心,positive,1,0.125
PRODUCT_197379,图书音像,性价比高,positive,1,1.0
PRODUCT_197449,其他,内容一般,negative,1,1.0
PRODUCT_197466,手机/数码,外观好看,positive,1,0.5
PRODUCT_197474,图书音像,质量好,positive,1,0.5
PRODUCT_197496,图书音像,包装差,negative,1,0.2
PRODUCT_197581,图书音像,外观好看,positive,1,1.0
PRODUCT_197628,家具/家装/建材,外观好看,positive,1,1.0
PRODUCT_197662,手机/数码,不推荐,negative,1,1.0
PRODUCT_197667,电脑/办公,质量好,positive,1,1.0
PRODUCT_19770,图书音像,内容不错,positive,1,1.0
PRODUCT_197769,电脑/办公,外观好看,positive,1,0.125
PRODUCT_197769,电脑/办公,很耐用,positive,1,0.125
PRODUCT_197834,图书音像,质量好,positive,1,0.25
PRODUCT_197851,图书音像,正品放心,positive,1,0.25
PRODUCT_198057,图书音像,内容不错,positive,1,1.0
PRODUCT_198057,图书音像,包装差,negative,1,1.0
PRODUCT_198151,图书音像,正品放心,positive,1,1.0
PRODUCT_19819,图书音像,不推荐,negative,1,1.0
PRODUCT_19819,图书音像,发货快,positive,1,1.0
PRODUCT_19819,图书音像,性价比高,positive,1,1.0
PRODUCT_19819,图书音像,质量好,positive,1,1.0
PRODUCT_198258,图书音像,外观好看,positive,1,1.0
PRODUCT_198288,手机/数码,外观好看,positive,2,0.6666666666666666
PRODUCT_198288,手机/数码,内容不错,positive,1,0.3333333333333333
PRODUCT_198288,手机/数码,很耐用,positive,1,0.3333333333333333
PRODUCT_198377,其他,很新鲜,positive,1,0.25
PRODUCT_198377,其他,正品放心,positive,1,0.25
PRODUCT_198377,其他,疑似假货,negative,1,0.25
PRODUCT_19845,家具/家装/建材,很耐用,positive,2,0.11764705882352941
PRODUCT_19845,家具/家装/建材,容易坏,negative,1,0.058823529411764705
PRODUCT_19845,家具/家装/建材,正品放心,positive,1,0.058823529411764705
PRODUCT_19845,家具/家装/建材,质量好,positive,1,0.058823529411764705
PRODUCT_198480,图书音像,外观好看,positive,1,0.3333333333333333
PRODUCT_19855,图书音像,正品放心,positive,1,1.0
PRODUCT_19871,图书音像,质量好,positive,1,1.0
PRODUCT_199166,图书音像,外观好看,positive,1,1.0
PRODUCT_199188,图书音像,尺码不准,negative,1,0.5
PRODUCT_199245,图书音像,性价比高,positive,1,0.5
PRODUCT_19931,图书音像,疑似假货,negative,1,1.0
PRODUCT_199363,图书音像,会回购,positive,1,0.14285714285714285
PRODUCT_199363,图书音像,正品放心,positive,1,0.14285714285714285
PRODUCT_199388,图书音像,外观好看,positive,1,0.5
PRODUCT_199429,图书音像,外观好看,positive,1,0.25
PRODUCT_199430,图书音像,外观好看,positive,4,0.36363636363636365
PRODUCT_199430,图书音像,疑似假货,negative,2,0.18181818181818182
PRODUCT_199430,图书音像,内容不错,positive,1,0.09090909090909091
PRODUCT_199430,图书音像,质量差,negative,1,0.09090909090909091
PRODUCT_199490,图书音像,内容不错,positive,1,0.5
PRODUCT_199504,图书音像,正品放心,positive,1,0.5
PRODUCT_199635,图书音像,外观好看,positive,1,1.0
PRODUCT_199761,图书音像,正品放心,positive,1,0.5
PRODUCT_199769,图书音像,会回购,positive,1,0.1
PRODUCT_199769,图书音像,外观好看,positive,1,0.1
PRODUCT_199769,图书音像,性价比高,positive,1,0.1
PRODUCT_199769,图书音像,质量好,positive,1,0.1
PRODUCT_199775,图书音像,价格贵,negative,1,1.0
PRODUCT_19980,图书音像,正品放心,positive,1,1.0
PRODUCT_199813,图书音像,外观好看,positive,1,1.0
PRODUCT_19984,美妆个护,正品放心,positive,1,0.1111111111111111
PRODUCT_199904,图书音像,疑似假货,negative,1,0.25
PRODUCT_199908,图书音像,外观好看,positive,1,1.0
PRODUCT_199920,图书音像,外观一般,negative,1,0.5
PRODUCT_199942,图书音像,正品放心,positive,1,1.0
PRODUCT_200002,钟表/首饰/眼镜/礼品,很新鲜,positive,1,0.3333333333333333
PRODUCT_200003,图书音像,正品放心,positive,1,1.0
PRODUCT_200045,家用电器,正品放心,positive,1,0.3333333333333333
PRODUCT_200073,家居生活,外观好看,positive,2,0.5
PRODUCT_200073,家居生活,发货快,positive,1,0.25
PRODUCT_200073,家居生活,容易坏,negative,1,0.25
PRODUCT_200073,家居生活,正品放心,positive,1,0.25
PRODUCT_200106,家居生活,性价比高,positive,1,1.0
PRODUCT_200142,图书音像,很新鲜,positive,1,1.0
PRODUCT_200161,家用电器,正品放心,positive,2,0.10526315789473684
PRODUCT_200161,家用电器,不推荐,negative,1,0.05263157894736842
PRODUCT_200161,家用电器,价格贵,negative,1,0.05263157894736842
PRODUCT_200192,美妆个护,味道不错,positive,6,1.0
PRODUCT_200192,美妆个护,不推荐,negative,1,0.16666666666666666
PRODUCT_200226,钟表/首饰/眼镜/礼品,正品放心,positive,1,1.0
PRODUCT_200226,钟表/首饰/眼镜/礼品,质量好,positive,1,1.0
PRODUCT_200419,图书音像,正品放心,positive,1,1.0
PRODUCT_200419,图书音像,质量好,positive,1,1.0
PRODUCT_200468,家用电器,外观好看,positive,2,0.6666666666666666
PRODUCT_200486,图书音像,正品放心,positive,1,1.0
PRODUCT_200502,图书音像,包装差,negative,1,1.0
PRODUCT_200508,电脑/办公,正品放心,positive,2,0.07692307692307693
PRODUCT_200508,电脑/办公,包装好,positive,1,0.038461538461538464
PRODUCT_200508,电脑/办公,质量差,negative,1,0.038461538461538464
PRODUCT_200528,图书音像,内容不错,positive,1,0.3333333333333333
PRODUCT_200533,图书音像,内容不错,positive,1,1.0
PRODUCT_200538,图书音像,外观好看,positive,1,1.0
PRODUCT_200538,图书音像,尺码合适,positive,1,1.0
PRODUCT_200591,图书音像,外观一般,negative,1,0.09090909090909091
PRODUCT_200591,图书音像,外观好看,positive,1,0.09090909090909091
PRODUCT_200591,图书音像,质量好,positive,1,0.09090909090909091
PRODUCT_200598,图书音像,外观好看,positive,1,1.0
PRODUCT_200629,图书音像,质量好,positive,1,0.3333333333333333
PRODUCT_20065,图书音像,外观好看,positive,1,1.0
PRODUCT_200653,手机/数码,性价比高,positive,1,0.5
PRODUCT_200819,家居生活,外观好看,positive,1,0.3333333333333333
PRODUCT_200825,图书音像,内容不错,positive,1,1.0
PRODUCT_200856,电脑/办公,外观好看,positive,2,0.2857142857142857
PRODUCT_200885,图书音像,外观好看,positive,1,1.0
PRODUCT_201024,手机/数码,容易坏,negative,1,0.2
PRODUCT_201064,图书音像,质量差,negative,1,0.3333333333333333
PRODUCT_201125,美妆个护,包装好,positive,1,1.0
PRODUCT_201162,图书音像,质量好,positive,1,0.5
PRODUCT_201168,图书音像,正品放心,positive,1,1.0
PRODUCT_201174,图书音像,包装差,negative,1,1.0
PRODUCT_201197,图书音像,内容不错,positive,1,1.0
PRODUCT_201206,图书音像,包装差,negative,1,0.5
PRODUCT_201218,食品/保健,会回购,positive,1,0.5
PRODUCT_201218,食品/保健,味道不错,positive,1,0.5
PRODUCT_201251,电脑/办公,外观好看,positive,1,1.0
PRODUCT_201389,电脑/办公,质量好,positive,1,1.0
PRODUCT_201400,手机/数码,容易坏,negative,1,1.0
PRODUCT_201403,美妆个护,正品放心,positive,1,1.0
PRODUCT_201456,家居生活,性价比高,positive,1,0.16666666666666666
PRODUCT_201544,图书音像,质量差,negative,1,1.0
PRODUCT_201545,图书音像,正品放心,positive,1,0.5
PRODUCT_201562,食品/保健,味道不错,positive,4,0.5714285714285714
PRODUCT_201562,食品/保健,价格贵,negative,1,0.14285714285714285
PRODUCT_201589,图书音像,性价比高,positive,1,0.125
PRODUCT_201589,图书音像,正品放心,positive,1,0.125
PRODUCT_201618,图书音像,不推荐,negative,1,0.3333333333333333
PRODUCT_201618,图书音像,内容一般,negative,1,0.3333333333333333
PRODUCT_201664,钟表/首饰/眼镜/礼品,外观好看,positive,1,1.0
PRODUCT_201710,图书音像,包装好,positive,1,0.5
PRODUCT_201814,家居生活,很耐用,positive,1,1.0
PRODUCT_201907,食品/保健,很耐用,positive,1,1.0
PRODUCT_201955,图书音像,质量好,positive,1,0.5
PRODUCT_201977,图书音像,外观好看,positive,1,1.0
PRODUCT_201986,图书音像,外观好看,positive,1,0.5
PRODUCT_201995,图书音像,发货快,positive,1,1.0
PRODUCT_201995,图书音像,正品放心,positive,1,1.0
PRODUCT_201995,图书音像,质量好,positive,1,1.0
PRODUCT_202042,母婴/玩具,包装好,positive,1,1.0
PRODUCT_202042,母婴/玩具,正品放心,positive,1,1.0
PRODUCT_202068,电脑/办公,质量差,negative,1,0.14285714285714285
PRODUCT_202078,图书音像,价格贵,negative,1,0.5
PRODUCT_202078,图书音像,正品放心,positive,1,0.5
PRODUCT_202106,运动户外,很耐用,positive,1,1.0
PRODUCT_202108,图书音像,正品放心,positive,1,1.0
PRODUCT_202127,图书音像,包装差,negative,1,0.1111111111111111
PRODUCT_202135,图书音像,内容不错,positive,1,1.0
PRODUCT_202135,图书音像,正品放心,positive,1,1.0
PRODUCT_202184,家用电器,味道不错,positive,1,1.0
PRODUCT_202184,家用电器,外观一般,negative,1,1.0
PRODUCT_202184,家用电器,外观好看,positive,1,1.0
PRODUCT_202194,图书音像,包装差,negative,1,0.1
PRODUCT_202194,图书音像,很新鲜,positive,1,0.1
PRODUCT_202206,图书音像,外观好看,positive,1,0.14285714285714285
PRODUCT_20228,家居生活,性价比高,positive,1,0.3333333333333333
PRODUCT_20228,家居生活,正品放心,positive,1,0.3333333333333333
PRODUCT_202290,家居生活,性价比高,positive,1,1.0
PRODUCT_202352,图书音像,客服好,positive,1,1.0
PRODUCT_202367,美妆个护,味道不错,positive,1,1.0
PRODUCT_202374,图书音像,外观好看,positive,1,1.0
PRODUCT_202546,图书音像,味道不错,positive,1,0.5
PRODUCT_202556,手机/数码,发货快,positive,1,0.16666666666666666
PRODUCT_202557,图书音像,不推荐,negative,1,1.0
PRODUCT_202597,图书音像,外观好看,positive,1,1.0
PRODUCT_20264,图书音像,疑似假货,negative,1,0.5
PRODUCT_20267,美妆个护,正品放心,positive,2,0.6666666666666666
PRODUCT_202689,图书音像,价格贵,negative,1,0.5
PRODUCT_202700,手机/数码,不推荐,negative,1,1.0
PRODUCT_202756,电脑/办公,性价比高,positive,1,1.0
PRODUCT_202818,电脑/办公,质量好,positive,1,1.0
PRODUCT_202874,图书音像,正品放心,positive,1,1.0
PRODUCT_202875,图书音像,正品放心,positive,1,1.0
PRODUCT_202945,电脑/办公,价格贵,negative,1,0.2
PRODUCT_203027,图书音像,正品放心,positive,1,1.0
PRODUCT_203104,电脑/办公,性价比高,positive,1,1.0
PRODUCT_203135,鞋类箱包,正品放心,positive,1,1.0
PRODUCT_203135,鞋类箱包,疑似假货,negative,1,1.0
PRODUCT_20317,图书音像,包装好,positive,1,0.16666666666666666
PRODUCT_20317,图书音像,味道不错,positive,1,0.16666666666666666
PRODUCT_20317,图书音像,疑似假货,negative,1,0.16666666666666666
PRODUCT_203230,图书音像,质量好,positive,1,0.25
PRODUCT_203231,手机/数码,价格贵,negative,3,0.21428571428571427
PRODUCT_203231,手机/数码,外观好看,positive,3,0.21428571428571427
PRODUCT_203231,手机/数码,不推荐,negative,1,0.07142857142857142
PRODUCT_203231,手机/数码,正品放心,positive,1,0.07142857142857142
PRODUCT_203263,图书音像,外观好看,positive,1,1.0
PRODUCT_203266,手机/数码,性价比高,positive,1,0.5
PRODUCT_203267,图书音像,性价比高,positive,1,0.5
PRODUCT_20327,图书音像,内容不错,positive,1,1.0
PRODUCT_203270,电脑/办公,性价比高,positive,1,0.25
PRODUCT_203300,图书音像,不推荐,negative,1,1.0
PRODUCT_203302,图书音像,很新鲜,positive,1,0.3333333333333333
PRODUCT_203302,图书音像,正品放心,positive,1,0.3333333333333333
PRODUCT_203333,图书音像,价格贵,negative,1,0.125
PRODUCT_203333,图书音像,包装差,negative,1,0.125
PRODUCT_203333,图书音像,物流慢,negative,1,0.125
PRODUCT_203333,图书音像,质量好,positive,1,0.125
PRODUCT_203336,图书音像,会回购,positive,1,0.5
PRODUCT_203348,图书音像,外观好看,positive,1,1.0
PRODUCT_203358,美妆个护,性价比高,positive,1,1.0
PRODUCT_203363,手机/数码,外观好看,positive,1,0.3333333333333333
PRODUCT_203403,美妆个护,性价比高,positive,1,0.5
PRODUCT_203408,图书音像,外观好看,positive,1,0.5
PRODUCT_203425,家用电器,性价比高,positive,1,0.3333333333333333
PRODUCT_203425,家用电器,质量好,positive,1,0.3333333333333333
PRODUCT_203543,家居生活,性价比高,positive,1,1.0
PRODUCT_203555,图书音像,不推荐,negative,1,1.0
PRODUCT_203555,图书音像,质量差,negative,1,1.0
PRODUCT_203589,鞋类箱包,外观好看,positive,1,1.0
PRODUCT_203589,鞋类箱包,正品放心,positive,1,1.0
PRODUCT_203634,其他,外观好看,positive,1,1.0
PRODUCT_203643,手机/数码,正品放心,positive,1,1.0
PRODUCT_20371,图书音像,外观好看,positive,1,1.0
PRODUCT_203832,手机/数码,外观好看,positive,1,1.0
PRODUCT_203852,图书音像,包装差,negative,1,1.0
PRODUCT_203928,鞋类箱包,尺码不准,negative,1,1.0
PRODUCT_203987,图书音像,会回购,positive,1,1.0
PRODUCT_204028,图书音像,外观好看,positive,1,0.5
PRODUCT_204060,图书音像,质量好,positive,1,0.5
PRODUCT_2041,图书音像,外观好看,positive,2,0.6666666666666666
PRODUCT_2041,图书音像,不推荐,negative,1,0.3333333333333333
PRODUCT_2041,图书音像,会回购,positive,1,0.3333333333333333
PRODUCT_204148,图书音像,不推荐,negative,1,1.0
PRODUCT_204148,图书音像,质量差,negative,1,1.0
PRODUCT_204178,图书音像,内容不错,positive,1,1.0
PRODUCT_204208,图书音像,包装差,negative,1,0.2
PRODUCT_204335,手机/数码,外观好看,positive,1,0.5
PRODUCT_204335,手机/数码,很耐用,positive,1,0.5
PRODUCT_204335,手机/数码,续航差,negative,1,0.5
PRODUCT_20434,美妆个护,味道不错,positive,1,1.0
PRODUCT_204348,图书音像,外观好看,positive,1,0.5
PRODUCT_204359,电脑/办公,内容不错,positive,1,0.5
PRODUCT_204359,电脑/办公,性价比高,positive,1,0.5
PRODUCT_204382,图书音像,正品放心,positive,1,1.0
PRODUCT_204401,家居生活,质量差,negative,1,0.5
PRODUCT_204409,手机/数码,不推荐,negative,1,0.16666666666666666
PRODUCT_204409,手机/数码,质量差,negative,1,0.16666666666666666
PRODUCT_204506,手机/数码,外观好看,positive,1,0.25
PRODUCT_204547,手机/数码,性价比高,positive,3,0.75
PRODUCT_204547,手机/数码,容易坏,negative,2,0.5
PRODUCT_204615,图书音像,正品放心,positive,1,0.3333333333333333
PRODUCT_204623,电脑/办公,包装好,positive,1,0.25
PRODUCT_204623,电脑/办公,发货快,positive,1,0.25
PRODUCT_204735,其他,外观好看,positive,1,0.16666666666666666
PRODUCT_204735,其他,容易坏,negative,1,0.16666666666666666
PRODUCT_204735,其他,疑似假货,negative,1,0.16666666666666666
PRODUCT_204803,图书音像,容易坏,negative,1,0.07142857142857142
PRODUCT_204803,图书音像,正品放心,positive,1,0.07142857142857142
PRODUCT_20488,电脑/办公,尺码不准,negative,1,0.3333333333333333
PRODUCT_20488,电脑/办公,质量好,positive,1,0.3333333333333333
PRODUCT_205005,图书音像,外观好看,positive,1,1.0
PRODUCT_205019,图书音像,内容不错,positive,1,0.058823529411764705
PRODUCT_205019,图书音像,外观好看,positive,1,0.058823529411764705
PRODUCT_205019,图书音像,容易坏,negative,1,0.058823529411764705
PRODUCT_205019,图书音像,性价比高,positive,1,0.058823529411764705
PRODUCT_205019,图书音像,质量好,positive,1,0.058823529411764705
PRODUCT_205047,图书音像,外观好看,positive,1,0.5
PRODUCT_205047,图书音像,正品放心,positive,1,0.5
PRODUCT_205062,图书音像,正品放心,positive,1,0.5
PRODUCT_205062,图书音像,疑似假货,negative,1,0.5
PRODUCT_205119,图书音像,正品放心,positive,1,0.3333333333333333
PRODUCT_205119,图书音像,疑似假货,negative,1,0.3333333333333333
PRODUCT_205134,图书音像,味道不错,positive,1,0.5
PRODUCT_205134,图书音像,正品放心,positive,1,0.5
PRODUCT_205143,图书音像,不推荐,negative,1,1.0
PRODUCT_205178,美妆个护,正品放心,positive,2,0.25
PRODUCT_205178,美妆个护,质量好,positive,1,0.125
PRODUCT_205185,图书音像,内容不错,positive,1,1.0
PRODUCT_20521,图书音像,不推荐,negative,1,1.0
PRODUCT_205295,图书音像,疑似假货,negative,1,0.3333333333333333
PRODUCT_205295,图书音像,质量差,negative,1,0.3333333333333333
PRODUCT_205339,图书音像,外观好看,positive,1,0.16666666666666666
PRODUCT_205339,图书音像,正品放心,positive,1,0.16666666666666666
PRODUCT_205341,图书音像,内容不错,positive,1,0.125
PRODUCT_205341,图书音像,疑似假货,negative,1,0.125
PRODUCT_205341,图书音像,质量差,negative,1,0.125
PRODUCT_205350,图书音像,外观好看,positive,2,0.6666666666666666
PRODUCT_205369,图书音像,正品放心,positive,1,1.0
PRODUCT_205369,图书音像,疑似假货,negative,1,1.0
PRODUCT_205398,图书音像,正品放心,positive,1,0.5
PRODUCT_2054,图书音像,质量好,positive,1,0.3333333333333333
PRODUCT_205424,图书音像,物流慢,negative,1,1.0
PRODUCT_205546,电脑/办公,内容不错,positive,1,1.0
PRODUCT_205546,电脑/办公,外观好看,positive,1,1.0
PRODUCT_205553,图书音像,质量差,negative,1,1.0
PRODUCT_205670,图书音像,发货快,positive,1,1.0
PRODUCT_205670,图书音像,很新鲜,positive,1,1.0
PRODUCT_205705,图书音像,外观好看,positive,1,0.3333333333333333
PRODUCT_205757,图书音像,性价比高,positive,1,0.5
PRODUCT_20580,手机/数码,发货快,positive,1,1.0
PRODUCT_20580,手机/数码,正品放心,positive,1,1.0
PRODUCT_205841,钟表/首饰/眼镜/礼品,不推荐,negative,1,1.0
PRODUCT_205845,图书音像,质量好,positive,1,0.5
PRODUCT_205968,图书音像,正品放心,positive,1,1.0
PRODUCT_205983,图书音像,外观一般,negative,1,1.0
PRODUCT_206008,图书音像,正品放心,positive,1,0.3333333333333333
PRODUCT_206031,图书音像,正品放心,positive,1,1.0
PRODUCT_206031,图书音像,质量差,negative,1,1.0
PRODUCT_206079,图书音像,发货快,positive,1,1.0
PRODUCT_206087,图书音像,很新鲜,positive,1,1.0
PRODUCT_206091,图书音像,味道不错,positive,1,1.0
PRODUCT_206093,图书音像,正品放心,positive,1,0.25
PRODUCT_206108,图书音像,内容不错,positive,1,1.0
PRODUCT_20614,图书音像,性价比高,positive,1,0.14285714285714285
PRODUCT_20614,图书音像,质量好,positive,1,0.14285714285714285
PRODUCT_206146,图书音像,质量好,positive,1,0.5
PRODUCT_206263,图书音像,外观好看,positive,1,1.0
PRODUCT_206298,图书音像,会回购,positive,1,0.2
PRODUCT_206298,图书音像,正品放心,positive,1,0.2
PRODUCT_206298,图书音像,质量好,positive,1,0.2
PRODUCT_206307,家用电器,外观一般,negative,1,0.5
PRODUCT_206307,家用电器,外观好看,positive,1,0.5
PRODUCT_20644,图书音像,正品放心,positive,1,1.0
PRODUCT_206449,图书音像,外观好看,positive,1,0.5
PRODUCT_206593,家居生活,外观好看,positive,2,0.13333333333333333
PRODUCT_206593,家居生活,尺码合适,positive,2,0.13333333333333333
PRODUCT_206593,家居生活,质量好,positive,2,0.13333333333333333
PRODUCT_206593,家居生活,不推荐,negative,1,0.06666666666666667
PRODUCT_206593,家居生活,包装差,negative,1,0.06666666666666667
PRODUCT_206593,家居生活,性价比高,positive,1,0.06666666666666667
PRODUCT_20666,家居生活,容易坏,negative,1,1.0
PRODUCT_20666,家居生活,质量差,negative,1,1.0
PRODUCT_206685,图书音像,内容不错,positive,1,0.5
PRODUCT_206685,图书音像,很新鲜,positive,1,0.5
PRODUCT_206685,图书音像,正品放心,positive,1,0.5
PRODUCT_206696,图书音像,性价比高,positive,1,1.0
PRODUCT_206701,图书音像,正品放心,positive,1,0.5
PRODUCT_206809,图书音像,包装差,negative,1,0.3333333333333333
PRODUCT_206809,图书音像,容易坏,negative,1,0.3333333333333333
PRODUCT_206809,图书音像,正品放心,positive,1,0.3333333333333333
PRODUCT_206809,图书音像,疑似假货,negative,1,0.3333333333333333
PRODUCT_20684,电脑/办公,外观好看,positive,1,0.16666666666666666
PRODUCT_20684,电脑/办公,容易坏,negative,1,0.16666666666666666
PRODUCT_20684,电脑/办公,面料差,negative,1,0.16666666666666666
PRODUCT_206880,图书音像,质量差,negative,1,1.0
PRODUCT_206928,家居生活,外观好看,positive,1,0.16666666666666666
PRODUCT_206975,手机/数码,正品放心,positive,1,0.3333333333333333
PRODUCT_206996,图书音像,很新鲜,positive,1,0.3333333333333333
PRODUCT_206996,图书音像,正品放心,positive,1,0.3333333333333333
PRODUCT_206996,图书音像,疑似假货,negative,1,0.3333333333333333
PRODUCT_207046,图书音像,外观好看,positive,1,0.5
PRODUCT_207068,图书音像,正品放心,positive,1,1.0
PRODUCT_207074,图书音像,会回购,positive,1,0.5
PRODUCT_207122,鞋类箱包,容易坏,negative,1,0.3333333333333333
PRODUCT_207122,鞋类箱包,很耐用,positive,1,0.3333333333333333
PRODUCT_207123,图书音像,正品放心,positive,1,0.3333333333333333
PRODUCT_207139,图书音像,内容不错,positive,1,0.5
PRODUCT_207145,图书音像,性价比高,positive,1,1.0
PRODUCT_207201,家具/家装/建材,外观好看,positive,1,0.25
PRODUCT_207208,图书音像,容易坏,negative,1,1.0
PRODUCT_207208,图书音像,很耐用,positive,1,1.0
PRODUCT_207294,图书音像,外观好看,positive,1,1.0
PRODUCT_207460,图书音像,包装差,negative,1,1.0
PRODUCT_207475,图书音像,内容不错,positive,1,1.0
PRODUCT_207495,图书音像,正品放心,positive,1,1.0
PRODUCT_207535,图书音像,正品放心,positive,1,0.5
PRODUCT_207595,图书音像,质量好,positive,1,1.0
PRODUCT_20764,图书音像,质量好,positive,1,0.5
PRODUCT_207647,图书音像,包装差,negative,1,1.0
PRODUCT_207675,图书音像,外观好看,positive,1,1.0
PRODUCT_207788,图书音像,外观好看,positive,1,1.0
PRODUCT_207852,图书音像,很新鲜,positive,1,1.0
PRODUCT_207853,图书音像,质量好,positive,1,1.0
PRODUCT_207886,图书音像,疑似假货,negative,1,1.0
PRODUCT_207898,图书音像,很新鲜,positive,1,0.25
PRODUCT_207942,母婴/玩具,质量好,positive,1,0.5
PRODUCT_208036,图书音像,内容不错,positive,1,0.5
PRODUCT_208065,图书音像,质量好,positive,1,1.0
PRODUCT_208082,图书音像,内容不错,positive,1,0.25
PRODUCT_208082,图书音像,质量差,negative,1,0.25
PRODUCT_208083,手机/数码,外观好看,positive,2,0.2857142857142857
PRODUCT_208083,手机/数码,价格贵,negative,1,0.14285714285714285
PRODUCT_208083,手机/数码,疑似假货,negative,1,0.14285714285714285
PRODUCT_208098,图书音像,包装差,negative,1,0.1
PRODUCT_208098,图书音像,外观好看,positive,1,0.1
PRODUCT_208098,图书音像,正品放心,positive,1,0.1
PRODUCT_208098,图书音像,质量好,positive,1,0.1
PRODUCT_208110,图书音像,会回购,positive,1,1.0
PRODUCT_208138,家用电器,质量好,positive,1,1.0
PRODUCT_208138,家用电器,质量差,negative,1,1.0
PRODUCT_208152,美妆个护,正品放心,positive,2,0.4
PRODUCT_208157,图书音像,外观好看,positive,1,1.0
PRODUCT_208168,电脑/办公,质量好,positive,1,1.0
PRODUCT_208170,电脑/办公,很耐用,positive,1,0.5
PRODUCT_208170,电脑/办公,正品放心,positive,1,0.5
PRODUCT_208221,图书音像,质量差,negative,1,0.3333333333333333
PRODUCT_208234,图书音像,性价比高,positive,1,1.0
PRODUCT_208275,图书音像,会回购,positive,1,1.0
PRODUCT_208277,图书音像,外观好看,positive,1,1.0
PRODUCT_208317,家具/家装/建材,外观好看,positive,2,0.2857142857142857
PRODUCT_208317,家具/家装/建材,很耐用,positive,1,0.14285714285714285
PRODUCT_208317,家具/家装/建材,性价比高,positive,1,0.14285714285714285
PRODUCT_208349,图书音像,会回购,positive,1,0.125
PRODUCT_208349,图书音像,包装好,positive,1,0.125
PRODUCT_208349,图书音像,性价比高,positive,1,0.125
PRODUCT_208350,图书音像,正品放心,positive,1,0.2
PRODUCT_208357,图书音像,包装差,negative,1,1.0
PRODUCT_208357,图书音像,容易坏,negative,1,1.0
PRODUCT_208365,图书音像,会回购,positive,1,0.3333333333333333
PRODUCT_208365,图书音像,外观好看,positive,1,0.3333333333333333
PRODUCT_208495,图书音像,外观好看,positive,1,0.5
PRODUCT_208656,电脑/办公,质量差,negative,1,1.0
PRODUCT_208714,图书音像,疑似假货,negative,1,0.3333333333333333
PRODUCT_208714,图书音像,质量差,negative,1,0.3333333333333333
PRODUCT_208745,图书音像,包装好,positive,1,0.16666666666666666
PRODUCT_208745,图书音像,包装差,negative,1,0.16666666666666666
PRODUCT_208745,图书音像,很新鲜,positive,1,0.16666666666666666
PRODUCT_208745,图书音像,正品放心,positive,1,0.16666666666666666
PRODUCT_208748,图书音像,内容不错,positive,1,1.0
PRODUCT_208748,图书音像,性价比高,positive,1,1.0
PRODUCT_208770,图书音像,正品放心,positive,1,1.0
PRODUCT_208797,图书音像,正品放心,positive,1,1.0
PRODUCT_208871,图书音像,不推荐,negative,1,0.2
PRODUCT_208871,图书音像,外观好看,positive,1,0.2
PRODUCT_208871,图书音像,正品放心,positive,1,0.2
PRODUCT_208909,图书音像,内容不错,positive,1,0.2
PRODUCT_208957,钟表/首饰/眼镜/礼品,性价比高,positive,1,1.0
PRODUCT_209023,电脑/办公,内容不错,positive,1,0.16666666666666666
PRODUCT_209023,电脑/办公,外观好看,positive,1,0.16666666666666666
PRODUCT_209023,电脑/办公,性价比高,positive,1,0.16666666666666666
PRODUCT_209190,其他,外观好看,positive,1,1.0
PRODUCT_209225,美妆个护,发货快,positive,1,1.0
PRODUCT_209263,图书音像,很新鲜,positive,1,0.5
PRODUCT_209397,图书音像,正品放心,positive,2,0.5
PRODUCT_209397,图书音像,不推荐,negative,1,0.25
PRODUCT_209397,图书音像,质量差,negative,1,0.25
PRODUCT_209401,图书音像,内容不错,positive,1,1.0
PRODUCT_20946,图书音像,很耐用,positive,1,0.5
PRODUCT_209471,家居生活,很耐用,positive,1,1.0
PRODUCT_209471,家居生活,性价比高,positive,1,1.0
PRODUCT_20948,图书音像,外观好看,positive,1,0.3333333333333333
PRODUCT_209524,图书音像,内容不错,positive,1,0.05555555555555555
PRODUCT_209524,图书音像,正品放心,positive,1,0.05555555555555555
PRODUCT_209550,图书音像,正品放心,positive,1,1.0
PRODUCT_209570,图书音像,质量好,positive,1,1.0
PRODUCT_209575,图书音像,内容不错,positive,1,1.0
PRODUCT_209575,图书音像,性价比高,positive,1,1.0
PRODUCT_209637,手机/数码,容易坏,negative,1,1.0
PRODUCT_209637,手机/数码,很耐用,positive,1,1.0
PRODUCT_209637,手机/数码,续航差,negative,1,1.0
PRODUCT_209714,图书音像,正品放心,positive,1,0.3333333333333333
PRODUCT_209724,手机/数码,质量好,positive,1,1.0
PRODUCT_209843,图书音像,正品放心,positive,1,1.0
PRODUCT_209907,电脑/办公,正品放心,positive,1,1.0
PRODUCT_209920,图书音像,质量好,positive,1,1.0
PRODUCT_209933,电脑/办公,性价比高,positive,2,0.25
PRODUCT_209933,电脑/办公,质量差,negative,2,0.25
PRODUCT_209933,电脑/办公,不推荐,negative,1,0.125
PRODUCT_209933,电脑/办公,正品放心,positive,1,0.125
PRODUCT_210089,图书音像,正品放心,positive,1,0.125
PRODUCT_210089,图书音像,疑似假货,negative,1,0.125
PRODUCT_210459,图书音像,正品放心,positive,1,0.5
PRODUCT_210459,图书音像,物流慢,negative,1,0.5
PRODUCT_21052,手机/数码,会回购,positive,1,0.3333333333333333
PRODUCT_21052,手机/数码,外观好看,positive,1,0.3333333333333333
PRODUCT_21052,手机/数码,性价比高,positive,1,0.3333333333333333
PRODUCT_210572,图书音像,正品放心,positive,1,0.125
PRODUCT_210572,图书音像,疑似假货,negative,1,0.125
PRODUCT_21070,鞋类箱包,外观好看,positive,1,1.0
PRODUCT_21070,鞋类箱包,性价比高,positive,1,1.0
PRODUCT_210759,图书音像,内容不错,positive,1,1.0
PRODUCT_210761,图书音像,包装差,negative,1,1.0
PRODUCT_210780,图书音像,外观好看,positive,2,0.6666666666666666
PRODUCT_210780,图书音像,疑似假货,negative,1,0.3333333333333333
PRODUCT_210974,图书音像,疑似假货,negative,1,0.3333333333333333
PRODUCT_210991,图书音像,正品放心,positive,1,1.0
PRODUCT_211002,图书音像,不推荐,negative,1,1.0
PRODUCT_211092,图书音像,正品放心,positive,1,1.0
PRODUCT_21112,手机/数码,内容一般,negative,1,1.0
PRODUCT_211170,美妆个护,正品放心,positive,1,0.5
PRODUCT_211176,图书音像,价格贵,negative,1,0.3333333333333333
PRODUCT_21120,图书音像,内容不错,positive,1,0.25
PRODUCT_211269,图书音像,正品放心,positive,1,1.0
PRODUCT_211338,图书音像,包装差,negative,1,0.5
PRODUCT_211367,图书音像,尺码合适,positive,1,0.5
PRODUCT_211438,图书音像,质量差,negative,1,0.5
PRODUCT_211482,图书音像,质量差,negative,1,1.0
PRODUCT_211520,图书音像,会回购,positive,1,0.3333333333333333
PRODUCT_211520,图书音像,质量好,positive,1,0.3333333333333333
PRODUCT_211533,图书音像,容易坏,negative,1,1.0
PRODUCT_211582,图书音像,不推荐,negative,1,1.0
PRODUCT_211596,美妆个护,质量差,negative,1,0.3333333333333333
PRODUCT_211611,图书音像,很新鲜,positive,1,0.5
PRODUCT_211633,图书音像,外观好看,positive,2,1.0
PRODUCT_211633,图书音像,性价比高,positive,1,0.5
PRODUCT_21164,图书音像,外观好看,positive,2,0.5
PRODUCT_21164,图书音像,价格贵,negative,1,0.25
PRODUCT_21164,图书音像,疑似假货,negative,1,0.25
PRODUCT_21164,图书音像,质量差,negative,1,0.25
PRODUCT_211660,图书音像,正品放心,positive,1,1.0
PRODUCT_211704,图书音像,内容不错,positive,1,1.0
PRODUCT_211717,图书音像,性价比高,positive,1,1.0
PRODUCT_211805,图书音像,内容不错,positive,1,1.0
PRODUCT_211805,图书音像,疑似假货,negative,1,1.0
PRODUCT_211824,美妆个护,味道不错,positive,1,0.5
PRODUCT_211854,图书音像,外观一般,negative,1,1.0
PRODUCT_211854,图书音像,外观好看,positive,1,1.0
PRODUCT_211868,图书音像,正品放心,positive,1,1.0
PRODUCT_211923,美妆个护,味道不错,positive,1,1.0
PRODUCT_211926,电脑/办公,很新鲜,positive,1,0.5
PRODUCT_211926,电脑/办公,正品放心,positive,1,0.5
PRODUCT_211953,图书音像,味道不错,positive,1,1.0
PRODUCT_211994,图书音像,容易坏,negative,1,0.2
PRODUCT_211994,图书音像,很新鲜,positive,1,0.2
PRODUCT_211994,图书音像,疑似假货,negative,1,0.2
PRODUCT_212017,图书音像,会回购,positive,1,1.0
PRODUCT_212025,家居生活,质量好,positive,1,1.0
PRODUCT_212085,图书音像,味道不错,positive,1,1.0
PRODUCT_212102,手机/数码,正品放心,positive,2,0.2857142857142857
PRODUCT_212131,图书音像,外观好看,positive,1,1.0
PRODUCT_212189,家居生活,不推荐,negative,1,0.5
PRODUCT_212227,图书音像,质量差,negative,1,1.0
PRODUCT_212234,电脑/办公,内容一般,negative,1,1.0
PRODUCT_212252,图书音像,内容不错,positive,1,1.0
PRODUCT_212277,图书音像,外观好看,positive,1,1.0
PRODUCT_212287,家居生活,质量好,positive,1,0.3333333333333333
PRODUCT_212293,钟表/首饰/眼镜/礼品,不推荐,negative,1,1.0
PRODUCT_21230,图书音像,性价比高,positive,1,1.0
PRODUCT_212310,图书音像,质量好,positive,1,0.5
PRODUCT_212343,手机/数码,正品放心,positive,1,0.5
PRODUCT_21240,家用电器,外观好看,positive,1,0.25
PRODUCT_21240,家用电器,容易坏,negative,1,0.25
PRODUCT_212439,美妆个护,正品放心,positive,1,0.5
PRODUCT_212511,图书音像,外观好看,positive,1,1.0
PRODUCT_212530,图书音像,不推荐,negative,1,0.5
PRODUCT_212530,图书音像,内容不错,positive,1,0.5
PRODUCT_212541,母婴/玩具,正品放心,positive,1,0.5
PRODUCT_212552,图书音像,味道一般,negative,1,0.3333333333333333
PRODUCT_212633,图书音像,内容不错,positive,1,0.14285714285714285
PRODUCT_212633,图书音像,质量好,positive,1,0.14285714285714285
PRODUCT_212715,电脑/办公,正品放心,positive,1,0.2
PRODUCT_212753,电脑/办公,会回购,positive,1,0.25
PRODUCT_212753,电脑/办公,正品放心,positive,1,0.25
PRODUCT_212770,图书音像,会回购,positive,1,1.0
PRODUCT_212774,电脑/办公,正品放心,positive,2,0.6666666666666666
PRODUCT_212774,电脑/办公,发货快,positive,1,0.3333333333333333
PRODUCT_212774,电脑/办公,外观好看,positive,1,0.3333333333333333
PRODUCT_212774,电脑/办公,疑似假货,negative,1,0.3333333333333333
PRODUCT_212851,图书音像,正品放心,positive,1,1.0
PRODUCT_212925,图书音像,内容不错,positive,1,1.0
PRODUCT_212969,电脑/办公,价格贵,negative,1,0.5
PRODUCT_21299,电脑/办公,容易坏,negative,1,0.16666666666666666
PRODUCT_21299,电脑/办公,性价比高,positive,1,0.16666666666666666
PRODUCT_212993,图书音像,正品放心,positive,2,0.2222222222222222
PRODUCT_212993,图书音像,很耐用,positive,1,0.1111111111111111
PRODUCT_212993,图书音像,质量差,negative,1,0.1111111111111111
PRODUCT_213007,手机/数码,很耐用,positive,1,1.0
PRODUCT_213027,电脑/办公,包装好,positive,1,0.08333333333333333
PRODUCT_213027,电脑/办公,外观好看,positive,1,0.08333333333333333
PRODUCT_213027,电脑/办公,性价比高,positive,1,0.08333333333333333
PRODUCT_213027,电脑/办公,正品放心,positive,1,0.08333333333333333
PRODUCT_213087,图书音像,正品放心,positive,1,1.0
PRODUCT_213106,图书音像,内容不错,positive,1,0.16666666666666666
PRODUCT_21311,电脑/办公,价格贵,negative,1,1.0
PRODUCT_213194,图书音像,很耐用,positive,1,1.0
PRODUCT_213221,图书音像,不推荐,negative,1,1.0
PRODUCT_213221,图书音像,性价比高,positive,1,1.0
PRODUCT_213228,图书音像,正品放心,positive,1,0.5
PRODUCT_213260,电脑/办公,正品放心,positive,1,1.0
PRODUCT_213349,图书音像,正品放心,positive,1,0.3333333333333333
PRODUCT_213349,图书音像,质量好,positive,1,0.3333333333333333
PRODUCT_213360,图书音像,正品放心,positive,3,0.3333333333333333
PRODUCT_213360,图书音像,内容不错,positive,2,0.2222222222222222
PRODUCT_213360,图书音像,外观好看,positive,1,0.1111111111111111
PRODUCT_213360,图书音像,很新鲜,positive,1,0.1111111111111111
PRODUCT_213394,图书音像,质量好,positive,2,0.15384615384615385
PRODUCT_213394,图书音像,内容不错,positive,1,0.07692307692307693
PRODUCT_213394,图书音像,发货快,positive,1,0.07692307692307693
PRODUCT_213394,图书音像,物流慢,negative,1,0.07692307692307693
PRODUCT_213399,家居生活,质量好,positive,1,1.0
PRODUCT_213523,图书音像,外观好看,positive,1,1.0
PRODUCT_213547,图书音像,内容不错,positive,1,1.0
PRODUCT_213590,美妆个护,味道一般,negative,1,1.0
PRODUCT_213614,电脑/办公,正品放心,positive,1,0.5
PRODUCT_213643,鞋类箱包,不推荐,negative,1,0.25
PRODUCT_213643,鞋类箱包,内容一般,negative,1,0.25
PRODUCT_213643,鞋类箱包,质量差,negative,1,0.25
PRODUCT_213650,美妆个护,味道不错,positive,1,0.5
PRODUCT_213665,图书音像,内容不错,positive,1,1.0
PRODUCT_21368,图书音像,外观好看,positive,1,0.5
PRODUCT_213729,其他,外观好看,positive,2,0.18181818181818182
PRODUCT_213729,其他,包装好,positive,1,0.09090909090909091
PRODUCT_213729,其他,包装差,negative,1,0.09090909090909091
PRODUCT_213759,食品/保健,味道不错,positive,1,0.5
PRODUCT_213776,图书音像,容易坏,negative,1,1.0
PRODUCT_21391,手机/数码,容易坏,negative,2,0.5
PRODUCT_21391,手机/数码,外观好看,positive,1,0.25
PRODUCT_21391,手机/数码,续航差,negative,1,0.25
PRODUCT_213935,电脑/办公,外观好看,positive,2,0.4
PRODUCT_213935,电脑/办公,性价比高,positive,1,0.2
PRODUCT_214035,电脑/办公,质量好,positive,1,1.0
PRODUCT_214139,其他,续航差,negative,1,0.5
PRODUCT_214171,电脑/办公,外观好看,positive,3,0.2727272727272727
PRODUCT_214178,图书音像,内容不错,positive,1,1.0
PRODUCT_21419,家居生活,质量好,positive,1,0.5
PRODUCT_214192,电脑/办公,正品放心,positive,2,0.2222222222222222
PRODUCT_214192,电脑/办公,味道一般,negative,1,0.1111111111111111
PRODUCT_214192,电脑/办公,外观好看,positive,1,0.1111111111111111
PRODUCT_214192,电脑/办公,质量好,positive,1,0.1111111111111111
PRODUCT_214244,家用电器,外观好看,positive,1,1.0
PRODUCT_214312,图书音像,很新鲜,positive,1,1.0
PRODUCT_214318,家用电器,性价比高,positive,1,1.0
PRODUCT_214328,手机/数码,正品放心,positive,1,1.0
PRODUCT_214332,图书音像,正品放心,positive,2,1.0
PRODUCT_214332,图书音像,会回购,positive,1,0.5
PRODUCT_214332,图书音像,外观一般,negative,1,0.5
PRODUCT_214332,图书音像,疑似假货,negative,1,0.5
PRODUCT_214332,图书音像,质量好,positive,1,0.5
PRODUCT_214340,家用电器,正品放心,positive,1,1.0
PRODUCT_214377,图书音像,不推荐,negative,1,0.14285714285714285
PRODUCT_214455,手机/数码,续航差,negative,1,0.16666666666666666
PRODUCT_214528,图书音像,外观好看,positive,1,1.0
PRODUCT_2146,图书音像,正品放心,positive,1,1.0
PRODUCT_214661,鞋类箱包,会回购,positive,1,1.0
PRODUCT_214720,图书音像,质量差,negative,1,1.0
PRODUCT_214812,电脑/办公,外观好看,positive,2,1.0
PRODUCT_214812,电脑/办公,性价比高,positive,1,0.5
PRODUCT_214980,图书音像,内容一般,negative,1,1.0
PRODUCT_214980,图书音像,性价比高,positive,1,1.0
PRODUCT_214989,电脑/办公,不推荐,negative,1,1.0
PRODUCT_215063,家用电器,正品放心,positive,1,1.0
PRODUCT_215088,食品/保健,正品放心,positive,1,1.0
PRODUCT_215132,图书音像,外观好看,positive,3,0.3333333333333333
PRODUCT_215132,图书音像,不推荐,negative,1,0.1111111111111111
PRODUCT_215132,图书音像,正品放心,positive,1,0.1111111111111111
PRODUCT_215155,图书音像,外观好看,positive,1,1.0
PRODUCT_215172,图书音像,会回购,positive,1,1.0
PRODUCT_215197,图书音像,发货快,positive,1,0.3333333333333333
PRODUCT_215207,图书音像,内容不错,positive,1,1.0
PRODUCT_215253,图书音像,不推荐,negative,1,1.0
PRODUCT_215376,电脑/办公,尺码不准,negative,1,1.0
PRODUCT_215402,美妆个护,味道不错,positive,1,0.3333333333333333
PRODUCT_215413,鞋类箱包,质量好,positive,1,0.16666666666666666
PRODUCT_215546,手机/数码,很耐用,positive,1,0.5
PRODUCT_215546,手机/数码,续航差,negative,1,0.5
PRODUCT_215550,图书音像,性价比高,positive,1,1.0
PRODUCT_215550,图书音像,质量好,positive,1,1.0
PRODUCT_215564,图书音像,容易坏,negative,1,1.0
PRODUCT_215567,手机/数码,价格贵,negative,1,1.0
PRODUCT_21560,食品/保健,味道不错,positive,1,1.0
PRODUCT_215642,手机/数码,容易坏,negative,1,0.5
PRODUCT_215718,手机/数码,包装差,negative,1,0.3333333333333333
PRODUCT_215718,手机/数码,正品放心,positive,1,0.3333333333333333
PRODUCT_215867,电脑/办公,容易坏,negative,1,1.0
PRODUCT_215931,图书音像,质量好,positive,1,0.125
PRODUCT_215965,图书音像,疑似假货,negative,1,1.0
PRODUCT_215993,图书音像,内容不错,positive,1,0.5
PRODUCT_216034,手机/数码,很耐用,positive,1,1.0
PRODUCT_216075,图书音像,性价比高,positive,1,0.5
PRODUCT_216099,图书音像,内容不错,positive,1,0.3333333333333333
PRODUCT_216179,手机/数码,外观好看,positive,1,1.0
PRODUCT_216188,图书音像,外观好看,positive,1,1.0
PRODUCT_21631,手机/数码,外观好看,positive,2,1.0
PRODUCT_216319,图书音像,不推荐,negative,1,1.0
PRODUCT_216364,手机/数码,正品放心,positive,1,1.0
PRODUCT_21651,家具/家装/建材,外观好看,positive,3,0.75
PRODUCT_216545,图书音像,尺码合适,positive,2,0.2
PRODUCT_216545,图书音像,尺码不准,negative,1,0.1
PRODUCT_216545,图书音像,正品放心,positive,1,0.1
PRODUCT_216545,图书音像,疑似假货,negative,1,0.1
PRODUCT_216545,图书音像,质量好,positive,1,0.1
PRODUCT_21655,鞋类箱包,正品放心,positive,1,1.0
PRODUCT_216630,图书音像,很新鲜,positive,1,1.0
PRODUCT_216641,图书音像,包装差,negative,1,0.16666666666666666
PRODUCT_21666,图书音像,包装好,positive,1,1.0
PRODUCT_216663,图书音像,外观好看,positive,1,0.3333333333333333
PRODUCT_216663,图书音像,性价比高,positive,1,0.3333333333333333
PRODUCT_216703,家居生活,味道不错,positive,1,1.0
PRODUCT_216872,图书音像,正品放心,positive,1,0.5
PRODUCT_216990,图书音像,内容不错,positive,1,0.25
PRODUCT_217040,美妆个护,质量好,positive,1,0.2
PRODUCT_217058,图书音像,正品放心,positive,1,1.0
PRODUCT_217068,家用电器,味道不错,positive,1,1.0
PRODUCT_217086,家用电器,正品放心,positive,1,0.1
PRODUCT_217086,家用电器,质量差,negative,1,0.1
PRODUCT_217113,电脑/办公,外观好看,positive,1,1.0
PRODUCT_21712,图书音像,外观好看,positive,1,1.0
PRODUCT_217154,图书音像,质量好,positive,1,0.3333333333333333
PRODUCT_217184,图书音像,内容不错,positive,1,1.0
PRODUCT_217238,图书音像,内容一般,negative,1,1.0
PRODUCT_217372,美妆个护,质量好,positive,1,1.0
PRODUCT_217392,图书音像,质量差,negative,1,0.16666666666666666
PRODUCT_217488,图书音像,内容不错,positive,1,1.0
PRODUCT_217551,图书音像,客服好,positive,1,1.0
PRODUCT_217668,图书音像,正品放心,positive,1,0.5
PRODUCT_217686,图书音像,外观好看,positive,1,0.5
PRODUCT_217717,图书音像,质量好,positive,1,0.3333333333333333
PRODUCT_217759,图书音像,外观好看,positive,1,1.0
PRODUCT_217866,图书音像,不推荐,negative,1,0.125
PRODUCT_217866,图书音像,内容不错,positive,1,0.125
PRODUCT_217866,图书音像,包装差,negative,1,0.125
PRODUCT_217866,图书音像,正品放心,positive,1,0.125
PRODUCT_217898,图书音像,味道不错,positive,2,0.2222222222222222
PRODUCT_217898,图书音像,外观一般,negative,1,0.1111111111111111
PRODUCT_217922,图书音像,质量好,positive,1,1.0
PRODUCT_217954,美妆个护,包装差,negative,1,1.0
PRODUCT_218001,家用电器,味道不错,positive,1,1.0
PRODUCT_218002,图书音像,不推荐,negative,1,1.0
PRODUCT_218002,图书音像,性价比高,positive,1,1.0
PRODUCT_218057,图书音像,正品放心,positive,1,0.25
PRODUCT_218105,图书音像,正品放心,positive,1,1.0
PRODUCT_218108,图书音像,质量好,positive,1,0.3333333333333333
PRODUCT_218190,母婴/玩具,质量好,positive,1,1.0
PRODUCT_218217,图书音像,正品放心,positive,1,1.0
PRODUCT_21822,手机/数码,内容一般,negative,1,1.0
PRODUCT_21826,其他,外观好看,positive,2,0.11764705882352941
PRODUCT_21826,其他,正品放心,positive,2,0.11764705882352941
PRODUCT_21826,其他,包装差,negative,1,0.058823529411764705
PRODUCT_21826,其他,疑似假货,negative,1,0.058823529411764705
PRODUCT_21826,其他,质量好,positive,1,0.058823529411764705
PRODUCT_218278,家用电器,包装差,negative,1,1.0
PRODUCT_218278,家用电器,容易坏,negative,1,1.0
PRODUCT_218278,家用电器,正品放心,positive,1,1.0
PRODUCT_218302,手机/数码,外观好看,positive,1,1.0
PRODUCT_218310,图书音像,内容不错,positive,1,1.0
PRODUCT_218331,图书音像,质量差,negative,1,0.25
PRODUCT_218350,母婴/玩具,包装差,negative,1,0.14285714285714285
PRODUCT_218350,母婴/玩具,很新鲜,positive,1,0.14285714285714285
PRODUCT_218350,母婴/玩具,正品放心,positive,1,0.14285714285714285
PRODUCT_218353,电脑/办公,正品放心,positive,1,0.5
PRODUCT_218390,食品/保健,味道不错,positive,1,1.0
PRODUCT_218404,图书音像,会回购,positive,1,0.3333333333333333
PRODUCT_218442,家用电器,正品放心,positive,1,0.14285714285714285
PRODUCT_218442,家用电器,疑似假货,negative,1,0.14285714285714285
PRODUCT_21848,图书音像,味道不错,positive,1,1.0
PRODUCT_21848,图书音像,外观好看,positive,1,1.0
PRODUCT_218489,图书音像,内容不错,positive,1,0.3333333333333333
PRODUCT_218496,图书音像,正品放心,positive,1,0.125
PRODUCT_218514,电脑/办公,不推荐,negative,1,1.0
PRODUCT_218571,美妆个护,味道不错,positive,1,0.5
PRODUCT_218615,图书音像,发货快,positive,1,0.5
PRODUCT_218631,家用电器,价格贵,negative,1,0.3333333333333333
PRODUCT_218631,家用电器,发货快,positive,1,0.3333333333333333
PRODUCT_218644,美妆个护,正品放心,positive,6,0.20689655172413793
PRODUCT_218644,美妆个护,性价比高,positive,2,0.06896551724137931
PRODUCT_218644,美妆个护,包装差,negative,1,0.034482758620689655
PRODUCT_218644,美妆个护,很耐用,positive,1,0.034482758620689655
PRODUCT_218644,美妆个护,疑似假货,negative,1,0.034482758620689655
PRODUCT_218705,图书音像,客服好,positive,1,0.5
PRODUCT_218718,美妆个护,性价比高,positive,1,0.25
PRODUCT_218718,美妆个护,正品放心,positive,1,0.25
PRODUCT_218726,图书音像,质量差,negative,1,1.0
PRODUCT_218822,图书音像,正品放心,positive,1,0.5
PRODUCT_218822,图书音像,质量好,positive,1,0.5
PRODUCT_218849,图书音像,质量好,positive,1,1.0
PRODUCT_218855,图书音像,内容不错,positive,1,1.0
PRODUCT_218855,图书音像,发货快,positive,1,1.0
PRODUCT_218856,食品/保健,质量好,positive,1,1.0
PRODUCT_218982,图书音像,内容不错,positive,1,1.0
PRODUCT_219009,图书音像,性价比高,positive,1,1.0
PRODUCT_219019,图书音像,正品放心,positive,1,1.0
PRODUCT_219024,图书音像,包装差,negative,1,1.0
PRODUCT_219030,图书音像,正品放心,positive,1,1.0
PRODUCT_219054,图书音像,发货快,positive,1,0.5
PRODUCT_219092,手机/数码,性价比高,positive,1,1.0
PRODUCT_219102,食品/保健,味道不错,positive,1,1.0
PRODUCT_219144,图书音像,会回购,positive,1,0.1111111111111111
PRODUCT_219144,图书音像,包装差,negative,1,0.1111111111111111
PRODUCT_219191,图书音像,疑似假货,negative,1,1.0
PRODUCT_219192,美妆个护,疑似假货,negative,1,1.0
PRODUCT_219203,图书音像,外观好看,positive,1,0.3333333333333333
PRODUCT_219295,图书音像,会回购,positive,1,0.5
PRODUCT_219336,图书音像,疑似假货,negative,1,0.5
PRODUCT_219392,图书音像,性价比高,positive,1,0.5
PRODUCT_219420,图书音像,内容不错,positive,1,0.5
PRODUCT_219420,图书音像,质量好,positive,1,0.5
PRODUCT_219422,图书音像,内容不错,positive,1,0.5
PRODUCT_219434,电脑/办公,不推荐,negative,1,0.14285714285714285
PRODUCT_219434,电脑/办公,会回购,positive,1,0.14285714285714285
PRODUCT_219434,电脑/办公,正品放心,positive,1,0.14285714285714285
PRODUCT_219434,电脑/办公,质量差,negative,1,0.14285714285714285
PRODUCT_219473,图书音像,质量好,positive,1,1.0
PRODUCT_219477,电脑/办公,正品放心,positive,1,0.16666666666666666
PRODUCT_219477,电脑/办公,质量好,positive,1,0.16666666666666666
PRODUCT_219488,图书音像,正品放心,positive,1,0.3333333333333333
PRODUCT_21949,手机/数码,物流慢,negative,1,1.0
PRODUCT_219495,图书音像,外观好看,positive,1,1.0
PRODUCT_219503,图书音像,容易坏,negative,1,1.0
PRODUCT_219557,图书音像,外观好看,positive,1,1.0
PRODUCT_219559,食品/保健,正品放心,positive,1,0.5
PRODUCT_219595,食品/保健,很新鲜,positive,1,1.0
PRODUCT_21967,图书音像,味道不错,positive,1,1.0
PRODUCT_219693,图书音像,很新鲜,positive,1,0.5
PRODUCT_219817,电脑/办公,正品放心,positive,1,0.3333333333333333
PRODUCT_219819,图书音像,内容不错,positive,1,0.5
PRODUCT_219869,图书音像,不推荐,negative,1,1.0
PRODUCT_219869,图书音像,内容一般,negative,1,1.0
PRODUCT_219914,图书音像,外观好看,positive,1,1.0
PRODUCT_219928,家居生活,会回购,positive,1,1.0
PRODUCT_219928,家居生活,性价比高,positive,1,1.0
PRODUCT_219940,钟表/首饰/眼镜/礼品,包装好,positive,1,0.5
PRODUCT_219940,钟表/首饰/眼镜/礼品,包装差,negative,1,0.5
PRODUCT_219947,电脑/办公,正品放心,positive,3,1.0
PRODUCT_219947,电脑/办公,会回购,positive,1,0.3333333333333333
PRODUCT_219967,图书音像,容易坏,negative,1,1.0
PRODUCT_219967,图书音像,质量好,positive,1,1.0
PRODUCT_219987,图书音像,正品放心,positive,1,1.0
PRODUCT_220079,图书音像,包装好,positive,1,1.0
PRODUCT_220079,图书音像,外观好看,positive,1,1.0
PRODUCT_220081,家具/家装/建材,正品放心,positive,1,1.0
PRODUCT_220086,电脑/办公,质量差,negative,1,0.25
PRODUCT_220115,图书音像,内容不错,positive,1,0.1111111111111111
PRODUCT_220115,图书音像,性价比高,positive,1,0.1111111111111111
PRODUCT_220115,图书音像,质量好,positive,1,0.1111111111111111
PRODUCT_220160,家用电器,性价比高,positive,1,0.25
PRODUCT_220160,家用电器,质量差,negative,1,0.25
PRODUCT_220166,图书音像,外观好看,positive,1,0.2
PRODUCT_220230,家用电器,质量好,positive,1,0.5
PRODUCT_220251,图书音像,正品放心,positive,1,1.0
PRODUCT_220253,图书音像,内容不错,positive,1,1.0
PRODUCT_220253,图书音像,质量好,positive,1,1.0
PRODUCT_220284,手机/数码,包装好,positive,1,1.0
PRODUCT_220290,手机/数码,外观好看,positive,1,0.1
PRODUCT_220290,手机/数码,性价比高,positive,1,0.1
PRODUCT_220351,图书音像,会回购,positive,1,0.3333333333333333
PRODUCT_220387,手机/数码,正品放心,positive,2,0.4
PRODUCT_220387,手机/数码,很新鲜,positive,1,0.2
PRODUCT_220387,手机/数码,性价比高,positive,1,0.2
PRODUCT_220397,图书音像,质量好,positive,1,0.2
PRODUCT_220452,图书音像,很新鲜,positive,1,0.25
PRODUCT_220452,图书音像,质量好,positive,1,0.25
PRODUCT_220472,图书音像,包装好,positive,1,0.07692307692307693
PRODUCT_220472,图书音像,味道不错,positive,1,0.07692307692307693
PRODUCT_220472,图书音像,尺码不准,negative,1,0.07692307692307693
PRODUCT_220472,图书音像,性价比高,positive,1,0.07692307692307693
PRODUCT_220472,图书音像,疑似假货,negative,1,0.07692307692307693
PRODUCT_22048,图书音像,外观好看,positive,1,1.0
PRODUCT_220544,图书音像,内容不错,positive,1,1.0
PRODUCT_220566,电脑/办公,尺码合适,positive,1,1.0
PRODUCT_220633,图书音像,内容不错,positive,1,1.0
PRODUCT_220682,图书音像,正品放心,positive,1,0.5
PRODUCT_220682,图书音像,质量差,negative,1,0.5
PRODUCT_220787,钟表/首饰/眼镜/礼品,容易坏,negative,1,1.0
PRODUCT_220806,图书音像,质量好,positive,1,1.0
PRODUCT_220807,手机/数码,很耐用,positive,1,0.5
PRODUCT_220807,手机/数码,质量好,positive,1,0.5
PRODUCT_220909,手机/数码,外观好看,positive,1,0.3333333333333333
PRODUCT_220948,图书音像,不推荐,negative,1,0.25
PRODUCT_220948,图书音像,性价比高,positive,1,0.25
PRODUCT_220981,电脑/办公,容易坏,negative,1,0.5
PRODUCT_221021,手机/数码,外观好看,positive,2,0.2
PRODUCT_221021,手机/数码,客服差,negative,1,0.1
PRODUCT_221021,手机/数码,很耐用,positive,1,0.1
PRODUCT_221021,手机/数码,正品放心,positive,1,0.1
PRODUCT_221021,手机/数码,质量好,positive,1,0.1
PRODUCT_221043,图书音像,外观好看,positive,1,1.0
PRODUCT_221168,图书音像,外观好看,positive,1,1.0
PRODUCT_221168,图书音像,正品放心,positive,1,1.0
PRODUCT_221218,家居生活,内容一般,negative,1,1.0
PRODUCT_221220,其他,外观好看,positive,3,0.21428571428571427
PRODUCT_221220,其他,很新鲜,positive,1,0.07142857142857142
PRODUCT_221220,其他,物流慢,negative,1,0.07142857142857142
PRODUCT_221247,图书音像,外观好看,positive,1,0.5
PRODUCT_221248,手机/数码,正品放心,positive,1,1.0
PRODUCT_221278,图书音像,正品放心,positive,1,1.0
PRODUCT_221299,图书音像,外观好看,positive,1,1.0
PRODUCT_221309,图书音像,疑似假货,negative,1,0.5
PRODUCT_221321,其他,包装好,positive,1,0.5
PRODUCT_221321,其他,包装差,negative,1,0.5
PRODUCT_221402,手机/数码,发货快,positive,1,0.5
PRODUCT_221403,手机/数码,外观好看,positive,1,1.0
PRODUCT_221467,图书音像,正品放心,positive,1,0.5
PRODUCT_221495,手机/数码,容易坏,negative,3,0.25
PRODUCT_221495,手机/数码,性价比高,positive,2,0.16666666666666666
PRODUCT_221495,手机/数码,质量差,negative,2,0.16666666666666666
PRODUCT_221495,手机/数码,不推荐,negative,1,0.08333333333333333
PRODUCT_221495,手机/数码,会回购,positive,1,0.08333333333333333
PRODUCT_221495,手机/数码,质量好,positive,1,0.08333333333333333
PRODUCT_221601,图书音像,外观好看,positive,1,0.3333333333333333
PRODUCT_221657,其他,质量好,positive,1,0.5
PRODUCT_222090,图书音像,正品放心,positive,1,0.3333333333333333
PRODUCT_222242,图书音像,正品放心,positive,1,1.0
PRODUCT_222271,图书音像,性价比高,positive,1,1.0
PRODUCT_222436,图书音像,包装差,negative,2,0.25
PRODUCT_222436,图书音像,不推荐,negative,1,0.125
PRODUCT_222506,手机/数码,会回购,positive,1,1.0
PRODUCT_222521,电脑/办公,不推荐,negative,1,0.3333333333333333
PRODUCT_222521,电脑/办公,性价比高,positive,1,0.3333333333333333
PRODUCT_222527,美妆个护,味道不错,positive,2,0.2857142857142857
PRODUCT_222528,母婴/玩具,性价比高,positive,1,1.0
PRODUCT_222539,图书音像,正品放心,positive,1,1.0
PRODUCT_222539,图书音像,质量好,positive,1,1.0
PRODUCT_222671,图书音像,价格贵,negative,1,1.0
PRODUCT_222790,鞋类箱包,价格贵,negative,1,1.0
PRODUCT_222846,图书音像,会回购,positive,1,1.0
PRODUCT_222846,图书音像,内容不错,positive,1,1.0
PRODUCT_222870,图书音像,会回购,positive,1,0.14285714285714285
PRODUCT_222870,图书音像,正品放心,positive,1,0.14285714285714285
PRODUCT_223034,图书音像,内容不错,positive,1,1.0
PRODUCT_223070,家用电器,味道不错,positive,1,1.0
PRODUCT_223123,图书音像,疑似假货,negative,1,0.14285714285714285
PRODUCT_223154,图书音像,会回购,positive,1,0.3333333333333333
PRODUCT_223154,图书音像,外观好看,positive,1,0.3333333333333333
PRODUCT_223154,图书音像,性价比高,positive,1,0.3333333333333333
PRODUCT_223192,手机/数码,正品放心,positive,2,1.0
PRODUCT_223192,手机/数码,会回购,positive,1,0.5
PRODUCT_223256,图书音像,疑似假货,negative,1,1.0
PRODUCT_223256,图书音像,质量差,negative,1,1.0
PRODUCT_223260,图书音像,外观好看,positive,1,0.16666666666666666
PRODUCT_223262,图书音像,疑似假货,negative,1,0.3333333333333333
PRODUCT_223262,图书音像,质量差,negative,1,0.3333333333333333
PRODUCT_223289,图书音像,性价比高,positive,1,0.5
PRODUCT_223458,图书音像,包装差,negative,1,1.0
PRODUCT_223511,图书音像,包装好,positive,1,1.0
PRODUCT_223538,图书音像,外观好看,positive,1,0.2
PRODUCT_223554,图书音像,内容一般,negative,1,0.5
PRODUCT_223602,图书音像,外观好看,positive,1,0.3333333333333333
PRODUCT_223611,图书音像,会回购,positive,1,0.25
PRODUCT_223611,图书音像,性价比高,positive,1,0.25
PRODUCT_223740,图书音像,外观一般,negative,1,0.08333333333333333
PRODUCT_223740,图书音像,质量好,positive,1,0.08333333333333333
PRODUCT_223869,图书音像,不推荐,negative,1,0.25
PRODUCT_223929,图书音像,质量差,negative,1,1.0
PRODUCT_223932,家用电器,不推荐,negative,1,0.0625
PRODUCT_223932,家用电器,价格贵,negative,1,0.0625
PRODUCT_223932,家用电器,性价比高,positive,1,0.0625
PRODUCT_223932,家用电器,正品放心,positive,1,0.0625
PRODUCT_223932,家用电器,疑似假货,negative,1,0.0625
PRODUCT_223985,美妆个护,很新鲜,positive,1,0.16666666666666666
PRODUCT_223985,美妆个护,正品放心,positive,1,0.16666666666666666
PRODUCT_224040,图书音像,包装差,negative,1,1.0
PRODUCT_224153,图书音像,外观好看,positive,1,1.0
PRODUCT_224188,手机/数码,性价比高,positive,1,1.0
PRODUCT_224224,图书音像,价格贵,negative,1,0.5
PRODUCT_224242,图书音像,会回购,positive,1,0.5
PRODUCT_224242,图书音像,性价比高,positive,1,0.5
PRODUCT_224304,图书音像,很新鲜,positive,1,1.0
PRODUCT_224328,图书音像,外观好看,positive,1,0.3333333333333333
PRODUCT_22437,图书音像,正品放心,positive,2,0.09090909090909091
PRODUCT_22437,图书音像,不推荐,negative,1,0.045454545454545456
PRODUCT_22437,图书音像,包装好,positive,1,0.045454545454545456
PRODUCT_22437,图书音像,包装差,negative,1,0.045454545454545456
PRODUCT_22437,图书音像,发货快,positive,1,0.045454545454545456
PRODUCT_22437,图书音像,外观好看,positive,1,0.045454545454545456
PRODUCT_22437,图书音像,疑似假货,negative,1,0.045454545454545456
PRODUCT_224429,图书音像,不推荐,negative,1,1.0
PRODUCT_22446,手机/数码,外观好看,positive,1,1.0
PRODUCT_224477,图书音像,质量好,positive,1,1.0
PRODUCT_224490,图书音像,正品放心,positive,1,1.0
PRODUCT_224500,图书音像,会回购,positive,1,1.0
PRODUCT_224518,图书音像,外观好看,positive,1,0.25
PRODUCT_224522,图书音像,价格贵,negative,1,0.125
PRODUCT_224522,图书音像,内容不错,positive,1,0.125
PRODUCT_224522,图书音像,外观好看,positive,1,0.125
PRODUCT_224526,图书音像,会回购,positive,1,0.08333333333333333
PRODUCT_224526,图书音像,外观好看,positive,1,0.08333333333333333
PRODUCT_224610,图书音像,会回购,positive,1,1.0
PRODUCT_224696,图书音像,包装差,negative,1,0.25
PRODUCT_224696,图书音像,外观好看,positive,1,0.25
PRODUCT_224711,图书音像,质量好,positive,1,1.0
PRODUCT_224719,手机/数码,正品放心,positive,2,0.3333333333333333
PRODUCT_224736,图书音像,外观好看,positive,1,0.5
PRODUCT_224827,美妆个护,包装好,positive,1,1.0
PRODUCT_224827,美妆个护,正品放心,positive,1,1.0
PRODUCT_224891,图书音像,正品放心,positive,4,0.4444444444444444
PRODUCT_224891,图书音像,性价比高,positive,1,0.1111111111111111
PRODUCT_22507,图书音像,内容不错,positive,1,1.0
PRODUCT_225095,图书音像,正品放心,positive,1,1.0
PRODUCT_2251,图书音像,质量好,positive,1,0.5
PRODUCT_225136,图书音像,质量好,positive,1,0.5
PRODUCT_225276,手机/数码,容易坏,negative,3,0.375
PRODUCT_225439,钟表/首饰/眼镜/礼品,质量差,negative,1,1.0
PRODUCT_22545,图书音像,外观好看,positive,1,1.0
PRODUCT_225510,图书音像,不推荐,negative,1,1.0
PRODUCT_2256,图书音像,内容一般,negative,1,1.0
PRODUCT_225630,图书音像,正品放心,positive,1,1.0
PRODUCT_225647,图书音像,外观好看,positive,1,1.0
PRODUCT_225663,图书音像,味道不错,positive,1,0.25
PRODUCT_225691,母婴/玩具,很耐用,positive,1,0.5
PRODUCT_225691,母婴/玩具,续航差,negative,1,0.5
PRODUCT_22570,图书音像,外观好看,positive,1,1.0
PRODUCT_225710,其他,内容不错,positive,1,1.0
PRODUCT_225714,图书音像,正品放心,positive,1,0.3333333333333333
PRODUCT_225714,图书音像,质量好,positive,1,0.3333333333333333
PRODUCT_225717,图书音像,内容不错,positive,1,0.25
PRODUCT_225747,电脑/办公,外观好看,positive,2,1.0
PRODUCT_225765,电脑/办公,不推荐,negative,1,0.2
PRODUCT_225765,电脑/办公,容易坏,negative,1,0.2
PRODUCT_225775,电脑/办公,价格贵,negative,1,0.1
PRODUCT_225775,电脑/办公,正品放心,positive,1,0.1
PRODUCT_225777,电脑/办公,容易坏,negative,1,1.0
PRODUCT_225801,图书音像,外观好看,positive,1,0.5
PRODUCT_225801,图书音像,很新鲜,positive,1,0.5
PRODUCT_22589,图书音像,外观好看,positive,1,1.0
PRODUCT_225990,图书音像,会回购,positive,1,0.25
PRODUCT_226088,家居生活,性价比高,positive,1,1.0
PRODUCT_226097,图书音像,不推荐,negative,1,0.08333333333333333
PRODUCT_226097,图书音像,会回购,positive,1,0.08333333333333333
PRODUCT_226097,图书音像,疑似假货,negative,1,0.08333333333333333
PRODUCT_226097,图书音像,质量好,positive,1,0.08333333333333333
PRODUCT_226115,图书音像,外观好看,positive,1,1.0
PRODUCT_226154,图书音像,质量好,positive,1,0.5
PRODUCT_226159,图书音像,味道不错,positive,1,0.5
PRODUCT_226265,图书音像,正品放心,positive,1,1.0
PRODUCT_226350,图书音像,质量好,positive,1,1.0
PRODUCT_22644,图书音像,外观好看,positive,1,0.3333333333333333
PRODUCT_226491,图书音像,不推荐,negative,1,1.0
PRODUCT_226495,图书音像,不推荐,negative,1,0.1
PRODUCT_226495,图书音像,疑似假货,negative,1,0.1
PRODUCT_226534,手机/数码,容易坏,negative,1,1.0
PRODUCT_226552,图书音像,外观好看,positive,1,0.25
PRODUCT_226554,家居生活,正品放心,positive,1,0.16666666666666666
PRODUCT_226555,电脑/办公,外观好看,positive,1,1.0
PRODUCT_226646,家具/家装/建材,外观好看,positive,1,1.0
PRODUCT_226682,图书音像,会回购,positive,1,0.25
PRODUCT_226682,图书音像,外观好看,positive,1,0.25
PRODUCT_226715,家用电器,不推荐,negative,1,0.5
PRODUCT_226715,家用电器,质量差,negative,1,0.5
PRODUCT_226736,电脑/办公,会回购,positive,1,1.0
PRODUCT_226736,电脑/办公,性价比高,positive,1,1.0
PRODUCT_226867,手机/数码,质量好,positive,1,0.3333333333333333
PRODUCT_226867,手机/数码,质量差,negative,1,0.3333333333333333
PRODUCT_226930,图书音像,质量好,positive,1,1.0
PRODUCT_226937,图书音像,包装好,positive,1,0.3333333333333333
PRODUCT_226937,图书音像,外观一般,negative,1,0.3333333333333333
PRODUCT_226937,图书音像,外观好看,positive,1,0.3333333333333333
PRODUCT_227001,图书音像,正品放心,positive,1,0.3333333333333333
PRODUCT_227166,电脑/办公,外观好看,positive,1,0.3333333333333333
PRODUCT_227166,电脑/办公,质量好,positive,1,0.3333333333333333
PRODUCT_227208,手机/数码,容易坏,negative,1,0.25
PRODUCT_227208,手机/数码,性价比高,positive,1,0.25
PRODUCT_227208,手机/数码,正品放心,positive,1,0.25
PRODUCT_22755,图书音像,正品放心,positive,1,0.125
PRODUCT_22755,图书音像,质量好,positive,1,0.125
PRODUCT_22758,电脑/办公,正品放心,positive,1,1.0
PRODUCT_227623,电脑/办公,外观好看,positive,1,1.0
PRODUCT_227625,图书音像,会回购,positive,1,0.5
PRODUCT_227899,图书音像,外观好看,positive,1,0.09090909090909091
PRODUCT_227995,手机/数码,正品放心,positive,1,0.5
PRODUCT_228004,家用电器,会回购,positive,1,0.2
PRODUCT_228004,家用电器,很耐用,positive,1,0.2
PRODUCT_228081,图书音像,味道不错,positive,1,0.5
PRODUCT_228109,图书音像,外观好看,positive,1,0.2
PRODUCT_228109,图书音像,正品放心,positive,1,0.2
PRODUCT_228167,图书音像,外观好看,positive,1,0.3333333333333333
PRODUCT_228186,图书音像,外观一般,negative,1,0.5
PRODUCT_228223,图书音像,会回购,positive,1,1.0
PRODUCT_22823,图书音像,正品放心,positive,1,0.3333333333333333
PRODUCT_228270,手机/数码,很耐用,positive,1,1.0
PRODUCT_228351,图书音像,不推荐,negative,2,0.11764705882352941
PRODUCT_228351,图书音像,性价比高,positive,2,0.11764705882352941
PRODUCT_228351,图书音像,正品放心,positive,1,0.058823529411764705
PRODUCT_228351,图书音像,疑似假货,negative,1,0.058823529411764705
PRODUCT_228351,图书音像,质量好,positive,1,0.058823529411764705
PRODUCT_228372,图书音像,外观好看,positive,1,1.0
PRODUCT_228381,手机/数码,包装差,negative,1,1.0
PRODUCT_228381,手机/数码,质量差,negative,1,1.0
PRODUCT_228423,图书音像,正品放心,positive,1,0.09090909090909091
PRODUCT_228450,图书音像,外观好看,positive,1,0.5
PRODUCT_228489,图书音像,外观好看,positive,1,0.3333333333333333
PRODUCT_228489,图书音像,正品放心,positive,1,0.3333333333333333
PRODUCT_228492,图书音像,会回购,positive,1,0.5
PRODUCT_228512,图书音像,正品放心,positive,1,1.0
PRODUCT_228575,图书音像,质量好,positive,1,0.25
PRODUCT_228594,图书音像,内容不错,positive,1,1.0
PRODUCT_228638,图书音像,外观好看,positive,1,0.5
PRODUCT_228712,图书音像,疑似假货,negative,1,1.0
PRODUCT_228737,图书音像,内容一般,negative,1,0.2
PRODUCT_228737,图书音像,疑似假货,negative,1,0.2
PRODUCT_228737,图书音像,质量差,negative,1,0.2
PRODUCT_228830,图书音像,正品放心,positive,1,0.5
PRODUCT_228960,图书音像,内容一般,negative,1,0.1
PRODUCT_228960,图书音像,外观好看,positive,1,0.1
PRODUCT_229028,图书音像,内容不错,positive,1,1.0
PRODUCT_229028,图书音像,外观好看,positive,1,1.0
PRODUCT_229056,图书音像,外观好看,positive,1,0.5
PRODUCT_229110,图书音像,物流慢,negative,1,0.5
PRODUCT_229112,美妆个护,味道不错,positive,1,1.0
PRODUCT_229120,图书音像,性价比高,positive,1,1.0
PRODUCT_229141,图书音像,会回购,positive,2,0.6666666666666666
PRODUCT_229343,图书音像,性价比高,positive,1,1.0
PRODUCT_229363,图书音像,正品放心,positive,1,1.0
PRODUCT_229464,家用电器,味道不错,positive,1,0.2
PRODUCT_229464,家用电器,性价比高,positive,1,0.2
PRODUCT_229511,运动户外,不推荐,negative,1,0.25
PRODUCT_229511,运动户外,质量好,positive,1,0.25
PRODUCT_229560,食品/保健,包装好,positive,1,0.3333333333333333
PRODUCT_229560,食品/保健,味道不错,positive,1,0.3333333333333333
PRODUCT_229720,图书音像,质量好,positive,1,1.0
PRODUCT_229729,图书音像,质量好,positive,1,0.5
PRODUCT_22976,图书音像,外观好看,positive,1,1.0
PRODUCT_229795,图书音像,性价比高,positive,1,1.0
PRODUCT_230028,图书音像,疑似假货,negative,1,0.3333333333333333
PRODUCT_230028,图书音像,质量差,negative,1,0.3333333333333333
PRODUCT_230160,图书音像,正品放心,positive,1,1.0
PRODUCT_230273,图书音像,外观一般,negative,1,1.0
PRODUCT_230293,手机/数码,外观好看,positive,1,0.5
PRODUCT_230293,手机/数码,续航差,negative,1,0.5
PRODUCT_230352,图书音像,质量好,positive,1,1.0
PRODUCT_230384,图书音像,性价比高,positive,1,1.0
PRODUCT_230394,图书音像,发货快,positive,1,0.5
PRODUCT_230417,图书音像,内容一般,negative,1,0.09090909090909091
PRODUCT_230417,图书音像,正品放心,positive,1,0.09090909090909091
PRODUCT_230417,图书音像,疑似假货,negative,1,0.09090909090909091
PRODUCT_230417,图书音像,质量好,positive,1,0.09090909090909091
PRODUCT_230480,图书音像,内容不错,positive,1,0.25
PRODUCT_230501,图书音像,正品放心,positive,1,1.0
PRODUCT_230508,钟表/首饰/眼镜/礼品,质量好,positive,1,1.0
PRODUCT_230509,手机/数码,很耐用,positive,1,0.25
PRODUCT_230509,手机/数码,正品放心,positive,1,0.25
PRODUCT_230555,图书音像,包装差,negative,1,0.5
PRODUCT_230562,图书音像,包装好,positive,1,0.14285714285714285
PRODUCT_230609,图书音像,价格贵,negative,1,0.038461538461538464
PRODUCT_230609,图书音像,会回购,positive,1,0.038461538461538464
PRODUCT_230609,图书音像,包装好,positive,1,0.038461538461538464
PRODUCT_230609,图书音像,味道不错,positive,1,0.038461538461538464
PRODUCT_230609,图书音像,外观好看,positive,1,0.038461538461538464
PRODUCT_230609,图书音像,正品放心,positive,1,0.038461538461538464
PRODUCT_230609,图书音像,质量好,positive,1,0.038461538461538464
PRODUCT_230636,图书音像,不推荐,negative,1,0.3333333333333333
PRODUCT_230644,图书音像,性价比高,positive,1,0.3333333333333333
PRODUCT_230649,家居生活,会回购,positive,1,0.5
PRODUCT_230669,电脑/办公,包装好,positive,1,1.0
PRODUCT_230669,电脑/办公,正品放心,positive,1,1.0
PRODUCT_230690,图书音像,内容不错,positive,1,1.0
PRODUCT_230731,美妆个护,发货快,positive,1,1.0
PRODUCT_230738,手机/数码,包装好,positive,1,0.16666666666666666
PRODUCT_230738,手机/数码,正品放心,positive,1,0.16666666666666666
PRODUCT_230778,美妆个护,会回购,positive,1,0.25
PRODUCT_230778,美妆个护,性价比高,positive,1,0.25
PRODUCT_230813,其他,很耐用,positive,1,1.0
PRODUCT_230844,图书音像,内容不错,positive,1,0.5
PRODUCT_230844,图书音像,外观好看,positive,1,0.5
PRODUCT_230860,图书音像,内容不错,positive,1,1.0
PRODUCT_230861,图书音像,质量好,positive,1,1.0
PRODUCT_230911,电脑/办公,外观好看,positive,2,0.6666666666666666
PRODUCT_230922,电脑/办公,不推荐,negative,1,0.16666666666666666
PRODUCT_230922,电脑/办公,正品放心,positive,1,0.16666666666666666
PRODUCT_230922,电脑/办公,疑似假货,negative,1,0.16666666666666666
PRODUCT_230934,图书音像,正品放心,positive,1,1.0
PRODUCT_230954,图书音像,外观好看,positive,1,1.0
PRODUCT_230980,手机/数码,外观好看,positive,1,1.0
PRODUCT_230980,手机/数码,质量差,negative,1,1.0
PRODUCT_230995,图书音像,会回购,positive,1,1.0
PRODUCT_231029,食品/保健,性价比高,positive,1,0.5
PRODUCT_231047,家具/家装/建材,正品放心,positive,1,1.0
PRODUCT_231047,家具/家装/建材,质量好,positive,1,1.0
PRODUCT_231098,图书音像,质量好,positive,1,1.0
PRODUCT_231099,图书音像,不推荐,negative,1,1.0
PRODUCT_231123,手机/数码,很耐用,positive,1,1.0
PRODUCT_231134,图书音像,会回购,positive,1,1.0
PRODUCT_231170,图书音像,内容不错,positive,1,1.0
PRODUCT_2312,家居生活,很耐用,positive,1,1.0
PRODUCT_231204,家居生活,外观好看,positive,1,1.0
PRODUCT_231209,美妆个护,正品放心,positive,2,0.4
PRODUCT_231209,美妆个护,疑似假货,negative,1,0.2
PRODUCT_231235,图书音像,不推荐,negative,1,0.2
PRODUCT_231235,图书音像,外观好看,positive,1,0.2
PRODUCT_231235,图书音像,很新鲜,positive,1,0.2
PRODUCT_231235,图书音像,正品放心,positive,1,0.2
PRODUCT_231236,图书音像,会回购,positive,1,0.125
PRODUCT_231236,图书音像,正品放心,positive,1,0.125
PRODUCT_231236,图书音像,质量好,positive,1,0.125
PRODUCT_231414,电脑/办公,价格贵,negative,1,0.3333333333333333
PRODUCT_231460,手机/数码,疑似假货,negative,1,1.0
PRODUCT_231464,家用电器,外观好看,positive,1,0.3333333333333333
PRODUCT_231464,家用电器,性价比高,positive,1,0.3333333333333333
PRODUCT_231480,食品/保健,味道不错,positive,1,1.0
PRODUCT_231487,图书音像,质量好,positive,1,1.0
PRODUCT_231493,钟表/首饰/眼镜/礼品,外观好看,positive,1,0.5
PRODUCT_231574,图书音像,外观好看,positive,1,0.25
PRODUCT_231595,图书音像,价格贵,negative,1,1.0
PRODUCT_231597,手机/数码,很耐用,positive,1,1.0
PRODUCT_231614,手机/数码,包装好,positive,1,0.5
PRODUCT_231638,图书音像,不推荐,negative,1,1.0
PRODUCT_231857,电脑/办公,容易坏,negative,1,0.25
PRODUCT_231874,图书音像,价格贵,negative,1,0.3333333333333333
PRODUCT_231875,手机/数码,疑似假货,negative,1,1.0
PRODUCT_232100,图书音像,正品放心,positive,1,1.0
PRODUCT_232108,手机/数码,正品放心,positive,2,0.5
PRODUCT_232127,家居生活,外观好看,positive,1,1.0
PRODUCT_232219,手机/数码,内容一般,negative,1,1.0
PRODUCT_232219,手机/数码,外观好看,positive,1,1.0
PRODUCT_232246,其他,正品放心,positive,1,1.0
PRODUCT_232276,图书音像,不推荐,negative,1,1.0
PRODUCT_232324,图书音像,外观好看,positive,1,1.0
PRODUCT_232342,电脑/办公,很耐用,positive,1,0.3333333333333333
PRODUCT_232351,手机/数码,正品放心,positive,1,0.25
PRODUCT_232411,图书音像,内容一般,negative,1,1.0
PRODUCT_232598,图书音像,外观好看,positive,1,0.1
PRODUCT_232605,电脑/办公,性价比高,positive,2,0.6666666666666666
PRODUCT_232605,电脑/办公,不推荐,negative,1,0.3333333333333333
PRODUCT_232605,电脑/办公,容易坏,negative,1,0.3333333333333333
PRODUCT_232605,电脑/办公,质量差,negative,1,0.3333333333333333
PRODUCT_232887,图书音像,很新鲜,positive,1,0.5
PRODUCT_232963,手机/数码,性价比高,positive,1,0.5
PRODUCT_233025,手机/数码,会回购,positive,1,1.0
PRODUCT_233185,图书音像,外观好看,positive,2,0.2
PRODUCT_233185,图书音像,会回购,positive,1,0.1
PRODUCT_233258,鞋类箱包,外观一般,negative,1,0.3333333333333333
PRODUCT_233258,鞋类箱包,疑似假货,negative,1,0.3333333333333333
PRODUCT_233259,图书音像,外观一般,negative,1,1.0
PRODUCT_233259,图书音像,外观好看,positive,1,1.0
PRODUCT_233317,其他,外观好看,positive,1,1.0
PRODUCT_233329,鞋类箱包,很耐用,positive,2,0.3333333333333333
PRODUCT_233329,鞋类箱包,正品放心,positive,2,0.3333333333333333
PRODUCT_233329,鞋类箱包,疑似假货,negative,2,0.3333333333333333
PRODUCT_233329,鞋类箱包,外观好看,positive,1,0.16666666666666666
PRODUCT_233503,手机/数码,外观好看,positive,1,0.5
PRODUCT_233514,图书音像,很新鲜,positive,1,0.25
PRODUCT_233530,食品/保健,质量好,positive,1,0.3333333333333333
PRODUCT_233569,手机/数码,外观好看,positive,1,0.25
PRODUCT_233569,手机/数码,正品放心,positive,1,0.25
PRODUCT_233628,图书音像,包装差,negative,1,1.0
PRODUCT_233650,家居生活,质量好,positive,1,0.3333333333333333
PRODUCT_233672,图书音像,内容不错,positive,1,1.0
PRODUCT_233672,图书音像,很新鲜,positive,1,1.0
PRODUCT_233672,图书音像,正品放心,positive,1,1.0
PRODUCT_233672,图书音像,质量好,positive,1,1.0
PRODUCT_233754,家用电器,外观好看,positive,1,1.0
PRODUCT_233762,手机/数码,性价比高,positive,1,0.5
PRODUCT_233762,手机/数码,正品放心,positive,1,0.5
PRODUCT_233785,电脑/办公,包装差,negative,1,0.16666666666666666
PRODUCT_233785,电脑/办公,很耐用,positive,1,0.16666666666666666
PRODUCT_233785,电脑/办公,正品放心,positive,1,0.16666666666666666
PRODUCT_233785,电脑/办公,续航差,negative,1,0.16666666666666666
PRODUCT_233800,图书音像,不推荐,negative,1,0.5
PRODUCT_23384,图书音像,很新鲜,positive,1,0.25
PRODUCT_23384,图书音像,质量差,negative,1,0.25
PRODUCT_23388,图书音像,包装差,negative,1,0.2
PRODUCT_23388,图书音像,外观好看,positive,1,0.2
PRODUCT_23388,图书音像,正品放心,positive,1,0.2
PRODUCT_233936,图书音像,外观一般,negative,1,1.0
PRODUCT_233936,图书音像,外观好看,positive,1,1.0
PRODUCT_233942,母婴/玩具,正品放心,positive,1,1.0
PRODUCT_233950,图书音像,外观好看,positive,1,0.5
PRODUCT_234240,图书音像,内容一般,negative,1,0.5
PRODUCT_234240,图书音像,性价比高,positive,1,0.5
PRODUCT_234240,图书音像,正品放心,positive,1,0.5
PRODUCT_234258,图书音像,疑似假货,negative,1,1.0
PRODUCT_234262,图书音像,正品放心,positive,1,1.0
PRODUCT_234280,图书音像,性价比高,positive,1,1.0
PRODUCT_234319,图书音像,很耐用,positive,1,1.0
PRODUCT_234323,图书音像,正品放心,positive,1,0.08333333333333333
PRODUCT_234323,图书音像,疑似假货,negative,1,0.08333333333333333
PRODUCT_234356,图书音像,内容不错,positive,1,1.0
PRODUCT_234386,图书音像,价格贵,negative,1,0.1
PRODUCT_234386,图书音像,包装差,negative,1,0.1
PRODUCT_234386,图书音像,容易坏,negative,1,0.1
PRODUCT_234386,图书音像,正品放心,positive,1,0.1
PRODUCT_234389,图书音像,包装差,negative,1,0.5
PRODUCT_234389,图书音像,正品放心,positive,1,0.5
PRODUCT_234389,图书音像,疑似假货,negative,1,0.5
PRODUCT_234389,图书音像,质量好,positive,1,0.5
PRODUCT_234421,图书音像,内容一般,negative,1,0.5
PRODUCT_234421,图书音像,疑似假货,negative,1,0.5
PRODUCT_234525,图书音像,正品放心,positive,1,0.16666666666666666
PRODUCT_234534,图书音像,内容不错,positive,1,0.2
PRODUCT_234534,图书音像,包装好,positive,1,0.2
PRODUCT_234534,图书音像,外观好看,positive,1,0.2
PRODUCT_234534,图书音像,质量差,negative,1,0.2
PRODUCT_234590,图书音像,价格贵,negative,1,0.5
PRODUCT_234605,图书音像,内容不错,positive,1,0.5
PRODUCT_234605,图书音像,质量好,positive,1,0.5
PRODUCT_234673,图书音像,内容一般,negative,1,1.0
PRODUCT_234673,图书音像,质量差,negative,1,1.0
PRODUCT_234720,图书音像,很耐用,positive,1,0.5
PRODUCT_234720,图书音像,性价比高,positive,1,0.5
PRODUCT_234738,图书音像,不推荐,negative,1,0.2
PRODUCT_234738,图书音像,外观好看,positive,1,0.2
PRODUCT_234743,图书音像,正品放心,positive,1,0.5
PRODUCT_234764,图书音像,质量好,positive,1,1.0
PRODUCT_234801,图书音像,疑似假货,negative,1,1.0
PRODUCT_234923,图书音像,质量差,negative,1,0.3333333333333333
PRODUCT_235020,图书音像,内容不错,positive,1,1.0
PRODUCT_235028,图书音像,疑似假货,negative,1,0.5
PRODUCT_235030,图书音像,外观好看,positive,1,0.125
PRODUCT_235062,图书音像,内容不错,positive,1,0.09090909090909091
PRODUCT_235062,图书音像,容易坏,negative,1,0.09090909090909091
PRODUCT_235062,图书音像,质量好,positive,1,0.09090909090909091
PRODUCT_235062,图书音像,质量差,negative,1,0.09090909090909091
PRODUCT_235067,图书音像,包装差,negative,1,1.0
PRODUCT_235117,图书音像,质量好,positive,1,1.0
PRODUCT_235123,图书音像,疑似假货,negative,1,0.3333333333333333
PRODUCT_235123,图书音像,质量差,negative,1,0.3333333333333333
PRODUCT_235182,图书音像,包装好,positive,1,1.0
PRODUCT_235187,图书音像,内容一般,negative,1,0.5
PRODUCT_235187,图书音像,疑似假货,negative,1,0.5
PRODUCT_235189,美妆个护,味道不错,positive,1,1.0
PRODUCT_235229,图书音像,内容一般,negative,1,0.25
PRODUCT_235229,图书音像,外观好看,positive,1,0.25
PRODUCT_235351,图书音像,质量好,positive,2,0.3333333333333333
PRODUCT_235351,图书音像,内容不错,positive,1,0.16666666666666666
PRODUCT_235351,图书音像,疑似假货,negative,1,0.16666666666666666
PRODUCT_235393,图书音像,内容不错,positive,1,1.0
PRODUCT_235487,图书音像,很新鲜,positive,1,1.0
PRODUCT_235534,图书音像,质量好,positive,1,0.5
PRODUCT_235559,图书音像,正品放心,positive,1,1.0
PRODUCT_235563,家用电器,外观好看,positive,2,0.25
PRODUCT_235563,家用电器,会回购,positive,1,0.125
PRODUCT_235642,图书音像,内容不错,positive,2,1.0
PRODUCT_235696,图书音像,质量差,negative,1,1.0
PRODUCT_235708,图书音像,内容不错,positive,1,0.5
PRODUCT_235708,图书音像,外观好看,positive,1,0.5
PRODUCT_235763,图书音像,价格贵,negative,1,1.0
PRODUCT_235773,图书音像,不推荐,negative,1,0.3333333333333333
PRODUCT_235807,图书音像,性价比高,positive,1,0.3333333333333333
PRODUCT_235867,图书音像,发货快,positive,1,0.5
PRODUCT_235920,钟表/首饰/眼镜/礼品,很耐用,positive,1,1.0
PRODUCT_235920,钟表/首饰/眼镜/礼品,续航久,positive,1,1.0
PRODUCT_236023,家用电器,不推荐,negative,1,1.0
PRODUCT_236037,图书音像,正品放心,positive,1,1.0
PRODUCT_236050,钟表/首饰/眼镜/礼品,外观一般,negative,1,1.0
PRODUCT_236050,钟表/首饰/眼镜/礼品,外观好看,positive,1,1.0
PRODUCT_236061,图书音像,外观一般,negative,1,0.25
PRODUCT_236061,图书音像,外观好看,positive,1,0.25
PRODUCT_236061,图书音像,质量好,positive,1,0.25
PRODUCT_236062,图书音像,正品放心,positive,1,1.0
PRODUCT_236067,图书音像,内容不错,positive,1,1.0
PRODUCT_236112,家居生活,性价比高,positive,1,0.5
PRODUCT_236142,图书音像,价格贵,negative,1,0.25
PRODUCT_236146,图书音像,不推荐,negative,1,0.08333333333333333
PRODUCT_236146,图书音像,外观好看,positive,1,0.08333333333333333
PRODUCT_236146,图书音像,疑似假货,negative,1,0.08333333333333333
PRODUCT_236146,图书音像,质量好,positive,1,0.08333333333333333
PRODUCT_236146,图书音像,质量差,negative,1,0.08333333333333333
PRODUCT_236173,图书音像,质量好,positive,2,0.6666666666666666
PRODUCT_236173,图书音像,正品放心,positive,1,0.3333333333333333
PRODUCT_236186,电脑/办公,不推荐,negative,1,0.25
PRODUCT_236186,电脑/办公,性价比高,positive,1,0.25
PRODUCT_236235,图书音像,内容不错,positive,1,0.5
PRODUCT_236285,图书音像,性价比高,positive,1,1.0
PRODUCT_2363,家具/家装/建材,质量差,negative,1,1.0
PRODUCT_236369,图书音像,正品放心,positive,1,0.14285714285714285
PRODUCT_23637,图书音像,价格贵,negative,1,1.0
PRODUCT_236426,美妆个护,价格贵,negative,1,0.3333333333333333
PRODUCT_236426,美妆个护,味道不错,positive,1,0.3333333333333333
PRODUCT_236426,美妆个护,正品放心,positive,1,0.3333333333333333
PRODUCT_236497,图书音像,包装差,negative,1,1.0
PRODUCT_236502,图书音像,会回购,positive,1,1.0
PRODUCT_236549,图书音像,不推荐,negative,1,1.0
PRODUCT_236593,图书音像,正品放心,positive,1,1.0
PRODUCT_236674,图书音像,内容不错,positive,1,1.0
PRODUCT_23676,图书音像,包装差,negative,1,0.05263157894736842
PRODUCT_23676,图书音像,外观好看,positive,1,0.05263157894736842
PRODUCT_23676,图书音像,尺码合适,positive,1,0.05263157894736842
PRODUCT_23676,图书音像,正品放心,positive,1,0.05263157894736842
PRODUCT_23676,图书音像,疑似假货,negative,1,0.05263157894736842
PRODUCT_236795,图书音像,质量差,negative,1,1.0
PRODUCT_236877,图书音像,内容一般,negative,1,1.0
PRODUCT_236887,图书音像,内容不错,positive,1,1.0
PRODUCT_236918,图书音像,包装差,negative,1,0.3333333333333333
PRODUCT_236949,电脑/办公,性价比高,positive,1,1.0
PRODUCT_236958,电脑/办公,性价比高,positive,1,1.0
PRODUCT_236965,图书音像,疑似假货,negative,1,1.0
PRODUCT_236969,图书音像,外观一般,negative,1,1.0
PRODUCT_236969,图书音像,外观好看,positive,1,1.0
PRODUCT_236969,图书音像,性价比高,positive,1,1.0
PRODUCT_236973,家用电器,质量好,positive,1,0.5
PRODUCT_236982,图书音像,外观好看,positive,1,0.5
PRODUCT_236982,图书音像,质量差,negative,1,0.5
PRODUCT_236998,图书音像,正品放心,positive,1,1.0
PRODUCT_2370,图书音像,味道不错,positive,1,0.2
PRODUCT_2370,图书音像,正品放心,positive,1,0.2
PRODUCT_237017,图书音像,内容不错,positive,1,1.0
PRODUCT_237112,美妆个护,味道不错,positive,1,0.5
PRODUCT_237137,图书音像,外观好看,positive,1,1.0
PRODUCT_237149,图书音像,质量差,negative,1,0.5
PRODUCT_237182,图书音像,性价比高,positive,1,1.0
PRODUCT_237183,图书音像,内容不错,positive,1,1.0
PRODUCT_237183,图书音像,外观好看,positive,1,1.0
PRODUCT_237211,图书音像,会回购,positive,1,0.25
PRODUCT_237211,图书音像,发货快,positive,1,0.25
PRODUCT_237235,电脑/办公,容易坏,negative,1,0.5
PRODUCT_237237,图书音像,正品放心,positive,1,0.3333333333333333
PRODUCT_237315,美妆个护,疑似假货,negative,2,0.4
PRODUCT_237315,美妆个护,正品放心,positive,1,0.2
PRODUCT_237329,美妆个护,味道不错,positive,1,0.5
PRODUCT_237421,图书音像,外观好看,positive,1,1.0
PRODUCT_237421,图书音像,质量好,positive,1,1.0
PRODUCT_237452,图书音像,质量好,positive,1,0.5
PRODUCT_237492,电脑/办公,外观好看,positive,1,0.5
PRODUCT_23756,图书音像,外观好看,positive,1,1.0
PRODUCT_237570,电脑/办公,价格贵,negative,1,0.25
PRODUCT_237570,电脑/办公,质量好,positive,1,0.25
PRODUCT_237580,图书音像,尺码不准,negative,1,1.0
PRODUCT_237593,图书音像,很新鲜,positive,1,1.0
PRODUCT_237624,图书音像,很新鲜,positive,1,0.3333333333333333
PRODUCT_237658,手机/数码,外观好看,positive,1,1.0
PRODUCT_237661,图书音像,质量好,positive,1,1.0
PRODUCT_237664,电脑/办公,性价比高,positive,1,0.3333333333333333
PRODUCT_237664,电脑/办公,正品放心,positive,1,0.3333333333333333
PRODUCT_237731,电脑/办公,质量好,positive,1,0.5
PRODUCT_23776,图书音像,正品放心,positive,1,0.5
PRODUCT_23776,图书音像,质量好,positive,1,0.5
PRODUCT_237772,电脑/办公,包装好,positive,1,0.5
PRODUCT_237788,图书音像,包装好,positive,1,0.5
PRODUCT_237798,钟表/首饰/眼镜/礼品,外观好看,positive,2,0.2
PRODUCT_237825,其他,会回购,positive,1,1.0
PRODUCT_237864,图书音像,性价比高,positive,1,1.0
PRODUCT_237867,图书音像,外观好看,positive,1,1.0
PRODUCT_237872,图书音像,内容不错,positive,2,0.08333333333333333
PRODUCT_237872,图书音像,质量好,positive,1,0.041666666666666664
PRODUCT_237878,图书音像,正品放心,positive,2,0.11764705882352941
PRODUCT_237878,图书音像,性价比高,positive,1,0.058823529411764705
PRODUCT_237878,图书音像,疑似假货,negative,1,0.058823529411764705
PRODUCT_237905,图书音像,正品放心,positive,1,1.0
PRODUCT_237917,电脑/办公,容易坏,negative,1,0.5
PRODUCT_237923,电脑/办公,不推荐,negative,1,0.08333333333333333
PRODUCT_237923,电脑/办公,会回购,positive,1,0.08333333333333333
PRODUCT_237923,电脑/办公,尺码不准,negative,1,0.08333333333333333
PRODUCT_237923,电脑/办公,疑似假货,negative,1,0.08333333333333333
PRODUCT_237930,图书音像,外观好看,positive,1,1.0
PRODUCT_237943,图书音像,质量好,positive,1,0.5
PRODUCT_237957,图书音像,外观好看,positive,1,1.0
PRODUCT_238150,家用电器,会回购,positive,1,0.5
PRODUCT_238150,家用电器,外观好看,positive,1,0.5
PRODUCT_238260,图书音像,正品放心,positive,1,1.0
PRODUCT_238282,母婴/玩具,外观好看,positive,1,1.0
PRODUCT_238295,图书音像,质量好,positive,1,1.0
PRODUCT_238301,图书音像,包装差,negative,1,0.5
PRODUCT_238301,图书音像,性价比高,positive,1,0.5
PRODUCT_238510,手机/数码,外观好看,positive,4,0.5714285714285714
PRODUCT_238510,手机/数码,很耐用,positive,2,0.2857142857142857
PRODUCT_238510,手机/数码,外观一般,negative,1,0.14285714285714285
PRODUCT_238537,图书音像,会回购,positive,1,0.25
PRODUCT_238555,图书音像,正品放心,positive,1,1.0
PRODUCT_238555,图书音像,疑似假货,negative,1,1.0
PRODUCT_238572,图书音像,质量好,positive,1,1.0
PRODUCT_238581,图书音像,不推荐,negative,1,1.0
PRODUCT_238605,手机/数码,很耐用,positive,1,1.0
PRODUCT_238678,家用电器,外观好看,positive,1,0.14285714285714285
PRODUCT_238701,图书音像,质量好,positive,1,1.0
PRODUCT_238737,图书音像,会回购,positive,1,0.25
PRODUCT_238737,图书音像,内容不错,positive,1,0.25
PRODUCT_238784,图书音像,疑似假货,negative,1,1.0
PRODUCT_238784,图书音像,质量差,negative,1,1.0
PRODUCT_238793,家用电器,包装差,negative,1,0.5
PRODUCT_238793,家用电器,容易坏,negative,1,0.5
PRODUCT_238903,手机/数码,包装好,positive,1,0.3333333333333333
PRODUCT_238907,图书音像,外观好看,positive,1,1.0
PRODUCT_23892,图书音像,正品放心,positive,1,1.0
PRODUCT_239076,图书音像,正品放心,positive,1,0.25
PRODUCT_239112,图书音像,不推荐,negative,1,0.5
PRODUCT_23912,图书音像,内容不错,positive,1,0.5
PRODUCT_239242,美妆个护,正品放心,positive,1,1.0
PRODUCT_239330,图书音像,内容一般,negative,1,0.5
PRODUCT_239344,电脑/办公,不推荐,negative,1,0.125
PRODUCT_239344,电脑/办公,外观好看,positive,1,0.125
PRODUCT_239344,电脑/办公,正品放心,positive,1,0.125
PRODUCT_239344,电脑/办公,物流慢,negative,1,0.125
PRODUCT_239525,手机/数码,外观好看,positive,1,1.0
PRODUCT_239855,图书音像,很耐用,positive,1,1.0
PRODUCT_239855,图书音像,续航差,negative,1,1.0
PRODUCT_239919,图书音像,外观好看,positive,1,0.25
PRODUCT_239919,图书音像,质量差,negative,1,0.25
PRODUCT_239920,图书音像,正品放心,positive,1,0.25
PRODUCT_239933,图书音像,包装好,positive,1,0.5
PRODUCT_239955,图书音像,价格贵,negative,1,1.0
PRODUCT_24001,图书音像,内容不错,positive,1,1.0
PRODUCT_240031,图书音像,外观好看,positive,1,1.0
PRODUCT_240048,图书音像,内容不错,positive,1,1.0
PRODUCT_240074,家居生活,尺码合适,positive,1,0.25
PRODUCT_240095,图书音像,外观好看,positive,1,0.14285714285714285
PRODUCT_240095,图书音像,性价比高,positive,1,0.14285714285714285
PRODUCT_240116,图书音像,正品放心,positive,1,0.5
PRODUCT_240192,图书音像,内容一般,negative,1,0.3333333333333333
PRODUCT_240218,图书音像,内容一般,negative,1,1.0
PRODUCT_240229,图书音像,质量好,positive,1,1.0
PRODUCT_240289,图书音像,外观一般,negative,1,1.0
PRODUCT_240387,图书音像,包装差,negative,1,0.05263157894736842
PRODUCT_240387,图书音像,正品放心,positive,1,0.05263157894736842
PRODUCT_240387,图书音像,质量差,negative,1,0.05263157894736842
PRODUCT_240389,图书音像,外观好看,positive,1,1.0
PRODUCT_240395,图书音像,质量差,negative,1,1.0
PRODUCT_240522,图书音像,质量好,positive,2,0.5
PRODUCT_240522,图书音像,包装差,negative,1,0.25
PRODUCT_240528,图书音像,内容不错,positive,1,1.0
PRODUCT_240528,图书音像,质量好,positive,1,1.0
PRODUCT_240549,图书音像,包装好,positive,1,1.0
PRODUCT_240641,图书音像,正品放心,positive,1,1.0
PRODUCT_240724,图书音像,质量好,positive,1,1.0
PRODUCT_240782,图书音像,性价比高,positive,2,0.16666666666666666
PRODUCT_240782,图书音像,外观一般,negative,1,0.08333333333333333
PRODUCT_240970,图书音像,疑似假货,negative,1,1.0
PRODUCT_241131,图书音像,内容不错,positive,1,1.0
PRODUCT_241131,图书音像,疑似假货,negative,1,1.0
PRODUCT_241131,图书音像,质量差,negative,1,1.0
PRODUCT_241136,图书音像,内容不错,positive,1,0.5
PRODUCT_24119,图书音像,正品放心,positive,3,0.5
PRODUCT_24119,图书音像,包装差,negative,1,0.16666666666666666
PRODUCT_24119,图书音像,疑似假货,negative,1,0.16666666666666666
PRODUCT_241234,图书音像,容易坏,negative,1,0.25
PRODUCT_241245,图书音像,外观好看,positive,1,1.0
PRODUCT_241307,图书音像,不推荐,negative,1,1.0
PRODUCT_241313,美妆个护,味道不错,positive,7,0.5384615384615384
PRODUCT_241313,美妆个护,正品放心,positive,1,0.07692307692307693
PRODUCT_241364,图书音像,正品放心,positive,1,0.5
PRODUCT_241364,图书音像,质量好,positive,1,0.5
PRODUCT_241371,家用电器,包装好,positive,1,0.08333333333333333
PRODUCT_241371,家用电器,正品放心,positive,1,0.08333333333333333
PRODUCT_241371,家用电器,质量好,positive,1,0.08333333333333333
PRODUCT_241374,图书音像,性价比高,positive,1,1.0
PRODUCT_241374,图书音像,正品放心,positive,1,1.0
PRODUCT_241391,图书音像,外观好看,positive,2,0.15384615384615385
PRODUCT_241391,图书音像,质量好,positive,2,0.15384615384615385
PRODUCT_241391,图书音像,味道不错,positive,1,0.07692307692307693
PRODUCT_241391,图书音像,性价比高,positive,1,0.07692307692307693
PRODUCT_241414,图书音像,外观好看,positive,1,0.5
PRODUCT_241414,图书音像,正品放心,positive,1,0.5
PRODUCT_241442,图书音像,不推荐,negative,1,1.0
PRODUCT_241442,图书音像,疑似假货,negative,1,1.0
PRODUCT_24146,图书音像,性价比高,positive,1,1.0
PRODUCT_241489,图书音像,外观一般,negative,1,1.0
PRODUCT_241489,图书音像,外观好看,positive,1,1.0
PRODUCT_241519,图书音像,不推荐,negative,1,0.08333333333333333
PRODUCT_241519,图书音像,包装差,negative,1,0.08333333333333333
PRODUCT_241544,电脑/办公,外观一般,negative,1,0.07692307692307693
PRODUCT_241611,家居生活,内容不错,positive,1,0.1
PRODUCT_241611,家居生活,正品放心,positive,1,0.1
PRODUCT_241731,图书音像,包装差,negative,1,0.5
PRODUCT_241741,图书音像,质量好,positive,1,1.0
PRODUCT_241743,图书音像,包装差,negative,1,0.5
PRODUCT_24186,美妆个护,价格贵,negative,1,0.5
PRODUCT_24186,美妆个护,外观好看,positive,1,0.5
PRODUCT_241883,图书音像,正品放心,positive,1,0.3333333333333333
PRODUCT_241919,家具/家装/建材,外观好看,positive,1,1.0
PRODUCT_241950,食品/保健,味道不错,positive,1,0.5
PRODUCT_241956,图书音像,会回购,positive,1,0.1111111111111111
PRODUCT_241956,图书音像,性价比高,positive,1,0.1111111111111111
PRODUCT_241956,图书音像,质量好,positive,1,0.1111111111111111
PRODUCT_24201,图书音像,内容不错,positive,1,0.1111111111111111
PRODUCT_24201,图书音像,疑似假货,negative,1,0.1111111111111111
PRODUCT_24201,图书音像,质量差,negative,1,0.1111111111111111
PRODUCT_242082,图书音像,外观好看,positive,1,0.5
PRODUCT_242083,图书音像,外观好看,positive,1,1.0
PRODUCT_242094,图书音像,正品放心,positive,1,1.0
PRODUCT_242098,图书音像,质量好,positive,1,1.0
PRODUCT_242127,家用电器,性价比高,positive,1,1.0
PRODUCT_242128,家用电器,会回购,positive,1,0.2
PRODUCT_242128,家用电器,包装好,positive,1,0.2
PRODUCT_242128,家用电器,质量好,positive,1,0.2
PRODUCT_242133,美妆个护,容易坏,negative,1,1.0
PRODUCT_24216,图书音像,内容不错,positive,1,1.0
PRODUCT_242186,图书音像,质量好,positive,1,1.0
PRODUCT_24220,图书音像,味道不错,positive,1,0.08333333333333333
PRODUCT_24220,图书音像,性价比高,positive,1,0.08333333333333333
PRODUCT_24224,手机/数码,疑似假货,negative,1,1.0
PRODUCT_24235,图书音像,包装差,negative,1,0.5
PRODUCT_242357,美妆个护,性价比高,positive,1,0.1
PRODUCT_242357,美妆个护,正品放心,positive,1,0.1
PRODUCT_242369,电脑/办公,外观好看,positive,1,0.5
PRODUCT_242369,电脑/办公,很耐用,positive,1,0.5
PRODUCT_242424,电脑/办公,正品放心,positive,1,0.3333333333333333
PRODUCT_242455,手机/数码,性价比高,positive,1,0.5
PRODUCT_242461,图书音像,不推荐,negative,1,0.5
PRODUCT_242594,手机/数码,外观好看,positive,1,0.2
PRODUCT_242594,手机/数码,性价比高,positive,1,0.2
PRODUCT_242594,手机/数码,正品放心,positive,1,0.2
PRODUCT_242594,手机/数码,质量好,positive,1,0.2
PRODUCT_242647,图书音像,质量好,positive,1,1.0
PRODUCT_242649,美妆个护,外观好看,positive,1,0.1
PRODUCT_242649,美妆个护,性价比高,positive,1,0.1
PRODUCT_242654,手机/数码,性价比高,positive,1,1.0
PRODUCT_242672,图书音像,正品放心,positive,1,1.0
PRODUCT_242680,其他,正品放心,positive,2,0.6666666666666666
PRODUCT_242680,其他,疑似假货,negative,1,0.3333333333333333
PRODUCT_242764,图书音像,内容不错,positive,1,1.0
PRODUCT_242861,图书音像,疑似假货,negative,1,1.0
PRODUCT_242899,图书音像,外观一般,negative,1,1.0
PRODUCT_242899,图书音像,外观好看,positive,1,1.0
PRODUCT_242899,图书音像,正品放心,positive,1,1.0
PRODUCT_242971,图书音像,内容不错,positive,1,1.0
PRODUCT_243019,图书音像,外观好看,positive,1,1.0
PRODUCT_243075,家用电器,质量好,positive,2,0.08695652173913043
PRODUCT_243075,家用电器,不推荐,negative,1,0.043478260869565216
PRODUCT_243075,家用电器,发货快,positive,1,0.043478260869565216
PRODUCT_243075,家用电器,外观好看,positive,1,0.043478260869565216
PRODUCT_243075,家用电器,很耐用,positive,1,0.043478260869565216
PRODUCT_243079,美妆个护,疑似假货,negative,1,1.0
PRODUCT_243186,图书音像,会回购,positive,1,1.0
PRODUCT_243186,图书音像,疑似假货,negative,1,1.0
PRODUCT_243186,图书音像,质量好,positive,1,1.0
PRODUCT_243186,图书音像,质量差,negative,1,1.0
PRODUCT_243187,手机/数码,质量好,positive,1,1.0
PRODUCT_243329,图书音像,不推荐,negative,1,1.0
PRODUCT_24333,美妆个护,不推荐,negative,1,0.5
PRODUCT_24333,美妆个护,外观好看,positive,1,0.5
PRODUCT_243341,图书音像,内容不错,positive,1,0.09090909090909091
PRODUCT_243341,图书音像,质量差,negative,1,0.09090909090909091
PRODUCT_24340,图书音像,性价比高,positive,1,0.07692307692307693
PRODUCT_243441,电脑/办公,正品放心,positive,2,0.5
PRODUCT_243441,电脑/办公,疑似假货,negative,2,0.5
PRODUCT_243441,电脑/办公,外观好看,positive,1,0.25
PRODUCT_243441,电脑/办公,容易坏,negative,1,0.25
PRODUCT_243441,电脑/办公,很耐用,positive,1,0.25
PRODUCT_243490,其他,包装差,negative,1,0.5
PRODUCT_243490,其他,质量好,positive,1,0.5
PRODUCT_243490,其他,质量差,negative,1,0.5
PRODUCT_243494,家具/家装/建材,包装好,positive,1,0.2
PRODUCT_243494,家具/家装/建材,外观好看,positive,1,0.2
PRODUCT_243513,家具/家装/建材,外观好看,positive,1,1.0
PRODUCT_243542,图书音像,正品放心,positive,1,0.5
PRODUCT_243556,钟表/首饰/眼镜/礼品,外观好看,positive,1,1.0
PRODUCT_243556,钟表/首饰/眼镜/礼品,质量好,positive,1,1.0
PRODUCT_243608,图书音像,包装好,positive,2,0.25
PRODUCT_243608,图书音像,外观好看,positive,1,0.125
PRODUCT_243608,图书音像,性价比高,positive,1,0.125
PRODUCT_243608,图书音像,质量好,positive,1,0.125
PRODUCT_243662,图书音像,会回购,positive,1,1.0
PRODUCT_243678,图书音像,疑似假货,negative,1,1.0
PRODUCT_243704,图书音像,内容不错,positive,1,1.0
PRODUCT_243728,图书音像,正品放心,positive,1,0.5
PRODUCT_243728,图书音像,疑似假货,negative,1,0.5
PRODUCT_243728,图书音像,质量好,positive,1,0.5
PRODUCT_243749,家居生活,不推荐,negative,1,0.2
PRODUCT_243749,家居生活,性价比高,positive,1,0.2
PRODUCT_243804,手机/数码,正品放心,positive,2,0.25
PRODUCT_243804,手机/数码,性价比高,positive,1,0.125
PRODUCT_243822,图书音像,不推荐,negative,1,1.0
PRODUCT_243822,图书音像,内容不错,positive,1,1.0
PRODUCT_243822,图书音像,疑似假货,negative,1,1.0
PRODUCT_243890,图书音像,正品放心,positive,1,1.0
PRODUCT_243890,图书音像,疑似假货,negative,1,1.0
PRODUCT_243902,图书音像,正品放心,positive,1,0.2
PRODUCT_243902,图书音像,疑似假货,negative,1,0.2
PRODUCT_243902,图书音像,质量差,negative,1,0.2
PRODUCT_243987,家用电器,正品放心,positive,1,1.0
PRODUCT_243992,图书音像,包装差,negative,1,1.0
PRODUCT_244007,图书音像,价格贵,negative,1,1.0
PRODUCT_24401,图书音像,质量好,positive,1,1.0
PRODUCT_244048,图书音像,性价比高,positive,1,1.0
PRODUCT_244067,家用电器,容易坏,negative,1,1.0
PRODUCT_244067,家用电器,质量差,negative,1,1.0
PRODUCT_244110,图书音像,疑似假货,negative,1,1.0
PRODUCT_244187,图书音像,外观好看,positive,1,0.3333333333333333
PRODUCT_244297,鞋类箱包,会回购,positive,1,1.0
PRODUCT_24438,电脑/办公,外观好看,positive,1,0.14285714285714285
PRODUCT_244441,图书音像,外观好看,positive,1,1.0
PRODUCT_244539,图书音像,正品放心,positive,1,1.0
PRODUCT_244552,手机/数码,容易坏,negative,1,0.5
PRODUCT_244573,图书音像,味道不错,positive,1,0.25
PRODUCT_244589,图书音像,内容一般,negative,1,0.07692307692307693
PRODUCT_244589,图书音像,性价比高,positive,1,0.07692307692307693
PRODUCT_244629,图书音像,正品放心,positive,1,1.0
PRODUCT_244629,图书音像,质量好,positive,1,1.0
PRODUCT_244633,电脑/办公,正品放心,positive,1,1.0
PRODUCT_244733,美妆个护,正品放心,positive,1,1.0
PRODUCT_244758,手机/数码,很耐用,positive,1,1.0
PRODUCT_24485,图书音像,外观好看,positive,1,1.0
PRODUCT_244852,图书音像,外观好看,positive,1,0.1
PRODUCT_244928,图书音像,内容不错,positive,1,0.2
PRODUCT_244961,电脑/办公,正品放心,positive,3,0.21428571428571427
PRODUCT_244961,电脑/办公,价格贵,negative,1,0.07142857142857142
PRODUCT_244961,电脑/办公,包装差,negative,1,0.07142857142857142
PRODUCT_244961,电脑/办公,质量差,negative,1,0.07142857142857142
PRODUCT_244966,手机/数码,外观好看,positive,2,0.4
PRODUCT_244966,手机/数码,正品放心,positive,1,0.2
PRODUCT_244997,图书音像,内容不错,positive,1,1.0
PRODUCT_245072,手机/数码,不推荐,negative,1,0.2
PRODUCT_24509,美妆个护,味道不错,positive,1,0.5
PRODUCT_245168,图书音像,正品放心,positive,1,1.0
PRODUCT_245179,图书音像,外观好看,positive,1,1.0
PRODUCT_24536,图书音像,外观好看,positive,1,1.0
PRODUCT_245373,图书音像,质量差,negative,2,0.4
PRODUCT_245373,图书音像,正品放心,positive,1,0.2
PRODUCT_245373,图书音像,质量好,positive,1,0.2
PRODUCT_24545,图书音像,质量差,negative,1,1.0
PRODUCT_245487,手机/数码,外观好看,positive,1,0.5
PRODUCT_245487,手机/数码,正品放心,positive,1,0.5
PRODUCT_245500,图书音像,正品放心,positive,1,1.0
PRODUCT_245615,图书音像,疑似假货,negative,1,0.5
PRODUCT_245859,图书音像,价格贵,negative,1,1.0
PRODUCT_245915,图书音像,外观好看,positive,1,1.0
PRODUCT_245925,图书音像,质量好,positive,1,0.5
PRODUCT_245935,图书音像,价格贵,negative,1,0.25
PRODUCT_245935,图书音像,外观好看,positive,1,0.25
PRODUCT_245935,图书音像,质量好,positive,1,0.25
PRODUCT_245961,图书音像,外观好看,positive,1,0.3333333333333333
PRODUCT_245970,图书音像,包装差,negative,1,0.1111111111111111
PRODUCT_245970,图书音像,外观好看,positive,1,0.1111111111111111
PRODUCT_245970,图书音像,很新鲜,positive,1,0.1111111111111111
PRODUCT_246016,图书音像,疑似假货,negative,2,0.4
PRODUCT_246016,图书音像,价格贵,negative,1,0.2
PRODUCT_246016,图书音像,发货快,positive,1,0.2
PRODUCT_246016,图书音像,外观一般,negative,1,0.2
PRODUCT_246016,图书音像,外观好看,positive,1,0.2
PRODUCT_246027,图书音像,质量好,positive,1,0.5
PRODUCT_246051,图书音像,疑似假货,negative,1,1.0
PRODUCT_246072,图书音像,正品放心,positive,1,0.3333333333333333
PRODUCT_246089,图书音像,不推荐,negative,2,0.3333333333333333
PRODUCT_246089,图书音像,外观好看,positive,1,0.16666666666666666
PRODUCT_246089,图书音像,性价比高,positive,1,0.16666666666666666
PRODUCT_24609,家用电器,外观好看,positive,2,0.1111111111111111
PRODUCT_24609,家用电器,包装好,positive,1,0.05555555555555555
PRODUCT_24609,家用电器,味道不错,positive,1,0.05555555555555555
PRODUCT_24609,家用电器,性价比高,positive,1,0.05555555555555555
PRODUCT_246135,图书音像,包装差,negative,1,1.0
PRODUCT_246148,图书音像,质量好,positive,1,1.0
PRODUCT_246167,图书音像,质量好,positive,1,1.0
PRODUCT_246284,图书音像,不推荐,negative,1,0.05263157894736842
PRODUCT_246284,图书音像,正品放心,positive,1,0.05263157894736842
PRODUCT_246349,家用电器,外观好看,positive,1,0.16666666666666666
PRODUCT_246364,图书音像,正品放心,positive,1,1.0
PRODUCT_246405,图书音像,内容不错,positive,1,1.0
PRODUCT_2465,图书音像,质量差,negative,1,1.0
PRODUCT_246528,图书音像,正品放心,positive,1,1.0
PRODUCT_246699,图书音像,内容不错,positive,1,1.0
PRODUCT_246812,图书音像,正品放心,positive,2,0.4
PRODUCT_246825,图书音像,价格贵,negative,1,1.0
PRODUCT_246886,图书音像,内容不错,positive,1,0.5
PRODUCT_2469,家用电器,性价比高,positive,1,0.5
PRODUCT_246905,图书音像,内容不错,positive,1,0.2
PRODUCT_246905,图书音像,质量好,positive,1,0.2
PRODUCT_24697,母婴/玩具,性价比高,positive,1,1.0
PRODUCT_246985,电脑/办公,容易坏,negative,1,1.0
PRODUCT_246985,电脑/办公,性价比高,positive,1,1.0
PRODUCT_247035,图书音像,正品放心,positive,1,1.0
PRODUCT_247051,图书音像,正品放心,positive,1,1.0
PRODUCT_247051,图书音像,质量好,positive,1,1.0
PRODUCT_247127,图书音像,味道不错,positive,1,0.16666666666666666
PRODUCT_247182,图书音像,内容不错,positive,1,1.0
PRODUCT_247182,图书音像,质量好,positive,1,1.0
PRODUCT_247195,图书音像,质量好,positive,1,1.0
PRODUCT_247199,图书音像,物流慢,negative,1,1.0
PRODUCT_247221,家用电器,发货快,positive,1,0.07142857142857142
PRODUCT_247221,家用电器,外观好看,positive,1,0.07142857142857142
PRODUCT_247221,家用电器,正品放心,positive,1,0.07142857142857142
PRODUCT_247268,图书音像,包装差,negative,1,1.0
PRODUCT_24728,电脑/办公,容易坏,negative,1,0.5
PRODUCT_24728,电脑/办公,尺码合适,positive,1,0.5
PRODUCT_24733,图书音像,味道不错,positive,1,0.5
PRODUCT_24734,图书音像,质量好,positive,1,1.0
PRODUCT_247376,手机/数码,会回购,positive,1,0.3333333333333333
PRODUCT_247461,图书音像,正品放心,positive,1,1.0
PRODUCT_247462,图书音像,外观好看,positive,1,1.0
PRODUCT_247506,图书音像,质量差,negative,1,1.0
PRODUCT_247599,图书音像,疑似假货,negative,1,0.5
PRODUCT_247604,图书音像,会回购,positive,1,1.0
PRODUCT_247604,图书音像,外观好看,positive,1,1.0
PRODUCT_247604,图书音像,正品放心,positive,1,1.0
PRODUCT_247609,图书音像,内容不错,positive,1,1.0
PRODUCT_247637,图书音像,性价比高,positive,1,1.0
PRODUCT_247670,其他,很耐用,positive,1,1.0
PRODUCT_247687,图书音像,外观好看,positive,1,0.5
PRODUCT_247689,母婴/玩具,会回购,positive,1,0.25
PRODUCT_247689,母婴/玩具,包装好,positive,1,0.25
PRODUCT_24772,手机/数码,容易坏,negative,1,1.0
PRODUCT_24772,手机/数码,正品放心,positive,1,1.0
PRODUCT_247743,图书音像,疑似假货,negative,1,1.0
PRODUCT_247796,电脑/办公,很耐用,positive,1,0.09090909090909091
PRODUCT_247803,食品/保健,味道一般,negative,1,1.0
PRODUCT_24783,图书音像,不推荐,negative,1,0.5
PRODUCT_24783,图书音像,会回购,positive,1,0.5
PRODUCT_24783,图书音像,外观好看,positive,1,0.5
PRODUCT_247834,图书音像,内容不错,positive,1,0.5
PRODUCT_247842,食品/保健,味道不错,positive,4,0.5
PRODUCT_247842,食品/保健,价格贵,negative,1,0.125
PRODUCT_247842,食品/保健,包装好,positive,1,0.125
PRODUCT_247863,图书音像,内容不错,positive,1,1.0
PRODUCT_247884,图书音像,内容不错,positive,1,0.05263157894736842
PRODUCT_247884,图书音像,包装差,negative,1,0.05263157894736842
PRODUCT_247884,图书音像,外观一般,negative,1,0.05263157894736842
PRODUCT_247884,图书音像,性价比高,positive,1,0.05263157894736842
PRODUCT_247901,图书音像,外观好看,positive,1,1.0
PRODUCT_247913,电脑/办公,性价比高,positive,1,1.0
PRODUCT_247979,图书音像,性价比高,positive,1,0.09090909090909091
PRODUCT_248000,图书音像,性价比高,positive,1,1.0
PRODUCT_248023,母婴/玩具,发货快,positive,1,1.0
PRODUCT_248033,图书音像,正品放心,positive,1,1.0
PRODUCT_248147,家居生活,外观好看,positive,1,1.0
PRODUCT_248187,家居生活,质量好,positive,1,1.0
PRODUCT_248194,美妆个护,味道不错,positive,1,0.14285714285714285
PRODUCT_248199,图书音像,外观好看,positive,1,1.0
PRODUCT_248201,图书音像,内容一般,negative,1,1.0
PRODUCT_248201,图书音像,容易坏,negative,1,1.0
PRODUCT_248224,图书音像,价格贵,negative,1,1.0
PRODUCT_248224,图书音像,正品放心,positive,1,1.0
PRODUCT_248224,图书音像,质量好,positive,1,1.0
PRODUCT_248258,鞋类箱包,尺码合适,positive,1,1.0
PRODUCT_248258,鞋类箱包,质量好,positive,1,1.0
PRODUCT_248304,图书音像,不推荐,negative,1,0.3333333333333333
PRODUCT_248304,图书音像,正品放心,positive,1,0.3333333333333333
PRODUCT_248304,图书音像,质量差,negative,1,0.3333333333333333
PRODUCT_248358,电脑/办公,会回购,positive,1,0.5
PRODUCT_248358,电脑/办公,味道一般,negative,1,0.5
PRODUCT_248358,电脑/办公,性价比高,positive,1,0.5
PRODUCT_248358,电脑/办公,正品放心,positive,1,0.5
PRODUCT_248361,家用电器,容易坏,negative,1,1.0
PRODUCT_248408,图书音像,疑似假货,negative,1,0.5
PRODUCT_248470,图书音像,内容不错,positive,1,0.14285714285714285
PRODUCT_248506,图书音像,内容不错,positive,1,0.3333333333333333
PRODUCT_248506,图书音像,性价比高,positive,1,0.3333333333333333
PRODUCT_248512,图书音像,质量好,positive,1,1.0
PRODUCT_248549,图书音像,很新鲜,positive,1,1.0
PRODUCT_248584,图书音像,包装好,positive,1,0.25
PRODUCT_248668,图书音像,发货快,positive,1,1.0
PRODUCT_248741,家居生活,外观好看,positive,1,1.0
PRODUCT_248756,图书音像,内容不错,positive,1,0.5
PRODUCT_248786,图书音像,会回购,positive,1,0.16666666666666666
PRODUCT_248786,图书音像,外观好看,positive,1,0.16666666666666666
PRODUCT_248811,母婴/玩具,正品放心,positive,1,1.0
PRODUCT_248846,家具/家装/建材,包装差,negative,1,0.14285714285714285
PRODUCT_248846,家具/家装/建材,很耐用,positive,1,0.14285714285714285
PRODUCT_248895,电脑/办公,外观好看,positive,1,1.0
PRODUCT_248987,图书音像,正品放心,positive,1,0.5
PRODUCT_249007,图书音像,不推荐,negative,1,0.3333333333333333
PRODUCT_249007,图书音像,价格贵,negative,1,0.3333333333333333
PRODUCT_249007,图书音像,内容一般,negative,1,0.3333333333333333
PRODUCT_249008,美妆个护,不推荐,negative,1,0.3333333333333333
PRODUCT_249008,美妆个护,味道不错,positive,1,0.3333333333333333
PRODUCT_249008,美妆个护,正品放心,positive,1,0.3333333333333333
PRODUCT_249021,图书音像,内容一般,negative,1,0.5
PRODUCT_249021,图书音像,质量差,negative,1,0.5
PRODUCT_249049,图书音像,内容不错,positive,1,0.3333333333333333
PRODUCT_249052,图书音像,正品放心,positive,1,1.0
PRODUCT_249058,图书音像,正品放心,positive,1,0.16666666666666666
PRODUCT_249112,电脑/办公,疑似假货,negative,1,0.5
PRODUCT_24912,图书音像,正品放心,positive,2,0.05405405405405406
PRODUCT_24912,图书音像,内容一般,negative,1,0.02702702702702703
PRODUCT_24912,图书音像,内容不错,positive,1,0.02702702702702703
PRODUCT_24912,图书音像,外观好看,positive,1,0.02702702702702703
PRODUCT_24912,图书音像,性价比高,positive,1,0.02702702702702703
PRODUCT_24912,图书音像,疑似假货,negative,1,0.02702702702702703
PRODUCT_249142,电脑/办公,内容一般,negative,1,1.0
PRODUCT_249223,图书音像,疑似假货,negative,1,0.5
PRODUCT_249228,家用电器,不推荐,negative,1,1.0
PRODUCT_249228,家用电器,性价比高,positive,1,1.0
PRODUCT_249233,图书音像,疑似假货,negative,1,1.0
PRODUCT_249301,图书音像,性价比高,positive,1,0.25
PRODUCT_249301,图书音像,正品放心,positive,1,0.25
PRODUCT_249314,图书音像,正品放心,positive,1,0.25
PRODUCT_24932,其他,容易坏,negative,1,0.2
PRODUCT_24932,其他,很耐用,positive,1,0.2
PRODUCT_24932,其他,性价比高,positive,1,0.2
PRODUCT_24933,电脑/办公,发货快,positive,1,1.0
PRODUCT_249395,电脑/办公,外观好看,positive,2,0.25
PRODUCT_249395,电脑/办公,性价比高,positive,1,0.125
PRODUCT_249434,图书音像,不推荐,negative,1,0.5
PRODUCT_249434,图书音像,质量差,negative,1,0.5
PRODUCT_249493,电脑/办公,正品放心,positive,2,0.18181818181818182
PRODUCT_249493,电脑/办公,会回购,positive,1,0.09090909090909091
PRODUCT_249493,电脑/办公,性价比高,positive,1,0.09090909090909091
PRODUCT_249521,手机/数码,包装好,positive,1,0.3333333333333333
PRODUCT_249521,手机/数码,外观好看,positive,1,0.3333333333333333
PRODUCT_249530,图书音像,内容不错,positive,1,0.5
PRODUCT_249543,母婴/玩具,味道一般,negative,1,1.0
PRODUCT_249543,母婴/玩具,正品放心,positive,1,1.0
PRODUCT_249545,图书音像,正品放心,positive,1,1.0
PRODUCT_249545,图书音像,质量差,negative,1,1.0
PRODUCT_249632,其他,疑似假货,negative,1,1.0
PRODUCT_249634,图书音像,质量好,positive,1,1.0
PRODUCT_249646,图书音像,正品放心,positive,1,0.125
PRODUCT_249658,图书音像,内容不错,positive,1,0.5
PRODUCT_249658,图书音像,疑似假货,negative,1,0.5
PRODUCT_249667,钟表/首饰/眼镜/礼品,容易坏,negative,1,0.5
PRODUCT_249683,电脑/办公,不推荐,negative,2,0.25
PRODUCT_249683,电脑/办公,尺码不准,negative,1,0.125
PRODUCT_249683,电脑/办公,性价比高,positive,1,0.125
PRODUCT_249683,电脑/办公,质量差,negative,1,0.125
PRODUCT_249764,食品/保健,味道不错,positive,3,0.375
PRODUCT_249764,食品/保健,不推荐,negative,1,0.125
PRODUCT_249764,食品/保健,疑似假货,negative,1,0.125
PRODUCT_249824,家居生活,外观好看,positive,1,0.25
PRODUCT_24983,家居生活,质量好,positive,1,0.2
PRODUCT_249846,家居生活,外观好看,positive,1,1.0
PRODUCT_249846,家居生活,质量好,positive,1,1.0
PRODUCT_249911,图书音像,质量好,positive,1,0.5
PRODUCT_249920,图书音像,不推荐,negative,1,1.0
PRODUCT_249943,图书音像,包装差,negative,1,1.0
PRODUCT_249997,图书音像,会回购,positive,1,1.0
PRODUCT_25009,家具/家装/建材,很耐用,positive,1,1.0
PRODUCT_25009,家具/家装/建材,正品放心,positive,1,1.0
PRODUCT_250129,电脑/办公,质量好,positive,2,0.6666666666666666
PRODUCT_250137,家居生活,正品放心,positive,4,0.19047619047619047
PRODUCT_250137,家居生活,会回购,positive,1,0.047619047619047616
PRODUCT_250137,家居生活,内容一般,negative,1,0.047619047619047616
PRODUCT_250137,家居生活,容易坏,negative,1,0.047619047619047616
PRODUCT_250137,家居生活,很耐用,positive,1,0.047619047619047616
PRODUCT_250137,家居生活,性价比高,positive,1,0.047619047619047616
PRODUCT_250251,家居生活,外观好看,positive,1,0.25
PRODUCT_250251,家居生活,正品放心,positive,1,0.25
PRODUCT_250303,美妆个护,正品放心,positive,1,0.5
PRODUCT_250303,美妆个护,质量差,negative,1,0.5
PRODUCT_250323,家用电器,外观好看,positive,1,1.0
PRODUCT_250383,美妆个护,很耐用,positive,1,1.0
PRODUCT_250383,美妆个护,续航差,negative,1,1.0
PRODUCT_250416,图书音像,质量好,positive,1,1.0
PRODUCT_250553,图书音像,正品放心,positive,1,0.5
PRODUCT_250646,图书音像,外观好看,positive,1,0.5
PRODUCT_25066,美妆个护,疑似假货,negative,1,0.16666666666666666
PRODUCT_250705,手机/数码,不推荐,negative,1,0.3333333333333333
PRODUCT_250705,手机/数码,容易坏,negative,1,0.3333333333333333
PRODUCT_250705,手机/数码,正品放心,positive,1,0.3333333333333333
PRODUCT_25072,钟表/首饰/眼镜/礼品,外观好看,positive,2,1.0
PRODUCT_25072,钟表/首饰/眼镜/礼品,很新鲜,positive,1,0.5
PRODUCT_25073,手机/数码,外观好看,positive,1,0.16666666666666666
PRODUCT_25073,手机/数码,质量差,negative,1,0.16666666666666666
PRODUCT_25079,图书音像,外观好看,positive,1,1.0
PRODUCT_25100,电脑/办公,性价比高,positive,1,0.3333333333333333
PRODUCT_25100,电脑/办公,正品放心,positive,1,0.3333333333333333
PRODUCT_25130,图书音像,外观好看,positive,1,1.0
PRODUCT_251571,图书音像,内容一般,negative,1,0.5
PRODUCT_25163,家用电器,味道不错,positive,1,1.0
PRODUCT_251749,家用电器,性价比高,positive,1,0.5
PRODUCT_251757,美妆个护,性价比高,positive,1,0.5
PRODUCT_251761,美妆个护,正品放心,positive,2,0.1111111111111111
PRODUCT_251761,美妆个护,疑似假货,negative,2,0.1111111111111111
PRODUCT_251787,图书音像,正品放心,positive,1,0.5
PRODUCT_251795,图书音像,外观好看,positive,4,0.8
PRODUCT_251950,图书音像,内容不错,positive,1,1.0
PRODUCT_251974,图书音像,正品放心,positive,1,1.0
PRODUCT_251982,图书音像,内容不错,positive,1,0.05
PRODUCT_251982,图书音像,外观好看,positive,1,0.05
PRODUCT_251982,图书音像,疑似假货,negative,1,0.05
PRODUCT_251986,图书音像,正品放心,positive,1,1.0
PRODUCT_25199,电脑/办公,外观好看,positive,2,0.18181818181818182
PRODUCT_25199,电脑/办公,质量好,positive,2,0.18181818181818182
PRODUCT_252004,图书音像,外观好看,positive,1,0.5
PRODUCT_252016,图书音像,质量差,negative,1,1.0
PRODUCT_252090,图书音像,内容不错,positive,1,0.2
PRODUCT_252151,图书音像,内容不错,positive,1,1.0
PRODUCT_252175,图书音像,容易坏,negative,1,0.14285714285714285
PRODUCT_252175,图书音像,尺码不准,negative,1,0.14285714285714285
PRODUCT_252175,图书音像,性价比高,positive,1,0.14285714285714285
PRODUCT_252260,图书音像,正品放心,positive,1,0.5
PRODUCT_252308,图书音像,性价比高,positive,1,1.0
PRODUCT_252333,图书音像,包装差,negative,1,0.3333333333333333
PRODUCT_252347,图书音像,正品放心,positive,1,1.0
PRODUCT_252393,图书音像,质量差,negative,1,1.0
PRODUCT_252448,图书音像,外观好看,positive,1,0.5
PRODUCT_25245,图书音像,会回购,positive,1,0.3333333333333333
PRODUCT_25245,图书音像,外观好看,positive,1,0.3333333333333333
PRODUCT_25245,图书音像,质量好,positive,1,0.3333333333333333
PRODUCT_252463,图书音像,外观好看,positive,1,1.0
PRODUCT_252476,图书音像,疑似假货,negative,1,0.25
PRODUCT_252507,图书音像,质量好,positive,1,1.0
PRODUCT_252526,图书音像,正品放心,positive,1,0.5
PRODUCT_25256,电脑/办公,性价比高,positive,1,0.3333333333333333
PRODUCT_252619,图书音像,会回购,positive,1,1.0
PRODUCT_252708,图书音像,很新鲜,positive,1,1.0
PRODUCT_252775,图书音像,会回购,positive,1,1.0
PRODUCT_252853,图书音像,质量好,positive,1,1.0
PRODUCT_252927,图书音像,正品放心,positive,1,0.2
PRODUCT_252938,图书音像,正品放心,positive,1,0.5
PRODUCT_252962,图书音像,疑似假货,negative,1,0.5
PRODUCT_253145,图书音像,质量好,positive,1,0.3333333333333333
PRODUCT_253154,图书音像,不推荐,negative,1,0.2
PRODUCT_253154,图书音像,会回购,positive,1,0.2
PRODUCT_253154,图书音像,味道不错,positive,1,0.2
PRODUCT_253154,图书音像,疑似假货,negative,1,0.2
PRODUCT_253158,图书音像,内容不错,positive,1,0.125
PRODUCT_253158,图书音像,包装好,positive,1,0.125
PRODUCT_253158,图书音像,质量差,negative,1,0.125
PRODUCT_253192,图书音像,内容不错,positive,1,0.3333333333333333
PRODUCT_253199,图书音像,外观好看,positive,1,0.25
PRODUCT_253199,图书音像,质量好,positive,1,0.25
PRODUCT_25321,图书音像,质量好,positive,1,0.5
PRODUCT_253240,图书音像,外观好看,positive,1,1.0
PRODUCT_253243,图书音像,质量好,positive,1,1.0
PRODUCT_253247,图书音像,内容不错,positive,1,0.3333333333333333
PRODUCT_25331,家具/家装/建材,外观好看,positive,1,1.0
PRODUCT_25338,图书音像,外观好看,positive,1,1.0
PRODUCT_253384,美妆个护,味道不错,positive,1,0.16666666666666666
PRODUCT_253384,美妆个护,正品放心,positive,1,0.16666666666666666
PRODUCT_253384,美妆个护,疑似假货,negative,1,0.16666666666666666
PRODUCT_253385,美妆个护,味道不错,positive,6,0.5
PRODUCT_253385,美妆个护,性价比高,positive,1,0.08333333333333333
PRODUCT_253385,美妆个护,正品放心,positive,1,0.08333333333333333
PRODUCT_253455,图书音像,外观一般,negative,1,0.125
PRODUCT_253455,图书音像,外观好看,positive,1,0.125
PRODUCT_253464,图书音像,正品放心,positive,1,1.0
PRODUCT_253531,图书音像,正品放心,positive,1,0.25
PRODUCT_253534,图书音像,容易坏,negative,1,1.0
PRODUCT_253551,图书音像,发货快,positive,1,1.0
PRODUCT_253551,图书音像,尺码不准,negative,1,1.0
PRODUCT_253566,图书音像,内容不错,positive,1,0.14285714285714285
PRODUCT_253625,美妆个护,正品放心,positive,2,0.1111111111111111
PRODUCT_253625,美妆个护,疑似假货,negative,2,0.1111111111111111
PRODUCT_253626,图书音像,外观好看,positive,1,1.0
PRODUCT_253685,图书音像,价格贵,negative,1,1.0
PRODUCT_253692,图书音像,质量好,positive,1,1.0
PRODUCT_253827,图书音像,外观好看,positive,1,0.3333333333333333
PRODUCT_253827,图书音像,质量好,positive,1,0.3333333333333333
PRODUCT_253871,图书音像,外观好看,positive,1,0.2
PRODUCT_253917,图书音像,外观好看,positive,2,0.25
PRODUCT_253917,图书音像,内容不错,positive,1,0.125
PRODUCT_253917,图书音像,性价比高,positive,1,0.125
PRODUCT_253982,图书音像,疑似假货,negative,1,1.0
PRODUCT_254001,手机/数码,质量差,negative,1,0.5
PRODUCT_254020,家用电器,不推荐,negative,1,0.2
PRODUCT_254020,家用电器,味道不错,positive,1,0.2
PRODUCT_254020,家用电器,外观好看,positive,1,0.2
PRODUCT_254020,家用电器,性价比高,positive,1,0.2
PRODUCT_254020,家用电器,正品放心,positive,1,0.2
PRODUCT_254074,电脑/办公,不推荐,negative,1,1.0
PRODUCT_254154,图书音像,正品放心,positive,1,1.0
PRODUCT_254154,图书音像,疑似假货,negative,1,1.0
PRODUCT_254179,图书音像,性价比高,positive,2,0.4
PRODUCT_254188,图书音像,会回购,positive,1,0.3333333333333333
PRODUCT_25419,手机/数码,正品放心,positive,1,1.0
PRODUCT_254193,图书音像,质量好,positive,1,1.0
PRODUCT_254216,图书音像,内容不错,positive,1,0.5
PRODUCT_254248,图书音像,不推荐,negative,1,0.3333333333333333
PRODUCT_254248,图书音像,正品放心,positive,1,0.3333333333333333
PRODUCT_254248,图书音像,质量好,positive,1,0.3333333333333333
PRODUCT_254271,图书音像,味道不错,positive,1,1.0
PRODUCT_254285,美妆个护,疑似假货,negative,1,1.0
PRODUCT_254388,钟表/首饰/眼镜/礼品,外观好看,positive,1,1.0
PRODUCT_254388,钟表/首饰/眼镜/礼品,正品放心,positive,1,1.0
PRODUCT_254388,钟表/首饰/眼镜/礼品,疑似假货,negative,1,1.0
PRODUCT_254485,图书音像,性价比高,positive,1,0.3333333333333333
PRODUCT_254801,图书音像,正品放心,positive,1,0.5
PRODUCT_254869,图书音像,价格贵,negative,1,0.5
PRODUCT_254954,图书音像,容易坏,negative,1,1.0
PRODUCT_25502,家用电器,外观好看,positive,1,0.25
PRODUCT_255095,运动户外,容易坏,negative,1,1.0
PRODUCT_255184,图书音像,内容一般,negative,1,1.0
PRODUCT_255186,食品/保健,味道不错,positive,2,1.0
PRODUCT_255200,图书音像,外观好看,positive,1,0.5
PRODUCT_255220,图书音像,很新鲜,positive,1,1.0
PRODUCT_255315,手机/数码,外观好看,positive,1,0.2
PRODUCT_255327,图书音像,正品放心,positive,1,0.3333333333333333
PRODUCT_25534,图书音像,质量好,positive,1,0.5
PRODUCT_25542,图书音像,很新鲜,positive,1,0.16666666666666666
PRODUCT_25542,图书音像,正品放心,positive,1,0.16666666666666666
PRODUCT_255600,图书音像,疑似假货,negative,1,0.5
PRODUCT_255610,图书音像,外观好看,positive,1,0.5
PRODUCT_255715,图书音像,正品放心,positive,1,1.0
PRODUCT_255922,图书音像,外观好看,positive,1,0.5
PRODUCT_255935,图书音像,包装差,negative,1,0.5
PRODUCT_255941,图书音像,质量好,positive,1,1.0
PRODUCT_256054,手机/数码,会回购,positive,1,0.3333333333333333
PRODUCT_256069,图书音像,性价比高,positive,1,0.25
PRODUCT_256069,图书音像,正品放心,positive,1,0.25
PRODUCT_256069,图书音像,质量好,positive,1,0.25
PRODUCT_256114,电脑/办公,外观好看,positive,1,0.16666666666666666
PRODUCT_256114,电脑/办公,容易坏,negative,1,0.16666666666666666
PRODUCT_256114,电脑/办公,正品放心,positive,1,0.16666666666666666
PRODUCT_256114,电脑/办公,质量差,negative,1,0.16666666666666666
PRODUCT_256269,图书音像,外观好看,positive,1,1.0
PRODUCT_256269,图书音像,很新鲜,positive,1,1.0
PRODUCT_256325,食品/保健,味道不错,positive,1,1.0
PRODUCT_256325,食品/保健,很新鲜,positive,1,1.0
PRODUCT_256415,手机/数码,包装好,positive,1,1.0
PRODUCT_256430,运动户外,正品放心,positive,1,1.0
PRODUCT_256484,家用电器,外观好看,positive,1,1.0
PRODUCT_256484,家用电器,很耐用,positive,1,1.0
PRODUCT_25649,图书音像,正品放心,positive,2,0.4
PRODUCT_25649,图书音像,质量好,positive,2,0.4
PRODUCT_256503,图书音像,不推荐,negative,1,1.0
PRODUCT_256519,图书音像,正品放心,positive,1,0.25
PRODUCT_256629,图书音像,包装差,negative,1,1.0
PRODUCT_256748,图书音像,价格贵,negative,1,1.0
PRODUCT_256748,图书音像,性价比高,positive,1,1.0
PRODUCT_256755,电脑/办公,正品放心,positive,1,0.25
PRODUCT_25677,图书音像,性价比高,positive,1,0.5
PRODUCT_25720,家用电器,外观一般,negative,1,1.0
PRODUCT_25731,钟表/首饰/眼镜/礼品,正品放心,positive,1,1.0
PRODUCT_257405,图书音像,会回购,positive,1,0.5
PRODUCT_257476,图书音像,质量差,negative,1,0.5
PRODUCT_257489,图书音像,正品放心,positive,1,1.0
PRODUCT_257491,图书音像,正品放心,positive,1,0.25
PRODUCT_257491,图书音像,质量好,positive,1,0.25
PRODUCT_257570,图书音像,质量好,positive,1,0.5
PRODUCT_257599,钟表/首饰/眼镜/礼品,疑似假货,negative,1,1.0
PRODUCT_257628,图书音像,质量差,negative,1,1.0
PRODUCT_25774,电脑/办公,内容一般,negative,1,0.25
PRODUCT_25774,电脑/办公,外观好看,positive,1,0.25
PRODUCT_257762,图书音像,发货快,positive,1,0.16666666666666666
PRODUCT_257950,图书音像,发货快,positive,1,1.0
PRODUCT_257950,图书音像,质量好,positive,1,1.0
PRODUCT_257955,图书音像,价格贵,negative,1,0.16666666666666666
PRODUCT_257955,图书音像,正品放心,positive,1,0.16666666666666666
PRODUCT_25799,图书音像,质量好,positive,1,0.3333333333333333
PRODUCT_258023,图书音像,外观一般,negative,1,1.0
PRODUCT_258033,图书音像,外观一般,negative,1,0.3333333333333333
PRODUCT_258033,图书音像,外观好看,positive,1,0.3333333333333333
PRODUCT_258040,图书音像,包装差,negative,1,1.0
PRODUCT_258055,图书音像,很新鲜,positive,1,0.14285714285714285
PRODUCT_258055,图书音像,正品放心,positive,1,0.14285714285714285
PRODUCT_258147,图书音像,价格贵,negative,1,1.0
PRODUCT_258161,图书音像,疑似假货,negative,1,0.1
PRODUCT_258225,图书音像,会回购,positive,1,0.5
PRODUCT_258225,图书音像,质量好,positive,1,0.5
PRODUCT_258234,图书音像,味道不错,positive,1,1.0
PRODUCT_258234,图书音像,很耐用,positive,1,1.0
PRODUCT_258251,图书音像,内容不错,positive,1,0.25
PRODUCT_258255,图书音像,外观好看,positive,1,0.25
PRODUCT_258279,运动户外,味道不错,positive,1,0.5
PRODUCT_258340,图书音像,质量差,negative,1,0.3333333333333333
PRODUCT_258344,手机/数码,很耐用,positive,1,1.0
PRODUCT_258344,手机/数码,续航差,negative,1,1.0
PRODUCT_258368,图书音像,很新鲜,positive,1,0.08333333333333333
PRODUCT_258430,图书音像,会回购,positive,1,1.0
PRODUCT_25847,其他,容易坏,negative,1,1.0
PRODUCT_258552,电脑/办公,外观好看,positive,2,0.6666666666666666
PRODUCT_258552,电脑/办公,很耐用,positive,1,0.3333333333333333
PRODUCT_258557,图书音像,性价比高,positive,1,1.0
PRODUCT_258569,图书音像,容易坏,negative,1,0.2
PRODUCT_258569,图书音像,正品放心,positive,1,0.2
PRODUCT_258569,图书音像,质量好,positive,1,0.2
PRODUCT_258613,图书音像,正品放心,positive,1,1.0
PRODUCT_258613,图书音像,质量好,positive,1,1.0
PRODUCT_258673,图书音像,外观好看,positive,1,1.0
PRODUCT_258758,图书音像,性价比高,positive,1,0.3333333333333333
PRODUCT_258758,图书音像,质量好,positive,1,0.3333333333333333
PRODUCT_258773,食品/保健,味道不错,positive,1,1.0
PRODUCT_258773,食品/保健,性价比高,positive,1,1.0
PRODUCT_258778,食品/保健,价格贵,negative,1,0.5
PRODUCT_258778,食品/保健,内容一般,negative,1,0.5
PRODUCT_258783,食品/保健,味道不错,positive,1,1.0
PRODUCT_258813,电脑/办公,很新鲜,positive,1,0.16666666666666666
PRODUCT_258813,电脑/办公,正品放心,positive,1,0.16666666666666666
PRODUCT_258813,电脑/办公,质量好,positive,1,0.16666666666666666
PRODUCT_258815,图书音像,疑似假货,negative,1,0.5
PRODUCT_258815,图书音像,质量差,negative,1,0.5
PRODUCT_258829,图书音像,性价比高,positive,1,0.5
PRODUCT_258830,图书音像,物流慢,negative,1,0.125
PRODUCT_258844,电脑/办公,外观好看,positive,2,0.2222222222222222
PRODUCT_258844,电脑/办公,容易坏,negative,1,0.1111111111111111
PRODUCT_258844,电脑/办公,很耐用,positive,1,0.1111111111111111
PRODUCT_258847,图书音像,会回购,positive,1,1.0
PRODUCT_258847,图书音像,很新鲜,positive,1,1.0
PRODUCT_258863,图书音像,内容不错,positive,1,1.0
PRODUCT_258890,家居生活,性价比高,positive,1,0.3333333333333333
PRODUCT_25893,图书音像,内容不错,positive,1,1.0
PRODUCT_25893,图书音像,疑似假货,negative,1,1.0
PRODUCT_25897,图书音像,正品放心,positive,1,0.16666666666666666
PRODUCT_25897,图书音像,质量好,positive,1,0.16666666666666666
PRODUCT_258985,图书音像,外观好看,positive,1,1.0
PRODUCT_259024,图书音像,性价比高,positive,1,0.5
PRODUCT_259030,图书音像,价格贵,negative,1,1.0
PRODUCT_259099,电脑/办公,质量好,positive,2,0.6666666666666666
PRODUCT_259184,电脑/办公,容易坏,negative,1,0.125
PRODUCT_259184,电脑/办公,质量差,negative,1,0.125
PRODUCT_259194,美妆个护,味道不错,positive,1,0.3333333333333333
PRODUCT_259194,美妆个护,正品放心,positive,1,0.3333333333333333
PRODUCT_259197,图书音像,质量好,positive,1,1.0
PRODUCT_259244,运动户外,内容一般,negative,1,0.2
PRODUCT_259244,运动户外,容易坏,negative,1,0.2
PRODUCT_259247,图书音像,内容不错,positive,1,0.5
PRODUCT_259247,图书音像,外观好看,positive,1,0.5
PRODUCT_259254,图书音像,正品放心,positive,1,1.0
PRODUCT_259347,图书音像,外观好看,positive,1,0.25
PRODUCT_259347,图书音像,性价比高,positive,1,0.25
PRODUCT_259360,母婴/玩具,正品放心,positive,2,0.6666666666666666
PRODUCT_259367,图书音像,外观好看,positive,1,0.5
PRODUCT_259457,手机/数码,正品放心,positive,2,0.2222222222222222
PRODUCT_259457,手机/数码,包装好,positive,1,0.1111111111111111
PRODUCT_259491,母婴/玩具,质量好,positive,1,0.5
PRODUCT_259534,图书音像,质量好,positive,1,0.14285714285714285
PRODUCT_259535,运动户外,很耐用,positive,1,1.0
PRODUCT_259564,图书音像,性价比高,positive,1,1.0
PRODUCT_25958,图书音像,正品放心,positive,3,0.42857142857142855
PRODUCT_25958,图书音像,质量好,positive,1,0.14285714285714285
PRODUCT_259595,图书音像,外观一般,negative,1,1.0
PRODUCT_259687,图书音像,内容不错,positive,1,0.3333333333333333
PRODUCT_259687,图书音像,质量好,positive,1,0.3333333333333333
PRODUCT_259703,图书音像,内容不错,positive,1,0.5
PRODUCT_259731,食品/保健,疑似假货,negative,1,0.3333333333333333
PRODUCT_259739,图书音像,外观好看,positive,1,0.25
PRODUCT_25980,美妆个护,味道不错,positive,1,0.25
PRODUCT_259808,图书音像,外观好看,positive,3,0.42857142857142855
PRODUCT_259808,图书音像,质量好,positive,1,0.14285714285714285
PRODUCT_259822,图书音像,不推荐,negative,1,0.5
PRODUCT_259848,电脑/办公,包装好,positive,1,1.0
PRODUCT_25994,图书音像,正品放心,positive,1,1.0
PRODUCT_259964,图书音像,正品放心,positive,1,1.0
PRODUCT_259970,图书音像,正品放心,positive,1,0.3333333333333333
PRODUCT_259970,图书音像,疑似假货,negative,1,0.3333333333333333
PRODUCT_259989,图书音像,质量好,positive,1,0.2
PRODUCT_259997,电脑/办公,内容一般,negative,1,1.0
PRODUCT_259997,电脑/办公,容易坏,negative,1,1.0
PRODUCT_259998,图书音像,外观好看,positive,1,1.0
PRODUCT_260001,图书音像,正品放心,positive,1,0.3333333333333333
PRODUCT_260019,图书音像,不推荐,negative,1,1.0
PRODUCT_260124,图书音像,内容不错,positive,1,0.5
PRODUCT_260124,图书音像,味道不错,positive,1,0.5
PRODUCT_260140,图书音像,质量好,positive,1,0.5
PRODUCT_260176,图书音像,正品放心,positive,1,1.0
PRODUCT_260308,美妆个护,正品放心,positive,1,1.0
PRODUCT_260337,图书音像,外观好看,positive,1,1.0
PRODUCT_260342,电脑/办公,正品放心,positive,2,0.125
PRODUCT_260342,电脑/办公,外观好看,positive,1,0.0625
PRODUCT_260372,图书音像,内容不错,positive,1,1.0
PRODUCT_260452,手机/数码,性价比高,positive,1,0.5
PRODUCT_260452,手机/数码,续航差,negative,1,0.5
PRODUCT_260518,电脑/办公,正品放心,positive,3,0.3333333333333333
PRODUCT_260518,电脑/办公,包装好,positive,1,0.1111111111111111
PRODUCT_260518,电脑/办公,质量好,positive,1,0.1111111111111111
PRODUCT_26054,食品/保健,味道不错,positive,1,1.0
PRODUCT_260581,图书音像,不推荐,negative,1,0.5
PRODUCT_260581,图书音像,外观好看,positive,1,0.5
PRODUCT_260581,图书音像,性价比高,positive,1,0.5
PRODUCT_260602,电脑/办公,正品放心,positive,1,0.3333333333333333
PRODUCT_260610,母婴/玩具,味道不错,positive,1,1.0
PRODUCT_260644,电脑/办公,价格贵,negative,1,1.0
PRODUCT_260695,图书音像,包装好,positive,1,0.25
PRODUCT_260695,图书音像,发货快,positive,1,0.25
PRODUCT_260695,图书音像,正品放心,positive,1,0.25
PRODUCT_260695,图书音像,疑似假货,negative,1,0.25
PRODUCT_260702,图书音像,正品放心,positive,1,0.3333333333333333
PRODUCT_260706,图书音像,外观好看,positive,1,1.0
PRODUCT_260715,家居生活,外观好看,positive,1,0.2
PRODUCT_260715,家居生活,容易坏,negative,1,0.2
PRODUCT_26074,电脑/办公,正品放心,positive,1,0.16666666666666666
PRODUCT_260776,母婴/玩具,正品放心,positive,3,0.3333333333333333
PRODUCT_260776,母婴/玩具,会回购,positive,1,0.1111111111111111
PRODUCT_260815,电脑/办公,外观好看,positive,1,1.0
PRODUCT_260981,图书音像,外观一般,negative,1,0.5
PRODUCT_260981,图书音像,外观好看,positive,1,0.5
PRODUCT_261057,美妆个护,不推荐,negative,1,0.5
PRODUCT_261135,图书音像,不推荐,negative,1,1.0
PRODUCT_261294,图书音像,不推荐,negative,1,1.0
PRODUCT_261298,家用电器,外观好看,positive,1,0.5
PRODUCT_261308,家居生活,质量好,positive,1,0.5
PRODUCT_26135,家用电器,正品放心,positive,1,1.0
PRODUCT_26135,家用电器,质量好,positive,1,1.0
PRODUCT_261357,图书音像,性价比高,positive,1,0.25
PRODUCT_261362,图书音像,疑似假货,negative,1,1.0
PRODUCT_261379,图书音像,内容不错,positive,1,0.2
PRODUCT_261379,图书音像,很新鲜,positive,1,0.2
PRODUCT_261379,图书音像,质量好,positive,1,0.2
PRODUCT_261413,电脑/办公,外观好看,positive,1,1.0
PRODUCT_261424,图书音像,质量差,negative,1,1.0
PRODUCT_261461,母婴/玩具,疑似假货,negative,1,1.0
PRODUCT_261527,电脑/办公,外观好看,positive,1,0.5
PRODUCT_261556,电脑/办公,疑似假货,negative,1,1.0
PRODUCT_2616,图书音像,价格贵,negative,1,0.5
PRODUCT_2616,图书音像,正品放心,positive,1,0.5
PRODUCT_2616,图书音像,疑似假货,negative,1,0.5
PRODUCT_26160,图书音像,正品放心,positive,1,1.0
PRODUCT_261726,图书音像,外观好看,positive,2,1.0
PRODUCT_261726,图书音像,正品放心,positive,1,0.5
PRODUCT_261776,家具/家装/建材,会回购,positive,1,1.0
PRODUCT_261780,手机/数码,容易坏,negative,1,0.07692307692307693
PRODUCT_261780,手机/数码,正品放心,positive,1,0.07692307692307693
PRODUCT_261780,手机/数码,续航差,negative,1,0.07692307692307693
PRODUCT_261849,图书音像,正品放心,positive,1,0.2
PRODUCT_261858,图书音像,质量差,negative,1,0.3333333333333333
PRODUCT_261969,图书音像,内容不错,positive,1,1.0
PRODUCT_262008,图书音像,发货快,positive,1,0.5
PRODUCT_262043,手机/数码,包装好,positive,1,0.14285714285714285
PRODUCT_262044,图书音像,会回购,positive,1,1.0
PRODUCT_262056,电脑/办公,会回购,positive,1,0.16666666666666666
PRODUCT_262062,图书音像,质量差,negative,1,1.0
PRODUCT_262103,手机/数码,质量好,positive,1,0.5
PRODUCT_262112,图书音像,内容不错,positive,1,1.0
PRODUCT_262112,图书音像,外观好看,positive,1,1.0
PRODUCT_262158,图书音像,质量好,positive,1,1.0
PRODUCT_262173,服饰服装,外观好看,positive,1,0.5
PRODUCT_262210,图书音像,质量好,positive,1,1.0
PRODUCT_262289,图书音像,内容不错,positive,1,1.0
PRODUCT_262314,图书音像,内容不错,positive,1,0.5
PRODUCT_26240,图书音像,外观好看,positive,1,1.0
PRODUCT_26240,图书音像,正品放心,positive,1,1.0
PRODUCT_262440,母婴/玩具,外观好看,positive,1,1.0
PRODUCT_262440,母婴/玩具,很耐用,positive,1,1.0
PRODUCT_262452,电脑/办公,质量差,negative,1,0.3333333333333333
PRODUCT_262618,图书音像,内容不错,positive,1,0.125
PRODUCT_262635,图书音像,包装差,negative,1,0.5
PRODUCT_262635,图书音像,外观好看,positive,1,0.5
PRODUCT_2627,图书音像,内容不错,positive,1,1.0
PRODUCT_262876,美妆个护,味道不错,positive,1,1.0
PRODUCT_262877,家用电器,外观好看,positive,1,1.0
PRODUCT_262877,家用电器,性价比高,positive,1,1.0
PRODUCT_262965,其他,内容一般,negative,1,0.5
PRODUCT_262995,图书音像,质量好,positive,1,1.0
PRODUCT_263018,电脑/办公,外观好看,positive,2,0.18181818181818182
PRODUCT_263018,电脑/办公,性价比高,positive,2,0.18181818181818182
PRODUCT_263018,电脑/办公,包装差,negative,1,0.09090909090909091
PRODUCT_263018,电脑/办公,正品放心,positive,1,0.09090909090909091
PRODUCT_26305,图书音像,不推荐,negative,1,1.0
PRODUCT_263085,手机/数码,价格贵,negative,1,0.5
PRODUCT_263085,手机/数码,外观好看,positive,1,0.5
PRODUCT_263152,图书音像,包装差,negative,1,0.07692307692307693
PRODUCT_263152,图书音像,发货快,positive,1,0.07692307692307693
PRODUCT_263152,图书音像,质量好,positive,1,0.07692307692307693
PRODUCT_263179,美妆个护,性价比高,positive,2,0.5
PRODUCT_263189,手机/数码,正品放心,positive,1,1.0
PRODUCT_263195,图书音像,外观好看,positive,1,1.0
PRODUCT_26326,图书音像,正品放心,positive,4,0.8
PRODUCT_26326,图书音像,内容不错,positive,1,0.2
PRODUCT_26326,图书音像,性价比高,positive,1,0.2
PRODUCT_263268,电脑/办公,外观好看,positive,1,0.25
PRODUCT_263268,电脑/办公,性价比高,positive,1,0.25
PRODUCT_26339,图书音像,不推荐,negative,1,1.0
PRODUCT_26339,图书音像,内容不错,positive,1,1.0
PRODUCT_26347,母婴/玩具,味道不错,positive,1,1.0
PRODUCT_263470,图书音像,性价比高,positive,1,0.5
PRODUCT_263500,图书音像,价格贵,negative,1,1.0
PRODUCT_263500,图书音像,正品放心,positive,1,1.0
PRODUCT_263508,图书音像,包装好,positive,1,0.1
PRODUCT_263508,图书音像,性价比高,positive,1,0.1
PRODUCT_263508,图书音像,疑似假货,negative,1,0.1
PRODUCT_263508,图书音像,质量好,positive,1,0.1
PRODUCT_263510,图书音像,疑似假货,negative,2,0.4
PRODUCT_263510,图书音像,包装好,positive,1,0.2
PRODUCT_26353,图书音像,不推荐,negative,1,0.25
PRODUCT_26353,图书音像,疑似假货,negative,1,0.25
PRODUCT_263564,图书音像,正品放心,positive,1,0.5
PRODUCT_263582,图书音像,会回购,positive,1,0.3333333333333333
PRODUCT_263617,图书音像,外观好看,positive,1,0.3333333333333333
PRODUCT_263736,食品/保健,内容不错,positive,1,0.0625
PRODUCT_263736,食品/保健,包装差,negative,1,0.0625
PRODUCT_263736,食品/保健,外观好看,positive,1,0.0625
PRODUCT_263736,食品/保健,很新鲜,positive,1,0.0625
PRODUCT_263740,图书音像,质量好,positive,1,0.25
PRODUCT_26390,家用电器,会回购,positive,1,0.5
PRODUCT_263925,母婴/玩具,味道不错,positive,1,0.5
PRODUCT_26394,图书音像,正品放心,positive,1,1.0
PRODUCT_26394,图书音像,质量好,positive,1,1.0
PRODUCT_263974,图书音像,外观好看,positive,1,1.0
PRODUCT_263979,图书音像,包装差,negative,1,0.16666666666666666
PRODUCT_263979,图书音像,外观好看,positive,1,0.16666666666666666
PRODUCT_263983,图书音像,内容不错,positive,2,0.5
PRODUCT_263983,图书音像,性价比高,positive,1,0.25
PRODUCT_264001,图书音像,正品放心,positive,1,1.0
PRODUCT_264192,图书音像,外观好看,positive,1,0.5
PRODUCT_264192,图书音像,性价比高,positive,1,0.5
PRODUCT_26426,美妆个护,正品放心,positive,1,1.0
PRODUCT_264273,图书音像,疑似假货,negative,1,0.5
PRODUCT_264365,图书音像,质量好,positive,1,0.3333333333333333
PRODUCT_264405,图书音像,内容不错,positive,1,1.0
PRODUCT_264561,鞋类箱包,质量差,negative,1,0.5
PRODUCT_264582,图书音像,不推荐,negative,1,0.125
PRODUCT_264582,图书音像,味道不错,positive,1,0.125
PRODUCT_264582,图书音像,很新鲜,positive,1,0.125
PRODUCT_264640,图书音像,疑似假货,negative,1,1.0
PRODUCT_264646,图书音像,内容不错,positive,1,1.0
PRODUCT_264646,图书音像,质量好,positive,1,1.0
PRODUCT_264661,家居生活,正品放心,positive,2,0.4
PRODUCT_264661,家居生活,质量好,positive,1,0.2
PRODUCT_264661,家居生活,质量差,negative,1,0.2
PRODUCT_264734,电脑/办公,价格贵,negative,1,0.125
PRODUCT_264734,电脑/办公,内容一般,negative,1,0.125
PRODUCT_264734,电脑/办公,包装差,negative,1,0.125
PRODUCT_264734,电脑/办公,性价比高,positive,1,0.125
PRODUCT_264734,电脑/办公,疑似假货,negative,1,0.125
PRODUCT_264752,家用电器,外观好看,positive,1,0.2
PRODUCT_264766,图书音像,内容不错,positive,1,0.5
PRODUCT_264831,美妆个护,味道不错,positive,1,1.0
PRODUCT_264852,图书音像,正品放心,positive,1,0.3333333333333333
PRODUCT_264894,家居生活,很耐用,positive,1,1.0
PRODUCT_264936,其他,正品放心,positive,1,0.3333333333333333
PRODUCT_264936,其他,质量好,positive,1,0.3333333333333333
PRODUCT_26497,图书音像,质量差,negative,1,1.0
PRODUCT_264970,图书音像,性价比高,positive,1,0.5
PRODUCT_26498,图书音像,价格贵,negative,1,1.0
PRODUCT_26498,图书音像,性价比高,positive,1,1.0
PRODUCT_26498,图书音像,正品放心,positive,1,1.0
PRODUCT_264998,图书音像,外观好看,positive,1,1.0
PRODUCT_265029,其他,正品放心,positive,1,1.0
PRODUCT_265079,美妆个护,味道不错,positive,1,0.5
PRODUCT_265115,家用电器,会回购,positive,1,1.0
PRODUCT_265115,家用电器,性价比高,positive,1,1.0
PRODUCT_265195,图书音像,正品放心,positive,1,0.3333333333333333
PRODUCT_265195,图书音像,质量好,positive,1,0.3333333333333333
PRODUCT_2652,图书音像,内容一般,negative,2,0.08
PRODUCT_2652,图书音像,内容不错,positive,1,0.04
PRODUCT_2652,图书音像,包装好,positive,1,0.04
PRODUCT_2652,图书音像,质量好,positive,1,0.04
PRODUCT_265221,图书音像,会回购,positive,1,1.0
PRODUCT_265245,图书音像,尺码不准,negative,1,1.0
PRODUCT_265282,图书音像,质量好,positive,1,0.5
PRODUCT_265447,图书音像,质量好,positive,1,1.0
PRODUCT_265451,图书音像,正品放心,positive,1,1.0
PRODUCT_265452,图书音像,会回购,positive,1,0.07692307692307693
PRODUCT_265452,图书音像,内容不错,positive,1,0.07692307692307693
PRODUCT_265452,图书音像,发货快,positive,1,0.07692307692307693
PRODUCT_265452,图书音像,性价比高,positive,1,0.07692307692307693
PRODUCT_265452,图书音像,正品放心,positive,1,0.07692307692307693
PRODUCT_265452,图书音像,质量好,positive,1,0.07692307692307693
PRODUCT_265455,图书音像,外观好看,positive,1,0.25
PRODUCT_265495,电脑/办公,外观好看,positive,1,0.3333333333333333
PRODUCT_265521,图书音像,外观好看,positive,1,0.125
PRODUCT_265567,手机/数码,正品放心,positive,1,0.5
PRODUCT_265571,图书音像,质量好,positive,1,1.0
PRODUCT_265598,图书音像,正品放心,positive,4,0.4444444444444444
PRODUCT_265598,图书音像,包装差,negative,1,0.1111111111111111
PRODUCT_265636,图书音像,不推荐,negative,1,1.0
PRODUCT_265636,图书音像,质量差,negative,1,1.0
PRODUCT_265660,图书音像,性价比高,positive,1,0.25
PRODUCT_265743,图书音像,价格贵,negative,1,0.5
PRODUCT_265749,图书音像,质量好,positive,1,1.0
PRODUCT_265783,图书音像,质量好,positive,1,1.0
PRODUCT_265810,图书音像,内容不错,positive,1,1.0
PRODUCT_265838,图书音像,性价比高,positive,5,0.45454545454545453
PRODUCT_265838,图书音像,会回购,positive,1,0.09090909090909091
PRODUCT_265846,图书音像,不推荐,negative,1,1.0
PRODUCT_265871,图书音像,外观好看,positive,1,1.0
PRODUCT_265889,图书音像,内容不错,positive,1,0.25
PRODUCT_265918,图书音像,很新鲜,positive,1,1.0
PRODUCT_265960,图书音像,外观好看,positive,1,0.3333333333333333
PRODUCT_265975,图书音像,外观好看,positive,1,0.25
PRODUCT_26601,图书音像,内容不错,positive,1,1.0
PRODUCT_266035,图书音像,很新鲜,positive,1,1.0
PRODUCT_266055,家具/家装/建材,包装好,positive,2,0.2857142857142857
PRODUCT_266055,家具/家装/建材,包装差,negative,1,0.14285714285714285
PRODUCT_266094,美妆个护,正品放心,positive,1,1.0
PRODUCT_266105,图书音像,内容不错,positive,1,0.5
PRODUCT_266105,图书音像,正品放心,positive,1,0.5
PRODUCT_266118,电脑/办公,价格贵,negative,1,0.14285714285714285
PRODUCT_266118,电脑/办公,很耐用,positive,1,0.14285714285714285
PRODUCT_266150,图书音像,质量好,positive,1,0.5
PRODUCT_266191,图书音像,性价比高,positive,1,1.0
PRODUCT_266220,图书音像,内容不错,positive,1,1.0
PRODUCT_266220,图书音像,外观好看,positive,1,1.0
PRODUCT_266231,其他,性价比高,positive,1,1.0
PRODUCT_266248,食品/保健,味道不错,positive,1,1.0
PRODUCT_266263,电脑/办公,会回购,positive,1,0.5
PRODUCT_266399,手机/数码,正品放心,positive,1,0.5
PRODUCT_26646,图书音像,疑似假货,negative,1,0.3333333333333333
PRODUCT_266466,家具/家装/建材,尺码不准,negative,1,1.0
PRODUCT_26648,图书音像,质量差,negative,1,0.5
PRODUCT_266489,图书音像,包装差,negative,1,1.0
PRODUCT_266513,图书音像,质量好,positive,1,0.3333333333333333
PRODUCT_266524,美妆个护,正品放心,positive,1,1.0
PRODUCT_266524,美妆个护,疑似假货,negative,1,1.0
PRODUCT_266546,图书音像,正品放心,positive,1,1.0
PRODUCT_266559,图书音像,外观好看,positive,1,1.0
PRODUCT_266568,美妆个护,正品放心,positive,1,1.0
PRODUCT_266611,家用电器,外观好看,positive,1,0.2
PRODUCT_266611,家用电器,正品放心,positive,1,0.2
PRODUCT_266613,图书音像,正品放心,positive,1,0.3333333333333333
PRODUCT_266613,图书音像,质量好,positive,1,0.3333333333333333
PRODUCT_266613,图书音像,质量差,negative,1,0.3333333333333333
PRODUCT_266633,图书音像,发货快,positive,1,1.0
PRODUCT_266664,图书音像,外观一般,negative,1,1.0
PRODUCT_266670,手机/数码,价格贵,negative,1,0.3333333333333333
PRODUCT_266670,手机/数码,内容不错,positive,1,0.3333333333333333
PRODUCT_266670,手机/数码,味道不错,positive,1,0.3333333333333333
PRODUCT_266670,手机/数码,外观好看,positive,1,0.3333333333333333
PRODUCT_266702,图书音像,内容不错,positive,1,0.25
PRODUCT_266702,图书音像,外观好看,positive,1,0.25
PRODUCT_266755,图书音像,外观好看,positive,1,0.3333333333333333
PRODUCT_266755,图书音像,性价比高,positive,1,0.3333333333333333
PRODUCT_266774,图书音像,包装差,negative,1,0.2
PRODUCT_266804,钟表/首饰/眼镜/礼品,正品放心,positive,2,0.25
PRODUCT_266804,钟表/首饰/眼镜/礼品,发货快,positive,1,0.125
PRODUCT_26683,家用电器,疑似假货,negative,1,1.0
PRODUCT_266938,图书音像,正品放心,positive,1,1.0
PRODUCT_266963,食品/保健,正品放心,positive,1,0.5
PRODUCT_266973,手机/数码,质量好,positive,1,0.5
PRODUCT_266987,图书音像,包装差,negative,1,0.5
PRODUCT_266987,图书音像,正品放心,positive,1,0.5
PRODUCT_266987,图书音像,疑似假货,negative,1,0.5
PRODUCT_266990,图书音像,包装差,negative,1,0.3333333333333333
PRODUCT_267010,电脑/办公,外观好看,positive,1,1.0
PRODUCT_267028,图书音像,质量好,positive,1,1.0
PRODUCT_267067,电脑/办公,性价比高,positive,1,0.3333333333333333
PRODUCT_267067,电脑/办公,正品放心,positive,1,0.3333333333333333
PRODUCT_267136,图书音像,外观好看,positive,1,0.5
PRODUCT_267136,图书音像,质量好,positive,1,0.5
PRODUCT_267162,图书音像,包装差,negative,1,1.0
PRODUCT_267162,图书音像,正品放心,positive,1,1.0
PRODUCT_267183,电脑/办公,外观好看,positive,1,0.2
PRODUCT_267183,电脑/办公,正品放心,positive,1,0.2
PRODUCT_267184,电脑/办公,外观好看,positive,1,0.14285714285714285
PRODUCT_267193,家用电器,外观好看,positive,1,0.5
PRODUCT_267201,图书音像,外观好看,positive,1,0.2
PRODUCT_267201,图书音像,质量差,negative,1,0.2
PRODUCT_267202,图书音像,外观好看,positive,1,1.0
PRODUCT_267237,图书音像,很新鲜,positive,1,1.0
PRODUCT_267244,食品/保健,味道不错,positive,1,1.0
PRODUCT_267316,图书音像,内容不错,positive,1,1.0
PRODUCT_267343,图书音像,内容不错,positive,1,1.0
PRODUCT_26735,图书音像,包装差,negative,1,1.0
PRODUCT_267469,服饰服装,正品放心,positive,1,1.0
PRODUCT_267469,服饰服装,疑似假货,negative,1,1.0
PRODUCT_267496,电脑/办公,包装好,positive,1,0.5
PRODUCT_267534,图书音像,性价比高,positive,1,1.0
PRODUCT_267651,图书音像,外观好看,positive,1,1.0
PRODUCT_267687,家具/家装/建材,很耐用,positive,1,1.0
PRODUCT_267687,家具/家装/建材,质量好,positive,1,1.0
PRODUCT_267705,图书音像,发货快,positive,1,0.1111111111111111
PRODUCT_267722,图书音像,内容不错,positive,1,1.0
PRODUCT_267754,电脑/办公,外观好看,positive,1,0.125
PRODUCT_267878,手机/数码,尺码不准,negative,1,0.3333333333333333
PRODUCT_268003,图书音像,内容不错,positive,1,0.5
PRODUCT_268003,图书音像,容易坏,negative,1,0.5
PRODUCT_268014,鞋类箱包,尺码不准,negative,1,1.0
PRODUCT_268032,家用电器,内容一般,negative,1,0.25
PRODUCT_268032,家用电器,容易坏,negative,1,0.25
PRODUCT_268032,家用电器,性价比高,positive,1,0.25
PRODUCT_268082,图书音像,性价比高,positive,1,1.0
PRODUCT_268139,手机/数码,外观好看,positive,1,1.0
PRODUCT_268139,手机/数码,容易坏,negative,1,1.0
PRODUCT_268139,手机/数码,正品放心,positive,1,1.0
PRODUCT_26824,家用电器,包装差,negative,1,0.14285714285714285
PRODUCT_26824,家用电器,外观好看,positive,1,0.14285714285714285
PRODUCT_26824,家用电器,尺码合适,positive,1,0.14285714285714285
PRODUCT_26824,家用电器,很耐用,positive,1,0.14285714285714285
PRODUCT_268959,图书音像,疑似假货,negative,1,1.0
PRODUCT_269075,图书音像,不推荐,negative,1,1.0
PRODUCT_269157,图书音像,外观好看,positive,1,1.0
PRODUCT_269235,钟表/首饰/眼镜/礼品,容易坏,negative,1,1.0
PRODUCT_269251,图书音像,内容不错,positive,2,0.18181818181818182
PRODUCT_269251,图书音像,外观好看,positive,1,0.09090909090909091
PRODUCT_269251,图书音像,疑似假货,negative,1,0.09090909090909091
PRODUCT_2693,图书音像,外观好看,positive,1,1.0
PRODUCT_269307,图书音像,正品放心,positive,1,0.2
PRODUCT_269327,图书音像,质量好,positive,1,0.5
PRODUCT_269408,图书音像,性价比高,positive,1,0.5
PRODUCT_269440,图书音像,质量好,positive,1,1.0
PRODUCT_269446,图书音像,会回购,positive,1,1.0
PRODUCT_269572,图书音像,内容不错,positive,1,1.0
PRODUCT_269578,图书音像,质量差,negative,1,1.0
PRODUCT_2696,图书音像,性价比高,positive,2,0.6666666666666666
PRODUCT_269626,图书音像,正品放心,positive,1,0.3333333333333333
PRODUCT_269626,图书音像,疑似假货,negative,1,0.3333333333333333
PRODUCT_269720,图书音像,外观好看,positive,1,0.2
PRODUCT_269736,电脑/办公,很耐用,positive,1,1.0
PRODUCT_269828,图书音像,会回购,positive,1,0.3333333333333333
PRODUCT_269828,图书音像,内容不错,positive,1,0.3333333333333333
PRODUCT_269876,图书音像,内容不错,positive,1,1.0
PRODUCT_269914,图书音像,正品放心,positive,1,1.0
PRODUCT_269914,图书音像,质量好,positive,1,1.0
PRODUCT_269917,图书音像,正品放心,positive,2,0.125
PRODUCT_269917,图书音像,外观好看,positive,1,0.0625
PRODUCT_269917,图书音像,疑似假货,negative,1,0.0625
PRODUCT_26992,图书音像,正品放心,positive,1,1.0
PRODUCT_26992,图书音像,疑似假货,negative,1,1.0
PRODUCT_26992,图书音像,质量差,negative,1,1.0
PRODUCT_269934,图书音像,正品放心,positive,1,0.14285714285714285
PRODUCT_269957,图书音像,不推荐,negative,1,0.5
PRODUCT_270072,图书音像,性价比高,positive,1,0.08333333333333333
PRODUCT_270112,图书音像,外观好看,positive,1,1.0
PRODUCT_270244,图书音像,内容不错,positive,1,0.16666666666666666
PRODUCT_270250,图书音像,质量差,negative,1,1.0
PRODUCT_270270,美妆个护,味道不错,positive,1,0.16666666666666666
PRODUCT_270270,美妆个护,外观好看,positive,1,0.16666666666666666
PRODUCT_270328,电脑/办公,性价比高,positive,1,1.0
PRODUCT_270329,图书音像,会回购,positive,1,0.3333333333333333
PRODUCT_27035,电脑/办公,容易坏,negative,1,1.0
PRODUCT_27035,电脑/办公,正品放心,positive,1,1.0
PRODUCT_27035,电脑/办公,质量好,positive,1,1.0
PRODUCT_270495,美妆个护,味道不错,positive,2,0.6666666666666666
PRODUCT_270495,美妆个护,正品放心,positive,2,0.6666666666666666
PRODUCT_270542,图书音像,内容不错,positive,1,1.0
PRODUCT_270557,图书音像,质量好,positive,1,0.3333333333333333
PRODUCT_270594,电脑/办公,性价比高,positive,8,0.15384615384615385
PRODUCT_270594,电脑/办公,正品放心,positive,2,0.038461538461538464
PRODUCT_270594,电脑/办公,不推荐,negative,1,0.019230769230769232
PRODUCT_270594,电脑/办公,会回购,positive,1,0.019230769230769232
PRODUCT_270594,电脑/办公,内容一般,negative,1,0.019230769230769232
PRODUCT_270594,电脑/办公,包装好,positive,1,0.019230769230769232
PRODUCT_270594,电脑/办公,外观好看,positive,1,0.019230769230769232
PRODUCT_270594,电脑/办公,客服好,positive,1,0.019230769230769232
PRODUCT_270594,电脑/办公,容易坏,negative,1,0.019230769230769232
PRODUCT_270594,电脑/办公,疑似假货,negative,1,0.019230769230769232
PRODUCT_270627,美妆个护,不推荐,negative,1,1.0
PRODUCT_270627,美妆个护,疑似假货,negative,1,1.0
PRODUCT_270684,美妆个护,正品放心,positive,1,1.0
PRODUCT_2707,图书音像,内容一般,negative,1,0.3333333333333333
PRODUCT_2707,图书音像,性价比高,positive,1,0.3333333333333333
PRODUCT_270714,家具/家装/建材,尺码不准,negative,1,1.0
PRODUCT_270722,图书音像,内容一般,negative,1,0.3333333333333333
PRODUCT_270722,图书音像,性价比高,positive,1,0.3333333333333333
PRODUCT_270732,电脑/办公,会回购,positive,1,0.3333333333333333
PRODUCT_270809,图书音像,质量好,positive,1,1.0
PRODUCT_270823,图书音像,内容一般,negative,1,1.0
PRODUCT_270841,电脑/办公,外观好看,positive,1,0.3333333333333333
PRODUCT_270981,图书音像,包装好,positive,1,0.25
PRODUCT_271037,图书音像,正品放心,positive,2,0.16666666666666666
PRODUCT_271046,美妆个护,正品放心,positive,1,0.25
PRODUCT_271073,图书音像,不推荐,negative,1,0.5
PRODUCT_271303,图书音像,正品放心,positive,1,0.5
PRODUCT_271376,其他,正品放心,positive,1,1.0
PRODUCT_271441,图书音像,很新鲜,positive,1,0.25
PRODUCT_271441,图书音像,正品放心,positive,1,0.25
PRODUCT_271463,图书音像,质量差,negative,1,1.0
PRODUCT_271560,图书音像,质量好,positive,1,1.0
PRODUCT_271624,图书音像,内容不错,positive,1,0.2
PRODUCT_271624,图书音像,性价比高,positive,1,0.2
PRODUCT_271779,手机/数码,外观好看,positive,1,1.0
PRODUCT_271787,图书音像,内容不错,positive,1,0.25
PRODUCT_271793,电脑/办公,尺码不准,negative,1,1.0
PRODUCT_271798,图书音像,疑似假货,negative,1,1.0
PRODUCT_271802,图书音像,味道不错,positive,1,0.5
PRODUCT_271828,图书音像,会回购,positive,1,0.5
PRODUCT_271830,图书音像,外观好看,positive,1,0.3333333333333333
PRODUCT_271839,图书音像,会回购,positive,1,0.5
PRODUCT_271839,图书音像,内容不错,positive,1,0.5
PRODUCT_271899,电脑/办公,外观好看,positive,1,1.0
PRODUCT_271904,图书音像,质量好,positive,1,1.0
PRODUCT_272025,家居生活,外观好看,positive,1,0.3333333333333333
PRODUCT_272165,图书音像,正品放心,positive,1,0.2
PRODUCT_272171,手机/数码,价格贵,negative,1,0.2
PRODUCT_272172,手机/数码,外观好看,positive,1,0.25
PRODUCT_27218,家用电器,质量好,positive,1,1.0
PRODUCT_272216,手机/数码,外观好看,positive,1,1.0
PRODUCT_272217,手机/数码,内容一般,negative,1,0.5
PRODUCT_272230,电脑/办公,外观好看,positive,1,0.07142857142857142
PRODUCT_272230,电脑/办公,性价比高,positive,1,0.07142857142857142
PRODUCT_272247,美妆个护,味道不错,positive,1,0.5
PRODUCT_272247,美妆个护,外观好看,positive,1,0.5
PRODUCT_272247,美妆个护,正品放心,positive,1,0.5
PRODUCT_272307,图书音像,正品放心,positive,1,0.25
PRODUCT_272347,家居生活,质量好,positive,1,1.0
PRODUCT_272384,家用电器,价格贵,negative,1,0.5
PRODUCT_272384,家用电器,正品放心,positive,1,0.5
PRODUCT_272428,手机/数码,外观好看,positive,1,0.25
PRODUCT_272428,手机/数码,质量好,positive,1,0.25
PRODUCT_272435,图书音像,价格贵,negative,1,1.0
PRODUCT_272440,电脑/办公,正品放心,positive,1,0.25
PRODUCT_272454,图书音像,正品放心,positive,2,1.0
PRODUCT_272454,图书音像,质量好,positive,1,0.5
PRODUCT_272468,图书音像,正品放心,positive,1,1.0
PRODUCT_272500,其他,外观好看,positive,1,0.5
PRODUCT_272545,电脑/办公,质量差,negative,1,1.0
PRODUCT_272559,图书音像,正品放心,positive,1,0.5
PRODUCT_272561,图书音像,内容不错,positive,1,0.16666666666666666
PRODUCT_272561,图书音像,质量好,positive,1,0.16666666666666666
PRODUCT_272575,电脑/办公,续航差,negative,1,0.5
PRODUCT_272629,图书音像,外观好看,positive,1,1.0
PRODUCT_272713,家具/家装/建材,很耐用,positive,1,1.0
PRODUCT_272713,家具/家装/建材,质量差,negative,1,1.0
PRODUCT_272720,图书音像,很新鲜,positive,1,1.0
PRODUCT_272740,图书音像,会回购,positive,1,1.0
PRODUCT_272815,图书音像,疑似假货,negative,1,1.0
PRODUCT_272906,图书音像,疑似假货,negative,1,1.0
PRODUCT_273036,家具/家装/建材,外观好看,positive,2,0.5
PRODUCT_273036,家具/家装/建材,质量好,positive,1,0.25
PRODUCT_273122,美妆个护,包装好,positive,1,0.5
PRODUCT_273122,美妆个护,外观好看,positive,1,0.5
PRODUCT_273122,美妆个护,正品放心,positive,1,0.5
PRODUCT_273122,美妆个护,物流慢,negative,1,0.5
PRODUCT_273155,图书音像,价格贵,negative,1,1.0
PRODUCT_27322,家具/家装/建材,性价比高,positive,1,0.2
PRODUCT_27322,家具/家装/建材,质量好,positive,1,0.2
PRODUCT_273287,家用电器,性价比高,positive,1,0.16666666666666666
PRODUCT_273289,图书音像,质量好,positive,1,0.5
PRODUCT_27332,图书音像,质量差,negative,1,1.0
PRODUCT_273375,手机/数码,质量差,negative,1,1.0
PRODUCT_2734,图书音像,很新鲜,positive,1,0.5
PRODUCT_273427,美妆个护,内容一般,negative,1,0.3333333333333333
PRODUCT_273486,家用电器,正品放心,positive,1,0.25
PRODUCT_273512,图书音像,质量好,positive,1,1.0
PRODUCT_273761,图书音像,质量好,positive,2,0.08695652173913043
PRODUCT_273761,图书音像,不推荐,negative,1,0.043478260869565216
PRODUCT_273761,图书音像,包装好,positive,1,0.043478260869565216
PRODUCT_273761,图书音像,包装差,negative,1,0.043478260869565216
PRODUCT_273761,图书音像,外观好看,positive,1,0.043478260869565216
PRODUCT_273810,图书音像,正品放心,positive,1,1.0
PRODUCT_273810,图书音像,质量好,positive,1,1.0
PRODUCT_27396,美妆个护,正品放心,positive,2,0.18181818181818182
PRODUCT_27396,美妆个护,疑似假货,negative,1,0.09090909090909091
PRODUCT_27404,图书音像,外观好看,positive,1,1.0
PRODUCT_274091,其他,性价比高,positive,1,1.0
PRODUCT_274183,图书音像,正品放心,positive,1,0.3333333333333333
PRODUCT_274234,手机/数码,正品放心,positive,1,0.25
PRODUCT_274250,图书音像,正品放心,positive,1,1.0
PRODUCT_274305,图书音像,内容不错,positive,1,0.3333333333333333
PRODUCT_274327,图书音像,疑似假货,negative,1,0.5
PRODUCT_27433,图书音像,包装好,positive,1,0.5
PRODUCT_27433,图书音像,正品放心,positive,1,0.5
PRODUCT_274531,图书音像,外观好看,positive,1,0.16666666666666666
PRODUCT_274544,图书音像,外观一般,negative,1,1.0
PRODUCT_274552,母婴/玩具,内容不错,positive,1,0.3333333333333333
PRODUCT_274611,图书音像,内容不错,positive,1,1.0
PRODUCT_274664,图书音像,内容不错,positive,1,1.0
PRODUCT_2747,美妆个护,味道不错,positive,1,1.0
PRODUCT_274881,图书音像,很新鲜,positive,1,0.5
PRODUCT_274972,电脑/办公,外观好看,positive,1,0.5
PRODUCT_274972,电脑/办公,性价比高,positive,1,0.5
PRODUCT_275023,图书音像,性价比高,positive,1,0.25
PRODUCT_275034,图书音像,味道不错,positive,1,0.5
PRODUCT_275037,图书音像,疑似假货,negative,1,0.5
PRODUCT_275062,图书音像,容易坏,negative,1,0.3333333333333333
PRODUCT_275089,图书音像,价格贵,negative,1,1.0
PRODUCT_2751,图书音像,疑似假货,negative,1,1.0
PRODUCT_275149,图书音像,正品放心,positive,1,0.2
PRODUCT_275149,图书音像,质量差,negative,1,0.2
PRODUCT_275175,图书音像,容易坏,negative,1,1.0
PRODUCT_275177,图书音像,容易坏,negative,1,1.0
PRODUCT_275220,图书音像,疑似假货,negative,1,1.0
PRODUCT_275253,图书音像,正品放心,positive,1,1.0
PRODUCT_275286,图书音像,正品放心,positive,1,1.0
PRODUCT_275290,图书音像,会回购,positive,1,0.2
PRODUCT_275290,图书音像,正品放心,positive,1,0.2
PRODUCT_275290,图书音像,疑似假货,negative,1,0.2
PRODUCT_275294,图书音像,正品放心,positive,1,1.0
PRODUCT_275304,图书音像,内容不错,positive,1,0.5
PRODUCT_275376,图书音像,内容不错,positive,2,0.2857142857142857
PRODUCT_275376,图书音像,正品放心,positive,1,0.14285714285714285
PRODUCT_275419,图书音像,外观一般,negative,1,1.0
PRODUCT_275419,图书音像,外观好看,positive,1,1.0
PRODUCT_275465,图书音像,外观好看,positive,1,1.0
PRODUCT_275533,图书音像,质量好,positive,1,1.0
PRODUCT_275536,家用电器,外观好看,positive,1,1.0
PRODUCT_275536,家用电器,性价比高,positive,1,1.0
PRODUCT_275570,运动户外,正品放心,positive,1,1.0
PRODUCT_275570,运动户外,物流慢,negative,1,1.0
PRODUCT_275615,图书音像,性价比高,positive,1,1.0
PRODUCT_275646,图书音像,包装差,negative,1,1.0
PRODUCT_275697,图书音像,包装差,negative,1,1.0
PRODUCT_275710,图书音像,疑似假货,negative,1,1.0
PRODUCT_275788,家具/家装/建材,性价比高,positive,1,0.16666666666666666
PRODUCT_275788,家具/家装/建材,质量差,negative,1,0.16666666666666666
PRODUCT_275902,图书音像,不推荐,negative,2,0.3333333333333333
PRODUCT_275902,图书音像,会回购,positive,1,0.16666666666666666
PRODUCT_275902,图书音像,正品放心,positive,1,0.16666666666666666
PRODUCT_275928,家居生活,正品放心,positive,2,0.2857142857142857
PRODUCT_275928,家居生活,不推荐,negative,1,0.14285714285714285
PRODUCT_27598,图书音像,包装差,negative,1,0.5
PRODUCT_275988,图书音像,正品放心,positive,1,1.0
PRODUCT_275991,图书音像,质量好,positive,1,1.0
PRODUCT_276022,美妆个护,正品放心,positive,1,0.5
PRODUCT_276026,家用电器,正品放心,positive,1,0.3333333333333333
PRODUCT_276026,家用电器,疑似假货,negative,1,0.3333333333333333
PRODUCT_276042,美妆个护,正品放心,positive,1,1.0
PRODUCT_27605,手机/数码,容易坏,negative,1,0.5
PRODUCT_27605,手机/数码,疑似假货,negative,1,0.5
PRODUCT_276059,图书音像,正品放心,positive,1,1.0
PRODUCT_276059,图书音像,质量好,positive,1,1.0
PRODUCT_276075,母婴/玩具,味道不错,positive,1,1.0
PRODUCT_276099,图书音像,外观好看,positive,1,0.5
PRODUCT_276099,图书音像,质量差,negative,1,0.5
PRODUCT_276101,图书音像,外观好看,positive,1,1.0
PRODUCT_276102,鞋类箱包,正品放心,positive,2,0.3333333333333333
PRODUCT_276102,鞋类箱包,包装好,positive,1,0.16666666666666666
PRODUCT_276102,鞋类箱包,物流慢,negative,1,0.16666666666666666
PRODUCT_276102,鞋类箱包,质量好,positive,1,0.16666666666666666
PRODUCT_276165,图书音像,外观好看,positive,1,0.5
PRODUCT_276165,图书音像,性价比高,positive,1,0.5
PRODUCT_276194,图书音像,外观一般,negative,1,0.5
PRODUCT_276194,图书音像,外观好看,positive,1,0.5
PRODUCT_276195,电脑/办公,外观好看,positive,1,0.25
PRODUCT_276195,电脑/办公,正品放心,positive,1,0.25
PRODUCT_276223,图书音像,会回购,positive,1,1.0
PRODUCT_276274,电脑/办公,质量好,positive,1,0.2
PRODUCT_276288,图书音像,外观好看,positive,1,1.0
PRODUCT_276315,图书音像,容易坏,negative,1,1.0
PRODUCT_276384,图书音像,正品放心,positive,1,1.0
PRODUCT_276420,图书音像,正品放心,positive,3,0.21428571428571427
PRODUCT_276420,图书音像,外观好看,positive,2,0.14285714285714285
PRODUCT_276420,图书音像,质量好,positive,2,0.14285714285714285
PRODUCT_276468,图书音像,内容一般,negative,1,0.5
PRODUCT_276468,图书音像,性价比高,positive,1,0.5
PRODUCT_276519,图书音像,性价比高,positive,1,0.5
PRODUCT_276585,图书音像,疑似假货,negative,2,0.18181818181818182
PRODUCT_276585,图书音像,包装好,positive,1,0.09090909090909091
PRODUCT_276585,图书音像,外观好看,positive,1,0.09090909090909091
PRODUCT_276585,图书音像,质量好,positive,1,0.09090909090909091
PRODUCT_276605,手机/数码,很耐用,positive,1,1.0
PRODUCT_276605,手机/数码,续航差,negative,1,1.0
PRODUCT_276613,家用电器,外观好看,positive,1,0.3333333333333333
PRODUCT_276613,家用电器,尺码合适,positive,1,0.3333333333333333
PRODUCT_276613,家用电器,性价比高,positive,1,0.3333333333333333
PRODUCT_276616,图书音像,性价比高,positive,2,0.4
PRODUCT_276616,图书音像,包装好,positive,1,0.2
PRODUCT_276616,图书音像,外观好看,positive,1,0.2
PRODUCT_276619,图书音像,内容不错,positive,1,0.25
PRODUCT_276619,图书音像,性价比高,positive,1,0.25
PRODUCT_276646,家用电器,性价比高,positive,1,0.3333333333333333
PRODUCT_276691,图书音像,正品放心,positive,1,0.3333333333333333
PRODUCT_276691,图书音像,质量差,negative,1,0.3333333333333333
PRODUCT_276702,图书音像,正品放心,positive,1,1.0
PRODUCT_276710,家用电器,内容不错,positive,1,1.0
PRODUCT_276710,家用电器,外观一般,negative,1,1.0
PRODUCT_276757,手机/数码,容易坏,negative,1,0.2
PRODUCT_276789,图书音像,性价比高,positive,1,0.2
PRODUCT_276814,图书音像,包装差,negative,1,0.5
PRODUCT_276877,家用电器,发货快,positive,1,0.3333333333333333
PRODUCT_276877,家用电器,性价比高,positive,1,0.3333333333333333
PRODUCT_276877,家用电器,质量好,positive,1,0.3333333333333333
PRODUCT_276915,图书音像,会回购,positive,1,0.1
PRODUCT_276924,图书音像,包装差,negative,1,0.5
PRODUCT_27697,手机/数码,内容一般,negative,1,1.0
PRODUCT_27697,手机/数码,质量差,negative,1,1.0
PRODUCT_276994,图书音像,外观好看,positive,1,1.0
PRODUCT_277132,美妆个护,发货快,positive,1,0.5
PRODUCT_277135,图书音像,质量好,positive,1,0.2
PRODUCT_277341,图书音像,内容不错,positive,1,0.5
PRODUCT_277345,图书音像,很新鲜,positive,1,0.5
PRODUCT_277345,图书音像,性价比高,positive,1,0.5
PRODUCT_277378,图书音像,内容一般,negative,1,0.5
PRODUCT_277388,家用电器,味道一般,negative,1,0.5
PRODUCT_277419,图书音像,疑似假货,negative,1,1.0
PRODUCT_277419,图书音像,质量差,negative,1,1.0
PRODUCT_27742,电脑/办公,正品放心,positive,1,1.0
PRODUCT_27742,电脑/办公,疑似假货,negative,1,1.0
PRODUCT_277560,图书音像,内容一般,negative,1,1.0
PRODUCT_277567,图书音像,质量好,positive,1,1.0
PRODUCT_277579,图书音像,正品放心,positive,1,0.5
PRODUCT_277600,图书音像,正品放心,positive,1,0.3333333333333333
PRODUCT_277616,图书音像,价格贵,negative,1,1.0
PRODUCT_277722,图书音像,性价比高,positive,1,0.25
PRODUCT_277793,食品/保健,外观好看,positive,1,1.0
PRODUCT_277851,图书音像,质量好,positive,1,1.0
PRODUCT_277972,图书音像,很新鲜,positive,1,0.07692307692307693
PRODUCT_277972,图书音像,正品放心,positive,1,0.07692307692307693
PRODUCT_277978,美妆个护,包装好,positive,1,1.0
PRODUCT_277978,美妆个护,正品放心,positive,1,1.0
PRODUCT_278042,家用电器,性价比高,positive,1,0.5
PRODUCT_278042,家用电器,质量好,positive,1,0.5
PRODUCT_278046,图书音像,外观好看,positive,1,0.2
PRODUCT_278076,图书音像,性价比高,positive,1,1.0
PRODUCT_27811,图书音像,质量好,positive,1,0.5
PRODUCT_278116,图书音像,内容不错,positive,1,1.0
PRODUCT_278144,图书音像,质量差,negative,1,0.5
PRODUCT_278149,家居生活,外观好看,positive,2,0.5
PRODUCT_278152,图书音像,外观好看,positive,1,1.0
PRODUCT_278152,图书音像,正品放心,positive,1,1.0
PRODUCT_278164,电脑/办公,很耐用,positive,1,0.09090909090909091
PRODUCT_278210,食品/保健,味道不错,positive,1,1.0
PRODUCT_278271,图书音像,外观好看,positive,1,0.2
PRODUCT_278273,美妆个护,正品放心,positive,1,0.14285714285714285
PRODUCT_2783,母婴/玩具,很新鲜,positive,1,0.5
PRODUCT_278343,图书音像,内容不错,positive,1,1.0
PRODUCT_278368,家用电器,外观好看,positive,1,1.0
PRODUCT_278385,其他,外观一般,negative,1,0.25
PRODUCT_278385,其他,外观好看,positive,1,0.25
PRODUCT_278389,电脑/办公,外观好看,positive,3,0.42857142857142855
PRODUCT_278389,电脑/办公,价格贵,negative,1,0.14285714285714285
PRODUCT_278389,电脑/办公,性价比高,positive,1,0.14285714285714285
PRODUCT_278420,美妆个护,正品放心,positive,1,0.5
PRODUCT_278463,图书音像,包装差,negative,1,0.1
PRODUCT_278463,图书音像,正品放心,positive,1,0.1
PRODUCT_278463,图书音像,质量好,positive,1,0.1
PRODUCT_278463,图书音像,质量差,negative,1,0.1
PRODUCT_278524,手机/数码,质量差,negative,1,0.3333333333333333
PRODUCT_278585,家居生活,外观好看,positive,1,1.0
PRODUCT_278597,图书音像,外观好看,positive,1,0.3333333333333333
PRODUCT_27861,手机/数码,价格贵,negative,1,0.16666666666666666
PRODUCT_27861,手机/数码,会回购,positive,1,0.16666666666666666
PRODUCT_27861,手机/数码,正品放心,positive,1,0.16666666666666666
PRODUCT_278664,电脑/办公,外观好看,positive,1,0.5
PRODUCT_278869,母婴/玩具,包装好,positive,1,1.0
PRODUCT_278869,母婴/玩具,包装差,negative,1,1.0
PRODUCT_278960,电脑/办公,发货快,positive,1,0.14285714285714285
PRODUCT_279091,图书音像,质量差,negative,1,1.0
PRODUCT_279143,图书音像,正品放心,positive,1,1.0
PRODUCT_279152,图书音像,质量好,positive,1,1.0
PRODUCT_279234,图书音像,客服好,positive,1,1.0
PRODUCT_279241,手机/数码,正品放心,positive,2,0.18181818181818182
PRODUCT_279241,手机/数码,包装好,positive,1,0.09090909090909091
PRODUCT_279241,手机/数码,发货快,positive,1,0.09090909090909091
PRODUCT_279246,手机/数码,外观好看,positive,1,1.0
PRODUCT_279325,图书音像,质量好,positive,1,1.0
PRODUCT_279331,图书音像,外观好看,positive,1,0.5
PRODUCT_279354,图书音像,疑似假货,negative,1,0.3333333333333333
PRODUCT_279398,图书音像,外观好看,positive,1,0.5
PRODUCT_279409,图书音像,会回购,positive,1,1.0
PRODUCT_279672,其他,内容不错,positive,1,0.2
PRODUCT_279695,母婴/玩具,外观好看,positive,1,1.0
PRODUCT_279695,母婴/玩具,很耐用,positive,1,1.0
PRODUCT_279695,母婴/玩具,性价比高,positive,1,1.0
PRODUCT_279697,图书音像,包装差,negative,1,0.3333333333333333
PRODUCT_279792,图书音像,疑似假货,negative,1,0.5
PRODUCT_279857,家居生活,外观好看,positive,1,0.5
PRODUCT_279869,电脑/办公,外观好看,positive,1,0.5
PRODUCT_279872,食品/保健,不推荐,negative,1,0.3333333333333333
PRODUCT_279872,食品/保健,很新鲜,positive,1,0.3333333333333333
PRODUCT_279872,食品/保健,正品放心,positive,1,0.3333333333333333
PRODUCT_279891,食品/保健,味道不错,positive,1,1.0
PRODUCT_2799,电脑/办公,正品放心,positive,1,0.2
PRODUCT_279973,母婴/玩具,正品放心,positive,1,1.0
PRODUCT_280111,服饰服装,质量好,positive,1,0.5
PRODUCT_28020,图书音像,质量好,positive,1,0.5
PRODUCT_280251,电脑/办公,不推荐,negative,1,0.25
PRODUCT_280523,图书音像,正品放心,positive,1,1.0
PRODUCT_280616,图书音像,会回购,positive,1,0.3333333333333333
PRODUCT_280635,图书音像,价格贵,negative,1,1.0
PRODUCT_280704,电脑/办公,质量好,positive,1,1.0
PRODUCT_28071,手机/数码,发货快,positive,1,0.125
PRODUCT_28071,手机/数码,正品放心,positive,1,0.125
PRODUCT_280715,美妆个护,味道不错,positive,1,0.1111111111111111
PRODUCT_280715,美妆个护,性价比高,positive,1,0.1111111111111111
PRODUCT_280718,美妆个护,正品放心,positive,1,1.0
PRODUCT_28072,家具/家装/建材,外观好看,positive,1,1.0
PRODUCT_280766,图书音像,性价比高,positive,1,1.0
PRODUCT_280835,图书音像,价格贵,negative,1,0.5
PRODUCT_280835,图书音像,性价比高,positive,1,0.5
PRODUCT_280840,图书音像,正品放心,positive,1,1.0
PRODUCT_28085,图书音像,内容不错,positive,1,1.0
PRODUCT_280891,图书音像,会回购,positive,1,0.2
PRODUCT_280953,图书音像,包装差,negative,1,1.0
PRODUCT_281059,图书音像,内容不错,positive,1,1.0
PRODUCT_281078,图书音像,质量好,positive,1,1.0
PRODUCT_281133,图书音像,不推荐,negative,2,1.0
PRODUCT_281168,图书音像,很新鲜,positive,1,0.3333333333333333
PRODUCT_281220,图书音像,外观好看,positive,1,0.3333333333333333
PRODUCT_281226,图书音像,不推荐,negative,1,1.0
PRODUCT_28124,母婴/玩具,质量好,positive,2,0.6666666666666666
PRODUCT_28124,母婴/玩具,不推荐,negative,1,0.3333333333333333
PRODUCT_28124,母婴/玩具,很耐用,positive,1,0.3333333333333333
PRODUCT_281283,图书音像,正品放心,positive,1,1.0
PRODUCT_281338,图书音像,性价比高,positive,1,1.0
PRODUCT_281393,图书音像,价格贵,negative,1,0.1
PRODUCT_281393,图书音像,质量好,positive,1,0.1
PRODUCT_281394,图书音像,正品放心,positive,1,0.25
PRODUCT_28155,图书音像,正品放心,positive,1,1.0
PRODUCT_281551,图书音像,不推荐,negative,1,1.0
PRODUCT_281656,图书音像,正品放心,positive,1,1.0
PRODUCT_281737,图书音像,质量好,positive,1,0.5
PRODUCT_281890,图书音像,不推荐,negative,1,1.0
PRODUCT_281890,图书音像,质量差,negative,1,1.0
PRODUCT_281997,钟表/首饰/眼镜/礼品,外观好看,positive,1,1.0
PRODUCT_282001,图书音像,质量差,negative,1,0.04
PRODUCT_282055,图书音像,内容不错,positive,1,0.3333333333333333
PRODUCT_282183,图书音像,外观好看,positive,1,0.3333333333333333
PRODUCT_282188,美妆个护,味道不错,positive,1,0.1111111111111111
PRODUCT_282188,美妆个护,性价比高,positive,1,0.1111111111111111
PRODUCT_282188,美妆个护,物流慢,negative,1,0.1111111111111111
PRODUCT_282311,图书音像,味道不错,positive,1,1.0
PRODUCT_282434,图书音像,性价比高,positive,1,0.5
PRODUCT_282499,图书音像,质量好,positive,1,1.0
PRODUCT_282534,图书音像,不推荐,negative,1,0.5
PRODUCT_282655,图书音像,会回购,positive,1,0.125
PRODUCT_282655,图书音像,外观好看,positive,1,0.125
PRODUCT_282655,图书音像,正品放心,positive,1,0.125
PRODUCT_282655,图书音像,疑似假货,negative,1,0.125
PRODUCT_282675,图书音像,外观好看,positive,1,1.0
PRODUCT_282681,图书音像,很耐用,positive,1,0.2
PRODUCT_282681,图书音像,质量好,positive,1,0.2
PRODUCT_282696,图书音像,性价比高,positive,1,1.0
PRODUCT_282696,图书音像,质量好,positive,1,1.0
PRODUCT_282713,家用电器,性价比高,positive,2,0.18181818181818182
PRODUCT_282713,家用电器,外观好看,positive,1,0.09090909090909091
PRODUCT_282737,图书音像,正品放心,positive,1,1.0
PRODUCT_282746,图书音像,正品放心,positive,1,1.0
PRODUCT_282757,家居生活,包装好,positive,1,0.25
PRODUCT_282769,图书音像,外观好看,positive,1,0.3333333333333333
PRODUCT_282769,图书音像,质量好,positive,1,0.3333333333333333
PRODUCT_28280,家居生活,性价比高,positive,1,0.3333333333333333
PRODUCT_28280,家居生活,质量好,positive,1,0.3333333333333333
PRODUCT_282800,图书音像,内容一般,negative,1,1.0
PRODUCT_282809,图书音像,外观好看,positive,1,1.0
PRODUCT_282849,图书音像,会回购,positive,1,1.0
PRODUCT_282849,图书音像,内容不错,positive,1,1.0
PRODUCT_282874,图书音像,正品放心,positive,1,0.5
PRODUCT_282936,手机/数码,会回购,positive,1,0.3333333333333333
PRODUCT_282969,图书音像,包装差,negative,1,1.0
PRODUCT_282989,图书音像,内容一般,negative,1,1.0
PRODUCT_283040,图书音像,不推荐,negative,1,1.0
PRODUCT_283048,图书音像,内容一般,negative,1,1.0
PRODUCT_283048,图书音像,性价比高,positive,1,1.0
PRODUCT_283085,美妆个护,味道不错,positive,3,0.5
PRODUCT_283085,美妆个护,价格贵,negative,1,0.16666666666666666
PRODUCT_283085,美妆个护,正品放心,positive,1,0.16666666666666666
PRODUCT_283085,美妆个护,疑似假货,negative,1,0.16666666666666666
PRODUCT_283121,图书音像,外观好看,positive,1,0.3333333333333333
PRODUCT_283125,图书音像,外观好看,positive,1,1.0
PRODUCT_283125,图书音像,质量差,negative,1,1.0
PRODUCT_283132,图书音像,味道不错,positive,1,0.16666666666666666
PRODUCT_283132,图书音像,外观好看,positive,1,0.16666666666666666
PRODUCT_283134,其他,质量差,negative,1,1.0
PRODUCT_283216,图书音像,性价比高,positive,1,0.5
PRODUCT_283262,图书音像,性价比高,positive,1,0.3333333333333333
PRODUCT_283262,图书音像,质量好,positive,1,0.3333333333333333
PRODUCT_283265,美妆个护,很耐用,positive,1,1.0
PRODUCT_283312,图书音像,价格贵,negative,1,1.0
PRODUCT_283312,图书音像,内容不错,positive,1,1.0
PRODUCT_283312,图书音像,性价比高,positive,1,1.0
PRODUCT_283373,电脑/办公,正品放心,positive,6,0.5
PRODUCT_283373,电脑/办公,会回购,positive,1,0.08333333333333333
PRODUCT_283373,电脑/办公,疑似假货,negative,1,0.08333333333333333
PRODUCT_283415,电脑/办公,正品放心,positive,2,0.3333333333333333
PRODUCT_283415,电脑/办公,性价比高,positive,1,0.16666666666666666
PRODUCT_283415,电脑/办公,疑似假货,negative,1,0.16666666666666666
PRODUCT_283415,电脑/办公,质量好,positive,1,0.16666666666666666
PRODUCT_283512,电脑/办公,外观好看,positive,1,0.2
PRODUCT_283512,电脑/办公,性价比高,positive,1,0.2
PRODUCT_283512,电脑/办公,续航差,negative,1,0.2
PRODUCT_283519,家居生活,发货快,positive,1,1.0
PRODUCT_283544,图书音像,包装好,positive,1,0.5
PRODUCT_283544,图书音像,正品放心,positive,1,0.5
PRODUCT_283562,电脑/办公,质量好,positive,1,1.0
PRODUCT_283568,手机/数码,正品放心,positive,3,0.3
PRODUCT_283568,手机/数码,外观好看,positive,1,0.1
PRODUCT_283568,手机/数码,质量好,positive,1,0.1
PRODUCT_283671,图书音像,会回购,positive,1,0.5
PRODUCT_283689,图书音像,正品放心,positive,1,1.0
PRODUCT_283701,图书音像,外观好看,positive,1,0.07692307692307693
PRODUCT_283726,图书音像,会回购,positive,1,1.0
PRODUCT_283741,图书音像,包装差,negative,1,1.0
PRODUCT_283826,图书音像,外观好看,positive,1,1.0
PRODUCT_283873,家具/家装/建材,内容一般,negative,1,1.0
PRODUCT_283878,电脑/办公,外观好看,positive,2,0.14285714285714285
PRODUCT_283878,电脑/办公,容易坏,negative,1,0.07142857142857142
PRODUCT_283878,电脑/办公,性价比高,positive,1,0.07142857142857142
PRODUCT_283878,电脑/办公,正品放心,positive,1,0.07142857142857142
PRODUCT_283878,电脑/办公,疑似假货,negative,1,0.07142857142857142
PRODUCT_284034,图书音像,正品放心,positive,1,1.0
PRODUCT_284086,家具/家装/建材,很耐用,positive,1,1.0
PRODUCT_284112,家居生活,外观好看,positive,1,1.0
PRODUCT_284135,图书音像,会回购,positive,1,1.0
PRODUCT_284150,图书音像,内容不错,positive,1,1.0
PRODUCT_284150,图书音像,质量差,negative,1,1.0
PRODUCT_284213,家居生活,价格贵,negative,1,1.0
PRODUCT_284214,图书音像,外观好看,positive,1,0.1111111111111111
PRODUCT_284214,图书音像,正品放心,positive,1,0.1111111111111111
PRODUCT_284217,图书音像,质量好,positive,1,0.5
PRODUCT_284224,图书音像,正品放心,positive,1,0.5
PRODUCT_284227,图书音像,内容一般,negative,1,0.1111111111111111
PRODUCT_284227,图书音像,内容不错,positive,1,0.1111111111111111
PRODUCT_284227,图书音像,正品放心,positive,1,0.1111111111111111
PRODUCT_284227,图书音像,疑似假货,negative,1,0.1111111111111111
PRODUCT_28434,手机/数码,发货快,positive,1,1.0
PRODUCT_28434,手机/数码,正品放心,positive,1,1.0
PRODUCT_284373,图书音像,内容不错,positive,1,1.0
PRODUCT_284374,电脑/办公,外观好看,positive,1,1.0
PRODUCT_284374,电脑/办公,质量好,positive,1,1.0
PRODUCT_284434,图书音像,不推荐,negative,1,1.0
PRODUCT_284460,图书音像,外观好看,positive,2,1.0
PRODUCT_284460,图书音像,内容不错,positive,1,0.5
PRODUCT_284475,家居生活,外观好看,positive,1,0.5
PRODUCT_284488,家居生活,质量差,negative,1,1.0
PRODUCT_284561,图书音像,会回购,positive,1,1.0
PRODUCT_284561,图书音像,正品放心,positive,1,1.0
PRODUCT_284575,图书音像,外观好看,positive,1,0.1
PRODUCT_284590,电脑/办公,容易坏,negative,1,0.5
PRODUCT_284595,手机/数码,正品放心,positive,1,0.5
PRODUCT_284609,家具/家装/建材,外观一般,negative,1,0.5
PRODUCT_284609,家具/家装/建材,外观好看,positive,1,0.5
PRODUCT_28463,图书音像,正品放心,positive,1,0.5
PRODUCT_284638,图书音像,味道不错,positive,1,0.5
PRODUCT_284686,电脑/办公,发货快,positive,1,0.3333333333333333
PRODUCT_284686,电脑/办公,外观好看,positive,1,0.3333333333333333
PRODUCT_284690,电脑/办公,容易坏,negative,1,0.25
PRODUCT_284879,鞋类箱包,质量好,positive,2,0.6666666666666666
PRODUCT_28491,电脑/办公,外观好看,positive,1,1.0
PRODUCT_284969,钟表/首饰/眼镜/礼品,外观好看,positive,1,1.0
PRODUCT_284972,手机/数码,物流慢,negative,1,1.0
PRODUCT_285060,电脑/办公,味道不错,positive,1,1.0
PRODUCT_285117,美妆个护,味道不错,positive,1,1.0
PRODUCT_28517,电脑/办公,不推荐,negative,1,0.5
PRODUCT_28517,电脑/办公,很耐用,positive,1,0.5
PRODUCT_28517,电脑/办公,性价比高,positive,1,0.5
PRODUCT_285200,图书音像,正品放心,positive,1,0.14285714285714285
PRODUCT_285207,母婴/玩具,外观好看,positive,1,1.0
PRODUCT_285207,母婴/玩具,正品放心,positive,1,1.0
PRODUCT_285324,图书音像,内容不错,positive,1,0.5
PRODUCT_285327,母婴/玩具,外观好看,positive,1,1.0
PRODUCT_285460,图书音像,不推荐,negative,1,1.0
PRODUCT_285475,图书音像,质量差,negative,1,1.0
PRODUCT_285589,图书音像,质量好,positive,1,1.0
PRODUCT_285658,图书音像,正品放心,positive,1,0.2
PRODUCT_285717,图书音像,外观好看,positive,1,1.0
PRODUCT_285740,图书音像,价格贵,negative,1,0.5
PRODUCT_28575,图书音像,正品放心,positive,1,1.0
PRODUCT_285807,图书音像,会回购,positive,1,1.0
PRODUCT_28627,图书音像,内容一般,negative,1,1.0
PRODUCT_286290,图书音像,内容不错,positive,1,1.0
PRODUCT_286316,图书音像,内容一般,negative,1,0.09090909090909091
PRODUCT_286316,图书音像,内容不错,positive,1,0.09090909090909091
PRODUCT_286456,图书音像,内容不错,positive,1,1.0
PRODUCT_286456,图书音像,疑似假货,negative,1,1.0
PRODUCT_286472,图书音像,外观好看,positive,1,1.0
PRODUCT_286480,手机/数码,容易坏,negative,1,1.0
PRODUCT_28650,图书音像,质量好,positive,1,0.3333333333333333
PRODUCT_28656,图书音像,疑似假货,negative,1,0.3333333333333333
PRODUCT_286564,图书音像,正品放心,positive,1,0.3333333333333333
PRODUCT_286569,电脑/办公,容易坏,negative,1,0.2
PRODUCT_286569,电脑/办公,质量差,negative,1,0.2
PRODUCT_286611,图书音像,不推荐,negative,1,1.0
PRODUCT_286611,图书音像,质量差,negative,1,1.0
PRODUCT_28673,电脑/办公,容易坏,negative,1,0.5
PRODUCT_286808,图书音像,内容一般,negative,1,0.3333333333333333
PRODUCT_286808,图书音像,正品放心,positive,1,0.3333333333333333
PRODUCT_286809,图书音像,包装差,negative,1,0.5
PRODUCT_286809,图书音像,正品放心,positive,1,0.5
PRODUCT_286883,图书音像,包装好,positive,1,1.0
PRODUCT_286965,图书音像,正品放心,positive,3,0.14285714285714285
PRODUCT_286965,图书音像,质量好,positive,3,0.14285714285714285
PRODUCT_286965,图书音像,价格贵,negative,1,0.047619047619047616
PRODUCT_286965,图书音像,发货快,positive,1,0.047619047619047616
PRODUCT_286965,图书音像,外观好看,positive,1,0.047619047619047616
PRODUCT_286965,图书音像,疑似假货,negative,1,0.047619047619047616
PRODUCT_286965,图书音像,质量差,negative,1,0.047619047619047616
PRODUCT_287019,图书音像,不推荐,negative,1,1.0
PRODUCT_287019,图书音像,质量差,negative,1,1.0
PRODUCT_287036,手机/数码,价格贵,negative,1,1.0
PRODUCT_287036,手机/数码,很新鲜,positive,1,1.0
PRODUCT_287048,图书音像,内容不错,positive,1,1.0
PRODUCT_287072,图书音像,外观好看,positive,2,0.5
PRODUCT_287072,图书音像,内容不错,positive,1,0.25
PRODUCT_287072,图书音像,外观一般,negative,1,0.25
PRODUCT_287072,图书音像,疑似假货,negative,1,0.25
PRODUCT_287144,图书音像,质量好,positive,1,1.0
PRODUCT_287180,图书音像,内容不错,positive,1,0.25
PRODUCT_287180,图书音像,疑似假货,negative,1,0.25
PRODUCT_287243,图书音像,外观好看,positive,1,1.0
PRODUCT_287327,图书音像,正品放心,positive,1,0.5
PRODUCT_287367,图书音像,疑似假货,negative,1,1.0
PRODUCT_287432,图书音像,不推荐,negative,1,1.0
PRODUCT_287432,图书音像,质量差,negative,1,1.0
PRODUCT_287488,图书音像,外观好看,positive,1,0.2
PRODUCT_287494,母婴/玩具,内容一般,negative,1,1.0
PRODUCT_287519,美妆个护,正品放心,positive,1,0.3333333333333333
PRODUCT_287523,图书音像,内容不错,positive,1,1.0
PRODUCT_287679,图书音像,内容不错,positive,1,1.0
PRODUCT_287682,图书音像,会回购,positive,1,0.5
PRODUCT_287682,图书音像,疑似假货,negative,1,0.5
PRODUCT_287682,图书音像,质量差,negative,1,0.5
PRODUCT_287728,图书音像,外观好看,positive,1,1.0
PRODUCT_287734,图书音像,质量差,negative,1,1.0
PRODUCT_287745,食品/保健,味道不错,positive,1,0.5
PRODUCT_287783,图书音像,质量差,negative,1,1.0
PRODUCT_28785,手机/数码,发货快,positive,1,0.2
PRODUCT_28785,手机/数码,外观好看,positive,1,0.2
PRODUCT_28785,手机/数码,正品放心,positive,1,0.2
PRODUCT_287878,电脑/办公,质量好,positive,1,0.3333333333333333
PRODUCT_287895,图书音像,发货快,positive,1,1.0
PRODUCT_287901,食品/保健,味道不错,positive,4,1.0
PRODUCT_287901,食品/保健,包装好,positive,1,0.25
PRODUCT_287901,食品/保健,发货快,positive,1,0.25
PRODUCT_287901,食品/保健,疑似假货,negative,1,0.25
PRODUCT_28795,图书音像,质量好,positive,1,1.0
PRODUCT_288045,美妆个护,味道不错,positive,1,1.0
PRODUCT_288079,图书音像,正品放心,positive,1,0.5
PRODUCT_288119,手机/数码,容易坏,negative,1,0.5
PRODUCT_288156,美妆个护,味道不错,positive,1,0.3333333333333333
PRODUCT_288179,图书音像,正品放心,positive,1,1.0
PRODUCT_288251,图书音像,内容不错,positive,1,0.2
PRODUCT_288251,图书音像,外观好看,positive,1,0.2
PRODUCT_288251,图书音像,质量好,positive,1,0.2
PRODUCT_28833,手机/数码,外观好看,positive,1,0.2
PRODUCT_28833,手机/数码,容易坏,negative,1,0.2
PRODUCT_288343,家居生活,价格贵,negative,1,1.0
PRODUCT_288391,图书音像,不推荐,negative,1,1.0
PRODUCT_288401,图书音像,包装差,negative,1,0.3333333333333333
PRODUCT_288461,图书音像,性价比高,positive,1,1.0
PRODUCT_288489,图书音像,外观好看,positive,1,0.5
PRODUCT_288572,图书音像,质量好,positive,1,1.0
PRODUCT_288573,图书音像,质量好,positive,1,1.0
PRODUCT_288576,图书音像,正品放心,positive,1,0.5
PRODUCT_288584,其他,外观好看,positive,1,1.0
PRODUCT_288584,其他,性价比高,positive,1,1.0
PRODUCT_288585,图书音像,正品放心,positive,1,1.0
PRODUCT_288589,图书音像,很新鲜,positive,1,1.0
PRODUCT_288614,家用电器,质量好,positive,1,0.5
PRODUCT_288616,图书音像,疑似假货,negative,1,1.0
PRODUCT_28862,图书音像,外观一般,negative,1,0.5
PRODUCT_288640,图书音像,发货快,positive,1,1.0
PRODUCT_288651,图书音像,会回购,positive,1,1.0
PRODUCT_288682,图书音像,质量好,positive,1,1.0
PRODUCT_288753,钟表/首饰/眼镜/礼品,外观好看,positive,3,0.75
PRODUCT_288852,图书音像,不推荐,negative,1,0.5
PRODUCT_288852,图书音像,包装差,negative,1,0.5
PRODUCT_288852,图书音像,正品放心,positive,1,0.5
PRODUCT_288857,图书音像,疑似假货,negative,1,0.5
PRODUCT_288931,图书音像,正品放心,positive,1,0.5
PRODUCT_288932,图书音像,不推荐,negative,1,0.25
PRODUCT_288932,图书音像,很新鲜,positive,1,0.25
PRODUCT_288983,美妆个护,正品放心,positive,1,0.5
PRODUCT_289003,运动户外,包装差,negative,1,1.0
PRODUCT_289014,食品/保健,味道不错,positive,3,1.0
PRODUCT_289036,图书音像,正品放心,positive,1,1.0
PRODUCT_289037,图书音像,质量好,positive,1,0.5
PRODUCT_28904,图书音像,味道不错,positive,1,1.0
PRODUCT_289139,图书音像,味道不错,positive,1,0.5
PRODUCT_289249,美妆个护,正品放心,positive,1,0.5
PRODUCT_289257,图书音像,外观好看,positive,1,1.0
PRODUCT_289257,图书音像,很新鲜,positive,1,1.0
PRODUCT_289282,图书音像,正品放心,positive,2,0.5
PRODUCT_289290,手机/数码,外观好看,positive,1,1.0
PRODUCT_289313,图书音像,正品放心,positive,1,1.0
PRODUCT_289316,图书音像,内容不错,positive,1,1.0
PRODUCT_289408,图书音像,发货快,positive,1,0.5
PRODUCT_289408,图书音像,质量好,positive,1,0.5
PRODUCT_289475,手机/数码,正品放心,positive,1,1.0
PRODUCT_28953,手机/数码,不推荐,negative,1,0.3333333333333333
PRODUCT_289601,食品/保健,味道不错,positive,12,0.6
PRODUCT_289601,食品/保健,正品放心,positive,2,0.1
PRODUCT_289601,食品/保健,会回购,positive,1,0.05
PRODUCT_289601,食品/保健,性价比高,positive,1,0.05
PRODUCT_289601,食品/保健,疑似假货,negative,1,0.05
PRODUCT_289662,电脑/办公,外观好看,positive,1,0.5
PRODUCT_289667,手机/数码,外观好看,positive,2,0.4
PRODUCT_289667,手机/数码,不推荐,negative,1,0.2
PRODUCT_289668,电脑/办公,内容一般,negative,1,0.3333333333333333
PRODUCT_289677,图书音像,会回购,positive,1,1.0
PRODUCT_289683,美妆个护,正品放心,positive,1,1.0
PRODUCT_289685,图书音像,很新鲜,positive,1,0.5
PRODUCT_289707,图书音像,内容不错,positive,1,0.09090909090909091
PRODUCT_289707,图书音像,包装好,positive,1,0.09090909090909091
PRODUCT_289726,手机/数码,价格贵,negative,1,1.0
PRODUCT_289748,图书音像,疑似假货,negative,1,0.5
PRODUCT_289780,家居生活,性价比高,positive,1,0.1111111111111111
PRODUCT_289800,钟表/首饰/眼镜/礼品,外观好看,positive,1,1.0
PRODUCT_289810,图书音像,正品放心,positive,1,0.3333333333333333
PRODUCT_289815,电脑/办公,外观好看,positive,3,0.2727272727272727
PRODUCT_289815,电脑/办公,会回购,positive,1,0.09090909090909091
PRODUCT_289871,图书音像,包装差,negative,1,1.0
PRODUCT_289908,图书音像,不推荐,negative,1,1.0
PRODUCT_289908,图书音像,内容一般,negative,1,1.0
PRODUCT_289908,图书音像,外观一般,negative,1,1.0
PRODUCT_289908,图书音像,外观好看,positive,1,1.0
PRODUCT_289924,手机/数码,性价比高,positive,1,1.0
PRODUCT_289950,手机/数码,外观好看,positive,1,1.0
PRODUCT_290020,家居生活,性价比高,positive,1,0.5
PRODUCT_290041,美妆个护,味道不错,positive,1,0.1
PRODUCT_290044,图书音像,外观好看,positive,1,1.0
PRODUCT_290133,电脑/办公,质量好,positive,1,1.0
PRODUCT_290156,图书音像,内容不错,positive,1,0.25
PRODUCT_290260,图书音像,会回购,positive,1,0.07692307692307693
PRODUCT_290260,图书音像,正品放心,positive,1,0.07692307692307693
PRODUCT_290260,图书音像,质量好,positive,1,0.07692307692307693
PRODUCT_290273,图书音像,外观好看,positive,1,0.5
PRODUCT_290378,电脑/办公,很耐用,positive,1,0.25
PRODUCT_290390,母婴/玩具,正品放心,positive,3,0.75
PRODUCT_290485,家用电器,质量好,positive,1,1.0
PRODUCT_290556,家具/家装/建材,外观好看,positive,1,1.0
PRODUCT_290562,图书音像,质量好,positive,1,1.0
PRODUCT_290570,其他,质量差,negative,1,1.0
PRODUCT_290622,图书音像,内容不错,positive,1,0.5
PRODUCT_290641,手机/数码,正品放心,positive,1,1.0
PRODUCT_290652,图书音像,正品放心,positive,1,0.5
PRODUCT_290667,图书音像,内容不错,positive,1,0.25
PRODUCT_290667,图书音像,正品放心,positive,1,0.25
PRODUCT_290820,图书音像,性价比高,positive,1,1.0
PRODUCT_290859,手机/数码,价格贵,negative,1,0.2
PRODUCT_290859,手机/数码,会回购,positive,1,0.2
PRODUCT_290859,手机/数码,很耐用,positive,1,0.2
PRODUCT_290859,手机/数码,续航久,positive,1,0.2
PRODUCT_290952,图书音像,内容不错,positive,1,1.0
PRODUCT_290953,图书音像,外观好看,positive,1,1.0
PRODUCT_290956,鞋类箱包,性价比高,positive,1,0.5
PRODUCT_290969,钟表/首饰/眼镜/礼品,外观好看,positive,1,1.0
PRODUCT_291014,手机/数码,正品放心,positive,1,1.0
PRODUCT_291037,图书音像,很新鲜,positive,1,0.3333333333333333
PRODUCT_291053,电脑/办公,容易坏,negative,1,0.1
PRODUCT_291053,电脑/办公,质量差,negative,1,0.1
PRODUCT_291075,电脑/办公,外观好看,positive,1,0.5
PRODUCT_291075,电脑/办公,正品放心,positive,1,0.5
PRODUCT_291114,家用电器,性价比高,positive,2,0.2222222222222222
PRODUCT_291114,家用电器,发货快,positive,1,0.1111111111111111
PRODUCT_291146,图书音像,包装差,negative,1,1.0
PRODUCT_291146,图书音像,容易坏,negative,1,1.0
PRODUCT_291326,家用电器,会回购,positive,1,1.0
PRODUCT_291413,图书音像,内容不错,positive,1,1.0
PRODUCT_291413,图书音像,正品放心,positive,1,1.0
PRODUCT_291441,电脑/办公,不推荐,negative,1,0.3333333333333333
PRODUCT_291441,电脑/办公,性价比高,positive,1,0.3333333333333333
PRODUCT_291441,电脑/办公,质量差,negative,1,0.3333333333333333
PRODUCT_291481,电脑/办公,正品放心,positive,1,0.5
PRODUCT_291528,手机/数码,性价比高,positive,2,0.18181818181818182
PRODUCT_291528,手机/数码,质量差,negative,2,0.18181818181818182
PRODUCT_291528,手机/数码,很耐用,positive,1,0.09090909090909091
PRODUCT_291528,手机/数码,正品放心,positive,1,0.09090909090909091
PRODUCT_291609,图书音像,外观好看,positive,1,0.3333333333333333
PRODUCT_291618,手机/数码,外观好看,positive,2,0.3333333333333333
PRODUCT_291618,手机/数码,会回购,positive,1,0.16666666666666666
PRODUCT_291618,手机/数码,很耐用,positive,1,0.16666666666666666
PRODUCT_291618,手机/数码,性价比高,positive,1,0.16666666666666666
PRODUCT_291618,手机/数码,续航久,positive,1,0.16666666666666666
PRODUCT_291735,图书音像,质量好,positive,1,1.0
PRODUCT_291828,图书音像,内容不错,positive,1,1.0
PRODUCT_29188,电脑/办公,外观好看,positive,2,0.6666666666666666
PRODUCT_29188,电脑/办公,正品放心,positive,1,0.3333333333333333
PRODUCT_292028,机票/充值/票务/虚拟,不推荐,negative,1,1.0
PRODUCT_292076,图书音像,不推荐,negative,1,0.1111111111111111
PRODUCT_292076,图书音像,质量差,negative,1,0.1111111111111111
PRODUCT_292427,图书音像,外观好看,positive,1,1.0
PRODUCT_292446,图书音像,价格贵,negative,1,1.0
PRODUCT_292446,图书音像,疑似假货,negative,1,1.0
PRODUCT_292468,图书音像,容易坏,negative,1,0.3333333333333333
PRODUCT_292468,图书音像,质量差,negative,1,0.3333333333333333
PRODUCT_292469,图书音像,包装差,negative,1,0.05263157894736842
PRODUCT_292469,图书音像,外观好看,positive,1,0.05263157894736842
PRODUCT_292469,图书音像,正品放心,positive,1,0.05263157894736842
PRODUCT_292469,图书音像,疑似假货,negative,1,0.05263157894736842
PRODUCT_292469,图书音像,质量好,positive,1,0.05263157894736842
PRODUCT_292469,图书音像,质量差,negative,1,0.05263157894736842
PRODUCT_292484,图书音像,质量好,positive,1,1.0
PRODUCT_292485,图书音像,容易坏,negative,1,0.2
PRODUCT_292485,图书音像,质量差,negative,1,0.2
PRODUCT_29249,图书音像,外观好看,positive,1,1.0
PRODUCT_292562,图书音像,正品放心,positive,1,1.0
PRODUCT_292583,电脑/办公,质量差,negative,1,1.0
PRODUCT_29262,电脑/办公,质量好,positive,1,0.3333333333333333
PRODUCT_292645,图书音像,包装差,negative,1,1.0
PRODUCT_292653,图书音像,内容不错,positive,1,1.0
PRODUCT_292736,家用电器,价格贵,negative,1,1.0
PRODUCT_292736,家用电器,外观好看,positive,1,1.0
PRODUCT_292957,图书音像,疑似假货,negative,1,1.0
PRODUCT_293021,图书音像,内容不错,positive,1,0.5
PRODUCT_293021,图书音像,性价比高,positive,1,0.5
PRODUCT_293116,图书音像,质量好,positive,1,1.0
PRODUCT_293136,手机/数码,外观好看,positive,1,1.0
PRODUCT_293137,图书音像,正品放心,positive,1,0.2
PRODUCT_29325,家用电器,正品放心,positive,1,0.16666666666666666
PRODUCT_29325,家用电器,质量好,positive,1,0.16666666666666666
PRODUCT_293255,钟表/首饰/眼镜/礼品,外观好看,positive,1,0.16666666666666666
PRODUCT_293255,钟表/首饰/眼镜/礼品,正品放心,positive,1,0.16666666666666666
PRODUCT_293271,图书音像,内容不错,positive,2,0.5
PRODUCT_293417,图书音像,性价比高,positive,1,1.0
PRODUCT_293515,图书音像,不推荐,negative,1,1.0
PRODUCT_293534,图书音像,质量差,negative,1,1.0
PRODUCT_293594,图书音像,疑似假货,negative,2,0.4
PRODUCT_293655,图书音像,性价比高,positive,1,1.0
PRODUCT_293658,图书音像,外观好看,positive,1,1.0
PRODUCT_293738,图书音像,不推荐,negative,1,0.5
PRODUCT_293742,图书音像,价格贵,negative,1,1.0
PRODUCT_293775,美妆个护,味道不错,positive,4,0.8
PRODUCT_293775,美妆个护,正品放心,positive,2,0.4
PRODUCT_293775,美妆个护,疑似假货,negative,1,0.2
PRODUCT_293814,图书音像,正品放心,positive,1,1.0
PRODUCT_293930,图书音像,外观一般,negative,1,1.0
PRODUCT_293930,图书音像,外观好看,positive,1,1.0
PRODUCT_293930,图书音像,质量好,positive,1,1.0
PRODUCT_293996,图书音像,价格贵,negative,1,0.5
PRODUCT_294013,图书音像,质量好,positive,1,1.0
PRODUCT_294015,图书音像,不推荐,negative,1,1.0
PRODUCT_294041,美妆个护,味道不错,positive,2,0.16666666666666666
PRODUCT_294041,美妆个护,正品放心,positive,2,0.16666666666666666
PRODUCT_294041,美妆个护,价格贵,negative,1,0.08333333333333333
PRODUCT_294043,图书音像,质量好,positive,1,0.16666666666666666
PRODUCT_294150,图书音像,外观好看,positive,1,0.14285714285714285
PRODUCT_294150,图书音像,性价比高,positive,1,0.14285714285714285
PRODUCT_294150,图书音像,正品放心,positive,1,0.14285714285714285
PRODUCT_294150,图书音像,质量好,positive,1,0.14285714285714285
PRODUCT_294189,图书音像,外观好看,positive,1,1.0
PRODUCT_294192,电脑/办公,外观好看,positive,3,0.3333333333333333
PRODUCT_294216,图书音像,味道不错,positive,1,0.06666666666666667
PRODUCT_294216,图书音像,性价比高,positive,1,0.06666666666666667
PRODUCT_294216,图书音像,疑似假货,negative,1,0.06666666666666667
PRODUCT_294257,图书音像,正品放心,positive,1,0.3333333333333333
PRODUCT_294257,图书音像,疑似假货,negative,1,0.3333333333333333
PRODUCT_294257,图书音像,质量差,negative,1,0.3333333333333333
PRODUCT_294282,图书音像,价格贵,negative,1,0.1
PRODUCT_294282,图书音像,会回购,positive,1,0.1
PRODUCT_294311,图书音像,外观好看,positive,4,0.2222222222222222
PRODUCT_294311,图书音像,不推荐,negative,1,0.05555555555555555
PRODUCT_294311,图书音像,发货快,positive,1,0.05555555555555555
PRODUCT_294311,图书音像,正品放心,positive,1,0.05555555555555555
PRODUCT_294337,图书音像,内容不错,positive,1,1.0
PRODUCT_294368,电脑/办公,外观好看,positive,1,0.5
PRODUCT_294368,电脑/办公,质量好,positive,1,0.5
PRODUCT_294413,电脑/办公,外观好看,positive,4,0.3076923076923077
PRODUCT_294413,电脑/办公,不推荐,negative,1,0.07692307692307693
PRODUCT_294413,电脑/办公,价格贵,negative,1,0.07692307692307693
PRODUCT_294413,电脑/办公,容易坏,negative,1,0.07692307692307693
PRODUCT_294413,电脑/办公,正品放心,positive,1,0.07692307692307693
PRODUCT_294430,图书音像,外观好看,positive,1,1.0
PRODUCT_294619,图书音像,正品放心,positive,1,0.16666666666666666
PRODUCT_294619,图书音像,物流慢,negative,1,0.16666666666666666
PRODUCT_294619,图书音像,质量好,positive,1,0.16666666666666666
PRODUCT_294632,图书音像,性价比高,positive,1,1.0
PRODUCT_294634,美妆个护,正品放心,positive,2,0.5
PRODUCT_294634,美妆个护,疑似假货,negative,2,0.5
PRODUCT_294672,电脑/办公,会回购,positive,1,0.14285714285714285
PRODUCT_294697,图书音像,性价比高,positive,1,0.1111111111111111
PRODUCT_294697,图书音像,正品放心,positive,1,0.1111111111111111
PRODUCT_294697,图书音像,疑似假货,negative,1,0.1111111111111111
PRODUCT_294699,美妆个护,会回购,positive,1,0.25
PRODUCT_294749,图书音像,质量好,positive,1,1.0
PRODUCT_294843,图书音像,发货快,positive,1,0.25
PRODUCT_294843,图书音像,正品放心,positive,1,0.25
PRODUCT_294844,图书音像,不推荐,negative,1,0.05263157894736842
PRODUCT_294844,图书音像,正品放心,positive,1,0.05263157894736842
PRODUCT_294844,图书音像,质量差,negative,1,0.05263157894736842
PRODUCT_294847,鞋类箱包,外观一般,negative,1,1.0
PRODUCT_294847,鞋类箱包,质量好,positive,1,1.0
PRODUCT_294857,图书音像,正品放心,positive,1,1.0
PRODUCT_294914,图书音像,内容不错,positive,1,1.0
PRODUCT_294959,图书音像,价格贵,negative,1,0.3333333333333333
PRODUCT_294959,图书音像,正品放心,positive,1,0.3333333333333333
PRODUCT_295000,电脑/办公,正品放心,positive,1,1.0
PRODUCT_295023,图书音像,外观好看,positive,3,0.2727272727272727
PRODUCT_295023,图书音像,很耐用,positive,1,0.09090909090909091
PRODUCT_295023,图书音像,正品放心,positive,1,0.09090909090909091
PRODUCT_295023,图书音像,质量好,positive,1,0.09090909090909091
PRODUCT_295023,图书音像,质量差,negative,1,0.09090909090909091
PRODUCT_295036,图书音像,会回购,positive,1,1.0
PRODUCT_295079,其他,疑似假货,negative,1,0.5
PRODUCT_29512,图书音像,正品放心,positive,1,1.0
PRODUCT_295148,图书音像,性价比高,positive,1,1.0
PRODUCT_295246,图书音像,外观好看,positive,1,0.16666666666666666
PRODUCT_295246,图书音像,质量差,negative,1,0.16666666666666666
PRODUCT_295261,图书音像,正品放心,positive,1,1.0
PRODUCT_295303,其他,正品放心,positive,6,0.3333333333333333
PRODUCT_295303,其他,疑似假货,negative,3,0.16666666666666666
PRODUCT_295303,其他,性价比高,positive,1,0.05555555555555555
PRODUCT_295385,钟表/首饰/眼镜/礼品,外观好看,positive,1,0.5
PRODUCT_295385,钟表/首饰/眼镜/礼品,正品放心,positive,1,0.5
PRODUCT_295435,手机/数码,外观好看,positive,1,0.5
PRODUCT_295496,图书音像,很新鲜,positive,1,0.125
PRODUCT_295547,图书音像,质量好,positive,1,1.0
PRODUCT_295622,图书音像,疑似假货,negative,1,1.0
PRODUCT_295665,图书音像,内容不错,positive,1,0.3333333333333333
PRODUCT_295701,图书音像,质量好,positive,1,0.3333333333333333
PRODUCT_295720,图书音像,不推荐,negative,1,0.3333333333333333
PRODUCT_295720,图书音像,内容一般,negative,1,0.3333333333333333
PRODUCT_295720,图书音像,性价比高,positive,1,0.3333333333333333
PRODUCT_295769,母婴/玩具,正品放心,positive,1,1.0
PRODUCT_295794,图书音像,性价比高,positive,1,1.0
PRODUCT_295810,图书音像,不推荐,negative,1,0.5
PRODUCT_295827,图书音像,不推荐,negative,1,1.0
PRODUCT_295827,图书音像,会回购,positive,1,1.0
PRODUCT_295855,图书音像,质量好,positive,1,1.0
PRODUCT_295935,图书音像,内容不错,positive,1,1.0
PRODUCT_29595,图书音像,外观好看,positive,1,1.0
PRODUCT_296016,图书音像,正品放心,positive,1,0.3333333333333333
PRODUCT_296022,图书音像,疑似假货,negative,1,0.3333333333333333
PRODUCT_296042,图书音像,质量好,positive,1,0.16666666666666666
PRODUCT_296083,图书音像,外观好看,positive,1,0.3333333333333333
PRODUCT_296111,图书音像,性价比高,positive,1,0.5
PRODUCT_296111,图书音像,正品放心,positive,1,0.5
PRODUCT_296119,家用电器,外观好看,positive,1,0.125
PRODUCT_296119,家用电器,很耐用,positive,1,0.125
PRODUCT_296240,图书音像,质量好,positive,1,1.0
PRODUCT_296263,图书音像,外观好看,positive,1,1.0
PRODUCT_296275,图书音像,正品放心,positive,1,0.3333333333333333
PRODUCT_296304,图书音像,尺码合适,positive,1,0.2
PRODUCT_296309,图书音像,外观好看,positive,1,1.0
PRODUCT_296310,图书音像,包装差,negative,1,1.0
PRODUCT_296338,图书音像,价格贵,negative,1,0.5
PRODUCT_296390,手机/数码,质量差,negative,2,0.15384615384615385
PRODUCT_296390,手机/数码,会回购,positive,1,0.07692307692307693
PRODUCT_296390,手机/数码,很耐用,positive,1,0.07692307692307693
PRODUCT_296390,手机/数码,续航差,negative,1,0.07692307692307693
PRODUCT_296414,食品/保健,味道不错,positive,1,1.0
PRODUCT_296462,图书音像,外观好看,positive,1,1.0
PRODUCT_296534,图书音像,内容不错,positive,1,1.0
PRODUCT_296617,图书音像,外观好看,positive,1,1.0
PRODUCT_296641,食品/保健,不推荐,negative,1,1.0
PRODUCT_296666,其他,外观好看,positive,1,0.5
PRODUCT_296680,图书音像,不推荐,negative,1,1.0
PRODUCT_296680,图书音像,内容一般,negative,1,1.0
PRODUCT_296717,图书音像,质量差,negative,1,1.0
PRODUCT_296731,图书音像,内容不错,positive,1,0.5
PRODUCT_296796,其他,性价比高,positive,1,1.0
PRODUCT_296932,手机/数码,性价比高,positive,1,1.0
PRODUCT_296949,图书音像,正品放心,positive,1,0.3333333333333333
PRODUCT_296952,图书音像,很新鲜,positive,1,1.0
PRODUCT_297030,图书音像,外观一般,negative,1,0.3333333333333333
PRODUCT_297060,手机/数码,客服好,positive,1,1.0
PRODUCT_297086,图书音像,不推荐,negative,1,1.0
PRODUCT_297086,图书音像,质量差,negative,1,1.0
PRODUCT_297093,图书音像,包装好,positive,1,0.5
PRODUCT_297124,手机/数码,很新鲜,positive,1,0.3333333333333333
PRODUCT_297124,手机/数码,很耐用,positive,1,0.3333333333333333
PRODUCT_297181,手机/数码,性价比高,positive,1,0.2
PRODUCT_297181,手机/数码,正品放心,positive,1,0.2
PRODUCT_29722,图书音像,外观好看,positive,1,0.5
PRODUCT_297271,图书音像,正品放心,positive,2,1.0
PRODUCT_297273,图书音像,内容不错,positive,1,1.0
PRODUCT_297327,手机/数码,正品放心,positive,2,0.4
PRODUCT_297327,手机/数码,外观好看,positive,1,0.2
PRODUCT_297376,家具/家装/建材,外观好看,positive,1,1.0
PRODUCT_29744,家具/家装/建材,发货快,positive,2,0.09090909090909091
PRODUCT_29744,家具/家装/建材,外观好看,positive,2,0.09090909090909091
PRODUCT_29744,家具/家装/建材,包装好,positive,1,0.045454545454545456
PRODUCT_297570,图书音像,正品放心,positive,1,1.0
PRODUCT_297751,其他,外观好看,positive,1,0.3333333333333333
PRODUCT_29793,图书音像,内容不错,positive,1,1.0
PRODUCT_297998,图书音像,包装差,negative,1,0.2
PRODUCT_297998,图书音像,外观一般,negative,1,0.2
PRODUCT_298043,图书音像,质量差,negative,2,0.16666666666666666
PRODUCT_298043,图书音像,价格贵,negative,1,0.08333333333333333
PRODUCT_298043,图书音像,内容不错,positive,1,0.08333333333333333
PRODUCT_298057,图书音像,很新鲜,positive,1,1.0
PRODUCT_298066,图书音像,正品放心,positive,1,0.3333333333333333
PRODUCT_298066,图书音像,质量差,negative,1,0.3333333333333333
PRODUCT_298079,图书音像,价格贵,negative,1,0.25
PRODUCT_298079,图书音像,正品放心,positive,1,0.25
PRODUCT_298079,图书音像,疑似假货,negative,1,0.25
PRODUCT_298079,图书音像,质量差,negative,1,0.25
PRODUCT_2981,图书音像,不推荐,negative,1,0.2
PRODUCT_298120,图书音像,内容一般,negative,1,0.14285714285714285
PRODUCT_298120,图书音像,很新鲜,positive,1,0.14285714285714285
PRODUCT_298120,图书音像,质量好,positive,1,0.14285714285714285
PRODUCT_298194,图书音像,包装差,negative,2,0.14285714285714285
PRODUCT_298194,图书音像,正品放心,positive,2,0.14285714285714285
PRODUCT_298195,图书音像,正品放心,positive,1,0.2
PRODUCT_298209,图书音像,内容不错,positive,1,0.07692307692307693
PRODUCT_298209,图书音像,味道不错,positive,1,0.07692307692307693
PRODUCT_298209,图书音像,质量好,positive,1,0.07692307692307693
PRODUCT_298225,图书音像,外观好看,positive,2,0.5
PRODUCT_298256,家居生活,外观一般,negative,1,1.0
PRODUCT_298256,家居生活,外观好看,positive,1,1.0
PRODUCT_298276,图书音像,质量好,positive,1,1.0
PRODUCT_298307,母婴/玩具,外观好看,positive,1,0.1
PRODUCT_298307,母婴/玩具,正品放心,positive,1,0.1
PRODUCT_298334,图书音像,内容不错,positive,1,1.0
PRODUCT_298346,图书音像,正品放心,positive,1,1.0
PRODUCT_298472,图书音像,会回购,positive,1,1.0
PRODUCT_298479,图书音像,质量好,positive,2,0.125
PRODUCT_298479,图书音像,外观好看,positive,1,0.0625
PRODUCT_298479,图书音像,性价比高,positive,1,0.0625
PRODUCT_298479,图书音像,正品放心,positive,1,0.0625
PRODUCT_298479,图书音像,疑似假货,negative,1,0.0625
PRODUCT_298562,图书音像,包装差,negative,1,0.1
PRODUCT_298562,图书音像,性价比高,positive,1,0.1
PRODUCT_298562,图书音像,疑似假货,negative,1,0.1
PRODUCT_298562,图书音像,质量好,positive,1,0.1
PRODUCT_298563,图书音像,疑似假货,negative,3,0.375
PRODUCT_298563,图书音像,质量差,negative,2,0.25
PRODUCT_298563,图书音像,包装差,negative,1,0.125
PRODUCT_298563,图书音像,外观好看,positive,1,0.125
PRODUCT_298563,图书音像,正品放心,positive,1,0.125
PRODUCT_298564,图书音像,外观好看,positive,1,1.0
PRODUCT_298584,图书音像,正品放心,positive,1,0.25
PRODUCT_298584,图书音像,质量好,positive,1,0.25
PRODUCT_298665,图书音像,性价比高,positive,1,1.0
PRODUCT_298715,图书音像,性价比高,positive,1,0.25
PRODUCT_298750,图书音像,正品放心,positive,1,1.0
PRODUCT_298878,图书音像,容易坏,negative,1,1.0
PRODUCT_298908,图书音像,很新鲜,positive,1,1.0
PRODUCT_298909,图书音像,不推荐,negative,1,0.14285714285714285
PRODUCT_299190,图书音像,包装差,negative,1,1.0
PRODUCT_299283,图书音像,不推荐,negative,1,1.0
PRODUCT_299472,手机/数码,质量好,positive,1,1.0
PRODUCT_299493,图书音像,内容不错,positive,1,0.1111111111111111
PRODUCT_299493,图书音像,外观好看,positive,1,0.1111111111111111
PRODUCT_299493,图书音像,疑似假货,negative,1,0.1111111111111111
PRODUCT_299493,图书音像,质量好,positive,1,0.1111111111111111
PRODUCT_299503,钟表/首饰/眼镜/礼品,外观好看,positive,1,1.0
PRODUCT_299504,母婴/玩具,性价比高,positive,1,0.3333333333333333
PRODUCT_299507,图书音像,会回购,positive,1,0.08333333333333333
PRODUCT_299507,图书音像,正品放心,positive,1,0.08333333333333333
PRODUCT_299507,图书音像,疑似假货,negative,1,0.08333333333333333
PRODUCT_299507,图书音像,质量好,positive,1,0.08333333333333333
PRODUCT_299510,美妆个护,味道不错,positive,1,1.0
PRODUCT_299608,图书音像,不推荐,negative,1,1.0
PRODUCT_299643,图书音像,性价比高,positive,1,0.5
PRODUCT_299650,图书音像,疑似假货,negative,1,1.0
PRODUCT_299650,图书音像,质量好,positive,1,1.0
PRODUCT_299777,家用电器,外观好看,positive,1,0.2
PRODUCT_299777,家用电器,正品放心,positive,1,0.2
PRODUCT_299783,家居生活,性价比高,positive,1,0.16666666666666666
PRODUCT_299798,图书音像,质量好,positive,1,0.5
PRODUCT_299827,图书音像,外观好看,positive,1,1.0
PRODUCT_299843,图书音像,不推荐,negative,1,0.14285714285714285
PRODUCT_299843,图书音像,外观好看,positive,1,0.14285714285714285
PRODUCT_299843,图书音像,质量好,positive,1,0.14285714285714285
PRODUCT_299843,图书音像,质量差,negative,1,0.14285714285714285
PRODUCT_29990,图书音像,不推荐,negative,1,1.0
PRODUCT_29990,图书音像,质量差,negative,1,1.0
PRODUCT_29991,图书音像,质量好,positive,1,1.0
PRODUCT_299934,图书音像,质量好,positive,1,1.0
PRODUCT_299937,食品/保健,味道不错,positive,1,0.5
PRODUCT_299943,图书音像,价格贵,negative,1,1.0
PRODUCT_300039,图书音像,正品放心,positive,1,0.3333333333333333
PRODUCT_300076,食品/保健,很耐用,positive,1,1.0
PRODUCT_30012,图书音像,质量差,negative,1,1.0
PRODUCT_300150,家居生活,味道不错,positive,2,1.0
PRODUCT_300150,家居生活,外观好看,positive,1,0.5
PRODUCT_30027,图书音像,外观好看,positive,1,0.3333333333333333
PRODUCT_300294,电脑/办公,会回购,positive,1,0.2
PRODUCT_300300,图书音像,内容不错,positive,1,1.0
PRODUCT_300318,图书音像,性价比高,positive,1,0.3333333333333333
PRODUCT_300382,图书音像,正品放心,positive,1,1.0
PRODUCT_300555,图书音像,质量差,negative,1,1.0
PRODUCT_300557,图书音像,性价比高,positive,4,0.23529411764705882
PRODUCT_300557,图书音像,包装差,negative,1,0.058823529411764705
PRODUCT_300557,图书音像,外观好看,positive,1,0.058823529411764705
PRODUCT_300578,手机/数码,性价比高,positive,1,1.0
PRODUCT_300600,图书音像,外观好看,positive,1,0.5
PRODUCT_300718,图书音像,会回购,positive,1,1.0
PRODUCT_300786,图书音像,包装好,positive,1,1.0
PRODUCT_300808,图书音像,质量好,positive,1,1.0
PRODUCT_30081,电脑/办公,价格贵,negative,1,0.1111111111111111
PRODUCT_30081,电脑/办公,很耐用,positive,1,0.1111111111111111
PRODUCT_300811,图书音像,包装好,positive,1,0.3333333333333333
PRODUCT_300824,图书音像,会回购,positive,1,1.0
PRODUCT_300862,图书音像,外观好看,positive,3,0.375
PRODUCT_300862,图书音像,包装差,negative,1,0.125
PRODUCT_300862,图书音像,很耐用,positive,1,0.125
PRODUCT_300894,家居生活,包装差,negative,1,0.5
PRODUCT_300928,图书音像,正品放心,positive,1,0.0625
PRODUCT_301039,图书音像,内容不错,positive,1,0.5
PRODUCT_301043,图书音像,外观好看,positive,1,1.0
PRODUCT_301061,电脑/办公,发货快,positive,1,0.2
PRODUCT_301061,电脑/办公,性价比高,positive,1,0.2
PRODUCT_301083,图书音像,包装好,positive,1,0.5
PRODUCT_301083,图书音像,正品放心,positive,1,0.5
PRODUCT_301136,电脑/办公,性价比高,positive,3,0.25
PRODUCT_301136,电脑/办公,外观好看,positive,1,0.08333333333333333
PRODUCT_301158,其他,味道不错,positive,1,0.5
PRODUCT_301198,图书音像,质量好,positive,1,0.3333333333333333
PRODUCT_301217,电脑/办公,质量差,negative,1,1.0
PRODUCT_301260,图书音像,性价比高,positive,1,1.0
PRODUCT_301366,家用电器,外观好看,positive,1,0.5
PRODUCT_301444,图书音像,包装好,positive,1,0.5
PRODUCT_301507,图书音像,不推荐,negative,1,0.5
PRODUCT_301534,图书音像,外观好看,positive,1,1.0
PRODUCT_301593,电脑/办公,外观好看,positive,2,0.2857142857142857
PRODUCT_301593,电脑/办公,很新鲜,positive,1,0.14285714285714285
PRODUCT_301593,电脑/办公,正品放心,positive,1,0.14285714285714285
PRODUCT_301602,图书音像,内容一般,negative,1,1.0
PRODUCT_301715,电脑/办公,外观好看,positive,1,0.5
PRODUCT_301813,电脑/办公,正品放心,positive,1,1.0
PRODUCT_301848,图书音像,正品放心,positive,1,0.2
PRODUCT_301961,家用电器,外观好看,positive,1,0.5
PRODUCT_301966,图书音像,质量差,negative,1,1.0
PRODUCT_301984,图书音像,正品放心,positive,3,0.3
PRODUCT_302013,图书音像,疑似假货,negative,1,0.3333333333333333
PRODUCT_302182,图书音像,外观一般,negative,1,0.5
PRODUCT_30225,图书音像,质量好,positive,1,0.5
PRODUCT_302315,图书音像,疑似假货,negative,1,1.0
PRODUCT_302366,图书音像,内容不错,positive,1,0.5
PRODUCT_302405,电脑/办公,性价比高,positive,2,0.5
PRODUCT_302417,图书音像,味道不错,positive,1,1.0
PRODUCT_302421,图书音像,不推荐,negative,1,0.5
PRODUCT_302421,图书音像,内容一般,negative,1,0.5
PRODUCT_302421,图书音像,很新鲜,positive,1,0.5
PRODUCT_302425,图书音像,内容不错,positive,1,0.2
PRODUCT_302441,图书音像,质量差,negative,1,1.0
PRODUCT_302464,图书音像,会回购,positive,1,1.0
PRODUCT_302501,美妆个护,正品放心,positive,1,0.5
PRODUCT_302598,服饰服装,外观好看,positive,1,0.3333333333333333
PRODUCT_302598,服饰服装,质量差,negative,1,0.3333333333333333
PRODUCT_302685,手机/数码,不推荐,negative,1,0.5
PRODUCT_302685,手机/数码,会回购,positive,1,0.5
PRODUCT_30269,图书音像,疑似假货,negative,1,0.125
PRODUCT_302740,电脑/办公,不推荐,negative,1,0.3333333333333333
PRODUCT_302740,电脑/办公,外观好看,positive,1,0.3333333333333333
PRODUCT_302755,手机/数码,会回购,positive,1,0.25
PRODUCT_302838,图书音像,正品放心,positive,2,0.16666666666666666
PRODUCT_302838,图书音像,不推荐,negative,1,0.08333333333333333
PRODUCT_302838,图书音像,包装好,positive,1,0.08333333333333333
PRODUCT_302874,图书音像,外观好看,positive,1,1.0
PRODUCT_303050,图书音像,内容不错,positive,1,0.5
PRODUCT_303055,图书音像,质量好,positive,1,1.0
PRODUCT_303096,图书音像,外观好看,positive,1,0.5
PRODUCT_303121,图书音像,疑似假货,negative,1,1.0
PRODUCT_303181,图书音像,不推荐,negative,1,1.0
PRODUCT_303299,鞋类箱包,外观好看,positive,1,1.0
PRODUCT_303334,手机/数码,外观好看,positive,1,1.0
PRODUCT_303334,手机/数码,尺码合适,positive,1,1.0
PRODUCT_303334,手机/数码,正品放心,positive,1,1.0
PRODUCT_303422,图书音像,内容不错,positive,1,0.5
PRODUCT_303451,美妆个护,味道不错,positive,1,1.0
PRODUCT_303462,图书音像,内容不错,positive,1,0.3333333333333333
PRODUCT_303505,图书音像,包装好,positive,1,1.0
PRODUCT_30353,图书音像,正品放心,positive,3,0.17647058823529413
PRODUCT_30353,图书音像,很新鲜,positive,2,0.11764705882352941
PRODUCT_30353,图书音像,质量好,positive,2,0.11764705882352941
PRODUCT_30353,图书音像,性价比高,positive,1,0.058823529411764705
PRODUCT_303552,图书音像,正品放心,positive,1,1.0
PRODUCT_303732,图书音像,外观好看,positive,1,1.0
PRODUCT_303875,图书音像,质量好,positive,1,0.3333333333333333
PRODUCT_303902,图书音像,正品放心,positive,1,1.0
PRODUCT_303902,图书音像,疑似假货,negative,1,1.0
PRODUCT_303934,图书音像,外观好看,positive,1,1.0
PRODUCT_303967,图书音像,不推荐,negative,1,1.0
PRODUCT_303967,图书音像,内容一般,negative,1,1.0
PRODUCT_304021,图书音像,外观好看,positive,1,0.1111111111111111
PRODUCT_304139,图书音像,性价比高,positive,1,1.0
PRODUCT_304180,图书音像,价格贵,negative,1,1.0
PRODUCT_304180,图书音像,内容不错,positive,1,1.0
PRODUCT_304255,图书音像,质量差,negative,1,1.0
PRODUCT_304315,图书音像,味道不错,positive,1,0.5
PRODUCT_304448,钟表/首饰/眼镜/礼品,味道不错,positive,1,0.3333333333333333
PRODUCT_304448,钟表/首饰/眼镜/礼品,容易坏,negative,1,0.3333333333333333
PRODUCT_304514,家具/家装/建材,外观好看,positive,1,0.25
PRODUCT_304514,家具/家装/建材,正品放心,positive,1,0.25
PRODUCT_304531,图书音像,不推荐,negative,1,1.0
PRODUCT_304549,图书音像,正品放心,positive,1,1.0
PRODUCT_304559,电脑/办公,包装差,negative,1,0.5
PRODUCT_304559,电脑/办公,质量好,positive,1,0.5
PRODUCT_304595,图书音像,质量好,positive,2,0.14285714285714285
PRODUCT_304595,图书音像,发货快,positive,1,0.07142857142857142
PRODUCT_304595,图书音像,疑似假货,negative,1,0.07142857142857142
PRODUCT_304599,图书音像,正品放心,positive,1,0.5
PRODUCT_304599,图书音像,疑似假货,negative,1,0.5
PRODUCT_304614,家居生活,正品放心,positive,2,0.3333333333333333
PRODUCT_304614,家居生活,尺码合适,positive,1,0.16666666666666666
PRODUCT_304614,家居生活,性价比高,positive,1,0.16666666666666666
PRODUCT_304647,美妆个护,不推荐,negative,1,0.16666666666666666
PRODUCT_304649,图书音像,质量好,positive,1,0.5
PRODUCT_304688,图书音像,正品放心,positive,1,1.0
PRODUCT_304693,图书音像,不推荐,negative,1,0.3333333333333333
PRODUCT_304733,电脑/办公,外观好看,positive,1,0.3333333333333333
PRODUCT_304733,电脑/办公,正品放心,positive,1,0.3333333333333333
PRODUCT_304799,图书音像,质量差,negative,1,1.0
PRODUCT_304800,图书音像,不推荐,negative,1,0.08333333333333333
PRODUCT_304800,图书音像,容易坏,negative,1,0.08333333333333333
PRODUCT_304800,图书音像,质量差,negative,1,0.08333333333333333
PRODUCT_304807,图书音像,正品放心,positive,1,1.0
PRODUCT_304814,图书音像,性价比高,positive,1,0.2
PRODUCT_304834,家用电器,不推荐,negative,1,1.0
PRODUCT_304967,图书音像,价格贵,negative,1,1.0
PRODUCT_304983,图书音像,外观一般,negative,1,1.0
PRODUCT_305041,图书音像,内容不错,positive,1,0.2
PRODUCT_305041,图书音像,疑似假货,negative,1,0.2
PRODUCT_305098,图书音像,会回购,positive,1,0.125
PRODUCT_305098,图书音像,内容不错,positive,1,0.125
PRODUCT_305098,图书音像,正品放心,positive,1,0.125
PRODUCT_305098,图书音像,疑似假货,negative,1,0.125
PRODUCT_305101,图书音像,内容不错,positive,1,0.1111111111111111
PRODUCT_305145,图书音像,性价比高,positive,1,0.5
PRODUCT_305149,图书音像,正品放心,positive,1,1.0
PRODUCT_305239,家用电器,外观好看,positive,1,0.3333333333333333
PRODUCT_305239,家用电器,性价比高,positive,1,0.3333333333333333
PRODUCT_305242,图书音像,会回购,positive,1,1.0
PRODUCT_305321,图书音像,疑似假货,negative,1,1.0
PRODUCT_305341,图书音像,性价比高,positive,1,1.0
PRODUCT_305411,图书音像,不推荐,negative,1,1.0
PRODUCT_305418,图书音像,不推荐,negative,1,1.0
PRODUCT_305418,图书音像,内容一般,negative,1,1.0
PRODUCT_305435,图书音像,质量好,positive,1,1.0
PRODUCT_305457,图书音像,性价比高,positive,1,1.0
PRODUCT_305481,图书音像,不推荐,negative,1,0.5
PRODUCT_305496,图书音像,会回购,positive,1,0.3333333333333333
PRODUCT_305518,图书音像,疑似假货,negative,1,0.25
PRODUCT_30557,图书音像,内容不错,positive,1,0.5
PRODUCT_305601,图书音像,疑似假货,negative,1,1.0
PRODUCT_305606,电脑/办公,会回购,positive,1,1.0
PRODUCT_305640,图书音像,外观好看,positive,2,0.14285714285714285
PRODUCT_305640,图书音像,不推荐,negative,1,0.07142857142857142
PRODUCT_30571,图书音像,内容不错,positive,1,1.0
PRODUCT_305711,图书音像,性价比高,positive,1,0.25
PRODUCT_305731,图书音像,正品放心,positive,1,0.5
PRODUCT_305742,图书音像,正品放心,positive,1,1.0
PRODUCT_305742,图书音像,疑似假货,negative,1,1.0
PRODUCT_305791,钟表/首饰/眼镜/礼品,正品放心,positive,1,0.3333333333333333
PRODUCT_305791,钟表/首饰/眼镜/礼品,质量好,positive,1,0.3333333333333333
PRODUCT_305813,图书音像,正品放心,positive,1,1.0
PRODUCT_305822,图书音像,内容一般,negative,1,0.3333333333333333
PRODUCT_305831,手机/数码,会回购,positive,1,0.5
PRODUCT_305831,手机/数码,质量差,negative,1,0.5
PRODUCT_305835,图书音像,外观好看,positive,1,0.14285714285714285
PRODUCT_305868,图书音像,外观好看,positive,1,1.0
PRODUCT_305918,美妆个护,性价比高,positive,3,0.1875
PRODUCT_305918,美妆个护,味道不错,positive,1,0.0625
PRODUCT_30592,图书音像,质量好,positive,1,0.5
PRODUCT_306001,图书音像,味道一般,negative,1,1.0
PRODUCT_30601,图书音像,质量好,positive,1,1.0
PRODUCT_306063,家用电器,发货快,positive,1,0.14285714285714285
PRODUCT_306063,家用电器,质量好,positive,1,0.14285714285714285
PRODUCT_306064,食品/保健,味道不错,positive,8,0.8888888888888888
PRODUCT_306064,食品/保健,会回购,positive,1,0.1111111111111111
PRODUCT_306064,食品/保健,正品放心,positive,1,0.1111111111111111
PRODUCT_306064,食品/保健,疑似假货,negative,1,0.1111111111111111
PRODUCT_30608,美妆个护,味道不错,positive,4,0.6666666666666666
PRODUCT_30608,美妆个护,不推荐,negative,1,0.16666666666666666
PRODUCT_30608,美妆个护,会回购,positive,1,0.16666666666666666
PRODUCT_30608,美妆个护,疑似假货,negative,1,0.16666666666666666
PRODUCT_30609,美妆个护,正品放心,positive,1,1.0
PRODUCT_30621,图书音像,正品放心,positive,1,1.0
PRODUCT_30621,图书音像,质量好,positive,1,1.0
PRODUCT_30629,图书音像,疑似假货,negative,1,1.0
PRODUCT_30635,图书音像,疑似假货,negative,1,0.5
PRODUCT_306353,图书音像,内容不错,positive,1,0.125
PRODUCT_306353,图书音像,味道不错,positive,1,0.125
PRODUCT_306353,图书音像,质量差,negative,1,0.125
PRODUCT_306409,电脑/办公,价格贵,negative,1,1.0
PRODUCT_306496,图书音像,内容不错,positive,1,1.0
PRODUCT_306548,图书音像,内容不错,positive,1,0.5
PRODUCT_306573,家用电器,性价比高,positive,1,0.5
PRODUCT_306600,图书音像,内容一般,negative,1,1.0
PRODUCT_306639,家居生活,质量好,positive,1,0.5
PRODUCT_306659,美妆个护,味道不错,positive,1,1.0
PRODUCT_306659,美妆个护,性价比高,positive,1,1.0
PRODUCT_306667,电脑/办公,性价比高,positive,2,0.2
PRODUCT_306667,电脑/办公,包装好,positive,1,0.1
PRODUCT_306667,电脑/办公,质量好,positive,1,0.1
PRODUCT_306672,钟表/首饰/眼镜/礼品,外观好看,positive,12,0.5714285714285714
PRODUCT_306672,钟表/首饰/眼镜/礼品,性价比高,positive,1,0.047619047619047616
PRODUCT_306737,图书音像,包装差,negative,1,0.047619047619047616
PRODUCT_306737,图书音像,性价比高,positive,1,0.047619047619047616
PRODUCT_306764,图书音像,发货快,positive,1,1.0
PRODUCT_306764,图书音像,质量好,positive,1,1.0
PRODUCT_306821,手机/数码,性价比高,positive,1,0.25
PRODUCT_306835,图书音像,疑似假货,negative,1,0.25
PRODUCT_306847,图书音像,内容不错,positive,1,0.25
PRODUCT_306847,图书音像,质量好,positive,1,0.25
PRODUCT_306849,图书音像,内容不错,positive,1,1.0
PRODUCT_306868,图书音像,不推荐,negative,1,0.25
PRODUCT_306919,图书音像,不推荐,negative,1,1.0
PRODUCT_306926,手机/数码,很耐用,positive,1,0.2
PRODUCT_306926,手机/数码,性价比高,positive,1,0.2
PRODUCT_306948,图书音像,外观好看,positive,1,0.5
PRODUCT_306977,图书音像,外观好看,positive,1,1.0
PRODUCT_306994,图书音像,包装差,negative,1,0.3333333333333333
PRODUCT_306994,图书音像,质量好,positive,1,0.3333333333333333
PRODUCT_307066,图书音像,内容一般,negative,1,0.3333333333333333
PRODUCT_307066,图书音像,质量好,positive,1,0.3333333333333333
PRODUCT_3071,图书音像,发货快,positive,1,1.0
PRODUCT_307119,图书音像,内容不错,positive,1,0.5
PRODUCT_307119,图书音像,疑似假货,negative,1,0.5
PRODUCT_307182,图书音像,外观好看,positive,1,0.5
PRODUCT_307195,食品/保健,味道不错,positive,1,0.5
PRODUCT_307308,图书音像,内容不错,positive,1,1.0
PRODUCT_307320,图书音像,包装差,negative,1,0.5
PRODUCT_307342,图书音像,正品放心,positive,1,0.5
PRODUCT_307348,食品/保健,内容一般,negative,1,1.0
PRODUCT_307348,食品/保健,味道不错,positive,1,1.0
PRODUCT_307405,电脑/办公,外观好看,positive,1,0.3333333333333333
PRODUCT_307429,图书音像,包装差,negative,1,1.0
PRODUCT_307470,图书音像,发货快,positive,1,0.3333333333333333
PRODUCT_307470,图书音像,性价比高,positive,1,0.3333333333333333
PRODUCT_307470,图书音像,正品放心,positive,1,0.3333333333333333
PRODUCT_307499,图书音像,发货快,positive,1,0.25
PRODUCT_307512,美妆个护,正品放心,positive,2,0.2222222222222222
PRODUCT_307512,美妆个护,不推荐,negative,1,0.1111111111111111
PRODUCT_307512,美妆个护,味道不错,positive,1,0.1111111111111111
PRODUCT_307512,美妆个护,疑似假货,negative,1,0.1111111111111111
PRODUCT_307529,鞋类箱包,质量好,positive,2,0.2222222222222222
PRODUCT_307529,鞋类箱包,很耐用,positive,1,0.1111111111111111
PRODUCT_307529,鞋类箱包,性价比高,positive,1,0.1111111111111111
PRODUCT_307551,鞋类箱包,质量好,positive,1,0.25
PRODUCT_307579,图书音像,性价比高,positive,1,1.0
PRODUCT_307591,图书音像,正品放心,positive,1,1.0
PRODUCT_307592,手机/数码,正品放心,positive,1,1.0
PRODUCT_307602,图书音像,正品放心,positive,1,0.16666666666666666
PRODUCT_307602,图书音像,质量好,positive,1,0.16666666666666666
PRODUCT_307611,鞋类箱包,性价比高,positive,3,0.42857142857142855
PRODUCT_307611,鞋类箱包,容易坏,negative,1,0.14285714285714285
PRODUCT_307611,鞋类箱包,很耐用,positive,1,0.14285714285714285
PRODUCT_307611,鞋类箱包,正品放心,positive,1,0.14285714285714285
PRODUCT_307631,图书音像,正品放心,positive,1,1.0
PRODUCT_307634,图书音像,正品放心,positive,1,1.0
PRODUCT_307634,图书音像,质量好,positive,1,1.0
PRODUCT_307664,图书音像,容易坏,negative,1,0.3333333333333333
PRODUCT_307707,手机/数码,正品放心,positive,1,1.0
PRODUCT_307789,图书音像,内容一般,negative,1,0.25
PRODUCT_307789,图书音像,外观好看,positive,1,0.25
PRODUCT_307868,美妆个护,外观好看,positive,1,1.0
PRODUCT_307868,美妆个护,正品放心,positive,1,1.0
PRODUCT_307877,图书音像,正品放心,positive,1,1.0
PRODUCT_307911,钟表/首饰/眼镜/礼品,外观好看,positive,1,1.0
PRODUCT_307941,电脑/办公,性价比高,positive,1,0.5
PRODUCT_308005,母婴/玩具,很耐用,positive,1,1.0
PRODUCT_308008,家用电器,外观好看,positive,1,1.0
PRODUCT_308008,家用电器,正品放心,positive,1,1.0
PRODUCT_308044,食品/保健,很新鲜,positive,1,1.0
PRODUCT_308103,图书音像,正品放心,positive,1,0.5
PRODUCT_308133,图书音像,内容不错,positive,1,0.5
PRODUCT_308146,图书音像,会回购,positive,1,0.06666666666666667
PRODUCT_308146,图书音像,内容不错,positive,1,0.06666666666666667
PRODUCT_308146,图书音像,外观好看,positive,1,0.06666666666666667
PRODUCT_308146,图书音像,疑似假货,negative,1,0.06666666666666667
PRODUCT_308150,图书音像,不推荐,negative,1,1.0
PRODUCT_308188,母婴/玩具,包装好,positive,1,0.2
PRODUCT_308188,母婴/玩具,质量差,negative,1,0.2
PRODUCT_308205,手机/数码,正品放心,positive,1,0.5
PRODUCT_308372,家具/家装/建材,质量好,positive,1,1.0
PRODUCT_308451,母婴/玩具,正品放心,positive,1,0.3333333333333333
PRODUCT_308458,图书音像,发货快,positive,1,1.0
PRODUCT_308473,家居生活,外观好看,positive,2,0.5
PRODUCT_308473,家居生活,会回购,positive,1,0.25
PRODUCT_308498,图书音像,正品放心,positive,1,1.0
PRODUCT_308520,电脑/办公,外观好看,positive,2,0.5
PRODUCT_308528,手机/数码,外观好看,positive,2,0.2857142857142857
PRODUCT_308528,手机/数码,正品放心,positive,1,0.14285714285714285
PRODUCT_308595,图书音像,内容不错,positive,1,0.3333333333333333
PRODUCT_308606,美妆个护,价格贵,negative,1,0.16666666666666666
PRODUCT_308606,美妆个护,味道不错,positive,1,0.16666666666666666
PRODUCT_308606,美妆个护,质量好,positive,1,0.16666666666666666
PRODUCT_308804,电脑/办公,不推荐,negative,1,0.16666666666666666
PRODUCT_308804,电脑/办公,外观好看,positive,1,0.16666666666666666
PRODUCT_308847,家用电器,外观好看,positive,1,1.0
PRODUCT_308997,图书音像,外观好看,positive,1,1.0
PRODUCT_309049,图书音像,正品放心,positive,1,0.25
PRODUCT_309057,图书音像,质量差,negative,1,1.0
PRODUCT_309156,家用电器,正品放心,positive,2,0.3333333333333333
PRODUCT_309156,家用电器,不推荐,negative,1,0.16666666666666666
PRODUCT_309156,家用电器,会回购,positive,1,0.16666666666666666
PRODUCT_309156,家用电器,质量差,negative,1,0.16666666666666666
PRODUCT_309179,钟表/首饰/眼镜/礼品,正品放心,positive,1,0.5
PRODUCT_309179,钟表/首饰/眼镜/礼品,疑似假货,negative,1,0.5
PRODUCT_309228,美妆个护,性价比高,positive,1,1.0
PRODUCT_309269,图书音像,内容不错,positive,1,1.0
PRODUCT_309300,图书音像,正品放心,positive,1,0.5
PRODUCT_3096,图书音像,正品放心,positive,1,0.5
PRODUCT_30969,图书音像,内容不错,positive,1,0.5
PRODUCT_309796,图书音像,价格贵,negative,1,1.0
PRODUCT_309796,图书音像,内容不错,positive,1,1.0
PRODUCT_309810,图书音像,正品放心,positive,1,1.0
PRODUCT_309810,图书音像,疑似假货,negative,1,1.0
PRODUCT_309885,图书音像,外观好看,positive,1,0.5
PRODUCT_309964,图书音像,外观好看,positive,3,0.2727272727272727
PRODUCT_309964,图书音像,疑似假货,negative,2,0.18181818181818182
PRODUCT_309964,图书音像,包装差,negative,1,0.09090909090909091
PRODUCT_309964,图书音像,尺码合适,positive,1,0.09090909090909091
PRODUCT_309988,图书音像,疑似假货,negative,1,0.25
PRODUCT_310029,电脑/办公,包装好,positive,1,0.16666666666666666
PRODUCT_310029,电脑/办公,外观好看,positive,1,0.16666666666666666
PRODUCT_310031,电脑/办公,外观好看,positive,1,1.0
PRODUCT_310038,美妆个护,正品放心,positive,1,1.0
PRODUCT_310038,美妆个护,疑似假货,negative,1,1.0
PRODUCT_31005,图书音像,内容不错,positive,1,0.5
PRODUCT_31005,图书音像,外观好看,positive,1,0.5
PRODUCT_310114,图书音像,质量差,negative,1,0.5
PRODUCT_31013,图书音像,价格贵,negative,1,1.0
PRODUCT_31014,图书音像,外观好看,positive,1,0.3333333333333333
PRODUCT_31014,图书音像,性价比高,positive,1,0.3333333333333333
PRODUCT_310174,图书音像,正品放心,positive,1,1.0
PRODUCT_310190,母婴/玩具,正品放心,positive,1,0.5
PRODUCT_310216,图书音像,疑似假货,negative,2,0.125
PRODUCT_310216,图书音像,包装差,negative,1,0.0625
PRODUCT_310216,图书音像,容易坏,negative,1,0.0625
PRODUCT_310216,图书音像,正品放心,positive,1,0.0625
PRODUCT_310243,图书音像,很新鲜,positive,1,0.5
PRODUCT_310285,图书音像,正品放心,positive,5,0.3333333333333333
PRODUCT_310285,图书音像,疑似假货,negative,2,0.13333333333333333
PRODUCT_310285,图书音像,会回购,positive,1,0.06666666666666667
PRODUCT_310285,图书音像,包装差,negative,1,0.06666666666666667
PRODUCT_31033,图书音像,内容不错,positive,1,0.5
PRODUCT_310616,图书音像,疑似假货,negative,1,1.0
PRODUCT_31068,图书音像,价格贵,negative,1,1.0
PRODUCT_310761,图书音像,包装差,negative,1,1.0
PRODUCT_310763,图书音像,疑似假货,negative,1,0.3333333333333333
PRODUCT_310763,图书音像,质量好,positive,1,0.3333333333333333
PRODUCT_310856,图书音像,味道不错,positive,1,0.3333333333333333
PRODUCT_310876,图书音像,外观好看,positive,1,1.0
PRODUCT_310876,图书音像,质量差,negative,1,1.0
PRODUCT_310949,图书音像,质量好,positive,1,1.0
PRODUCT_310984,图书音像,质量好,positive,1,0.5
PRODUCT_311029,图书音像,内容一般,negative,1,1.0
PRODUCT_311029,图书音像,性价比高,positive,1,1.0
PRODUCT_311065,图书音像,正品放心,positive,1,1.0
PRODUCT_311095,图书音像,外观好看,positive,1,0.5
PRODUCT_311139,图书音像,不推荐,negative,1,0.16666666666666666
PRODUCT_311156,图书音像,正品放心,positive,2,0.5
PRODUCT_311156,图书音像,疑似假货,negative,1,0.25
PRODUCT_311203,图书音像,正品放心,positive,1,0.07142857142857142
PRODUCT_311203,图书音像,疑似假货,negative,1,0.07142857142857142
PRODUCT_311251,图书音像,质量好,positive,1,1.0
PRODUCT_311303,图书音像,很新鲜,positive,1,1.0
PRODUCT_311412,其他,价格贵,negative,1,0.25
PRODUCT_311412,其他,尺码不准,negative,1,0.25
PRODUCT_311412,其他,质量好,positive,1,0.25
PRODUCT_311445,图书音像,内容不错,positive,1,1.0
PRODUCT_311575,图书音像,不推荐,negative,1,0.07692307692307693
PRODUCT_311575,图书音像,会回购,positive,1,0.07692307692307693
PRODUCT_31162,图书音像,包装好,positive,1,1.0
PRODUCT_311705,图书音像,性价比高,positive,1,0.5
PRODUCT_311859,电脑/办公,不推荐,negative,1,1.0
PRODUCT_311859,电脑/办公,内容一般,negative,1,1.0
PRODUCT_311859,电脑/办公,质量差,negative,1,1.0
PRODUCT_311890,图书音像,价格贵,negative,1,0.3333333333333333
PRODUCT_31190,图书音像,外观一般,negative,1,1.0
PRODUCT_31190,图书音像,外观好看,positive,1,1.0
PRODUCT_311917,图书音像,质量差,negative,1,1.0
PRODUCT_311938,美妆个护,外观好看,positive,1,1.0
PRODUCT_311938,美妆个护,正品放心,positive,1,1.0
PRODUCT_311963,图书音像,发货快,positive,1,0.5
PRODUCT_311988,手机/数码,正品放心,positive,1,0.5
PRODUCT_312023,图书音像,很新鲜,positive,1,1.0
PRODUCT_312039,图书音像,质量差,negative,1,1.0
PRODUCT_312081,其他,质量好,positive,1,1.0
PRODUCT_312117,图书音像,质量好,positive,1,1.0
PRODUCT_312119,图书音像,不推荐,negative,1,1.0
PRODUCT_312119,图书音像,内容一般,negative,1,1.0
PRODUCT_312217,图书音像,包装差,negative,1,0.1
PRODUCT_312217,图书音像,外观一般,negative,1,0.1
PRODUCT_312217,图书音像,外观好看,positive,1,0.1
PRODUCT_312230,图书音像,质量好,positive,1,0.5
PRODUCT_312238,图书音像,正品放心,positive,1,0.3333333333333333
PRODUCT_31224,图书音像,外观好看,positive,1,0.3333333333333333
PRODUCT_312253,图书音像,质量好,positive,1,0.3333333333333333
PRODUCT_31232,图书音像,不推荐,negative,1,0.5
PRODUCT_312327,图书音像,性价比高,positive,1,0.5
PRODUCT_312383,运动户外,很耐用,positive,1,1.0
PRODUCT_312393,钟表/首饰/眼镜/礼品,正品放心,positive,1,1.0
PRODUCT_312393,钟表/首饰/眼镜/礼品,疑似假货,negative,1,1.0
PRODUCT_31241,家具/家装/建材,包装差,negative,1,0.5
PRODUCT_31241,家具/家装/建材,质量好,positive,1,0.5
PRODUCT_312457,手机/数码,性价比高,positive,1,0.08333333333333333
PRODUCT_312457,手机/数码,正品放心,positive,1,0.08333333333333333
PRODUCT_312457,手机/数码,质量好,positive,1,0.08333333333333333
PRODUCT_312457,手机/数码,质量差,negative,1,0.08333333333333333
PRODUCT_312508,图书音像,正品放心,positive,1,1.0
PRODUCT_312565,其他,性价比高,positive,1,0.5
PRODUCT_31258,家用电器,很耐用,positive,1,0.07142857142857142
PRODUCT_31258,家用电器,性价比高,positive,1,0.07142857142857142
PRODUCT_31258,家用电器,质量好,positive,1,0.07142857142857142
PRODUCT_312624,图书音像,正品放心,positive,1,0.5
PRODUCT_312626,钟表/首饰/眼镜/礼品,外观好看,positive,1,1.0
PRODUCT_312626,钟表/首饰/眼镜/礼品,性价比高,positive,1,1.0
PRODUCT_312626,钟表/首饰/眼镜/礼品,正品放心,positive,1,1.0
PRODUCT_312626,钟表/首饰/眼镜/礼品,疑似假货,negative,1,1.0
PRODUCT_312645,图书音像,正品放心,positive,1,1.0
PRODUCT_312679,图书音像,质量好,positive,1,0.5
PRODUCT_312695,电脑/办公,正品放心,positive,2,0.4
PRODUCT_312695,电脑/办公,质量好,positive,1,0.2
PRODUCT_312849,美妆个护,正品放心,positive,1,1.0
PRODUCT_312881,图书音像,内容不错,positive,1,0.1
PRODUCT_312920,图书音像,很新鲜,positive,1,0.14285714285714285
PRODUCT_312930,图书音像,物流慢,negative,1,1.0
PRODUCT_312942,手机/数码,外观好看,positive,4,0.25
PRODUCT_312942,手机/数码,正品放心,positive,1,0.0625
PRODUCT_31295,图书音像,很新鲜,positive,1,1.0
PRODUCT_312988,图书音像,内容不错,positive,1,1.0
PRODUCT_313026,图书音像,内容不错,positive,1,1.0
PRODUCT_313038,家居生活,发货快,positive,1,0.5
PRODUCT_313038,家居生活,外观好看,positive,1,0.5
PRODUCT_313081,图书音像,内容不错,positive,1,0.3333333333333333
PRODUCT_313156,家用电器,很耐用,positive,1,1.0
PRODUCT_313221,图书音像,容易坏,negative,1,0.5
PRODUCT_313229,图书音像,很新鲜,positive,1,0.3333333333333333
PRODUCT_313242,电脑/办公,外观好看,positive,1,0.3333333333333333
PRODUCT_313303,图书音像,不推荐,negative,1,1.0
PRODUCT_313303,图书音像,质量好,positive,1,1.0
PRODUCT_313324,图书音像,性价比高,positive,1,1.0
PRODUCT_31333,图书音像,质量好,positive,2,0.3333333333333333
PRODUCT_31333,图书音像,内容不错,positive,1,0.16666666666666666
PRODUCT_31333,图书音像,正品放心,positive,1,0.16666666666666666
PRODUCT_313342,图书音像,外观好看,positive,1,0.3333333333333333
PRODUCT_313423,图书音像,正品放心,positive,1,0.5
PRODUCT_31347,图书音像,会回购,positive,1,0.3333333333333333
PRODUCT_313529,图书音像,外观好看,positive,1,0.2
PRODUCT_31361,手机/数码,外观一般,negative,1,0.5
PRODUCT_313677,图书音像,正品放心,positive,1,0.5
PRODUCT_313769,图书音像,疑似假货,negative,1,1.0
PRODUCT_313797,图书音像,正品放心,positive,1,0.5
PRODUCT_313819,家居生活,正品放心,positive,1,1.0
PRODUCT_313820,电脑/办公,不推荐,negative,1,0.09090909090909091
PRODUCT_313820,电脑/办公,外观好看,positive,1,0.09090909090909091
PRODUCT_313820,电脑/办公,性价比高,positive,1,0.09090909090909091
PRODUCT_313820,电脑/办公,质量差,negative,1,0.09090909090909091
PRODUCT_313896,图书音像,外观好看,positive,3,0.25
PRODUCT_313896,图书音像,内容不错,positive,2,0.16666666666666666
PRODUCT_313896,图书音像,正品放心,positive,2,0.16666666666666666
PRODUCT_313896,图书音像,包装好,positive,1,0.08333333333333333
PRODUCT_313896,图书音像,质量好,positive,1,0.08333333333333333
PRODUCT_313897,家用电器,性价比高,positive,1,0.5
PRODUCT_313898,家用电器,外观好看,positive,1,0.5
PRODUCT_313910,图书音像,内容不错,positive,1,1.0
PRODUCT_313912,家居生活,会回购,positive,1,1.0
PRODUCT_313946,鞋类箱包,会回购,positive,1,1.0
PRODUCT_313976,电脑/办公,包装好,positive,1,1.0
PRODUCT_313976,电脑/办公,质量好,positive,1,1.0
PRODUCT_314011,家居生活,很耐用,positive,2,0.5
PRODUCT_314011,家居生活,包装差,negative,1,0.25
PRODUCT_314011,家居生活,性价比高,positive,1,0.25
PRODUCT_314022,图书音像,质量好,positive,1,0.5
PRODUCT_314200,母婴/玩具,质量好,positive,1,0.25
PRODUCT_314287,手机/数码,正品放心,positive,2,0.4
PRODUCT_314287,手机/数码,性价比高,positive,1,0.2
PRODUCT_314287,手机/数码,质量好,positive,1,0.2
PRODUCT_314288,手机/数码,很耐用,positive,1,0.5
PRODUCT_314288,手机/数码,正品放心,positive,1,0.5
PRODUCT_314288,手机/数码,续航差,negative,1,0.5
PRODUCT_314329,图书音像,包装好,positive,1,0.3333333333333333
PRODUCT_314329,图书音像,外观好看,positive,1,0.3333333333333333
PRODUCT_314398,图书音像,正品放心,positive,1,1.0
PRODUCT_314429,图书音像,内容不错,positive,1,0.25
PRODUCT_314463,图书音像,正品放心,positive,1,1.0
PRODUCT_31448,图书音像,价格贵,negative,1,1.0
PRODUCT_314492,图书音像,质量差,negative,1,1.0
PRODUCT_314569,其他,正品放心,positive,1,1.0
PRODUCT_314607,手机/数码,正品放心,positive,5,0.2631578947368421
PRODUCT_314607,手机/数码,外观好看,positive,3,0.15789473684210525
PRODUCT_314607,手机/数码,容易坏,negative,2,0.10526315789473684
PRODUCT_314607,手机/数码,性价比高,positive,2,0.10526315789473684
PRODUCT_314607,手机/数码,质量差,negative,2,0.10526315789473684
PRODUCT_314608,手机/数码,外观好看,positive,2,0.125
PRODUCT_314608,手机/数码,正品放心,positive,2,0.125
PRODUCT_314608,手机/数码,不推荐,negative,1,0.0625
PRODUCT_314608,手机/数码,会回购,positive,1,0.0625
PRODUCT_314608,手机/数码,包装好,positive,1,0.0625
PRODUCT_314608,手机/数码,外观一般,negative,1,0.0625
PRODUCT_314608,手机/数码,很新鲜,positive,1,0.0625
PRODUCT_314608,手机/数码,性价比高,positive,1,0.0625
PRODUCT_31481,图书音像,包装差,negative,1,0.09090909090909091
PRODUCT_31481,图书音像,外观好看,positive,1,0.09090909090909091
PRODUCT_31481,图书音像,容易坏,negative,1,0.09090909090909091
PRODUCT_314895,图书音像,价格贵,negative,1,0.5
PRODUCT_314952,图书音像,外观好看,positive,1,1.0
PRODUCT_315007,钟表/首饰/眼镜/礼品,很新鲜,positive,1,0.5
PRODUCT_315081,手机/数码,外观好看,positive,1,1.0
PRODUCT_315322,电脑/办公,性价比高,positive,1,1.0
PRODUCT_315386,手机/数码,性价比高,positive,1,1.0
PRODUCT_315386,手机/数码,正品放心,positive,1,1.0
PRODUCT_315427,图书音像,内容不错,positive,1,0.2
PRODUCT_315427,图书音像,外观好看,positive,1,0.2
PRODUCT_315427,图书音像,性价比高,positive,1,0.2
PRODUCT_31549,图书音像,很新鲜,positive,1,1.0
PRODUCT_31549,图书音像,正品放心,positive,1,1.0
PRODUCT_31563,钟表/首饰/眼镜/礼品,外观好看,positive,1,0.5
PRODUCT_315704,图书音像,疑似假货,negative,1,0.25
PRODUCT_315721,图书音像,外观好看,positive,1,0.5
PRODUCT_315721,图书音像,性价比高,positive,1,0.5
PRODUCT_315874,图书音像,疑似假货,negative,1,0.2
PRODUCT_315881,图书音像,内容不错,positive,1,0.2
PRODUCT_315881,图书音像,包装差,negative,1,0.2
PRODUCT_315881,图书音像,容易坏,negative,1,0.2
PRODUCT_315881,图书音像,物流慢,negative,1,0.2
PRODUCT_315896,图书音像,外观好看,positive,1,0.2
PRODUCT_315896,图书音像,正品放心,positive,1,0.2
PRODUCT_316001,图书音像,包装差,negative,1,1.0
PRODUCT_31601,图书音像,外观好看,positive,1,1.0
PRODUCT_316081,图书音像,很新鲜,positive,1,0.3333333333333333
PRODUCT_316081,图书音像,疑似假货,negative,1,0.3333333333333333
PRODUCT_316140,图书音像,不推荐,negative,1,1.0
PRODUCT_316161,图书音像,内容不错,positive,2,0.13333333333333333
PRODUCT_316161,图书音像,正品放心,positive,2,0.13333333333333333
PRODUCT_316161,图书音像,质量差,negative,1,0.06666666666666667
PRODUCT_31626,美妆个护,价格贵,negative,1,0.5
PRODUCT_31626,美妆个护,外观好看,positive,1,0.5
PRODUCT_31626,美妆个护,容易坏,negative,1,0.5
PRODUCT_31626,美妆个护,尺码不准,negative,1,0.5
PRODUCT_31629,手机/数码,正品放心,positive,1,1.0
PRODUCT_31638,鞋类箱包,外观一般,negative,1,0.3333333333333333
PRODUCT_31638,鞋类箱包,外观好看,positive,1,0.3333333333333333
PRODUCT_31638,鞋类箱包,很耐用,positive,1,0.3333333333333333
PRODUCT_316386,图书音像,内容不错,positive,1,0.3333333333333333
PRODUCT_316399,图书音像,正品放心,positive,1,1.0
PRODUCT_3165,图书音像,发货快,positive,1,0.3333333333333333
PRODUCT_3165,图书音像,很新鲜,positive,1,0.3333333333333333
PRODUCT_3165,图书音像,正品放心,positive,1,0.3333333333333333
PRODUCT_31654,图书音像,内容一般,negative,1,1.0
PRODUCT_316553,图书音像,味道不错,positive,1,1.0
PRODUCT_316561,钟表/首饰/眼镜/礼品,外观好看,positive,1,1.0
PRODUCT_316561,钟表/首饰/眼镜/礼品,疑似假货,negative,1,1.0
PRODUCT_316579,母婴/玩具,性价比高,positive,1,0.2
PRODUCT_316579,母婴/玩具,质量好,positive,1,0.2
PRODUCT_316582,电脑/办公,包装好,positive,1,0.5
PRODUCT_316666,图书音像,外观好看,positive,1,0.3333333333333333
PRODUCT_316694,手机/数码,容易坏,negative,1,0.3333333333333333
PRODUCT_316717,图书音像,内容不错,positive,1,0.3333333333333333
PRODUCT_316729,图书音像,内容一般,negative,1,1.0
PRODUCT_316729,图书音像,性价比高,positive,1,1.0
PRODUCT_316735,图书音像,质量好,positive,1,1.0
PRODUCT_316787,美妆个护,价格贵,negative,1,0.5
PRODUCT_316806,图书音像,内容不错,positive,1,1.0
PRODUCT_316806,图书音像,性价比高,positive,1,1.0
PRODUCT_316808,图书音像,正品放心,positive,1,0.5
PRODUCT_316842,家用电器,外观好看,positive,1,0.5
PRODUCT_316867,图书音像,内容不错,positive,1,1.0
PRODUCT_316998,图书音像,正品放心,positive,1,0.2
PRODUCT_317020,图书音像,质量好,positive,1,1.0
PRODUCT_317021,图书音像,外观好看,positive,1,0.5
PRODUCT_317030,食品/保健,味道不错,positive,3,0.42857142857142855
PRODUCT_317030,食品/保健,疑似假货,negative,1,0.14285714285714285
PRODUCT_317030,食品/保健,质量差,negative,1,0.14285714285714285
PRODUCT_317084,电脑/办公,外观好看,positive,3,0.17647058823529413
PRODUCT_317084,电脑/办公,正品放心,positive,1,0.058823529411764705
PRODUCT_317139,图书音像,质量好,positive,1,0.5
PRODUCT_31715,图书音像,不推荐,negative,1,0.16666666666666666
PRODUCT_31715,图书音像,包装差,negative,1,0.16666666666666666
PRODUCT_31715,图书音像,正品放心,positive,1,0.16666666666666666
PRODUCT_317208,图书音像,外观好看,positive,1,0.14285714285714285
PRODUCT_317208,图书音像,正品放心,positive,1,0.14285714285714285
PRODUCT_317227,家用电器,正品放心,positive,1,0.5
PRODUCT_317276,图书音像,外观好看,positive,1,1.0
PRODUCT_317321,美妆个护,味道不错,positive,1,0.1
PRODUCT_317328,手机/数码,包装好,positive,1,0.2
PRODUCT_317401,手机/数码,质量好,positive,1,0.3333333333333333
PRODUCT_317416,图书音像,发货快,positive,1,1.0
PRODUCT_317427,图书音像,外观好看,positive,1,1.0
PRODUCT_317456,其他,正品放心,positive,2,0.4
PRODUCT_317456,其他,很新鲜,positive,1,0.2
PRODUCT_317456,其他,物流慢,negative,1,0.2
PRODUCT_317456,其他,质量好,positive,1,0.2
PRODUCT_317463,图书音像,外观好看,positive,1,1.0
PRODUCT_317465,电脑/办公,正品放心,positive,1,0.25
PRODUCT_317509,图书音像,内容不错,positive,1,1.0
PRODUCT_317546,图书音像,质量好,positive,2,1.0
PRODUCT_317568,图书音像,疑似假货,negative,1,0.14285714285714285
PRODUCT_317588,家居生活,外观好看,positive,1,1.0
PRODUCT_317602,图书音像,不推荐,negative,1,0.5
PRODUCT_317624,电脑/办公,内容一般,negative,1,0.14285714285714285
PRODUCT_317624,电脑/办公,容易坏,negative,1,0.14285714285714285
PRODUCT_31766,美妆个护,味道不错,positive,1,1.0
PRODUCT_317726,手机/数码,外观好看,positive,1,1.0
PRODUCT_317770,母婴/玩具,外观好看,positive,2,1.0
PRODUCT_317796,美妆个护,尺码不准,negative,1,0.5
PRODUCT_317834,家用电器,性价比高,positive,1,0.5
PRODUCT_317864,图书音像,外观好看,positive,1,1.0
PRODUCT_317864,图书音像,性价比高,positive,1,1.0
PRODUCT_317876,图书音像,外观好看,positive,1,1.0
PRODUCT_317891,手机/数码,发货快,positive,1,0.5
PRODUCT_317918,图书音像,容易坏,negative,1,0.3333333333333333
PRODUCT_317919,图书音像,正品放心,positive,1,1.0
PRODUCT_317923,图书音像,内容不错,positive,1,0.3333333333333333
PRODUCT_317923,图书音像,发货快,positive,1,0.3333333333333333
PRODUCT_317923,图书音像,正品放心,positive,1,0.3333333333333333
PRODUCT_317932,电脑/办公,不推荐,negative,1,0.14285714285714285
PRODUCT_317932,电脑/办公,容易坏,negative,1,0.14285714285714285
PRODUCT_317932,电脑/办公,正品放心,positive,1,0.14285714285714285
PRODUCT_317932,电脑/办公,疑似假货,negative,1,0.14285714285714285
PRODUCT_317940,图书音像,性价比高,positive,2,0.16666666666666666
PRODUCT_317940,图书音像,内容不错,positive,1,0.08333333333333333
PRODUCT_317940,图书音像,正品放心,positive,1,0.08333333333333333
PRODUCT_317955,图书音像,质量好,positive,1,1.0
PRODUCT_317988,食品/保健,包装好,positive,1,1.0
PRODUCT_317988,食品/保健,正品放心,positive,1,1.0
PRODUCT_318052,母婴/玩具,性价比高,positive,1,0.2
PRODUCT_318052,母婴/玩具,正品放心,positive,1,0.2
PRODUCT_318054,图书音像,会回购,positive,1,1.0
PRODUCT_318058,图书音像,质量好,positive,1,1.0
PRODUCT_318131,图书音像,外观好看,positive,1,1.0
PRODUCT_318131,图书音像,很新鲜,positive,1,1.0
PRODUCT_318132,家用电器,味道不错,positive,2,0.6666666666666666
PRODUCT_318132,家用电器,味道一般,negative,1,0.3333333333333333
PRODUCT_31816,图书音像,正品放心,positive,1,1.0
PRODUCT_318181,图书音像,外观好看,positive,1,0.3333333333333333
PRODUCT_318183,图书音像,质量好,positive,1,0.5
PRODUCT_318213,图书音像,正品放心,positive,2,1.0
PRODUCT_318213,图书音像,疑似假货,negative,1,0.5
PRODUCT_318233,母婴/玩具,正品放心,positive,1,1.0
PRODUCT_318234,图书音像,性价比高,positive,1,1.0
PRODUCT_318251,美妆个护,容易坏,negative,1,1.0
PRODUCT_318287,图书音像,正品放心,positive,1,1.0
PRODUCT_318340,图书音像,内容不错,positive,1,0.5
PRODUCT_318386,其他,味道不错,positive,1,1.0
PRODUCT_318436,美妆个护,味道不错,positive,1,1.0
PRODUCT_31844,图书音像,质量好,positive,1,1.0
PRODUCT_318493,美妆个护,内容不错,positive,1,1.0
PRODUCT_318499,图书音像,内容一般,negative,1,1.0
PRODUCT_318513,图书音像,正品放心,positive,1,1.0
PRODUCT_318572,手机/数码,外观一般,negative,1,0.5
PRODUCT_318575,美妆个护,正品放心,positive,3,0.3333333333333333
PRODUCT_318575,美妆个护,性价比高,positive,1,0.1111111111111111
PRODUCT_318575,美妆个护,疑似假货,negative,1,0.1111111111111111
PRODUCT_318612,图书音像,内容不错,positive,1,0.5
PRODUCT_318614,图书音像,内容不错,positive,1,1.0
PRODUCT_318623,图书音像,不推荐,negative,1,1.0
PRODUCT_318720,图书音像,内容一般,negative,1,1.0
PRODUCT_318740,美妆个护,味道不错,positive,1,0.5
PRODUCT_318740,美妆个护,正品放心,positive,1,0.5
PRODUCT_318741,电脑/办公,性价比高,positive,1,0.5
PRODUCT_318775,图书音像,正品放心,positive,1,1.0
PRODUCT_318825,图书音像,味道不错,positive,1,0.2
PRODUCT_318840,图书音像,外观好看,positive,1,0.14285714285714285
PRODUCT_318859,图书音像,会回购,positive,1,1.0
PRODUCT_318871,母婴/玩具,正品放心,positive,1,0.05555555555555555
PRODUCT_318919,家用电器,正品放心,positive,2,0.25
PRODUCT_318919,家用电器,质量好,positive,1,0.125
PRODUCT_318948,图书音像,尺码不准,negative,1,0.5
PRODUCT_318974,电脑/办公,容易坏,negative,1,0.3333333333333333
PRODUCT_31899,图书音像,包装差,negative,2,0.2222222222222222
PRODUCT_31899,图书音像,外观好看,positive,2,0.2222222222222222
PRODUCT_31899,图书音像,质量好,positive,1,0.1111111111111111
PRODUCT_319033,家用电器,外观好看,positive,1,0.3333333333333333
PRODUCT_319079,电脑/办公,正品放心,positive,1,1.0
PRODUCT_31910,手机/数码,外观好看,positive,1,1.0
PRODUCT_319131,图书音像,会回购,positive,1,0.5
PRODUCT_319157,图书音像,外观好看,positive,1,1.0
PRODUCT_319190,图书音像,性价比高,positive,1,1.0
PRODUCT_319278,美妆个护,外观好看,positive,1,0.5
PRODUCT_319292,图书音像,正品放心,positive,3,0.3
PRODUCT_319292,图书音像,内容不错,positive,1,0.1
PRODUCT_319407,美妆个护,味道不错,positive,1,1.0
PRODUCT_319437,图书音像,外观好看,positive,1,1.0
PRODUCT_319450,图书音像,味道不错,positive,1,0.5
PRODUCT_319450,图书音像,正品放心,positive,1,0.5
PRODUCT_319454,图书音像,外观好看,positive,1,0.16666666666666666
PRODUCT_319454,图书音像,质量好,positive,1,0.16666666666666666
PRODUCT_319472,图书音像,外观好看,positive,1,1.0
PRODUCT_319490,图书音像,正品放心,positive,1,1.0
PRODUCT_319490,图书音像,疑似假货,negative,1,1.0
PRODUCT_319507,家居生活,正品放心,positive,1,1.0
PRODUCT_319507,家居生活,疑似假货,negative,1,1.0
PRODUCT_319566,图书音像,外观好看,positive,1,1.0
PRODUCT_319572,电脑/办公,不推荐,negative,1,1.0
PRODUCT_319572,电脑/办公,价格贵,negative,1,1.0
PRODUCT_319572,电脑/办公,会回购,positive,1,1.0
PRODUCT_319661,图书音像,内容不错,positive,1,0.07692307692307693
PRODUCT_319662,电脑/办公,外观好看,positive,1,0.3333333333333333
PRODUCT_319662,电脑/办公,性价比高,positive,1,0.3333333333333333
PRODUCT_319722,母婴/玩具,包装好,positive,1,0.5
PRODUCT_319722,母婴/玩具,正品放心,positive,1,0.5
PRODUCT_319740,图书音像,正品放心,positive,1,1.0
PRODUCT_319779,电脑/办公,外观好看,positive,2,0.18181818181818182
PRODUCT_319779,电脑/办公,质量好,positive,2,0.18181818181818182
PRODUCT_319798,图书音像,尺码合适,positive,1,0.5
PRODUCT_319801,图书音像,味道不错,positive,1,1.0
PRODUCT_319814,其他,外观好看,positive,1,1.0
PRODUCT_319879,图书音像,外观好看,positive,1,0.25
PRODUCT_319974,图书音像,会回购,positive,1,0.1111111111111111
PRODUCT_319974,图书音像,外观好看,positive,1,0.1111111111111111
PRODUCT_320046,图书音像,包装差,negative,1,1.0
PRODUCT_32005,图书音像,包装差,negative,1,1.0
PRODUCT_320062,图书音像,外观好看,positive,1,1.0
PRODUCT_32007,图书音像,正品放心,positive,1,0.3333333333333333
PRODUCT_320098,家居生活,尺码合适,positive,1,0.5
PRODUCT_320118,电脑/办公,外观好看,positive,1,1.0
PRODUCT_320179,家居生活,外观好看,positive,1,0.5
PRODUCT_320205,图书音像,包装好,positive,1,0.5
PRODUCT_320205,图书音像,外观好看,positive,1,0.5
PRODUCT_320247,图书音像,外观好看,positive,1,0.2
PRODUCT_320315,图书音像,外观好看,positive,1,1.0
PRODUCT_320328,图书音像,包装差,negative,1,1.0
PRODUCT_320329,手机/数码,外观好看,positive,1,1.0
PRODUCT_320332,图书音像,正品放心,positive,1,0.1
PRODUCT_320465,图书音像,会回购,positive,1,0.5
PRODUCT_320518,手机/数码,外观一般,negative,1,0.25
PRODUCT_320566,手机/数码,外观好看,positive,1,0.25
PRODUCT_320613,图书音像,正品放心,positive,1,1.0
PRODUCT_320717,图书音像,不推荐,negative,1,0.3333333333333333
PRODUCT_320765,图书音像,会回购,positive,1,0.5
PRODUCT_320850,图书音像,会回购,positive,1,1.0
PRODUCT_32086,美妆个护,正品放心,positive,1,1.0
PRODUCT_32086,美妆个护,疑似假货,negative,1,1.0
PRODUCT_320981,图书音像,价格贵,negative,1,1.0
PRODUCT_320994,图书音像,包装好,positive,1,0.1111111111111111
PRODUCT_320994,图书音像,包装差,negative,1,0.1111111111111111
PRODUCT_320994,图书音像,性价比高,positive,1,0.1111111111111111
PRODUCT_320994,图书音像,正品放心,positive,1,0.1111111111111111
PRODUCT_320994,图书音像,疑似假货,negative,1,0.1111111111111111
PRODUCT_3210,图书音像,包装差,negative,1,0.058823529411764705
PRODUCT_3210,图书音像,很新鲜,positive,1,0.058823529411764705
PRODUCT_321058,图书音像,正品放心,positive,1,0.3333333333333333
PRODUCT_321088,手机/数码,外观一般,negative,1,1.0
PRODUCT_321223,手机/数码,内容不错,positive,1,0.5
PRODUCT_321231,电脑/办公,质量好,positive,1,0.5
PRODUCT_321254,图书音像,正品放心,positive,1,0.25
PRODUCT_321276,图书音像,疑似假货,negative,1,0.5
PRODUCT_321282,图书音像,质量好,positive,1,1.0
PRODUCT_32132,家具/家装/建材,价格贵,negative,1,1.0
PRODUCT_321414,家居生活,外观好看,positive,1,0.25
PRODUCT_321414,家居生活,正品放心,positive,1,0.25
PRODUCT_321427,图书音像,正品放心,positive,1,0.3333333333333333
PRODUCT_321428,图书音像,会回购,positive,1,1.0
PRODUCT_321434,手机/数码,容易坏,negative,1,0.5
PRODUCT_32152,图书音像,包装差,negative,1,0.5
PRODUCT_321532,图书音像,正品放心,positive,1,1.0
PRODUCT_321751,图书音像,正品放心,positive,1,0.3333333333333333
PRODUCT_321754,图书音像,很耐用,positive,1,0.5
PRODUCT_321754,图书音像,正品放心,positive,1,0.5
PRODUCT_321795,图书音像,疑似假货,negative,1,1.0
PRODUCT_321795,图书音像,质量差,negative,1,1.0
PRODUCT_321893,图书音像,不推荐,negative,1,1.0
PRODUCT_321893,图书音像,性价比高,positive,1,1.0
PRODUCT_321924,图书音像,质量差,negative,1,1.0
PRODUCT_321962,美妆个护,不推荐,negative,1,0.5
PRODUCT_322000,图书音像,正品放心,positive,1,1.0
PRODUCT_322031,图书音像,内容不错,positive,1,1.0
PRODUCT_322068,图书音像,内容不错,positive,1,1.0
PRODUCT_322139,图书音像,正品放心,positive,2,0.2
PRODUCT_322139,图书音像,疑似假货,negative,2,0.2
PRODUCT_322155,图书音像,正品放心,positive,1,0.25
PRODUCT_322155,图书音像,质量好,positive,1,0.25
PRODUCT_322171,图书音像,包装差,negative,1,0.5
PRODUCT_32218,图书音像,性价比高,positive,1,1.0
PRODUCT_322211,图书音像,正品放心,positive,1,1.0
PRODUCT_322249,图书音像,内容不错,positive,1,1.0
PRODUCT_322290,图书音像,价格贵,negative,1,0.2
PRODUCT_322290,图书音像,性价比高,positive,1,0.2
PRODUCT_322402,图书音像,内容一般,negative,1,0.2
PRODUCT_322402,图书音像,质量好,positive,1,0.2
PRODUCT_322417,图书音像,质量好,positive,1,1.0
PRODUCT_322555,图书音像,包装差,negative,1,1.0
PRODUCT_322586,图书音像,内容不错,positive,1,0.125
PRODUCT_322589,图书音像,疑似假货,negative,1,0.5
PRODUCT_322610,图书音像,质量好,positive,1,1.0
PRODUCT_322643,图书音像,包装好,positive,1,1.0
PRODUCT_322658,图书音像,不推荐,negative,1,0.1
PRODUCT_322658,图书音像,外观好看,positive,1,0.1
PRODUCT_322714,图书音像,内容不错,positive,1,1.0
PRODUCT_322714,图书音像,很新鲜,positive,1,1.0
PRODUCT_322743,图书音像,正品放心,positive,1,0.5
PRODUCT_32276,美妆个护,味道不错,positive,3,0.75
PRODUCT_32276,美妆个护,外观好看,positive,2,0.5
PRODUCT_32284,图书音像,正品放心,positive,1,1.0
PRODUCT_32284,图书音像,质量好,positive,1,1.0
PRODUCT_322888,电脑/办公,不推荐,negative,1,1.0
PRODUCT_322888,电脑/办公,质量差,negative,1,1.0
PRODUCT_3229,图书音像,性价比高,positive,2,0.5
PRODUCT_3229,图书音像,会回购,positive,1,0.25
PRODUCT_3229,图书音像,外观好看,positive,1,0.25
PRODUCT_3229,图书音像,正品放心,positive,1,0.25
PRODUCT_322916,图书音像,包装好,positive,1,1.0
PRODUCT_322931,美妆个护,疑似假货,negative,1,0.5
PRODUCT_322977,家居生活,内容不错,positive,1,1.0
PRODUCT_323015,图书音像,疑似假货,negative,1,1.0
PRODUCT_323062,图书音像,不推荐,negative,1,1.0
PRODUCT_323062,图书音像,质量差,negative,1,1.0
PRODUCT_323164,图书音像,正品放心,positive,1,0.5
PRODUCT_323183,图书音像,不推荐,negative,1,0.25
PRODUCT_323185,图书音像,内容不错,positive,1,0.25
PRODUCT_323187,美妆个护,味道不错,positive,1,0.5
PRODUCT_323230,图书音像,疑似假货,negative,1,1.0
PRODUCT_323284,图书音像,疑似假货,negative,1,1.0
PRODUCT_323297,图书音像,外观好看,positive,1,0.3333333333333333
PRODUCT_323377,图书音像,内容不错,positive,1,0.3333333333333333
PRODUCT_323377,图书音像,外观好看,positive,1,0.3333333333333333
PRODUCT_323377,图书音像,疑似假货,negative,1,0.3333333333333333
PRODUCT_323459,图书音像,疑似假货,negative,1,1.0
PRODUCT_323488,图书音像,外观好看,positive,1,0.3333333333333333
PRODUCT_32353,母婴/玩具,很新鲜,positive,1,1.0
PRODUCT_323550,图书音像,外观好看,positive,1,0.3333333333333333
PRODUCT_32357,母婴/玩具,正品放心,positive,1,0.5
PRODUCT_323582,图书音像,质量差,negative,1,1.0
PRODUCT_323597,图书音像,外观好看,positive,1,0.5
PRODUCT_32360,食品/保健,很新鲜,positive,1,0.5
PRODUCT_323613,图书音像,内容不错,positive,2,0.2
PRODUCT_323613,图书音像,性价比高,positive,1,0.1
PRODUCT_323772,图书音像,内容不错,positive,1,0.5
PRODUCT_323780,电脑/办公,外观好看,positive,1,0.3333333333333333
PRODUCT_323780,电脑/办公,性价比高,positive,1,0.3333333333333333
PRODUCT_323783,图书音像,性价比高,positive,1,0.14285714285714285
PRODUCT_323835,图书音像,质量好,positive,1,1.0
PRODUCT_323861,钟表/首饰/眼镜/礼品,外观好看,positive,1,1.0
PRODUCT_323887,图书音像,价格贵,negative,1,1.0
PRODUCT_324007,美妆个护,正品放心,positive,4,0.21052631578947367
PRODUCT_324007,美妆个护,味道不错,positive,1,0.05263157894736842
PRODUCT_324007,美妆个护,疑似假货,negative,1,0.05263157894736842
PRODUCT_324014,图书音像,外观好看,positive,1,0.2
PRODUCT_324038,图书音像,内容一般,negative,1,1.0
PRODUCT_324092,图书音像,内容不错,positive,1,0.5
PRODUCT_324109,图书音像,性价比高,positive,2,0.6666666666666666
PRODUCT_324111,图书音像,客服好,positive,1,0.3333333333333333
PRODUCT_324111,图书音像,很新鲜,positive,1,0.3333333333333333
PRODUCT_324149,图书音像,内容一般,negative,2,0.5
PRODUCT_324149,图书音像,性价比高,positive,1,0.25
PRODUCT_324157,图书音像,疑似假货,negative,1,0.25
PRODUCT_32417,食品/保健,味道不错,positive,1,0.5
PRODUCT_32417,食品/保健,很新鲜,positive,1,0.5
PRODUCT_324188,图书音像,正品放心,positive,1,1.0
PRODUCT_324188,图书音像,质量好,positive,1,1.0
PRODUCT_324301,图书音像,包装差,negative,1,1.0
PRODUCT_324301,图书音像,正品放心,positive,1,1.0
PRODUCT_324301,图书音像,疑似假货,negative,1,1.0
PRODUCT_32431,其他,正品放心,positive,10,0.30303030303030304
PRODUCT_32431,其他,性价比高,positive,4,0.12121212121212122
PRODUCT_32431,其他,不推荐,negative,2,0.06060606060606061
PRODUCT_32431,其他,容易坏,negative,2,0.06060606060606061
PRODUCT_32431,其他,质量好,positive,1,0.030303030303030304
PRODUCT_324318,图书音像,外观好看,positive,1,1.0
PRODUCT_324330,图书音像,外观好看,positive,1,0.14285714285714285
PRODUCT_324370,电脑/办公,外观好看,positive,1,0.2
PRODUCT_32439,电脑/办公,包装好,positive,1,0.2
PRODUCT_32439,电脑/办公,尺码不准,negative,1,0.2
PRODUCT_32439,电脑/办公,性价比高,positive,1,0.2
PRODUCT_324506,食品/保健,味道不错,positive,3,0.6
PRODUCT_324506,食品/保健,质量好,positive,1,0.2
PRODUCT_32451,母婴/玩具,外观好看,positive,1,1.0
PRODUCT_32451,母婴/玩具,性价比高,positive,1,1.0
PRODUCT_32451,母婴/玩具,质量好,positive,1,1.0
PRODUCT_324529,图书音像,外观好看,positive,1,1.0
PRODUCT_324537,食品/保健,正品放心,positive,1,1.0
PRODUCT_324542,图书音像,价格贵,negative,1,0.5
PRODUCT_324580,图书音像,会回购,positive,1,0.2
PRODUCT_32469,家居生活,很耐用,positive,1,1.0
PRODUCT_32469,家居生活,续航差,negative,1,1.0
PRODUCT_324738,其他,质量好,positive,1,0.25
PRODUCT_324738,其他,质量差,negative,1,0.25
PRODUCT_324764,美妆个护,价格贵,negative,1,0.5
PRODUCT_32477,图书音像,内容不错,positive,1,0.5
PRODUCT_324807,图书音像,内容一般,negative,1,1.0
PRODUCT_32481,图书音像,性价比高,positive,1,1.0
PRODUCT_324845,图书音像,包装差,negative,1,0.05
PRODUCT_324845,图书音像,发货快,positive,1,0.05
PRODUCT_324845,图书音像,很新鲜,positive,1,0.05
PRODUCT_324845,图书音像,性价比高,positive,1,0.05
PRODUCT_324845,图书音像,质量好,positive,1,0.05
PRODUCT_324873,美妆个护,味道不错,positive,2,1.0
PRODUCT_324898,家用电器,续航差,negative,1,1.0
PRODUCT_324999,手机/数码,正品放心,positive,1,0.07692307692307693
PRODUCT_324999,手机/数码,质量差,negative,1,0.07692307692307693
PRODUCT_325,图书音像,外观好看,positive,1,1.0
PRODUCT_325,图书音像,正品放心,positive,1,1.0
PRODUCT_325069,图书音像,外观好看,positive,1,1.0
PRODUCT_325087,图书音像,不推荐,negative,1,0.3333333333333333
PRODUCT_325087,图书音像,内容不错,positive,1,0.3333333333333333
PRODUCT_325087,图书音像,质量好,positive,1,0.3333333333333333
PRODUCT_32510,图书音像,外观好看,positive,1,1.0
PRODUCT_325108,家用电器,包装好,positive,1,0.0625
PRODUCT_325108,家用电器,味道不错,positive,1,0.0625
PRODUCT_325108,家用电器,外观好看,positive,1,0.0625
PRODUCT_325108,家用电器,容易坏,negative,1,0.0625
PRODUCT_325108,家用电器,性价比高,positive,1,0.0625
PRODUCT_325108,家用电器,正品放心,positive,1,0.0625
PRODUCT_325122,图书音像,正品放心,positive,1,0.1
PRODUCT_325130,美妆个护,正品放心,positive,1,1.0
PRODUCT_325135,电脑/办公,外观好看,positive,1,0.2
PRODUCT_325135,电脑/办公,性价比高,positive,1,0.2
PRODUCT_325141,图书音像,外观好看,positive,1,0.3333333333333333
PRODUCT_325206,手机/数码,性价比高,positive,1,1.0
PRODUCT_325209,电脑/办公,性价比高,positive,4,0.2222222222222222
PRODUCT_325209,电脑/办公,容易坏,negative,3,0.16666666666666666
PRODUCT_325209,电脑/办公,不推荐,negative,1,0.05555555555555555
PRODUCT_325209,电脑/办公,内容一般,negative,1,0.05555555555555555
PRODUCT_325209,电脑/办公,很耐用,positive,1,0.05555555555555555
PRODUCT_32523,图书音像,内容不错,positive,1,1.0
PRODUCT_325248,钟表/首饰/眼镜/礼品,包装好,positive,1,0.5
PRODUCT_325248,钟表/首饰/眼镜/礼品,物流慢,negative,1,0.5
PRODUCT_325249,运动户外,正品放心,positive,1,1.0
PRODUCT_325251,家用电器,外观好看,positive,2,0.11764705882352941
PRODUCT_325251,家用电器,性价比高,positive,2,0.11764705882352941
PRODUCT_325251,家用电器,很耐用,positive,1,0.058823529411764705
PRODUCT_325251,家用电器,正品放心,positive,1,0.058823529411764705
PRODUCT_325262,图书音像,包装差,negative,1,1.0
PRODUCT_32529,运动户外,很耐用,positive,1,1.0
PRODUCT_32529,运动户外,续航差,negative,1,1.0
PRODUCT_32529,运动户外,质量好,positive,1,1.0
PRODUCT_325399,图书音像,味道不错,positive,1,1.0
PRODUCT_325539,图书音像,质量差,negative,1,1.0
PRODUCT_325599,家用电器,不推荐,negative,1,1.0
PRODUCT_325684,钟表/首饰/眼镜/礼品,外观好看,positive,1,1.0
PRODUCT_325684,钟表/首饰/眼镜/礼品,尺码合适,positive,1,1.0
PRODUCT_325727,电脑/办公,外观好看,positive,2,0.6666666666666666
PRODUCT_325836,电脑/办公,性价比高,positive,1,1.0
PRODUCT_325905,家用电器,外观好看,positive,1,1.0
PRODUCT_325909,图书音像,会回购,positive,1,1.0
PRODUCT_325923,图书音像,正品放心,positive,1,0.3333333333333333
PRODUCT_325923,图书音像,质量好,positive,1,0.3333333333333333
PRODUCT_325943,图书音像,不推荐,negative,1,1.0
PRODUCT_325958,家居生活,质量好,positive,1,1.0
PRODUCT_325977,图书音像,性价比高,positive,1,0.0625
PRODUCT_325977,图书音像,正品放心,positive,1,0.0625
PRODUCT_325977,图书音像,质量好,positive,1,0.0625
PRODUCT_326016,图书音像,不推荐,negative,1,0.1111111111111111
PRODUCT_326016,图书音像,性价比高,positive,1,0.1111111111111111
PRODUCT_326016,图书音像,正品放心,positive,1,0.1111111111111111
PRODUCT_326075,图书音像,会回购,positive,1,1.0
PRODUCT_326075,图书音像,性价比高,positive,1,1.0
PRODUCT_326136,图书音像,质量好,positive,1,1.0
PRODUCT_326174,手机/数码,价格贵,negative,1,1.0
PRODUCT_326174,手机/数码,内容一般,negative,1,1.0
PRODUCT_326174,手机/数码,容易坏,negative,1,1.0
PRODUCT_326177,手机/数码,正品放心,positive,1,1.0
PRODUCT_326317,手机/数码,质量好,positive,1,0.16666666666666666
PRODUCT_326317,手机/数码,质量差,negative,1,0.16666666666666666
PRODUCT_326323,手机/数码,外观好看,positive,1,1.0
PRODUCT_326376,图书音像,物流慢,negative,1,0.25
PRODUCT_326376,图书音像,质量差,negative,1,0.25
PRODUCT_326387,图书音像,不推荐,negative,1,0.3333333333333333
PRODUCT_326402,图书音像,会回购,positive,1,1.0
PRODUCT_326402,图书音像,质量好,positive,1,1.0
PRODUCT_326580,图书音像,正品放心,positive,1,1.0
PRODUCT_326622,手机/数码,正品放心,positive,1,0.5
PRODUCT_32664,家用电器,正品放心,positive,1,1.0
PRODUCT_32664,家用电器,质量好,positive,1,1.0
PRODUCT_326672,图书音像,外观一般,negative,1,0.2
PRODUCT_32680,美妆个护,性价比高,positive,1,1.0
PRODUCT_32680,美妆个护,正品放心,positive,1,1.0
PRODUCT_326865,电脑/办公,不推荐,negative,1,0.2
PRODUCT_326892,图书音像,会回购,positive,1,0.07692307692307693
PRODUCT_326892,图书音像,外观好看,positive,1,0.07692307692307693
PRODUCT_326892,图书音像,性价比高,positive,1,0.07692307692307693
PRODUCT_326892,图书音像,正品放心,positive,1,0.07692307692307693
PRODUCT_326892,图书音像,质量好,positive,1,0.07692307692307693
PRODUCT_326909,电脑/办公,包装好,positive,1,0.2
PRODUCT_327014,图书音像,内容不错,positive,1,1.0
PRODUCT_327018,图书音像,内容不错,positive,1,0.14285714285714285
PRODUCT_327018,图书音像,外观好看,positive,1,0.14285714285714285
PRODUCT_327018,图书音像,疑似假货,negative,1,0.14285714285714285
PRODUCT_327102,图书音像,不推荐,negative,1,0.5
PRODUCT_327113,手机/数码,会回购,positive,1,0.25
PRODUCT_327113,手机/数码,正品放心,positive,1,0.25
PRODUCT_327391,图书音像,疑似假货,negative,1,0.5
PRODUCT_327391,图书音像,质量差,negative,1,0.5
PRODUCT_3274,图书音像,性价比高,positive,1,0.3333333333333333
PRODUCT_3274,图书音像,质量好,positive,1,0.3333333333333333
PRODUCT_327421,图书音像,容易坏,negative,1,0.5
PRODUCT_327421,图书音像,性价比高,positive,1,0.5
PRODUCT_327525,图书音像,外观好看,positive,1,0.5
PRODUCT_327548,图书音像,外观好看,positive,1,1.0
PRODUCT_327563,图书音像,外观好看,positive,3,0.1875
PRODUCT_327563,图书音像,疑似假货,negative,2,0.125
PRODUCT_327563,图书音像,内容一般,negative,1,0.0625
PRODUCT_327563,图书音像,包装差,negative,1,0.0625
PRODUCT_327563,图书音像,尺码合适,positive,1,0.0625
PRODUCT_327563,图书音像,性价比高,positive,1,0.0625
PRODUCT_327563,图书音像,质量好,positive,1,0.0625
PRODUCT_327563,图书音像,质量差,negative,1,0.0625
PRODUCT_327600,家用电器,味道不错,positive,2,0.2222222222222222
PRODUCT_327600,家用电器,包装好,positive,1,0.1111111111111111
PRODUCT_327612,家居生活,外观好看,positive,1,0.5
PRODUCT_327698,图书音像,不推荐,negative,1,1.0
PRODUCT_327698,图书音像,内容一般,negative,1,1.0
PRODUCT_327724,图书音像,外观好看,positive,1,0.25
PRODUCT_327781,图书音像,正品放心,positive,1,0.5
PRODUCT_327806,图书音像,容易坏,negative,1,1.0
PRODUCT_327900,图书音像,质量好,positive,1,0.08333333333333333
PRODUCT_327923,图书音像,性价比高,positive,1,0.25
PRODUCT_327933,图书音像,正品放心,positive,1,1.0
PRODUCT_327948,图书音像,会回购,positive,1,0.25
PRODUCT_327971,图书音像,正品放心,positive,1,1.0
PRODUCT_328113,图书音像,味道一般,negative,1,1.0
PRODUCT_328113,图书音像,外观好看,positive,1,1.0
PRODUCT_328132,图书音像,味道不错,positive,1,0.5
PRODUCT_328181,图书音像,正品放心,positive,2,0.6666666666666666
PRODUCT_328262,图书音像,正品放心,positive,2,0.6666666666666666
PRODUCT_3283,图书音像,不推荐,negative,1,1.0
PRODUCT_328319,图书音像,正品放心,positive,2,0.14285714285714285
PRODUCT_328319,图书音像,质量好,positive,2,0.14285714285714285
PRODUCT_328319,图书音像,不推荐,negative,1,0.07142857142857142
PRODUCT_328319,图书音像,外观好看,positive,1,0.07142857142857142
PRODUCT_328319,图书音像,疑似假货,negative,1,0.07142857142857142
PRODUCT_32833,图书音像,外观好看,positive,1,0.5
PRODUCT_328413,家居生活,性价比高,positive,1,1.0
PRODUCT_328451,图书音像,外观好看,positive,1,1.0
PRODUCT_328514,图书音像,正品放心,positive,1,0.5
PRODUCT_328587,图书音像,内容不错,positive,1,1.0
PRODUCT_328587,图书音像,疑似假货,negative,1,1.0
PRODUCT_328632,图书音像,性价比高,positive,1,0.2
PRODUCT_328651,图书音像,很新鲜,positive,1,1.0
PRODUCT_328681,图书音像,内容一般,negative,1,1.0
PRODUCT_328831,图书音像,外观好看,positive,2,0.1111111111111111
PRODUCT_328831,图书音像,内容不错,positive,1,0.05555555555555555
PRODUCT_328831,图书音像,质量好,positive,1,0.05555555555555555
PRODUCT_328883,图书音像,外观好看,positive,1,0.2
PRODUCT_328883,图书音像,正品放心,positive,1,0.2
PRODUCT_328915,图书音像,正品放心,positive,1,1.0
PRODUCT_328915,图书音像,质量好,positive,1,1.0
PRODUCT_328938,家用电器,外观好看,positive,1,0.14285714285714285
PRODUCT_328938,家用电器,续航差,negative,1,0.14285714285714285
PRODUCT_328964,图书音像,外观好看,positive,3,0.23076923076923078
PRODUCT_328964,图书音像,包装差,negative,1,0.07692307692307693
PRODUCT_328964,图书音像,性价比高,positive,1,0.07692307692307693
PRODUCT_329000,图书音像,很新鲜,positive,1,0.14285714285714285
PRODUCT_329000,图书音像,疑似假货,negative,1,0.14285714285714285
PRODUCT_329003,图书音像,包装好,positive,1,0.3333333333333333
PRODUCT_329052,图书音像,内容一般,negative,1,0.3333333333333333
PRODUCT_329059,美妆个护,味道不错,positive,1,0.16666666666666666
PRODUCT_329171,图书音像,性价比高,positive,1,0.16666666666666666
PRODUCT_329171,图书音像,正品放心,positive,1,0.16666666666666666
PRODUCT_329171,图书音像,疑似假货,negative,1,0.16666666666666666
PRODUCT_329171,图书音像,质量好,positive,1,0.16666666666666666
PRODUCT_329181,图书音像,正品放心,positive,1,0.5
PRODUCT_329184,图书音像,正品放心,positive,1,0.2
PRODUCT_329214,电脑/办公,内容一般,negative,1,0.3333333333333333
PRODUCT_329222,电脑/办公,疑似假货,negative,1,1.0
PRODUCT_329316,电脑/办公,疑似假货,negative,1,1.0
PRODUCT_329322,手机/数码,正品放心,positive,3,0.375
PRODUCT_329451,图书音像,内容一般,negative,1,1.0
PRODUCT_329454,图书音像,质量好,positive,1,1.0
PRODUCT_329468,家具/家装/建材,性价比高,positive,1,0.5
PRODUCT_329490,图书音像,外观好看,positive,1,1.0
PRODUCT_329503,图书音像,外观一般,negative,1,1.0
PRODUCT_329503,图书音像,外观好看,positive,1,1.0
PRODUCT_329503,图书音像,疑似假货,negative,1,1.0
PRODUCT_329567,图书音像,内容不错,positive,1,1.0
PRODUCT_329602,图书音像,会回购,positive,1,0.5
PRODUCT_329602,图书音像,疑似假货,negative,1,0.5
PRODUCT_329642,图书音像,正品放心,positive,1,1.0
PRODUCT_32972,食品/保健,味道不错,positive,1,1.0
PRODUCT_329863,图书音像,很新鲜,positive,1,0.5
PRODUCT_32988,图书音像,正品放心,positive,1,1.0
PRODUCT_329921,美妆个护,正品放心,positive,2,0.3333333333333333
PRODUCT_329921,美妆个护,价格贵,negative,1,0.16666666666666666
PRODUCT_329921,美妆个护,包装好,positive,1,0.16666666666666666
PRODUCT_329949,图书音像,性价比高,positive,1,0.5
PRODUCT_330060,运动户外,质量好,positive,1,1.0
PRODUCT_330187,美妆个护,发货快,positive,1,1.0
PRODUCT_330187,美妆个护,正品放心,positive,1,1.0
PRODUCT_33019,图书音像,正品放心,positive,1,0.3333333333333333
PRODUCT_330263,图书音像,价格贵,negative,1,1.0
PRODUCT_330318,图书音像,外观好看,positive,1,1.0
PRODUCT_33033,图书音像,外观好看,positive,1,0.25
PRODUCT_33033,图书音像,正品放心,positive,1,0.25
PRODUCT_33033,图书音像,质量好,positive,1,0.25
PRODUCT_330393,手机/数码,性价比高,positive,1,1.0
PRODUCT_330442,图书音像,不推荐,negative,1,0.25
PRODUCT_330442,图书音像,内容一般,negative,1,0.25
PRODUCT_330515,电脑/办公,质量好,positive,1,1.0
PRODUCT_330546,家用电器,正品放心,positive,1,1.0
PRODUCT_330575,手机/数码,外观好看,positive,1,0.2
PRODUCT_330575,手机/数码,正品放心,positive,1,0.2
PRODUCT_330575,手机/数码,质量好,positive,1,0.2
PRODUCT_330648,电脑/办公,会回购,positive,1,0.16666666666666666
PRODUCT_330648,电脑/办公,正品放心,positive,1,0.16666666666666666
PRODUCT_330648,电脑/办公,质量好,positive,1,0.16666666666666666
PRODUCT_330649,电脑/办公,质量好,positive,1,1.0
PRODUCT_330657,图书音像,外观好看,positive,1,0.2
PRODUCT_330715,图书音像,疑似假货,negative,1,0.5
PRODUCT_330721,图书音像,性价比高,positive,1,1.0
PRODUCT_330729,家具/家装/建材,正品放心,positive,1,1.0
PRODUCT_330883,图书音像,内容不错,positive,1,0.3333333333333333
PRODUCT_331013,电脑/办公,价格贵,negative,1,0.25
PRODUCT_331013,电脑/办公,疑似假货,negative,1,0.25
PRODUCT_331022,图书音像,很耐用,positive,1,1.0
PRODUCT_33104,图书音像,性价比高,positive,1,0.25
PRODUCT_331068,电脑/办公,容易坏,negative,3,0.375
PRODUCT_331068,电脑/办公,外观好看,positive,1,0.125
PRODUCT_331068,电脑/办公,质量差,negative,1,0.125
PRODUCT_331070,手机/数码,外观好看,positive,1,1.0
PRODUCT_331070,手机/数码,正品放心,positive,1,1.0
PRODUCT_331086,图书音像,会回购,positive,1,1.0
PRODUCT_331086,图书音像,正品放心,positive,1,1.0
PRODUCT_331097,图书音像,会回购,positive,1,0.04
PRODUCT_331097,图书音像,外观好看,positive,1,0.04
PRODUCT_331097,图书音像,性价比高,positive,1,0.04
PRODUCT_331097,图书音像,质量好,positive,1,0.04
PRODUCT_331120,手机/数码,容易坏,negative,1,0.25
PRODUCT_331120,手机/数码,质量差,negative,1,0.25
PRODUCT_331135,图书音像,外观好看,positive,1,1.0
PRODUCT_331142,图书音像,包装差,negative,1,0.5
PRODUCT_331150,图书音像,内容一般,negative,1,1.0
PRODUCT_331295,图书音像,正品放心,positive,1,1.0
PRODUCT_331317,图书音像,正品放心,positive,1,1.0
PRODUCT_331335,电脑/办公,性价比高,positive,2,0.3333333333333333
PRODUCT_331335,电脑/办公,会回购,positive,1,0.16666666666666666
PRODUCT_33136,图书音像,包装好,positive,1,0.25
PRODUCT_33136,图书音像,外观好看,positive,1,0.25
PRODUCT_33136,图书音像,质量好,positive,1,0.25
PRODUCT_331366,图书音像,正品放心,positive,1,0.08333333333333333
PRODUCT_331390,图书音像,物流慢,negative,1,0.25
PRODUCT_331412,图书音像,外观好看,positive,1,1.0
PRODUCT_331444,电脑/办公,正品放心,positive,1,0.5
PRODUCT_331449,手机/数码,不推荐,negative,1,1.0
PRODUCT_331449,手机/数码,内容一般,negative,1,1.0
PRODUCT_331460,图书音像,外观好看,positive,2,0.14285714285714285
PRODUCT_331460,图书音像,外观一般,negative,1,0.07142857142857142
PRODUCT_331460,图书音像,性价比高,positive,1,0.07142857142857142
PRODUCT_331460,图书音像,质量好,positive,1,0.07142857142857142
PRODUCT_33147,图书音像,疑似假货,negative,1,0.5
PRODUCT_331504,图书音像,性价比高,positive,1,0.3333333333333333
PRODUCT_331504,图书音像,正品放心,positive,1,0.3333333333333333
PRODUCT_331610,电脑/办公,性价比高,positive,1,0.3333333333333333
PRODUCT_331622,运动户外,很耐用,positive,1,1.0
PRODUCT_331636,其他,内容不错,positive,1,1.0
PRODUCT_331650,手机/数码,不推荐,negative,1,1.0
PRODUCT_331688,图书音像,很耐用,positive,1,1.0
PRODUCT_331774,图书音像,外观好看,positive,1,1.0
PRODUCT_331785,图书音像,质量好,positive,1,0.25
PRODUCT_331821,服饰服装,尺码合适,positive,1,1.0
PRODUCT_331855,图书音像,价格贵,negative,1,1.0
PRODUCT_332023,图书音像,正品放心,positive,1,1.0
PRODUCT_33204,图书音像,外观好看,positive,1,0.14285714285714285
PRODUCT_33204,图书音像,疑似假货,negative,1,0.14285714285714285
PRODUCT_332145,图书音像,内容不错,positive,1,0.5
PRODUCT_332145,图书音像,外观好看,positive,1,0.5
PRODUCT_332151,图书音像,外观好看,positive,1,1.0
PRODUCT_332249,图书音像,包装好,positive,1,0.5
PRODUCT_332316,图书音像,正品放心,positive,1,1.0
PRODUCT_332488,家居生活,外观好看,positive,1,0.5
PRODUCT_33260,图书音像,不推荐,negative,1,1.0
PRODUCT_332631,图书音像,质量好,positive,1,1.0
PRODUCT_332636,图书音像,性价比高,positive,1,1.0
PRODUCT_332656,美妆个护,味道不错,positive,1,0.3333333333333333
PRODUCT_332663,图书音像,性价比高,positive,1,0.25
PRODUCT_332663,图书音像,质量好,positive,1,0.25
PRODUCT_332702,母婴/玩具,不推荐,negative,1,0.5
PRODUCT_332711,图书音像,质量差,negative,1,0.5
PRODUCT_332721,图书音像,内容不错,positive,1,0.125
PRODUCT_332721,图书音像,包装好,positive,1,0.125
PRODUCT_332742,电脑/办公,正品放心,positive,1,1.0
PRODUCT_332781,电脑/办公,外观好看,positive,1,0.25
PRODUCT_332781,电脑/办公,质量差,negative,1,0.25
PRODUCT_332902,图书音像,不推荐,negative,1,1.0
PRODUCT_33294,图书音像,会回购,positive,1,1.0
PRODUCT_332959,运动户外,外观好看,positive,1,1.0
PRODUCT_332973,手机/数码,很新鲜,positive,1,1.0
PRODUCT_333012,图书音像,正品放心,positive,1,1.0
PRODUCT_333082,图书音像,外观好看,positive,1,1.0
PRODUCT_333173,图书音像,正品放心,positive,3,0.16666666666666666
PRODUCT_333219,电脑/办公,不推荐,negative,1,0.5
PRODUCT_333219,电脑/办公,外观好看,positive,1,0.5
PRODUCT_333334,图书音像,外观好看,positive,1,0.16666666666666666
PRODUCT_333334,图书音像,疑似假货,negative,1,0.16666666666666666
PRODUCT_333405,图书音像,不推荐,negative,1,0.5
PRODUCT_333451,图书音像,价格贵,negative,1,0.5
PRODUCT_333466,图书音像,疑似假货,negative,2,1.0
PRODUCT_333466,图书音像,价格贵,negative,1,0.5
PRODUCT_333525,图书音像,正品放心,positive,1,1.0
PRODUCT_333648,手机/数码,外观好看,positive,3,0.17647058823529413
PRODUCT_333648,手机/数码,包装好,positive,1,0.058823529411764705
PRODUCT_333648,手机/数码,很耐用,positive,1,0.058823529411764705
PRODUCT_333648,手机/数码,性价比高,positive,1,0.058823529411764705
PRODUCT_333648,手机/数码,正品放心,positive,1,0.058823529411764705
PRODUCT_3337,图书音像,不推荐,negative,1,1.0
PRODUCT_333815,图书音像,外观好看,positive,1,1.0
PRODUCT_333815,图书音像,质量好,positive,1,1.0
PRODUCT_333857,图书音像,很新鲜,positive,1,1.0
PRODUCT_333923,图书音像,正品放心,positive,3,0.21428571428571427
PRODUCT_333923,图书音像,内容不错,positive,1,0.07142857142857142
PRODUCT_333923,图书音像,性价比高,positive,1,0.07142857142857142
PRODUCT_333964,图书音像,内容不错,positive,1,0.3333333333333333
PRODUCT_333967,图书音像,包装差,negative,1,0.5
PRODUCT_33397,图书音像,不推荐,negative,1,1.0
PRODUCT_33397,图书音像,内容一般,negative,1,1.0
PRODUCT_333990,图书音像,外观好看,positive,2,0.25
PRODUCT_333990,图书音像,内容一般,negative,1,0.125
PRODUCT_333997,图书音像,味道不错,positive,1,0.3333333333333333
PRODUCT_334034,图书音像,正品放心,positive,1,1.0
PRODUCT_334040,图书音像,包装差,negative,1,1.0
PRODUCT_334080,家居生活,性价比高,positive,1,1.0
PRODUCT_33409,图书音像,质量好,positive,1,0.5
PRODUCT_334129,图书音像,正品放心,positive,1,0.25
PRODUCT_334129,图书音像,质量好,positive,1,0.25
PRODUCT_334183,图书音像,不推荐,negative,1,0.1111111111111111
PRODUCT_334192,钟表/首饰/眼镜/礼品,尺码合适,positive,1,1.0
PRODUCT_334198,图书音像,质量好,positive,1,0.5
PRODUCT_33423,图书音像,质量好,positive,1,1.0
PRODUCT_334232,图书音像,正品放心,positive,1,0.2
PRODUCT_334232,图书音像,疑似假货,negative,1,0.2
PRODUCT_334232,图书音像,质量好,positive,1,0.2
PRODUCT_334249,图书音像,外观好看,positive,1,0.3333333333333333
PRODUCT_334347,家用电器,质量差,negative,1,1.0
PRODUCT_334367,图书音像,内容不错,positive,1,0.08333333333333333
PRODUCT_334367,图书音像,发货快,positive,1,0.08333333333333333
PRODUCT_334367,图书音像,疑似假货,negative,1,0.08333333333333333
PRODUCT_334367,图书音像,质量好,positive,1,0.08333333333333333
PRODUCT_334403,电脑/办公,容易坏,negative,1,0.125
PRODUCT_334403,电脑/办公,正品放心,positive,1,0.125
PRODUCT_334433,图书音像,外观好看,positive,1,0.5
PRODUCT_334436,图书音像,质量好,positive,1,1.0
PRODUCT_33445,家具/家装/建材,外观好看,positive,1,0.14285714285714285
PRODUCT_33445,家具/家装/建材,质量好,positive,1,0.14285714285714285
PRODUCT_33445,家具/家装/建材,质量差,negative,1,0.14285714285714285
PRODUCT_334471,图书音像,价格贵,negative,1,1.0
PRODUCT_334503,图书音像,会回购,positive,1,0.5
PRODUCT_334503,图书音像,很新鲜,positive,1,0.5
PRODUCT_334511,图书音像,质量好,positive,1,0.2
PRODUCT_33453,图书音像,会回购,positive,1,0.25
PRODUCT_334585,母婴/玩具,质量差,negative,1,1.0
PRODUCT_334640,图书音像,正品放心,positive,1,1.0
PRODUCT_334640,图书音像,质量好,positive,1,1.0
PRODUCT_334687,图书音像,正品放心,positive,1,0.5
PRODUCT_334697,图书音像,外观好看,positive,2,0.10526315789473684
PRODUCT_334697,图书音像,正品放心,positive,2,0.10526315789473684
PRODUCT_334697,图书音像,会回购,positive,1,0.05263157894736842
PRODUCT_334697,图书音像,疑似假货,negative,1,0.05263157894736842
PRODUCT_334711,美妆个护,疑似假货,negative,1,0.5
PRODUCT_334717,图书音像,质量差,negative,1,0.5
PRODUCT_334726,家用电器,外观好看,positive,1,0.5
PRODUCT_334726,家用电器,很耐用,positive,1,0.5
PRODUCT_334726,家用电器,性价比高,positive,1,0.5
PRODUCT_334726,家用电器,质量差,negative,1,0.5
PRODUCT_33473,家用电器,正品放心,positive,1,0.5
PRODUCT_3348,手机/数码,正品放心,positive,1,0.25
PRODUCT_3348,手机/数码,疑似假货,negative,1,0.25
PRODUCT_334847,图书音像,正品放心,positive,1,0.5
PRODUCT_334847,图书音像,疑似假货,negative,1,0.5
PRODUCT_334925,美妆个护,正品放心,positive,1,1.0
PRODUCT_334931,图书音像,外观好看,positive,1,1.0
PRODUCT_334955,图书音像,质量差,negative,1,0.3333333333333333
PRODUCT_334976,图书音像,正品放心,positive,1,1.0
PRODUCT_335041,图书音像,价格贵,negative,1,1.0
PRODUCT_335052,图书音像,包装差,negative,1,0.5
PRODUCT_335053,图书音像,正品放心,positive,1,1.0
PRODUCT_335053,图书音像,疑似假货,negative,1,1.0
PRODUCT_335067,图书音像,包装好,positive,1,1.0
PRODUCT_335067,图书音像,发货快,positive,1,1.0
PRODUCT_335080,美妆个护,味道不错,positive,1,0.5
PRODUCT_335080,美妆个护,疑似假货,negative,1,0.5
PRODUCT_335102,电脑/办公,外观好看,positive,1,1.0
PRODUCT_335130,电脑/办公,内容一般,negative,1,1.0
PRODUCT_335130,电脑/办公,质量好,positive,1,1.0
PRODUCT_335131,图书音像,性价比高,positive,1,1.0
PRODUCT_335131,图书音像,质量好,positive,1,1.0
PRODUCT_335151,图书音像,包装差,negative,1,0.5
PRODUCT_335272,母婴/玩具,会回购,positive,1,1.0
PRODUCT_335278,图书音像,内容不错,positive,1,0.2
PRODUCT_335278,图书音像,性价比高,positive,1,0.2
PRODUCT_335282,食品/保健,味道一般,negative,1,1.0
PRODUCT_335284,食品/保健,正品放心,positive,1,1.0
PRODUCT_335303,其他,性价比高,positive,1,1.0
PRODUCT_335303,其他,正品放心,positive,1,1.0
PRODUCT_335312,图书音像,内容不错,positive,1,1.0
PRODUCT_335318,图书音像,内容不错,positive,1,1.0
PRODUCT_335356,图书音像,内容不错,positive,1,1.0
PRODUCT_335382,图书音像,正品放心,positive,2,0.18181818181818182
PRODUCT_335445,图书音像,内容不错,positive,1,1.0
PRODUCT_335445,图书音像,正品放心,positive,1,1.0
PRODUCT_335482,其他,正品放心,positive,1,1.0
PRODUCT_335490,家居生活,性价比高,positive,1,0.5
PRODUCT_335490,家居生活,正品放心,positive,1,0.5
PRODUCT_335515,家用电器,味道不错,positive,1,0.5
PRODUCT_335540,图书音像,疑似假货,negative,1,0.5
PRODUCT_335553,图书音像,会回购,positive,1,1.0
PRODUCT_335678,美妆个护,正品放心,positive,1,1.0
PRODUCT_335685,图书音像,内容不错,positive,1,0.25
PRODUCT_335730,图书音像,内容一般,negative,1,1.0
PRODUCT_335732,图书音像,性价比高,positive,1,1.0
PRODUCT_335732,图书音像,正品放心,positive,1,1.0
PRODUCT_335732,图书音像,质量好,positive,1,1.0
PRODUCT_335762,电脑/办公,正品放心,positive,8,0.38095238095238093
PRODUCT_335762,电脑/办公,质量好,positive,3,0.14285714285714285
PRODUCT_335762,电脑/办公,外观好看,positive,1,0.047619047619047616
PRODUCT_335762,电脑/办公,性价比高,positive,1,0.047619047619047616
PRODUCT_335812,图书音像,价格贵,negative,1,1.0
PRODUCT_335854,图书音像,正品放心,positive,1,0.3333333333333333
PRODUCT_335927,食品/保健,味道不错,positive,1,1.0
PRODUCT_335931,图书音像,包装好,positive,1,1.0
PRODUCT_33596,家具/家装/建材,质量好,positive,1,1.0
PRODUCT_336013,图书音像,性价比高,positive,1,1.0
PRODUCT_336035,图书音像,会回购,positive,1,0.25
PRODUCT_336038,电脑/办公,外观好看,positive,1,0.5
PRODUCT_336047,美妆个护,很耐用,positive,1,1.0
PRODUCT_336047,美妆个护,续航差,negative,1,1.0
PRODUCT_336059,图书音像,很新鲜,positive,1,1.0
PRODUCT_336090,图书音像,价格贵,negative,1,0.5
PRODUCT_336101,电脑/办公,正品放心,positive,2,0.4
PRODUCT_336101,电脑/办公,性价比高,positive,1,0.2
PRODUCT_336105,家居生活,价格贵,negative,1,1.0
PRODUCT_33611,图书音像,质量好,positive,1,1.0
PRODUCT_336160,钟表/首饰/眼镜/礼品,正品放心,positive,1,1.0
PRODUCT_336160,钟表/首饰/眼镜/礼品,疑似假货,negative,1,1.0
PRODUCT_336167,图书音像,性价比高,positive,1,1.0
PRODUCT_33623,手机/数码,会回购,positive,1,1.0
PRODUCT_336241,美妆个护,味道不错,positive,1,1.0
PRODUCT_336260,图书音像,内容不错,positive,1,0.2
PRODUCT_336260,图书音像,味道不错,positive,1,0.2
PRODUCT_336304,图书音像,质量好,positive,1,0.125
PRODUCT_336306,母婴/玩具,正品放心,positive,1,0.2
PRODUCT_336322,图书音像,正品放心,positive,1,0.5
PRODUCT_336416,电脑/办公,性价比高,positive,1,0.5
PRODUCT_336450,母婴/玩具,很新鲜,positive,1,0.3333333333333333
PRODUCT_336450,母婴/玩具,性价比高,positive,1,0.3333333333333333
PRODUCT_336450,母婴/玩具,疑似假货,negative,1,0.3333333333333333
PRODUCT_336467,图书音像,内容不错,positive,1,0.14285714285714285
PRODUCT_336509,图书音像,会回购,positive,1,0.3333333333333333
PRODUCT_336515,电脑/办公,外观好看,positive,1,0.3333333333333333
PRODUCT_336515,电脑/办公,性价比高,positive,1,0.3333333333333333
PRODUCT_336520,图书音像,内容不错,positive,1,1.0
PRODUCT_336578,图书音像,会回购,positive,1,0.16666666666666666
PRODUCT_336579,母婴/玩具,质量好,positive,1,0.5
PRODUCT_336639,图书音像,疑似假货,negative,1,1.0
PRODUCT_336654,图书音像,不推荐,negative,1,1.0
PRODUCT_336702,图书音像,正品放心,positive,3,0.75
PRODUCT_336739,其他,性价比高,positive,1,0.3333333333333333
PRODUCT_336791,图书音像,正品放心,positive,1,0.3333333333333333
PRODUCT_336809,电脑/办公,外观好看,positive,2,0.6666666666666666
PRODUCT_336809,电脑/办公,会回购,positive,1,0.3333333333333333
PRODUCT_336809,电脑/办公,尺码合适,positive,1,0.3333333333333333
PRODUCT_336809,电脑/办公,性价比高,positive,1,0.3333333333333333
PRODUCT_336830,图书音像,包装差,negative,1,0.5
PRODUCT_336850,图书音像,外观好看,positive,2,0.5
PRODUCT_336870,食品/保健,味道不错,positive,1,1.0
PRODUCT_336883,图书音像,质量好,positive,1,1.0
PRODUCT_336925,图书音像,内容不错,positive,1,1.0
PRODUCT_336925,图书音像,质量好,positive,1,1.0
PRODUCT_336936,图书音像,包装好,positive,1,0.5
PRODUCT_336939,家用电器,不推荐,negative,1,0.09090909090909091
PRODUCT_336939,家用电器,味道不错,positive,1,0.09090909090909091
PRODUCT_336939,家用电器,容易坏,negative,1,0.09090909090909091
PRODUCT_336939,家用电器,性价比高,positive,1,0.09090909090909091
PRODUCT_336939,家用电器,正品放心,positive,1,0.09090909090909091
PRODUCT_336939,家用电器,质量好,positive,1,0.09090909090909091
PRODUCT_336939,家用电器,质量差,negative,1,0.09090909090909091
PRODUCT_33701,图书音像,外观一般,negative,1,1.0
PRODUCT_33701,图书音像,外观好看,positive,1,1.0
PRODUCT_337029,家具/家装/建材,质量好,positive,1,1.0
PRODUCT_337034,家用电器,外观好看,positive,1,0.16666666666666666
PRODUCT_337035,图书音像,容易坏,negative,1,0.3333333333333333
PRODUCT_337036,图书音像,外观一般,negative,1,0.25
PRODUCT_337036,图书音像,外观好看,positive,1,0.25
PRODUCT_337036,图书音像,很新鲜,positive,1,0.25
PRODUCT_337048,图书音像,很新鲜,positive,1,1.0
PRODUCT_337083,图书音像,性价比高,positive,1,1.0
PRODUCT_337083,图书音像,正品放心,positive,1,1.0
PRODUCT_337105,图书音像,不推荐,negative,1,1.0
PRODUCT_337216,家用电器,质量差,negative,1,0.5
PRODUCT_337229,图书音像,正品放心,positive,1,0.3333333333333333
PRODUCT_33726,图书音像,外观好看,positive,1,0.25
PRODUCT_337264,图书音像,性价比高,positive,1,0.5
PRODUCT_337317,手机/数码,很耐用,positive,1,0.1
PRODUCT_337317,手机/数码,性价比高,positive,1,0.1
PRODUCT_337317,手机/数码,质量差,negative,1,0.1
PRODUCT_33740,图书音像,外观好看,positive,1,1.0
PRODUCT_337433,图书音像,内容不错,positive,1,1.0
PRODUCT_337554,图书音像,质量好,positive,1,1.0
PRODUCT_337572,图书音像,价格贵,negative,1,0.5
PRODUCT_337572,图书音像,内容不错,positive,1,0.5
PRODUCT_337659,美妆个护,会回购,positive,1,0.125
PRODUCT_337679,图书音像,内容不错,positive,1,1.0
PRODUCT_337701,图书音像,不推荐,negative,1,0.5
PRODUCT_337710,图书音像,内容一般,negative,1,1.0
PRODUCT_337730,图书音像,包装好,positive,1,0.5
PRODUCT_337730,图书音像,包装差,negative,1,0.5
PRODUCT_337800,家用电器,外观好看,positive,1,0.5
PRODUCT_337813,手机/数码,性价比高,positive,1,0.16666666666666666
PRODUCT_337813,手机/数码,正品放心,positive,1,0.16666666666666666
PRODUCT_337872,手机/数码,外观好看,positive,1,0.5
PRODUCT_337872,手机/数码,很耐用,positive,1,0.5
PRODUCT_337933,电脑/办公,外观好看,positive,1,1.0
PRODUCT_337962,图书音像,性价比高,positive,1,1.0
PRODUCT_337975,图书音像,外观好看,positive,1,0.25
PRODUCT_337975,图书音像,正品放心,positive,1,0.25
PRODUCT_338091,家用电器,性价比高,positive,1,0.25
PRODUCT_338092,钟表/首饰/眼镜/礼品,正品放心,positive,1,0.3333333333333333
PRODUCT_338310,手机/数码,性价比高,positive,1,0.5
PRODUCT_338319,图书音像,正品放心,positive,1,0.5
PRODUCT_338323,图书音像,正品放心,positive,1,1.0
PRODUCT_338360,手机/数码,外观好看,positive,1,0.3333333333333333
PRODUCT_338425,家用电器,不推荐,negative,1,0.14285714285714285
PRODUCT_338425,家用电器,会回购,positive,1,0.14285714285714285
PRODUCT_338447,家居生活,味道不错,positive,1,0.16666666666666666
PRODUCT_338492,图书音像,正品放心,positive,1,1.0
PRODUCT_338492,图书音像,质量好,positive,1,1.0
PRODUCT_338497,电脑/办公,正品放心,positive,1,0.5
PRODUCT_338709,手机/数码,外观好看,positive,1,1.0
PRODUCT_33897,电脑/办公,外观好看,positive,1,0.25
PRODUCT_33897,电脑/办公,性价比高,positive,1,0.25
PRODUCT_339095,图书音像,质量好,positive,1,0.25
PRODUCT_339096,图书音像,会回购,positive,1,0.3333333333333333
PRODUCT_339096,图书音像,外观好看,positive,1,0.3333333333333333
PRODUCT_339110,图书音像,外观好看,positive,1,0.25
PRODUCT_339110,图书音像,很新鲜,positive,1,0.25
PRODUCT_339186,图书音像,不推荐,negative,1,0.08333333333333333
PRODUCT_339186,图书音像,疑似假货,negative,1,0.08333333333333333
PRODUCT_339186,图书音像,质量好,positive,1,0.08333333333333333
PRODUCT_33919,手机/数码,正品放心,positive,1,0.5
PRODUCT_339191,图书音像,内容不错,positive,1,0.3333333333333333
PRODUCT_339256,美妆个护,性价比高,positive,1,0.14285714285714285
PRODUCT_339256,美妆个护,正品放心,positive,1,0.14285714285714285
PRODUCT_33926,图书音像,外观好看,positive,1,1.0
PRODUCT_339268,电脑/办公,包装差,negative,1,1.0
PRODUCT_339275,美妆个护,正品放心,positive,1,1.0
PRODUCT_33933,鞋类箱包,发货快,positive,2,0.3333333333333333
PRODUCT_33933,鞋类箱包,外观好看,positive,1,0.16666666666666666
PRODUCT_33933,鞋类箱包,很耐用,positive,1,0.16666666666666666
PRODUCT_33933,鞋类箱包,质量好,positive,1,0.16666666666666666
PRODUCT_339496,图书音像,外观好看,positive,1,0.25
PRODUCT_339516,图书音像,质量好,positive,1,0.3333333333333333
PRODUCT_339636,手机/数码,容易坏,negative,1,0.25
PRODUCT_339658,运动户外,外观好看,positive,1,0.5
PRODUCT_339677,图书音像,疑似假货,negative,1,0.3333333333333333
PRODUCT_339717,图书音像,质量好,positive,1,0.5
PRODUCT_339721,图书音像,内容不错,positive,1,1.0
PRODUCT_339723,图书音像,质量好,positive,1,1.0
PRODUCT_339819,图书音像,内容不错,positive,1,0.5
PRODUCT_339838,图书音像,疑似假货,negative,1,0.5
PRODUCT_339857,图书音像,会回购,positive,1,1.0
PRODUCT_339909,图书音像,内容不错,positive,1,1.0
PRODUCT_339926,图书音像,正品放心,positive,1,1.0
PRODUCT_340004,图书音像,不推荐,negative,1,1.0
PRODUCT_340045,图书音像,包装差,negative,1,0.2
PRODUCT_340045,图书音像,质量好,positive,1,0.2
PRODUCT_340079,图书音像,内容不错,positive,1,1.0
PRODUCT_340129,图书音像,内容一般,negative,1,0.5
PRODUCT_34020,手机/数码,内容一般,negative,1,1.0
PRODUCT_340222,图书音像,疑似假货,negative,1,1.0
PRODUCT_340376,图书音像,正品放心,positive,2,1.0
PRODUCT_340424,图书音像,内容不错,positive,1,1.0
PRODUCT_340466,图书音像,质量差,negative,1,1.0
PRODUCT_340498,图书音像,正品放心,positive,1,1.0
PRODUCT_340553,图书音像,疑似假货,negative,1,0.5
PRODUCT_34059,图书音像,外观好看,positive,1,1.0
PRODUCT_34068,其他,不推荐,negative,1,0.16666666666666666
PRODUCT_340729,电脑/办公,正品放心,positive,1,1.0
PRODUCT_340731,家用电器,容易坏,negative,1,1.0
PRODUCT_340740,图书音像,包装差,negative,1,1.0
PRODUCT_340831,图书音像,外观好看,positive,1,1.0
PRODUCT_340831,图书音像,质量好,positive,1,1.0
PRODUCT_340843,电脑/办公,容易坏,negative,1,0.16666666666666666
PRODUCT_340843,电脑/办公,正品放心,positive,1,0.16666666666666666
PRODUCT_340843,电脑/办公,质量好,positive,1,0.16666666666666666
PRODUCT_340885,家用电器,很耐用,positive,2,0.14285714285714285
PRODUCT_340885,家用电器,外观好看,positive,1,0.07142857142857142
PRODUCT_340885,家用电器,性价比高,positive,1,0.07142857142857142
PRODUCT_340885,家用电器,质量好,positive,1,0.07142857142857142
PRODUCT_340893,图书音像,内容一般,negative,1,0.3333333333333333
PRODUCT_340895,美妆个护,味道不错,positive,1,0.3333333333333333
PRODUCT_340895,美妆个护,正品放心,positive,1,0.3333333333333333
PRODUCT_340926,图书音像,正品放心,positive,1,1.0
PRODUCT_340926,图书音像,疑似假货,negative,1,1.0
PRODUCT_340933,图书音像,正品放心,positive,1,0.5
PRODUCT_340936,图书音像,内容一般,negative,1,0.5
PRODUCT_340966,家居生活,包装好,positive,1,1.0
PRODUCT_340966,家居生活,质量好,positive,1,1.0
PRODUCT_340980,图书音像,内容不错,positive,1,1.0
PRODUCT_341044,图书音像,正品放心,positive,2,0.10526315789473684
PRODUCT_341044,图书音像,会回购,positive,1,0.05263157894736842
PRODUCT_341044,图书音像,发货快,positive,1,0.05263157894736842
PRODUCT_341052,图书音像,内容不错,positive,1,0.1111111111111111
PRODUCT_341052,图书音像,正品放心,positive,1,0.1111111111111111
PRODUCT_341052,图书音像,质量好,positive,1,0.1111111111111111
PRODUCT_341175,图书音像,很耐用,positive,1,1.0
PRODUCT_341183,美妆个护,味道不错,positive,1,0.5
PRODUCT_341229,美妆个护,外观好看,positive,1,1.0
PRODUCT_341239,图书音像,性价比高,positive,1,0.08333333333333333
PRODUCT_341239,图书音像,质量好,positive,1,0.08333333333333333
PRODUCT_341259,家居生活,性价比高,positive,1,1.0
PRODUCT_341271,图书音像,质量差,negative,1,1.0
PRODUCT_341290,图书音像,内容一般,negative,1,1.0
PRODUCT_341377,图书音像,性价比高,positive,1,1.0
PRODUCT_341497,图书音像,内容不错,positive,1,1.0
PRODUCT_341497,图书音像,正品放心,positive,1,1.0
PRODUCT_341498,图书音像,外观好看,positive,1,1.0
PRODUCT_341531,图书音像,价格贵,negative,1,0.04
PRODUCT_341531,图书音像,会回购,positive,1,0.04
PRODUCT_341531,图书音像,包装好,positive,1,0.04
PRODUCT_341531,图书音像,性价比高,positive,1,0.04
PRODUCT_341531,图书音像,正品放心,positive,1,0.04
PRODUCT_341531,图书音像,质量好,positive,1,0.04
PRODUCT_341633,图书音像,外观好看,positive,2,0.1
PRODUCT_341633,图书音像,内容一般,negative,1,0.05
PRODUCT_341633,图书音像,包装好,positive,1,0.05
PRODUCT_341636,图书音像,不推荐,negative,1,1.0
PRODUCT_341651,图书音像,疑似假货,negative,2,0.4
PRODUCT_341696,图书音像,正品放心,positive,2,0.15384615384615385
PRODUCT_341696,图书音像,会回购,positive,1,0.07692307692307693
PRODUCT_341696,图书音像,内容不错,positive,1,0.07692307692307693
PRODUCT_341696,图书音像,外观好看,positive,1,0.07692307692307693
PRODUCT_341696,图书音像,疑似假货,negative,1,0.07692307692307693
PRODUCT_341715,钟表/首饰/眼镜/礼品,内容不错,positive,1,0.1111111111111111
PRODUCT_341715,钟表/首饰/眼镜/礼品,外观好看,positive,1,0.1111111111111111
PRODUCT_341715,钟表/首饰/眼镜/礼品,很新鲜,positive,1,0.1111111111111111
PRODUCT_341715,钟表/首饰/眼镜/礼品,正品放心,positive,1,0.1111111111111111
PRODUCT_341719,图书音像,正品放心,positive,1,0.5
PRODUCT_341746,图书音像,发货快,positive,1,1.0
PRODUCT_341778,服饰服装,价格贵,negative,1,1.0
PRODUCT_341778,服饰服装,外观好看,positive,1,1.0
PRODUCT_34181,图书音像,内容不错,positive,1,1.0
PRODUCT_341915,电脑/办公,性价比高,positive,3,0.2
PRODUCT_341915,电脑/办公,外观好看,positive,1,0.06666666666666667
PRODUCT_341915,电脑/办公,容易坏,negative,1,0.06666666666666667
PRODUCT_341915,电脑/办公,质量好,positive,1,0.06666666666666667
PRODUCT_341915,电脑/办公,质量差,negative,1,0.06666666666666667
PRODUCT_341937,图书音像,外观一般,negative,1,0.5
PRODUCT_341943,图书音像,内容不错,positive,1,1.0
PRODUCT_341978,电脑/办公,容易坏,negative,1,1.0
PRODUCT_341999,美妆个护,疑似假货,negative,1,0.2
PRODUCT_342021,图书音像,正品放心,positive,2,0.08695652173913043
PRODUCT_342021,图书音像,内容不错,positive,1,0.043478260869565216
PRODUCT_342021,图书音像,包装差,negative,1,0.043478260869565216
PRODUCT_342021,图书音像,质量差,negative,1,0.043478260869565216
PRODUCT_342078,手机/数码,不推荐,negative,1,0.16666666666666666
PRODUCT_342083,图书音像,疑似假货,negative,1,1.0
PRODUCT_342093,家用电器,外观好看,positive,1,0.25
PRODUCT_34210,图书音像,会回购,positive,1,0.5
PRODUCT_342122,图书音像,内容不错,positive,1,0.2
PRODUCT_342122,图书音像,疑似假货,negative,1,0.2
PRODUCT_342137,图书音像,外观好看,positive,1,0.5
PRODUCT_342168,图书音像,包装差,negative,1,0.5
PRODUCT_342190,美妆个护,包装差,negative,1,0.5
PRODUCT_342199,美妆个护,味道不错,positive,1,1.0
PRODUCT_342199,美妆个护,外观好看,positive,1,1.0
PRODUCT_342242,图书音像,内容一般,negative,1,0.3333333333333333
PRODUCT_342253,图书音像,味道不错,positive,1,0.5
PRODUCT_342253,图书音像,外观好看,positive,1,0.5
PRODUCT_342253,图书音像,质量好,positive,1,0.5
PRODUCT_342326,家用电器,不推荐,negative,1,1.0
PRODUCT_342350,图书音像,内容一般,negative,1,1.0
PRODUCT_342373,图书音像,性价比高,positive,1,1.0
PRODUCT_342403,图书音像,正品放心,positive,1,0.5
PRODUCT_342439,图书音像,性价比高,positive,1,0.3333333333333333
PRODUCT_342469,图书音像,尺码合适,positive,1,1.0
PRODUCT_342501,图书音像,正品放心,positive,1,0.3333333333333333
PRODUCT_342501,图书音像,质量好,positive,1,0.3333333333333333
PRODUCT_342545,图书音像,质量好,positive,1,1.0
PRODUCT_342662,家用电器,外观一般,negative,1,0.3333333333333333
PRODUCT_342662,家用电器,外观好看,positive,1,0.3333333333333333
PRODUCT_342694,家用电器,容易坏,negative,1,0.5
PRODUCT_342836,图书音像,内容不错,positive,1,1.0
PRODUCT_342837,图书音像,正品放心,positive,1,1.0
PRODUCT_342847,手机/数码,外观好看,positive,1,1.0
PRODUCT_342896,电脑/办公,质量好,positive,1,1.0
PRODUCT_342953,美妆个护,味道不错,positive,1,1.0
PRODUCT_342953,美妆个护,正品放心,positive,1,1.0
PRODUCT_343014,图书音像,不推荐,negative,1,0.1
PRODUCT_343014,图书音像,正品放心,positive,1,0.1
PRODUCT_34313,电脑/办公,性价比高,positive,1,0.2
PRODUCT_34313,电脑/办公,质量差,negative,1,0.2
PRODUCT_343162,家居生活,质量好,positive,1,1.0
PRODUCT_3432,图书音像,包装差,negative,1,0.5
PRODUCT_34330,手机/数码,外观好看,positive,1,0.3333333333333333
PRODUCT_343322,电脑/办公,不推荐,negative,1,0.1111111111111111
PRODUCT_343322,电脑/办公,很耐用,positive,1,0.1111111111111111
PRODUCT_343322,电脑/办公,性价比高,positive,1,0.1111111111111111
PRODUCT_343322,电脑/办公,正品放心,positive,1,0.1111111111111111
PRODUCT_343475,家用电器,外观好看,positive,1,0.3333333333333333
PRODUCT_343475,家用电器,质量好,positive,1,0.3333333333333333
PRODUCT_343503,图书音像,外观好看,positive,2,0.25
PRODUCT_343503,图书音像,性价比高,positive,1,0.125
PRODUCT_343634,图书音像,内容不错,positive,1,1.0
PRODUCT_343634,图书音像,正品放心,positive,1,1.0
PRODUCT_343677,图书音像,会回购,positive,1,1.0
PRODUCT_343715,手机/数码,性价比高,positive,1,0.125
PRODUCT_343715,手机/数码,正品放心,positive,1,0.125
PRODUCT_343715,手机/数码,质量好,positive,1,0.125
PRODUCT_34380,手机/数码,外观好看,positive,1,0.3333333333333333
PRODUCT_34380,手机/数码,性价比高,positive,1,0.3333333333333333
PRODUCT_343863,家居生活,质量好,positive,1,1.0
PRODUCT_343991,图书音像,很新鲜,positive,1,0.2
PRODUCT_344066,手机/数码,容易坏,negative,1,0.3333333333333333
PRODUCT_344079,图书音像,质量好,positive,1,0.16666666666666666
PRODUCT_344152,美妆个护,性价比高,positive,1,0.3333333333333333
PRODUCT_344159,电脑/办公,容易坏,negative,1,0.125
PRODUCT_344189,图书音像,外观好看,positive,1,0.14285714285714285
PRODUCT_34419,家居生活,外观好看,positive,1,0.5
PRODUCT_34420,图书音像,正品放心,positive,1,0.1
PRODUCT_344271,图书音像,会回购,positive,1,0.5
PRODUCT_344482,手机/数码,质量好,positive,1,1.0
PRODUCT_344597,图书音像,会回购,positive,1,0.125
PRODUCT_344598,图书音像,疑似假货,negative,1,0.5
PRODUCT_344736,图书音像,发货快,positive,1,0.3333333333333333
PRODUCT_344736,图书音像,外观好看,positive,1,0.3333333333333333
PRODUCT_344957,图书音像,尺码合适,positive,1,1.0
PRODUCT_344977,图书音像,内容一般,negative,1,0.3333333333333333
PRODUCT_344977,图书音像,质量差,negative,1,0.3333333333333333
PRODUCT_344988,图书音像,容易坏,negative,1,0.16666666666666666
PRODUCT_344988,图书音像,正品放心,positive,1,0.16666666666666666
PRODUCT_3450,美妆个护,味道不错,positive,1,1.0
PRODUCT_345035,图书音像,价格贵,negative,1,1.0
PRODUCT_345048,图书音像,正品放心,positive,1,1.0
PRODUCT_345096,图书音像,性价比高,positive,2,0.2857142857142857
PRODUCT_345096,图书音像,质量差,negative,1,0.14285714285714285
PRODUCT_345121,美妆个护,正品放心,positive,2,0.2
PRODUCT_345124,家居生活,性价比高,positive,3,0.2
PRODUCT_345124,家居生活,内容一般,negative,1,0.06666666666666667
PRODUCT_345125,家居生活,发货快,positive,1,0.1
PRODUCT_345125,家居生活,很耐用,positive,1,0.1
PRODUCT_345125,家居生活,性价比高,positive,1,0.1
PRODUCT_345137,图书音像,外观好看,positive,1,1.0
PRODUCT_345244,图书音像,很新鲜,positive,1,0.06666666666666667
PRODUCT_345244,图书音像,正品放心,positive,1,0.06666666666666667
PRODUCT_345244,图书音像,质量差,negative,1,0.06666666666666667
PRODUCT_345359,图书音像,质量差,negative,1,1.0
PRODUCT_345450,图书音像,正品放心,positive,2,0.18181818181818182
PRODUCT_345450,图书音像,会回购,positive,1,0.09090909090909091
PRODUCT_345450,图书音像,外观好看,positive,1,0.09090909090909091
PRODUCT_345682,家用电器,不推荐,negative,1,0.14285714285714285
PRODUCT_345682,家用电器,会回购,positive,1,0.14285714285714285
PRODUCT_345682,家用电器,正品放心,positive,1,0.14285714285714285
PRODUCT_345706,图书音像,性价比高,positive,1,0.09090909090909091
PRODUCT_345843,美妆个护,内容一般,negative,1,1.0
PRODUCT_345847,美妆个护,价格贵,negative,1,0.3333333333333333
PRODUCT_345897,其他,内容一般,negative,1,1.0
PRODUCT_345954,图书音像,外观好看,positive,1,1.0
PRODUCT_346057,母婴/玩具,价格贵,negative,1,0.5
PRODUCT_346057,母婴/玩具,内容一般,negative,1,0.5
PRODUCT_346185,图书音像,内容一般,negative,1,0.3333333333333333
PRODUCT_346185,图书音像,性价比高,positive,1,0.3333333333333333
PRODUCT_346220,图书音像,疑似假货,negative,1,1.0
PRODUCT_346264,电脑/办公,质量好,positive,1,1.0
PRODUCT_346286,食品/保健,味道不错,positive,1,1.0
PRODUCT_346286,食品/保健,很新鲜,positive,1,1.0
PRODUCT_346295,图书音像,质量差,negative,1,1.0
PRODUCT_346305,图书音像,质量好,positive,1,1.0
PRODUCT_346311,食品/保健,味道不错,positive,1,1.0
PRODUCT_346347,电脑/办公,外观好看,positive,6,0.20689655172413793
PRODUCT_346347,电脑/办公,正品放心,positive,4,0.13793103448275862
PRODUCT_346347,电脑/办公,不推荐,negative,1,0.034482758620689655
PRODUCT_346347,电脑/办公,容易坏,negative,1,0.034482758620689655
PRODUCT_346347,电脑/办公,很耐用,positive,1,0.034482758620689655
PRODUCT_346347,电脑/办公,质量差,negative,1,0.034482758620689655
PRODUCT_346375,电脑/办公,外观好看,positive,1,1.0
PRODUCT_346391,图书音像,正品放心,positive,1,0.5
PRODUCT_346497,图书音像,内容不错,positive,1,0.3333333333333333
PRODUCT_346508,钟表/首饰/眼镜/礼品,外观好看,positive,1,1.0
PRODUCT_346561,图书音像,内容一般,negative,1,1.0
PRODUCT_346585,图书音像,内容不错,positive,1,1.0
PRODUCT_346585,图书音像,质量好,positive,1,1.0
PRODUCT_346594,图书音像,包装好,positive,1,1.0
PRODUCT_346616,图书音像,正品放心,positive,1,0.5
PRODUCT_346683,图书音像,外观好看,positive,1,1.0
PRODUCT_346697,电脑/办公,性价比高,positive,2,0.18181818181818182
PRODUCT_346697,电脑/办公,质量好,positive,2,0.18181818181818182
PRODUCT_346699,电脑/办公,价格贵,negative,1,0.3333333333333333
PRODUCT_346699,电脑/办公,正品放心,positive,1,0.3333333333333333
PRODUCT_346780,图书音像,包装差,negative,1,0.5
PRODUCT_346780,图书音像,正品放心,positive,1,0.5
PRODUCT_346827,图书音像,外观好看,positive,1,0.16666666666666666
PRODUCT_346827,图书音像,疑似假货,negative,1,0.16666666666666666
PRODUCT_346859,图书音像,质量好,positive,1,1.0
PRODUCT_346880,图书音像,内容不错,positive,1,1.0
PRODUCT_346880,图书音像,疑似假货,negative,1,1.0
PRODUCT_346890,图书音像,内容不错,positive,1,1.0
PRODUCT_346904,图书音像,疑似假货,negative,1,1.0
PRODUCT_346907,图书音像,正品放心,positive,1,1.0
PRODUCT_346944,图书音像,质量好,positive,1,0.3333333333333333
PRODUCT_346978,电脑/办公,质量好,positive,1,1.0
PRODUCT_347009,图书音像,质量好,positive,1,0.25
PRODUCT_347044,图书音像,外观好看,positive,1,0.07692307692307693
PRODUCT_347044,图书音像,容易坏,negative,1,0.07692307692307693
PRODUCT_347044,图书音像,质量好,positive,1,0.07692307692307693
PRODUCT_347090,图书音像,性价比高,positive,1,1.0
PRODUCT_347156,图书音像,会回购,positive,1,1.0
PRODUCT_347172,运动户外,正品放心,positive,1,1.0
PRODUCT_347185,图书音像,内容不错,positive,1,1.0
PRODUCT_347198,电脑/办公,容易坏,negative,1,0.14285714285714285
PRODUCT_347244,图书音像,容易坏,negative,1,1.0
PRODUCT_347256,运动户外,正品放心,positive,1,0.3333333333333333
PRODUCT_347256,运动户外,疑似假货,negative,1,0.3333333333333333
PRODUCT_347324,图书音像,外观好看,positive,1,1.0
PRODUCT_347417,图书音像,外观好看,positive,1,1.0
PRODUCT_347433,家居生活,正品放心,positive,1,0.5
PRODUCT_347491,电脑/办公,正品放心,positive,1,0.5
PRODUCT_347616,图书音像,外观好看,positive,1,0.5
PRODUCT_347642,图书音像,会回购,positive,1,0.1
PRODUCT_347642,图书音像,质量差,negative,1,0.1
PRODUCT_347655,图书音像,内容不错,positive,1,1.0
PRODUCT_347768,图书音像,质量差,negative,1,1.0
PRODUCT_347769,图书音像,不推荐,negative,1,0.09090909090909091
PRODUCT_347769,图书音像,内容一般,negative,1,0.09090909090909091
PRODUCT_347769,图书音像,正品放心,positive,1,0.09090909090909091
PRODUCT_347826,图书音像,质量好,positive,1,0.5
PRODUCT_347893,图书音像,内容不错,positive,1,1.0
PRODUCT_347893,图书音像,性价比高,positive,1,1.0
PRODUCT_347915,家居生活,外观好看,positive,1,1.0
PRODUCT_347966,手机/数码,价格贵,negative,1,0.3333333333333333
PRODUCT_348002,图书音像,内容不错,positive,1,1.0
PRODUCT_348005,图书音像,内容不错,positive,1,0.1111111111111111
PRODUCT_348005,图书音像,包装差,negative,1,0.1111111111111111
PRODUCT_348005,图书音像,性价比高,positive,1,0.1111111111111111
PRODUCT_348005,图书音像,质量好,positive,1,0.1111111111111111
PRODUCT_348018,图书音像,内容不错,positive,1,1.0
PRODUCT_348095,家用电器,味道不错,positive,1,1.0
PRODUCT_348205,图书音像,内容不错,positive,1,1.0
PRODUCT_348246,图书音像,会回购,positive,1,1.0
PRODUCT_348246,图书音像,正品放心,positive,1,1.0
PRODUCT_348290,图书音像,质量好,positive,1,1.0
PRODUCT_348342,电脑/办公,外观好看,positive,3,0.21428571428571427
PRODUCT_348342,电脑/办公,正品放心,positive,2,0.14285714285714285
PRODUCT_348342,电脑/办公,质量好,positive,2,0.14285714285714285
PRODUCT_348342,电脑/办公,不推荐,negative,1,0.07142857142857142
PRODUCT_348369,图书音像,很新鲜,positive,1,1.0
PRODUCT_348378,图书音像,包装差,negative,1,1.0
PRODUCT_348378,图书音像,尺码不准,negative,1,1.0
PRODUCT_348382,图书音像,疑似假货,negative,1,1.0
PRODUCT_34841,电脑/办公,不推荐,negative,2,0.2857142857142857
PRODUCT_34841,电脑/办公,性价比高,positive,2,0.2857142857142857
PRODUCT_34841,电脑/办公,质量差,negative,2,0.2857142857142857
PRODUCT_348463,母婴/玩具,外观好看,positive,1,1.0
PRODUCT_348524,美妆个护,外观好看,positive,1,0.5
PRODUCT_348565,电脑/办公,价格贵,negative,1,0.5
PRODUCT_348565,电脑/办公,性价比高,positive,1,0.5
PRODUCT_348580,图书音像,会回购,positive,1,1.0
PRODUCT_348585,图书音像,不推荐,negative,1,1.0
PRODUCT_348644,电脑/办公,质量好,positive,1,1.0
PRODUCT_348660,钟表/首饰/眼镜/礼品,外观好看,positive,1,1.0
PRODUCT_348662,手机/数码,外观一般,negative,1,1.0
PRODUCT_348662,手机/数码,外观好看,positive,1,1.0
PRODUCT_348686,图书音像,性价比高,positive,2,0.11764705882352941
PRODUCT_348686,图书音像,正品放心,positive,2,0.11764705882352941
PRODUCT_348736,图书音像,味道不错,positive,1,1.0
PRODUCT_348804,手机/数码,容易坏,negative,2,0.6666666666666666
PRODUCT_348804,手机/数码,正品放心,positive,1,0.3333333333333333
PRODUCT_348804,手机/数码,质量差,negative,1,0.3333333333333333
PRODUCT_348968,图书音像,正品放心,positive,1,0.5
PRODUCT_348986,电脑/办公,不推荐,negative,1,0.5
PRODUCT_348986,电脑/办公,发货快,positive,1,0.5
PRODUCT_349049,家用电器,外观好看,positive,1,0.25
PRODUCT_349085,机票/充值/票务/虚拟,正品放心,positive,1,0.1111111111111111
PRODUCT_349178,钟表/首饰/眼镜/礼品,外观好看,positive,1,0.5
PRODUCT_349185,电脑/办公,性价比高,positive,1,0.3333333333333333
PRODUCT_349209,电脑/办公,外观好看,positive,1,0.25
PRODUCT_349307,电脑/办公,不推荐,negative,1,0.3333333333333333
PRODUCT_349351,食品/保健,味道不错,positive,1,1.0
PRODUCT_349407,美妆个护,疑似假货,negative,1,1.0
PRODUCT_349552,鞋类箱包,内容一般,negative,1,1.0
PRODUCT_349570,图书音像,正品放心,positive,2,1.0
PRODUCT_349570,图书音像,质量好,positive,1,0.5
PRODUCT_349613,图书音像,疑似假货,negative,1,0.5
PRODUCT_349735,手机/数码,会回购,positive,1,0.2
PRODUCT_349752,图书音像,外观好看,positive,1,1.0
PRODUCT_349753,手机/数码,性价比高,positive,1,0.3333333333333333
PRODUCT_349771,手机/数码,正品放心,positive,1,1.0
PRODUCT_349791,图书音像,性价比高,positive,1,0.5
PRODUCT_349829,图书音像,外观好看,positive,1,0.5
PRODUCT_349892,图书音像,会回购,positive,1,1.0
PRODUCT_349892,图书音像,内容一般,negative,1,1.0
PRODUCT_349915,电脑/办公,正品放心,positive,1,0.25
PRODUCT_349915,电脑/办公,疑似假货,negative,1,0.25
PRODUCT_349959,图书音像,价格贵,negative,1,0.25
PRODUCT_350118,手机/数码,外观好看,positive,1,0.5
PRODUCT_350156,图书音像,会回购,positive,1,0.3333333333333333
PRODUCT_350156,图书音像,很新鲜,positive,1,0.3333333333333333
PRODUCT_350208,电脑/办公,质量好,positive,1,1.0
PRODUCT_350322,图书音像,外观好看,positive,1,1.0
PRODUCT_350390,电脑/办公,不推荐,negative,1,0.3333333333333333
PRODUCT_350404,手机/数码,性价比高,positive,1,0.5
PRODUCT_350486,图书音像,价格贵,negative,1,1.0
PRODUCT_350487,图书音像,性价比高,positive,1,1.0
PRODUCT_3505,图书音像,质量好,positive,1,1.0
PRODUCT_350725,电脑/办公,外观好看,positive,1,0.1111111111111111
PRODUCT_350725,电脑/办公,正品放心,positive,1,0.1111111111111111
PRODUCT_350758,图书音像,包装好,positive,1,0.3333333333333333
PRODUCT_351073,家用电器,外观好看,positive,3,0.2727272727272727
PRODUCT_351077,手机/数码,包装好,positive,1,0.25
PRODUCT_351077,手机/数码,很耐用,positive,1,0.25
PRODUCT_351114,手机/数码,内容一般,negative,1,0.2
PRODUCT_351114,手机/数码,外观好看,positive,1,0.2
PRODUCT_351114,手机/数码,续航差,negative,1,0.2
PRODUCT_351198,图书音像,正品放心,positive,1,1.0
PRODUCT_351216,图书音像,包装差,negative,1,0.5
PRODUCT_351250,钟表/首饰/眼镜/礼品,正品放心,positive,2,0.4
PRODUCT_351250,钟表/首饰/眼镜/礼品,质量差,negative,1,0.2
PRODUCT_351289,图书音像,包装差,negative,1,0.5
PRODUCT_351306,图书音像,价格贵,negative,1,0.5
PRODUCT_351316,图书音像,包装差,negative,1,0.2
PRODUCT_351316,图书音像,外观好看,positive,1,0.2
PRODUCT_351368,图书音像,疑似假货,negative,2,0.2857142857142857
PRODUCT_351368,图书音像,包装差,negative,1,0.14285714285714285
PRODUCT_351368,图书音像,外观好看,positive,1,0.14285714285714285
PRODUCT_3514,食品/保健,味道不错,positive,1,0.5
PRODUCT_3514,食品/保健,正品放心,positive,1,0.5
PRODUCT_351580,图书音像,味道一般,negative,1,1.0
PRODUCT_351621,母婴/玩具,很耐用,positive,1,0.5
PRODUCT_351621,母婴/玩具,质量好,positive,1,0.5
PRODUCT_351688,图书音像,正品放心,positive,1,0.5
PRODUCT_351689,图书音像,正品放心,positive,1,0.2
PRODUCT_351705,图书音像,不推荐,negative,1,1.0
PRODUCT_351752,图书音像,不推荐,negative,1,1.0
PRODUCT_351760,美妆个护,味道不错,positive,1,0.5
PRODUCT_351803,手机/数码,正品放心,positive,1,0.2
PRODUCT_351839,美妆个护,味道不错,positive,3,0.75
PRODUCT_351839,美妆个护,外观好看,positive,1,0.25
PRODUCT_351952,图书音像,正品放心,positive,1,0.5
PRODUCT_351972,运动户外,外观好看,positive,2,0.3333333333333333
PRODUCT_351972,运动户外,正品放心,positive,2,0.3333333333333333
PRODUCT_352003,图书音像,会回购,positive,1,0.16666666666666666
PRODUCT_352003,图书音像,内容不错,positive,1,0.16666666666666666
PRODUCT_352003,图书音像,外观好看,positive,1,0.16666666666666666
PRODUCT_352003,图书音像,正品放心,positive,1,0.16666666666666666
PRODUCT_352024,图书音像,内容一般,negative,1,0.3333333333333333
PRODUCT_352082,图书音像,外观好看,positive,1,1.0
PRODUCT_35213,图书音像,尺码合适,positive,1,0.5
PRODUCT_352149,图书音像,容易坏,negative,1,0.3333333333333333
PRODUCT_35215,图书音像,内容一般,negative,1,0.16666666666666666
PRODUCT_35215,图书音像,内容不错,positive,1,0.16666666666666666
PRODUCT_352203,图书音像,质量好,positive,1,0.14285714285714285
PRODUCT_352228,图书音像,外观好看,positive,1,1.0
PRODUCT_352229,美妆个护,正品放心,positive,1,0.3333333333333333
PRODUCT_352357,美妆个护,不推荐,negative,1,1.0
PRODUCT_352390,图书音像,性价比高,positive,1,1.0
PRODUCT_352390,图书音像,正品放心,positive,1,1.0
PRODUCT_352396,图书音像,外观好看,positive,1,1.0
PRODUCT_352414,食品/保健,内容不错,positive,1,0.5
PRODUCT_352425,图书音像,质量差,negative,1,0.3333333333333333
PRODUCT_35248,母婴/玩具,很耐用,positive,1,0.5
PRODUCT_35248,母婴/玩具,正品放心,positive,1,0.5
PRODUCT_352520,美妆个护,疑似假货,negative,1,0.5
PRODUCT_352611,运动户外,质量好,positive,1,1.0
PRODUCT_352645,母婴/玩具,内容一般,negative,1,1.0
PRODUCT_352702,图书音像,外观好看,positive,1,0.5
PRODUCT_352769,图书音像,正品放心,positive,1,0.25
PRODUCT_352769,图书音像,质量好,positive,1,0.25
PRODUCT_352802,图书音像,正品放心,positive,1,1.0
PRODUCT_352802,图书音像,疑似假货,negative,1,1.0
PRODUCT_352831,图书音像,容易坏,negative,1,0.5
PRODUCT_352831,图书音像,质量好,positive,1,0.5
PRODUCT_352867,家居生活,发货快,positive,1,1.0
PRODUCT_35292,图书音像,物流慢,negative,1,1.0
PRODUCT_352974,图书音像,发货快,positive,1,1.0
PRODUCT_352974,图书音像,正品放心,positive,1,1.0
PRODUCT_353048,其他,质量差,negative,1,1.0
PRODUCT_353055,图书音像,味道不错,positive,1,1.0
PRODUCT_353150,图书音像,外观好看,positive,1,0.09090909090909091
PRODUCT_353150,图书音像,很新鲜,positive,1,0.09090909090909091
PRODUCT_353150,图书音像,质量好,positive,1,0.09090909090909091
PRODUCT_353173,图书音像,性价比高,positive,1,0.3333333333333333
PRODUCT_353173,图书音像,质量好,positive,1,0.3333333333333333
PRODUCT_353216,图书音像,质量好,positive,1,0.2
PRODUCT_353256,图书音像,正品放心,positive,1,1.0
PRODUCT_353327,图书音像,包装差,negative,1,0.2
PRODUCT_353329,图书音像,正品放心,positive,1,0.5
PRODUCT_353380,图书音像,内容不错,positive,1,0.14285714285714285
PRODUCT_353380,图书音像,正品放心,positive,1,0.14285714285714285
PRODUCT_353416,图书音像,疑似假货,negative,1,1.0
PRODUCT_353444,图书音像,疑似假货,negative,1,0.3333333333333333
PRODUCT_353497,图书音像,会回购,positive,1,1.0
PRODUCT_353500,图书音像,疑似假货,negative,1,1.0
PRODUCT_353519,图书音像,正品放心,positive,1,1.0
PRODUCT_353569,电脑/办公,价格贵,negative,1,1.0
PRODUCT_353579,图书音像,正品放心,positive,1,0.5
PRODUCT_353630,图书音像,正品放心,positive,1,1.0
PRODUCT_353665,电脑/办公,正品放心,positive,1,0.2
PRODUCT_353704,其他,正品放心,positive,3,0.15789473684210525
PRODUCT_353704,其他,性价比高,positive,2,0.10526315789473684
PRODUCT_353704,其他,容易坏,negative,1,0.05263157894736842
PRODUCT_353704,其他,质量好,positive,1,0.05263157894736842
PRODUCT_353704,其他,质量差,negative,1,0.05263157894736842
PRODUCT_353712,图书音像,性价比高,positive,2,1.0
PRODUCT_353721,图书音像,不推荐,negative,1,0.05555555555555555
PRODUCT_353721,图书音像,性价比高,positive,1,0.05555555555555555
PRODUCT_353721,图书音像,疑似假货,negative,1,0.05555555555555555
PRODUCT_353721,图书音像,质量好,positive,1,0.05555555555555555
PRODUCT_353721,图书音像,质量差,negative,1,0.05555555555555555
PRODUCT_353761,手机/数码,正品放心,positive,1,0.3333333333333333
PRODUCT_353869,图书音像,性价比高,positive,1,0.16666666666666666
PRODUCT_353869,图书音像,正品放心,positive,1,0.16666666666666666
PRODUCT_353888,图书音像,外观好看,positive,1,1.0
PRODUCT_353900,家具/家装/建材,质量好,positive,1,1.0
PRODUCT_354097,图书音像,内容不错,positive,1,1.0
PRODUCT_354135,电脑/办公,外观好看,positive,1,1.0
PRODUCT_354152,图书音像,内容不错,positive,1,0.5
PRODUCT_354167,图书音像,外观好看,positive,1,1.0
PRODUCT_354167,图书音像,质量好,positive,1,1.0
PRODUCT_35421,图书音像,性价比高,positive,1,0.5
PRODUCT_354311,图书音像,会回购,positive,1,1.0
PRODUCT_354315,图书音像,正品放心,positive,1,1.0
PRODUCT_354319,家居生活,质量好,positive,1,1.0
PRODUCT_354357,钟表/首饰/眼镜/礼品,质量差,negative,1,1.0
PRODUCT_354406,图书音像,内容一般,negative,1,1.0
PRODUCT_354406,图书音像,性价比高,positive,1,1.0
PRODUCT_35442,图书音像,不推荐,negative,1,1.0
PRODUCT_354439,图书音像,外观好看,positive,1,1.0
PRODUCT_354503,图书音像,内容一般,negative,1,0.5
PRODUCT_354508,图书音像,外观好看,positive,1,0.5
PRODUCT_354602,钟表/首饰/眼镜/礼品,外观好看,positive,1,1.0
PRODUCT_354672,图书音像,外观好看,positive,1,0.125
PRODUCT_354693,图书音像,质量好,positive,1,0.5
PRODUCT_354699,图书音像,正品放心,positive,1,1.0
PRODUCT_354703,图书音像,内容不错,positive,2,0.2857142857142857
PRODUCT_354703,图书音像,不推荐,negative,1,0.14285714285714285
PRODUCT_354703,图书音像,正品放心,positive,1,0.14285714285714285
PRODUCT_354789,图书音像,包装差,negative,1,1.0
PRODUCT_354831,家具/家装/建材,容易坏,negative,1,0.3333333333333333
PRODUCT_354831,家具/家装/建材,尺码不准,negative,1,0.3333333333333333
PRODUCT_354831,家具/家装/建材,很耐用,positive,1,0.3333333333333333
PRODUCT_354866,家用电器,会回购,positive,1,0.2
PRODUCT_354866,家用电器,正品放心,positive,1,0.2
PRODUCT_354908,家用电器,性价比高,positive,1,1.0
PRODUCT_35503,图书音像,不推荐,negative,1,1.0
PRODUCT_355090,图书音像,不推荐,negative,1,0.14285714285714285
PRODUCT_355090,图书音像,外观好看,positive,1,0.14285714285714285
PRODUCT_355144,其他,性价比高,positive,1,0.5
PRODUCT_355158,图书音像,外观好看,positive,1,1.0
PRODUCT_355207,图书音像,质量好,positive,1,1.0
PRODUCT_355247,图书音像,内容不错,positive,1,1.0
PRODUCT_355262,图书音像,内容不错,positive,1,1.0
PRODUCT_355370,图书音像,外观好看,positive,2,0.5
PRODUCT_355402,电脑/办公,外观好看,positive,1,1.0
PRODUCT_355404,图书音像,疑似假货,negative,1,0.5
PRODUCT_355428,手机/数码,正品放心,positive,1,0.14285714285714285
PRODUCT_355483,图书音像,包装差,negative,1,0.07692307692307693
PRODUCT_355483,图书音像,外观好看,positive,1,0.07692307692307693
PRODUCT_355483,图书音像,正品放心,positive,1,0.07692307692307693
PRODUCT_355483,图书音像,质量好,positive,1,0.07692307692307693
PRODUCT_355495,图书音像,性价比高,positive,1,0.09090909090909091
PRODUCT_35550,图书音像,内容不错,positive,1,0.3333333333333333
PRODUCT_355575,服饰服装,尺码合适,positive,1,0.25
PRODUCT_3556,母婴/玩具,内容一般,negative,1,1.0
PRODUCT_35561,图书音像,会回购,positive,1,0.2
PRODUCT_35561,图书音像,包装差,negative,1,0.2
PRODUCT_355763,图书音像,疑似假货,negative,1,1.0
PRODUCT_35580,图书音像,性价比高,positive,1,0.125
PRODUCT_355966,电脑/办公,质量差,negative,1,0.25
PRODUCT_355970,图书音像,外观好看,positive,2,0.6666666666666666
PRODUCT_355982,图书音像,内容不错,positive,1,0.125
PRODUCT_355982,图书音像,质量好,positive,1,0.125
PRODUCT_356001,图书音像,包装好,positive,1,0.25
PRODUCT_356056,图书音像,不推荐,negative,1,0.5
PRODUCT_356056,图书音像,疑似假货,negative,1,0.5
PRODUCT_356061,图书音像,正品放心,positive,1,1.0
PRODUCT_35615,图书音像,发货快,positive,1,0.5
PRODUCT_356259,电脑/办公,包装差,negative,1,1.0
PRODUCT_356259,电脑/办公,外观好看,positive,1,1.0
PRODUCT_35630,图书音像,疑似假货,negative,1,1.0
PRODUCT_356483,图书音像,内容不错,positive,1,1.0
PRODUCT_356508,图书音像,正品放心,positive,1,1.0
PRODUCT_356582,图书音像,外观好看,positive,1,0.08333333333333333
PRODUCT_356582,图书音像,尺码合适,positive,1,0.08333333333333333
PRODUCT_356582,图书音像,正品放心,positive,1,0.08333333333333333
PRODUCT_356582,图书音像,疑似假货,negative,1,0.08333333333333333
PRODUCT_356582,图书音像,质量好,positive,1,0.08333333333333333
PRODUCT_356582,图书音像,质量差,negative,1,0.08333333333333333
PRODUCT_356700,钟表/首饰/眼镜/礼品,正品放心,positive,1,1.0
PRODUCT_356703,家居生活,性价比高,positive,1,0.25
PRODUCT_356727,图书音像,外观一般,negative,1,0.2
PRODUCT_356727,图书音像,质量好,positive,1,0.2
PRODUCT_356769,图书音像,内容不错,positive,1,1.0
PRODUCT_356868,图书音像,内容不错,positive,1,0.5
PRODUCT_357110,图书音像,不推荐,negative,1,1.0
PRODUCT_357168,图书音像,物流慢,negative,1,1.0
PRODUCT_357265,图书音像,会回购,positive,1,0.3333333333333333
PRODUCT_357265,图书音像,质量好,positive,1,0.3333333333333333
PRODUCT_357362,图书音像,不推荐,negative,1,1.0
PRODUCT_357364,图书音像,外观好看,positive,1,0.16666666666666666
PRODUCT_357388,图书音像,外观好看,positive,1,1.0
PRODUCT_357397,图书音像,性价比高,positive,1,1.0
PRODUCT_357409,图书音像,不推荐,negative,1,0.16666666666666666
PRODUCT_357409,图书音像,外观好看,positive,1,0.16666666666666666
PRODUCT_357412,图书音像,内容不错,positive,1,0.16666666666666666
PRODUCT_357412,图书音像,外观一般,negative,1,0.16666666666666666
PRODUCT_357423,图书音像,外观好看,positive,1,0.3333333333333333
PRODUCT_357544,图书音像,性价比高,positive,1,0.16666666666666666
PRODUCT_357550,图书音像,质量差,negative,1,0.5
PRODUCT_357594,图书音像,质量好,positive,1,0.5
PRODUCT_3576,图书音像,性价比高,positive,1,1.0
PRODUCT_3578,图书音像,外观好看,positive,2,0.2222222222222222
PRODUCT_35788,图书音像,质量好,positive,1,1.0
PRODUCT_358014,图书音像,不推荐,negative,1,0.5
PRODUCT_358014,图书音像,疑似假货,negative,1,0.5
PRODUCT_358040,图书音像,质量好,positive,1,1.0
PRODUCT_358056,图书音像,质量好,positive,1,1.0
PRODUCT_358071,电脑/办公,价格贵,negative,1,1.0
PRODUCT_358087,图书音像,质量好,positive,1,0.5
PRODUCT_358174,图书音像,质量好,positive,1,1.0
PRODUCT_358176,图书音像,不推荐,negative,1,1.0
PRODUCT_358187,钟表/首饰/眼镜/礼品,价格贵,negative,1,1.0
PRODUCT_358204,家用电器,容易坏,negative,2,0.6666666666666666
PRODUCT_358204,家用电器,会回购,positive,1,0.3333333333333333
PRODUCT_358204,家用电器,正品放心,positive,1,0.3333333333333333
PRODUCT_358208,美妆个护,性价比高,positive,1,0.5
PRODUCT_358225,图书音像,外观好看,positive,1,1.0
PRODUCT_358307,美妆个护,包装好,positive,1,0.5
PRODUCT_358410,图书音像,正品放心,positive,1,1.0
PRODUCT_3585,图书音像,疑似假货,negative,1,1.0
PRODUCT_358519,食品/保健,味道不错,positive,1,1.0
PRODUCT_358555,电脑/办公,性价比高,positive,2,0.3333333333333333
PRODUCT_358555,电脑/办公,容易坏,negative,1,0.16666666666666666
PRODUCT_358555,电脑/办公,正品放心,positive,1,0.16666666666666666
PRODUCT_358586,美妆个护,疑似假货,negative,3,0.42857142857142855
PRODUCT_358586,美妆个护,性价比高,positive,2,0.2857142857142857
PRODUCT_358586,美妆个护,正品放心,positive,2,0.2857142857142857
PRODUCT_358586,美妆个护,味道不错,positive,1,0.14285714285714285
PRODUCT_35859,图书音像,正品放心,positive,1,1.0
PRODUCT_358657,图书音像,性价比高,positive,1,1.0
PRODUCT_358669,电脑/办公,外观好看,positive,2,0.6666666666666666
PRODUCT_358684,图书音像,外观好看,positive,1,1.0
PRODUCT_358693,图书音像,质量好,positive,1,1.0
PRODUCT_358740,图书音像,内容一般,negative,1,1.0
PRODUCT_358740,图书音像,性价比高,positive,1,1.0
PRODUCT_358741,图书音像,会回购,positive,1,0.5
PRODUCT_358756,图书音像,内容不错,positive,1,1.0
PRODUCT_358762,图书音像,正品放心,positive,1,1.0
PRODUCT_358779,图书音像,内容不错,positive,1,0.25
PRODUCT_358794,图书音像,性价比高,positive,1,1.0
PRODUCT_35881,图书音像,内容不错,positive,1,1.0
PRODUCT_358860,家居生活,性价比高,positive,1,1.0
PRODUCT_358863,食品/保健,味道不错,positive,1,1.0
PRODUCT_358866,图书音像,包装差,negative,1,0.14285714285714285
PRODUCT_358866,图书音像,外观好看,positive,1,0.14285714285714285
PRODUCT_358866,图书音像,疑似假货,negative,1,0.14285714285714285
PRODUCT_358866,图书音像,质量差,negative,1,0.14285714285714285
PRODUCT_358899,图书音像,正品放心,positive,1,1.0
PRODUCT_3589,图书音像,价格贵,negative,1,0.125
PRODUCT_358902,图书音像,外观好看,positive,1,1.0
PRODUCT_358902,图书音像,质量好,positive,1,1.0
PRODUCT_358940,手机/数码,很耐用,positive,1,1.0
PRODUCT_358940,手机/数码,续航差,negative,1,1.0
PRODUCT_358944,美妆个护,发货快,positive,1,1.0
PRODUCT_359023,图书音像,疑似假货,negative,1,1.0
PRODUCT_359077,图书音像,质量好,positive,1,1.0
PRODUCT_359089,图书音像,内容不错,positive,1,1.0
PRODUCT_359089,图书音像,质量好,positive,1,1.0
PRODUCT_359114,图书音像,容易坏,negative,1,1.0
PRODUCT_359114,图书音像,正品放心,positive,1,1.0
PRODUCT_35916,图书音像,外观好看,positive,1,0.09090909090909091
PRODUCT_35916,图书音像,很新鲜,positive,1,0.09090909090909091
PRODUCT_3592,图书音像,正品放心,positive,2,1.0
PRODUCT_3592,图书音像,很耐用,positive,1,0.5
PRODUCT_359215,家居生活,质量好,positive,1,1.0
PRODUCT_359244,母婴/玩具,质量好,positive,1,1.0
PRODUCT_359264,图书音像,正品放心,positive,1,0.5
PRODUCT_359289,图书音像,外观好看,positive,1,0.14285714285714285
PRODUCT_359360,图书音像,外观好看,positive,1,0.3333333333333333
PRODUCT_359360,图书音像,很新鲜,positive,1,0.3333333333333333
PRODUCT_359377,图书音像,容易坏,negative,1,1.0
PRODUCT_359466,图书音像,质量好,positive,1,0.25
PRODUCT_359542,手机/数码,正品放心,positive,1,0.25
PRODUCT_359542,手机/数码,疑似假货,negative,1,0.25
PRODUCT_35957,图书音像,不推荐,negative,2,0.09523809523809523
PRODUCT_35957,图书音像,包装好,positive,1,0.047619047619047616
PRODUCT_359580,图书音像,性价比高,positive,1,1.0
PRODUCT_35970,图书音像,外观好看,positive,1,0.3333333333333333
PRODUCT_35970,图书音像,质量好,positive,1,0.3333333333333333
PRODUCT_359765,鞋类箱包,质量好,positive,2,0.6666666666666666
PRODUCT_359765,鞋类箱包,外观好看,positive,1,0.3333333333333333
PRODUCT_359800,鞋类箱包,不推荐,negative,1,1.0
PRODUCT_359800,鞋类箱包,很耐用,positive,1,1.0
PRODUCT_359901,图书音像,内容一般,negative,1,0.09090909090909091
PRODUCT_359901,图书音像,外观好看,positive,1,0.09090909090909091
PRODUCT_359901,图书音像,质量好,positive,1,0.09090909090909091
PRODUCT_359911,家居生活,性价比高,positive,1,1.0
PRODUCT_359911,家居生活,质量好,positive,1,1.0
PRODUCT_359920,图书音像,会回购,positive,1,1.0
PRODUCT_359965,图书音像,正品放心,positive,1,1.0
PRODUCT_359966,图书音像,内容一般,negative,1,0.2
PRODUCT_359966,图书音像,内容不错,positive,1,0.2
PRODUCT_359966,图书音像,质量差,negative,1,0.2
PRODUCT_360072,机票/充值/票务/虚拟,内容不错,positive,1,1.0
PRODUCT_360257,图书音像,价格贵,negative,1,1.0
PRODUCT_360257,图书音像,正品放心,positive,1,1.0
PRODUCT_360267,钟表/首饰/眼镜/礼品,外观好看,positive,1,1.0
PRODUCT_36029,图书音像,内容一般,negative,1,1.0
PRODUCT_360293,图书音像,质量差,negative,1,0.5
PRODUCT_360309,手机/数码,外观好看,positive,1,1.0
PRODUCT_360315,图书音像,质量好,positive,1,1.0
PRODUCT_360368,图书音像,内容不错,positive,1,0.5
PRODUCT_360392,图书音像,质量好,positive,1,0.2
PRODUCT_360420,家具/家装/建材,包装差,negative,1,0.5
PRODUCT_360435,手机/数码,容易坏,negative,1,1.0
PRODUCT_360545,电脑/办公,性价比高,positive,1,0.5
PRODUCT_360592,图书音像,正品放心,positive,1,0.5
PRODUCT_360619,图书音像,内容不错,positive,1,1.0
PRODUCT_360636,图书音像,会回购,positive,1,0.5
PRODUCT_360636,图书音像,包装差,negative,1,0.5
PRODUCT_36064,图书音像,正品放心,positive,1,0.25
PRODUCT_360648,图书音像,物流慢,negative,1,0.2
PRODUCT_3607,手机/数码,会回购,positive,1,1.0
PRODUCT_360771,手机/数码,正品放心,positive,1,0.3333333333333333
PRODUCT_360771,手机/数码,疑似假货,negative,1,0.3333333333333333
PRODUCT_360800,手机/数码,会回购,positive,1,1.0
PRODUCT_360805,家居生活,性价比高,positive,1,1.0
PRODUCT_36081,图书音像,外观好看,positive,1,0.2
PRODUCT_36081,图书音像,客服差,negative,1,0.2
PRODUCT_360844,手机/数码,外观好看,positive,1,1.0
PRODUCT_360844,手机/数码,容易坏,negative,1,1.0
PRODUCT_360885,图书音像,正品放心,positive,1,0.5
PRODUCT_360894,手机/数码,正品放心,positive,1,0.16666666666666666
PRODUCT_360894,手机/数码,疑似假货,negative,1,0.16666666666666666
PRODUCT_360894,手机/数码,质量差,negative,1,0.16666666666666666
PRODUCT_36099,图书音像,正品放心,positive,1,1.0
PRODUCT_361061,图书音像,包装好,positive,1,0.2
PRODUCT_361061,图书音像,外观一般,negative,1,0.2
PRODUCT_361061,图书音像,正品放心,positive,1,0.2
PRODUCT_361061,图书音像,疑似假货,negative,1,0.2
PRODUCT_361141,图书音像,发货快,positive,1,0.5
PRODUCT_361207,电脑/办公,性价比高,positive,1,1.0
PRODUCT_361225,家具/家装/建材,价格贵,negative,1,0.2
PRODUCT_361225,家具/家装/建材,外观好看,positive,1,0.2
PRODUCT_361225,家具/家装/建材,正品放心,positive,1,0.2
PRODUCT_361254,图书音像,内容不错,positive,1,1.0
PRODUCT_361254,图书音像,质量好,positive,1,1.0
PRODUCT_361332,图书音像,内容不错,positive,1,1.0
PRODUCT_361332,图书音像,质量好,positive,1,1.0
PRODUCT_361436,图书音像,外观好看,positive,1,1.0
PRODUCT_361489,图书音像,正品放心,positive,1,1.0
PRODUCT_361491,图书音像,很新鲜,positive,1,0.5
PRODUCT_361491,图书音像,正品放心,positive,1,0.5
PRODUCT_361497,图书音像,内容不错,positive,1,0.5
PRODUCT_361562,手机/数码,外观好看,positive,1,1.0
PRODUCT_361599,图书音像,正品放心,positive,1,1.0
PRODUCT_3617,家用电器,不推荐,negative,1,0.07692307692307693
PRODUCT_3617,家用电器,外观好看,positive,1,0.07692307692307693
PRODUCT_3617,家用电器,容易坏,negative,1,0.07692307692307693
PRODUCT_3617,家用电器,性价比高,positive,1,0.07692307692307693
PRODUCT_3617,家用电器,正品放心,positive,1,0.07692307692307693
PRODUCT_3617,家用电器,质量好,positive,1,0.07692307692307693
PRODUCT_361834,图书音像,容易坏,negative,1,0.16666666666666666
PRODUCT_361834,图书音像,正品放心,positive,1,0.16666666666666666
PRODUCT_361841,图书音像,正品放心,positive,1,0.25
PRODUCT_361861,图书音像,正品放心,positive,1,1.0
PRODUCT_361867,图书音像,正品放心,positive,3,0.375
PRODUCT_361867,图书音像,质量好,positive,1,0.125
PRODUCT_361876,图书音像,疑似假货,negative,1,1.0
PRODUCT_36193,图书音像,内容不错,positive,1,0.3333333333333333
PRODUCT_362018,家居生活,质量好,positive,1,0.5
PRODUCT_36206,图书音像,内容不错,positive,1,0.25
PRODUCT_36206,图书音像,外观好看,positive,1,0.25
PRODUCT_362135,手机/数码,外观好看,positive,2,1.0
PRODUCT_362188,美妆个护,味道不错,positive,1,0.25
PRODUCT_362199,电脑/办公,外观好看,positive,1,0.25
PRODUCT_362208,手机/数码,容易坏,negative,1,1.0
PRODUCT_362355,图书音像,外观好看,positive,1,0.3333333333333333
PRODUCT_362417,图书音像,质量好,positive,1,1.0
PRODUCT_362587,图书音像,外观好看,positive,1,1.0
PRODUCT_362604,图书音像,价格贵,negative,1,0.3333333333333333
PRODUCT_362604,图书音像,尺码合适,positive,1,0.3333333333333333
PRODUCT_362616,图书音像,内容不错,positive,1,0.5
PRODUCT_362660,图书音像,内容一般,negative,1,1.0
PRODUCT_362787,图书音像,味道不错,positive,1,1.0
PRODUCT_362821,图书音像,味道一般,negative,1,0.1111111111111111
PRODUCT_362821,图书音像,很新鲜,positive,1,0.1111111111111111
PRODUCT_362821,图书音像,正品放心,positive,1,0.1111111111111111
PRODUCT_362821,图书音像,质量差,negative,1,0.1111111111111111
PRODUCT_362829,图书音像,内容不错,positive,1,0.5
PRODUCT_362883,图书音像,不推荐,negative,1,1.0
PRODUCT_362883,图书音像,质量差,negative,1,1.0
PRODUCT_362930,图书音像,外观好看,positive,1,1.0
PRODUCT_362935,图书音像,内容不错,positive,1,1.0
PRODUCT_362997,图书音像,内容不错,positive,1,0.5
PRODUCT_363009,图书音像,会回购,positive,1,0.5
PRODUCT_363012,图书音像,质量好,positive,1,0.5
PRODUCT_363048,钟表/首饰/眼镜/礼品,外观好看,positive,1,1.0
PRODUCT_363166,图书音像,外观好看,positive,1,1.0
PRODUCT_363170,其他,味道不错,positive,1,0.3333333333333333
PRODUCT_363186,图书音像,包装差,negative,1,0.5
PRODUCT_363186,图书音像,正品放心,positive,1,0.5
PRODUCT_363186,图书音像,质量差,negative,1,0.5
PRODUCT_36325,图书音像,内容一般,negative,1,1.0
PRODUCT_363378,家具/家装/建材,很耐用,positive,1,0.3333333333333333
PRODUCT_363378,家具/家装/建材,质量好,positive,1,0.3333333333333333
PRODUCT_363480,图书音像,包装好,positive,1,0.2
PRODUCT_363480,图书音像,外观好看,positive,1,0.2
PRODUCT_363485,手机/数码,正品放心,positive,1,0.5
PRODUCT_363595,图书音像,外观好看,positive,1,1.0
PRODUCT_363631,手机/数码,正品放心,positive,1,0.5
PRODUCT_363671,图书音像,不推荐,negative,1,1.0
PRODUCT_363707,图书音像,会回购,positive,1,0.2
PRODUCT_363707,图书音像,质量好,positive,1,0.2
PRODUCT_363711,图书音像,质量差,negative,1,1.0
PRODUCT_363777,图书音像,质量好,positive,1,1.0
PRODUCT_363860,图书音像,质量差,negative,1,0.25
PRODUCT_363887,美妆个护,很耐用,positive,1,0.5
PRODUCT_363925,图书音像,质量好,positive,2,0.14285714285714285
PRODUCT_363930,母婴/玩具,包装好,positive,1,0.08333333333333333
PRODUCT_363930,母婴/玩具,疑似假货,negative,1,0.08333333333333333
PRODUCT_363957,图书音像,内容不错,positive,1,1.0
PRODUCT_363957,图书音像,外观好看,positive,1,1.0
PRODUCT_363987,图书音像,外观一般,negative,1,1.0
PRODUCT_363987,图书音像,外观好看,positive,1,1.0
PRODUCT_363998,图书音像,味道不错,positive,1,0.5
PRODUCT_363998,图书音像,外观好看,positive,1,0.5
PRODUCT_364051,图书音像,内容不错,positive,1,1.0
PRODUCT_364151,图书音像,内容不错,positive,1,0.3333333333333333
PRODUCT_364200,图书音像,质量好,positive,2,1.0
PRODUCT_364200,图书音像,内容不错,positive,1,0.5
PRODUCT_364252,图书音像,包装差,negative,1,1.0
PRODUCT_364264,电脑/办公,正品放心,positive,1,1.0
PRODUCT_364297,图书音像,容易坏,negative,1,1.0
PRODUCT_364311,图书音像,内容不错,positive,1,0.05
PRODUCT_364311,图书音像,包装差,negative,1,0.05
PRODUCT_364319,美妆个护,正品放心,positive,1,1.0
PRODUCT_36434,图书音像,外观好看,positive,1,0.3333333333333333
PRODUCT_364347,图书音像,质量好,positive,1,1.0
PRODUCT_364385,母婴/玩具,包装差,negative,1,0.5
PRODUCT_364421,母婴/玩具,很耐用,positive,1,1.0
PRODUCT_364435,图书音像,内容不错,positive,2,0.6666666666666666
PRODUCT_364449,食品/保健,味道不错,positive,1,0.5
PRODUCT_364495,图书音像,外观好看,positive,1,0.5
PRODUCT_364505,图书音像,内容不错,positive,1,0.5
PRODUCT_364505,图书音像,正品放心,positive,1,0.5
PRODUCT_364526,图书音像,很新鲜,positive,1,1.0
PRODUCT_36459,图书音像,会回购,positive,1,1.0
PRODUCT_364621,图书音像,内容不错,positive,2,0.3333333333333333
PRODUCT_364624,图书音像,内容一般,negative,1,0.5
PRODUCT_364630,图书音像,疑似假货,negative,1,1.0
PRODUCT_364662,美妆个护,外观好看,positive,1,0.5
PRODUCT_36470,图书音像,内容不错,positive,1,0.3333333333333333
PRODUCT_36470,图书音像,正品放心,positive,1,0.3333333333333333
PRODUCT_364734,图书音像,正品放心,positive,1,1.0
PRODUCT_364800,母婴/玩具,外观好看,positive,1,1.0
PRODUCT_364848,钟表/首饰/眼镜/礼品,外观好看,positive,1,1.0
PRODUCT_36486,图书音像,内容不错,positive,1,0.2
PRODUCT_36486,图书音像,外观好看,positive,1,0.2
PRODUCT_364863,图书音像,性价比高,positive,1,0.5
PRODUCT_364878,图书音像,很新鲜,positive,1,0.16666666666666666
PRODUCT_364878,图书音像,质量好,positive,1,0.16666666666666666
PRODUCT_364943,电脑/办公,质量好,positive,1,1.0
PRODUCT_365025,图书音像,内容不错,positive,1,0.5
PRODUCT_365062,图书音像,质量好,positive,1,1.0
PRODUCT_365173,美妆个护,味道不错,positive,1,1.0
PRODUCT_36523,图书音像,外观好看,positive,1,0.5
PRODUCT_365235,家居生活,外观好看,positive,2,0.6666666666666666
PRODUCT_365249,图书音像,质量差,negative,1,0.2
PRODUCT_365263,图书音像,会回购,positive,1,1.0
PRODUCT_365279,图书音像,会回购,positive,1,0.5
PRODUCT_365346,母婴/玩具,正品放心,positive,1,1.0
PRODUCT_365418,家用电器,性价比高,positive,1,0.14285714285714285
PRODUCT_365426,图书音像,内容不错,positive,1,0.1
PRODUCT_365426,图书音像,发货快,positive,1,0.1
PRODUCT_365426,图书音像,很新鲜,positive,1,0.1
PRODUCT_365426,图书音像,物流慢,negative,1,0.1
PRODUCT_365433,服饰服装,内容一般,negative,1,0.3333333333333333
PRODUCT_36545,手机/数码,不推荐,negative,1,1.0
PRODUCT_365450,其他,质量差,negative,1,0.5
PRODUCT_365455,图书音像,内容不错,positive,1,1.0
PRODUCT_365522,图书音像,内容一般,negative,1,1.0
PRODUCT_36556,母婴/玩具,疑似假货,negative,2,0.5
PRODUCT_36556,母婴/玩具,正品放心,positive,1,0.25
PRODUCT_365597,图书音像,外观好看,positive,1,1.0
PRODUCT_365607,图书音像,正品放心,positive,1,0.5
PRODUCT_365607,图书音像,质量好,positive,1,0.5
PRODUCT_365650,图书音像,会回购,positive,1,1.0
PRODUCT_365676,图书音像,质量好,positive,1,1.0
PRODUCT_365683,家用电器,不推荐,negative,1,0.5
PRODUCT_365788,图书音像,很新鲜,positive,1,1.0
PRODUCT_365797,图书音像,外观好看,positive,1,1.0
PRODUCT_365871,电脑/办公,质量差,negative,1,1.0
PRODUCT_365880,图书音像,内容不错,positive,2,0.2857142857142857
PRODUCT_365904,图书音像,疑似假货,negative,3,0.16666666666666666
PRODUCT_365904,图书音像,性价比高,positive,2,0.1111111111111111
PRODUCT_365904,图书音像,正品放心,positive,2,0.1111111111111111
PRODUCT_365904,图书音像,包装好,positive,1,0.05555555555555555
PRODUCT_365904,图书音像,发货快,positive,1,0.05555555555555555
PRODUCT_365904,图书音像,外观好看,positive,1,0.05555555555555555
PRODUCT_365921,图书音像,正品放心,positive,1,0.3333333333333333
PRODUCT_36593,图书音像,质量差,negative,1,1.0
PRODUCT_365949,图书音像,包装好,positive,1,1.0
PRODUCT_365975,手机/数码,物流慢,negative,1,1.0
PRODUCT_366247,图书音像,质量好,positive,1,1.0
PRODUCT_36627,图书音像,内容不错,positive,1,1.0
PRODUCT_366383,钟表/首饰/眼镜/礼品,外观好看,positive,1,1.0
PRODUCT_366407,运动户外,不推荐,negative,1,0.3333333333333333
PRODUCT_366407,运动户外,内容一般,negative,1,0.3333333333333333
PRODUCT_366407,运动户外,质量好,positive,1,0.3333333333333333
PRODUCT_366454,图书音像,外观好看,positive,1,0.5
PRODUCT_366455,电脑/办公,正品放心,positive,2,0.6666666666666666
PRODUCT_366455,电脑/办公,包装好,positive,1,0.3333333333333333
PRODUCT_366455,电脑/办公,性价比高,positive,1,0.3333333333333333
PRODUCT_366455,电脑/办公,质量好,positive,1,0.3333333333333333
PRODUCT_366466,图书音像,质量差,negative,1,1.0
PRODUCT_366510,图书音像,质量好,positive,1,0.5
PRODUCT_36657,图书音像,会回购,positive,1,1.0
PRODUCT_366639,图书音像,内容一般,negative,1,0.1111111111111111
PRODUCT_366639,图书音像,质量差,negative,1,0.1111111111111111
PRODUCT_366642,图书音像,内容不错,positive,1,1.0
PRODUCT_366650,图书音像,很新鲜,positive,1,0.5
PRODUCT_366701,家居生活,外观好看,positive,1,0.5
PRODUCT_366707,美妆个护,正品放心,positive,1,0.25
PRODUCT_366707,美妆个护,疑似假货,negative,1,0.25
PRODUCT_366762,电脑/办公,很耐用,positive,1,0.09090909090909091
PRODUCT_36679,图书音像,疑似假货,negative,1,1.0
PRODUCT_366805,家用电器,味道不错,positive,1,0.3333333333333333
PRODUCT_36681,图书音像,正品放心,positive,1,1.0
PRODUCT_366877,家用电器,性价比高,positive,1,0.14285714285714285
PRODUCT_366985,图书音像,发货快,positive,1,1.0
PRODUCT_367028,图书音像,外观好看,positive,1,1.0
PRODUCT_367028,图书音像,质量好,positive,1,1.0
PRODUCT_367031,图书音像,外观好看,positive,1,1.0
PRODUCT_367058,图书音像,不推荐,negative,1,1.0
PRODUCT_367058,图书音像,外观一般,negative,1,1.0
PRODUCT_367058,图书音像,外观好看,positive,1,1.0
PRODUCT_367068,图书音像,外观好看,positive,1,0.5
PRODUCT_367072,图书音像,会回购,positive,2,0.25
PRODUCT_367072,图书音像,包装好,positive,1,0.125
PRODUCT_367072,图书音像,正品放心,positive,1,0.125
PRODUCT_367157,手机/数码,正品放心,positive,4,0.3076923076923077
PRODUCT_367157,手机/数码,内容一般,negative,1,0.07692307692307693
PRODUCT_367157,手机/数码,很新鲜,positive,1,0.07692307692307693
PRODUCT_367157,手机/数码,性价比高,positive,1,0.07692307692307693
PRODUCT_367157,手机/数码,质量差,negative,1,0.07692307692307693
PRODUCT_367165,鞋类箱包,会回购,positive,1,0.5
PRODUCT_367180,图书音像,不推荐,negative,1,1.0
PRODUCT_36735,图书音像,外观好看,positive,1,0.5
PRODUCT_367371,手机/数码,正品放心,positive,1,1.0
PRODUCT_367375,图书音像,外观好看,positive,3,0.3333333333333333
PRODUCT_367375,图书音像,外观一般,negative,1,0.1111111111111111
PRODUCT_367458,鞋类箱包,不推荐,negative,1,1.0
PRODUCT_367600,手机/数码,很新鲜,positive,1,0.25
PRODUCT_36761,美妆个护,味道不错,positive,2,1.0
PRODUCT_36768,美妆个护,正品放心,positive,1,0.3333333333333333
PRODUCT_36777,图书音像,质量好,positive,1,0.2
PRODUCT_367871,家居生活,外观好看,positive,1,0.5
PRODUCT_367892,图书音像,质量好,positive,1,1.0
PRODUCT_368015,图书音像,不推荐,negative,1,0.5
PRODUCT_368115,图书音像,不推荐,negative,1,1.0
PRODUCT_368115,图书音像,会回购,positive,1,1.0
PRODUCT_36819,图书音像,性价比高,positive,1,0.3333333333333333
PRODUCT_36819,图书音像,正品放心,positive,1,0.3333333333333333
PRODUCT_368190,图书音像,疑似假货,negative,1,1.0
PRODUCT_36827,鞋类箱包,包装差,negative,1,1.0
PRODUCT_368376,美妆个护,不推荐,negative,1,1.0
PRODUCT_368376,美妆个护,味道不错,positive,1,1.0
PRODUCT_368388,图书音像,疑似假货,negative,1,0.2
PRODUCT_36848,电脑/办公,正品放心,positive,15,0.24193548387096775
PRODUCT_36848,电脑/办公,外观好看,positive,4,0.06451612903225806
PRODUCT_36848,电脑/办公,质量好,positive,4,0.06451612903225806
PRODUCT_36848,电脑/办公,性价比高,positive,3,0.04838709677419355
PRODUCT_36848,电脑/办公,疑似假货,negative,3,0.04838709677419355
PRODUCT_36848,电脑/办公,不推荐,negative,2,0.03225806451612903
PRODUCT_36848,电脑/办公,发货快,positive,1,0.016129032258064516
PRODUCT_36848,电脑/办公,物流慢,negative,1,0.016129032258064516
PRODUCT_368581,图书音像,外观好看,positive,1,1.0
PRODUCT_368612,图书音像,不推荐,negative,1,0.3333333333333333
PRODUCT_368612,图书音像,外观好看,positive,1,0.3333333333333333
PRODUCT_36864,图书音像,不推荐,negative,1,1.0
PRODUCT_368660,图书音像,质量好,positive,1,1.0
PRODUCT_368672,图书音像,正品放心,positive,1,1.0
PRODUCT_368683,图书音像,内容不错,positive,1,1.0
PRODUCT_36880,图书音像,正品放心,positive,1,1.0
PRODUCT_368834,图书音像,质量好,positive,1,1.0
PRODUCT_368847,图书音像,外观好看,positive,1,0.25
PRODUCT_368847,图书音像,质量好,positive,1,0.25
PRODUCT_368899,图书音像,外观好看,positive,1,0.3333333333333333
PRODUCT_368900,图书音像,外观好看,positive,1,0.07142857142857142
PRODUCT_368900,图书音像,很耐用,positive,1,0.07142857142857142
PRODUCT_368900,图书音像,质量好,positive,1,0.07142857142857142
PRODUCT_369,美妆个护,价格贵,negative,1,0.3333333333333333
PRODUCT_369,美妆个护,内容不错,positive,1,0.3333333333333333
PRODUCT_369,美妆个护,正品放心,positive,1,0.3333333333333333
PRODUCT_369058,图书音像,质量好,positive,1,0.3333333333333333
PRODUCT_369241,其他,内容不错,positive,1,0.1
PRODUCT_36927,图书音像,味道不错,positive,1,0.125
PRODUCT_36927,图书音像,性价比高,positive,1,0.125
PRODUCT_369316,图书音像,正品放心,positive,1,1.0
PRODUCT_36934,图书音像,质量好,positive,1,1.0
PRODUCT_369341,图书音像,外观好看,positive,3,0.14285714285714285
PRODUCT_369341,图书音像,正品放心,positive,2,0.09523809523809523
PRODUCT_369341,图书音像,疑似假货,negative,2,0.09523809523809523
PRODUCT_369341,图书音像,会回购,positive,1,0.047619047619047616
PRODUCT_369364,图书音像,外观好看,positive,1,0.5
PRODUCT_369376,图书音像,包装差,negative,1,1.0
PRODUCT_36943,图书音像,疑似假货,negative,1,1.0
PRODUCT_369431,图书音像,正品放心,positive,1,1.0
PRODUCT_369459,图书音像,很新鲜,positive,1,0.16666666666666666
PRODUCT_369459,图书音像,正品放心,positive,1,0.16666666666666666
PRODUCT_369534,图书音像,疑似假货,negative,1,1.0
PRODUCT_369534,图书音像,质量差,negative,1,1.0
PRODUCT_369634,图书音像,疑似假货,negative,1,1.0
PRODUCT_369766,图书音像,外观好看,positive,1,1.0
PRODUCT_369769,图书音像,正品放心,positive,1,1.0
PRODUCT_369802,美妆个护,包装好,positive,1,0.125
PRODUCT_369802,美妆个护,味道不错,positive,1,0.125
PRODUCT_369802,美妆个护,性价比高,positive,1,0.125
PRODUCT_369802,美妆个护,正品放心,positive,1,0.125
PRODUCT_369802,美妆个护,疑似假货,negative,1,0.125
PRODUCT_369825,家用电器,价格贵,negative,1,0.16666666666666666
PRODUCT_369829,图书音像,外观好看,positive,1,0.3333333333333333
PRODUCT_369879,图书音像,外观好看,positive,1,1.0
PRODUCT_369879,图书音像,疑似假货,negative,1,1.0
PRODUCT_369881,图书音像,正品放心,positive,2,0.18181818181818182
PRODUCT_369881,图书音像,疑似假货,negative,1,0.09090909090909091
PRODUCT_369891,图书音像,质量好,positive,1,0.25
PRODUCT_369893,图书音像,疑似假货,negative,1,0.5
PRODUCT_36992,电脑/办公,正品放心,positive,1,0.14285714285714285
PRODUCT_36992,电脑/办公,质量好,positive,1,0.14285714285714285
PRODUCT_370014,图书音像,内容一般,negative,1,0.3333333333333333
PRODUCT_370014,图书音像,质量差,negative,1,0.3333333333333333
PRODUCT_370040,图书音像,性价比高,positive,1,0.5
PRODUCT_370040,图书音像,正品放心,positive,1,0.5
PRODUCT_370043,家居生活,质量好,positive,1,1.0
PRODUCT_370082,图书音像,质量好,positive,1,0.5
PRODUCT_370126,图书音像,会回购,positive,1,1.0
PRODUCT_370143,图书音像,质量差,negative,1,1.0
PRODUCT_370150,图书音像,质量好,positive,1,1.0
PRODUCT_370161,图书音像,质量差,negative,1,1.0
PRODUCT_37018,图书音像,会回购,positive,1,0.06666666666666667
PRODUCT_37018,图书音像,外观好看,positive,1,0.06666666666666667
PRODUCT_37018,图书音像,正品放心,positive,1,0.06666666666666667
PRODUCT_37018,图书音像,质量好,positive,1,0.06666666666666667
PRODUCT_370239,图书音像,质量好,positive,1,1.0
PRODUCT_370263,图书音像,性价比高,positive,1,1.0
PRODUCT_370265,图书音像,内容一般,negative,1,1.0
PRODUCT_370265,图书音像,性价比高,positive,1,1.0
PRODUCT_370300,图书音像,正品放心,positive,1,0.3333333333333333
PRODUCT_370300,图书音像,疑似假货,negative,1,0.3333333333333333
PRODUCT_370348,图书音像,质量好,positive,1,1.0
PRODUCT_370389,图书音像,质量差,negative,1,1.0
PRODUCT_370421,电脑/办公,容易坏,negative,1,0.14285714285714285
PRODUCT_37046,手机/数码,正品放心,positive,1,0.5
PRODUCT_370496,图书音像,质量差,negative,1,1.0
PRODUCT_370593,图书音像,内容一般,negative,1,1.0
PRODUCT_370598,图书音像,内容不错,positive,1,1.0
PRODUCT_370599,美妆个护,味道一般,negative,1,0.3333333333333333
PRODUCT_370599,美妆个护,外观一般,negative,1,0.3333333333333333
PRODUCT_370633,图书音像,疑似假货,negative,1,1.0
PRODUCT_370639,图书音像,质量好,positive,1,0.25
PRODUCT_370727,图书音像,质量差,negative,1,0.3333333333333333
PRODUCT_370739,图书音像,质量好,positive,1,1.0
PRODUCT_370784,图书音像,正品放心,positive,1,1.0
PRODUCT_370932,图书音像,内容不错,positive,1,1.0
PRODUCT_370975,图书音像,很新鲜,positive,1,1.0
PRODUCT_371030,图书音像,外观好看,positive,3,0.42857142857142855
PRODUCT_371041,图书音像,正品放心,positive,1,0.3333333333333333
PRODUCT_371047,图书音像,很新鲜,positive,1,0.16666666666666666
PRODUCT_37105,图书音像,外观好看,positive,1,1.0
PRODUCT_371079,钟表/首饰/眼镜/礼品,内容一般,negative,1,1.0
PRODUCT_371091,家用电器,内容一般,negative,1,0.5
PRODUCT_371091,家用电器,尺码不准,negative,1,0.5
PRODUCT_371091,家用电器,正品放心,positive,1,0.5
PRODUCT_371111,家居生活,容易坏,negative,1,0.5
PRODUCT_371138,图书音像,会回购,positive,1,1.0
PRODUCT_371139,美妆个护,味道不错,positive,2,0.6666666666666666
PRODUCT_371139,美妆个护,内容一般,negative,1,0.3333333333333333
PRODUCT_371160,电脑/办公,容易坏,negative,1,0.25
PRODUCT_371233,图书音像,正品放心,positive,1,1.0
PRODUCT_371263,图书音像,不推荐,negative,1,1.0
PRODUCT_371263,图书音像,外观好看,positive,1,1.0
PRODUCT_371333,图书音像,正品放心,positive,1,1.0
PRODUCT_371335,家具/家装/建材,容易坏,negative,1,0.5
PRODUCT_371388,图书音像,性价比高,positive,1,1.0
PRODUCT_371489,图书音像,包装差,negative,1,0.1111111111111111
PRODUCT_371489,图书音像,发货快,positive,1,0.1111111111111111
PRODUCT_371489,图书音像,质量好,positive,1,0.1111111111111111
PRODUCT_371526,图书音像,会回购,positive,1,0.3333333333333333
PRODUCT_371526,图书音像,质量好,positive,1,0.3333333333333333
PRODUCT_371531,图书音像,不推荐,negative,1,1.0
PRODUCT_371534,图书音像,很新鲜,positive,1,0.25
PRODUCT_371534,图书音像,疑似假货,negative,1,0.25
PRODUCT_371534,图书音像,质量差,negative,1,0.25
PRODUCT_371620,家具/家装/建材,外观好看,positive,1,1.0
PRODUCT_371678,图书音像,价格贵,negative,1,0.5
PRODUCT_371678,图书音像,会回购,positive,1,0.5
PRODUCT_371737,图书音像,正品放心,positive,1,1.0
PRODUCT_37186,图书音像,内容不错,positive,1,0.2
PRODUCT_37186,图书音像,正品放心,positive,1,0.2
PRODUCT_37186,图书音像,质量好,positive,1,0.2
PRODUCT_371883,图书音像,尺码合适,positive,1,1.0
PRODUCT_371898,图书音像,内容不错,positive,1,0.16666666666666666
PRODUCT_371942,图书音像,质量好,positive,1,0.5
PRODUCT_371959,电脑/办公,尺码合适,positive,1,0.1
PRODUCT_371959,电脑/办公,很耐用,positive,1,0.1
PRODUCT_371964,图书音像,味道不错,positive,1,1.0
PRODUCT_371966,图书音像,性价比高,positive,1,0.25
PRODUCT_37203,电脑/办公,外观好看,positive,1,1.0
PRODUCT_372142,家用电器,味道不错,positive,1,1.0
PRODUCT_372191,手机/数码,正品放心,positive,1,1.0
PRODUCT_372227,图书音像,外观好看,positive,2,0.6666666666666666
PRODUCT_37230,美妆个护,性价比高,positive,1,0.3333333333333333
PRODUCT_37230,美妆个护,正品放心,positive,1,0.3333333333333333
PRODUCT_37230,美妆个护,疑似假货,negative,1,0.3333333333333333
PRODUCT_372323,手机/数码,外观好看,positive,1,0.5
PRODUCT_37233,图书音像,正品放心,positive,1,0.07142857142857142
PRODUCT_37233,图书音像,质量好,positive,1,0.07142857142857142
PRODUCT_372360,鞋类箱包,外观好看,positive,1,0.3333333333333333
PRODUCT_372360,鞋类箱包,正品放心,positive,1,0.3333333333333333
PRODUCT_372360,鞋类箱包,疑似假货,negative,1,0.3333333333333333
PRODUCT_372446,手机/数码,尺码合适,positive,1,1.0
PRODUCT_372459,电脑/办公,不推荐,negative,1,0.5
PRODUCT_372473,电脑/办公,外观好看,positive,1,1.0
PRODUCT_37250,食品/保健,正品放心,positive,1,1.0
PRODUCT_37258,美妆个护,很新鲜,positive,1,0.2
PRODUCT_37258,美妆个护,正品放心,positive,1,0.2
PRODUCT_372668,手机/数码,续航差,negative,2,0.2857142857142857
PRODUCT_372668,手机/数码,外观一般,negative,1,0.14285714285714285
PRODUCT_372668,手机/数码,外观好看,positive,1,0.14285714285714285
PRODUCT_372668,手机/数码,很耐用,positive,1,0.14285714285714285
PRODUCT_372668,手机/数码,正品放心,positive,1,0.14285714285714285
PRODUCT_372731,电脑/办公,会回购,positive,1,1.0
PRODUCT_372732,手机/数码,外观好看,positive,1,0.5
PRODUCT_372735,图书音像,外观好看,positive,1,0.25
PRODUCT_372761,电脑/办公,外观好看,positive,2,0.18181818181818182
PRODUCT_372761,电脑/办公,不推荐,negative,1,0.09090909090909091
PRODUCT_372761,电脑/办公,正品放心,positive,1,0.09090909090909091
PRODUCT_372761,电脑/办公,质量差,negative,1,0.09090909090909091
PRODUCT_372936,图书音像,外观好看,positive,2,0.2
PRODUCT_372936,图书音像,正品放心,positive,1,0.1
PRODUCT_372947,图书音像,包装好,positive,1,0.3333333333333333
PRODUCT_372947,图书音像,发货快,positive,1,0.3333333333333333
PRODUCT_372947,图书音像,疑似假货,negative,1,0.3333333333333333
PRODUCT_372961,电脑/办公,外观好看,positive,1,0.2
PRODUCT_373026,电脑/办公,不推荐,negative,1,1.0
PRODUCT_373071,图书音像,内容不错,positive,1,0.3333333333333333
PRODUCT_373169,家用电器,很新鲜,positive,1,0.125
PRODUCT_373169,家用电器,很耐用,positive,1,0.125
PRODUCT_373169,家用电器,性价比高,positive,1,0.125
PRODUCT_373254,图书音像,外观好看,positive,1,0.3333333333333333
PRODUCT_373268,图书音像,正品放心,positive,1,0.2
PRODUCT_373268,图书音像,疑似假货,negative,1,0.2
PRODUCT_373298,图书音像,很新鲜,positive,1,1.0
PRODUCT_373541,图书音像,很新鲜,positive,1,0.5
PRODUCT_37363,图书音像,正品放心,positive,1,1.0
PRODUCT_373960,图书音像,正品放心,positive,1,1.0
PRODUCT_373960,图书音像,疑似假货,negative,1,1.0
PRODUCT_374010,图书音像,不推荐,negative,1,0.3333333333333333
PRODUCT_374010,图书音像,会回购,positive,1,0.3333333333333333
PRODUCT_374063,图书音像,外观好看,positive,2,0.5
PRODUCT_374063,图书音像,内容不错,positive,1,0.25
PRODUCT_374095,图书音像,外观好看,positive,1,0.09090909090909091
PRODUCT_374095,图书音像,质量差,negative,1,0.09090909090909091
PRODUCT_374305,图书音像,包装好,positive,1,0.1
PRODUCT_37445,图书音像,正品放心,positive,1,1.0
PRODUCT_374530,图书音像,性价比高,positive,1,1.0
PRODUCT_374581,电脑/办公,外观好看,positive,4,0.17391304347826086
PRODUCT_374581,电脑/办公,正品放心,positive,3,0.13043478260869565
PRODUCT_374581,电脑/办公,很耐用,positive,1,0.043478260869565216
PRODUCT_374581,电脑/办公,质量好,positive,1,0.043478260869565216
PRODUCT_374632,图书音像,很新鲜,positive,1,1.0
PRODUCT_374632,图书音像,性价比高,positive,1,1.0
PRODUCT_374646,图书音像,内容不错,positive,1,0.25
PRODUCT_374676,图书音像,正品放心,positive,1,1.0
PRODUCT_374685,家用电器,发货快,positive,1,0.2
PRODUCT_374702,图书音像,容易坏,negative,1,1.0
PRODUCT_374704,图书音像,外观好看,positive,5,0.13157894736842105
PRODUCT_374704,图书音像,疑似假货,negative,2,0.05263157894736842
PRODUCT_374704,图书音像,会回购,positive,1,0.02631578947368421
PRODUCT_374704,图书音像,质量好,positive,1,0.02631578947368421
PRODUCT_374752,图书音像,质量好,positive,1,1.0
PRODUCT_374800,图书音像,内容不错,positive,1,0.5
PRODUCT_374800,图书音像,质量好,positive,1,0.5
PRODUCT_374808,美妆个护,质量差,negative,1,0.2
PRODUCT_37482,图书音像,味道不错,positive,1,0.5
PRODUCT_37482,图书音像,正品放心,positive,1,0.5
PRODUCT_374835,电脑/办公,会回购,positive,1,0.3333333333333333
PRODUCT_374870,美妆个护,正品放心,positive,1,1.0
PRODUCT_374894,图书音像,正品放心,positive,1,1.0
PRODUCT_374960,图书音像,包装好,positive,1,0.25
PRODUCT_374960,图书音像,发货快,positive,1,0.25
PRODUCT_374998,图书音像,很新鲜,positive,1,0.5
PRODUCT_3750,图书音像,内容一般,negative,1,1.0
PRODUCT_37500,图书音像,质量好,positive,1,0.2
PRODUCT_375006,电脑/办公,性价比高,positive,1,0.5
PRODUCT_375016,电脑/办公,很新鲜,positive,1,1.0
PRODUCT_375016,电脑/办公,质量好,positive,1,1.0
PRODUCT_375037,图书音像,内容不错,positive,1,1.0
PRODUCT_375110,图书音像,发货快,positive,1,1.0
PRODUCT_37513,图书音像,外观好看,positive,1,1.0
PRODUCT_375130,图书音像,外观好看,positive,1,1.0
PRODUCT_37514,图书音像,包装好,positive,1,1.0
PRODUCT_375161,美妆个护,外观好看,positive,1,1.0
PRODUCT_375179,图书音像,正品放心,positive,1,1.0
PRODUCT_375229,图书音像,正品放心,positive,1,1.0
PRODUCT_375272,电脑/办公,很耐用,positive,1,1.0
PRODUCT_375291,图书音像,质量好,positive,1,1.0
PRODUCT_375311,食品/保健,包装好,positive,1,0.2
PRODUCT_375311,食品/保健,正品放心,positive,1,0.2
PRODUCT_375326,图书音像,正品放心,positive,1,0.3333333333333333
PRODUCT_375326,图书音像,质量差,negative,1,0.3333333333333333
PRODUCT_375371,电脑/办公,正品放心,positive,4,0.21052631578947367
PRODUCT_375371,电脑/办公,外观好看,positive,2,0.10526315789473684
PRODUCT_375371,电脑/办公,会回购,positive,1,0.05263157894736842
PRODUCT_375371,电脑/办公,内容一般,negative,1,0.05263157894736842
PRODUCT_375371,电脑/办公,包装好,positive,1,0.05263157894736842
PRODUCT_375371,电脑/办公,物流慢,negative,1,0.05263157894736842
PRODUCT_375413,图书音像,发货快,positive,1,0.2
PRODUCT_375413,图书音像,外观好看,positive,1,0.2
PRODUCT_375413,图书音像,质量好,positive,1,0.2
PRODUCT_375432,母婴/玩具,外观好看,positive,1,1.0
PRODUCT_375442,图书音像,外观好看,positive,1,0.3333333333333333
PRODUCT_375529,图书音像,内容不错,positive,1,0.5
PRODUCT_375572,手机/数码,性价比高,positive,1,0.5
PRODUCT_375600,图书音像,正品放心,positive,3,0.6
PRODUCT_375600,图书音像,发货快,positive,2,0.4
PRODUCT_375600,图书音像,质量好,positive,1,0.2
PRODUCT_375602,图书音像,内容不错,positive,1,0.5
PRODUCT_375602,图书音像,性价比高,positive,1,0.5
PRODUCT_375602,图书音像,质量好,positive,1,0.5
PRODUCT_375609,美妆个护,味道不错,positive,1,1.0
PRODUCT_375662,家居生活,质量好,positive,1,0.3333333333333333
PRODUCT_375670,图书音像,正品放心,positive,1,1.0
PRODUCT_375683,图书音像,内容不错,positive,1,1.0
PRODUCT_375700,电脑/办公,不推荐,negative,1,1.0
PRODUCT_375700,电脑/办公,质量差,negative,1,1.0
PRODUCT_375725,食品/保健,味道不错,positive,1,0.5
PRODUCT_375763,图书音像,不推荐,negative,1,1.0
PRODUCT_375766,图书音像,内容不错,positive,1,1.0
PRODUCT_37579,母婴/玩具,内容一般,negative,1,1.0
PRODUCT_375828,电脑/办公,性价比高,positive,2,0.2
PRODUCT_375828,电脑/办公,外观好看,positive,1,0.1
PRODUCT_375855,图书音像,价格贵,negative,1,1.0
PRODUCT_375855,图书音像,内容不错,positive,1,1.0
PRODUCT_375889,家具/家装/建材,性价比高,positive,1,0.3333333333333333
PRODUCT_375962,图书音像,正品放心,positive,1,0.3333333333333333
PRODUCT_375976,其他,包装差,negative,1,0.3333333333333333
PRODUCT_376025,图书音像,内容一般,negative,1,0.25
PRODUCT_376091,图书音像,正品放心,positive,3,1.0
PRODUCT_376136,图书音像,性价比高,positive,1,0.125
PRODUCT_376149,家用电器,发货快,positive,1,0.16666666666666666
PRODUCT_376149,家用电器,外观好看,positive,1,0.16666666666666666
PRODUCT_376149,家用电器,性价比高,positive,1,0.16666666666666666
PRODUCT_376149,家用电器,正品放心,positive,1,0.16666666666666666
PRODUCT_376161,其他,性价比高,positive,1,0.5
PRODUCT_376166,电脑/办公,外观好看,positive,1,1.0
PRODUCT_376198,电脑/办公,发货快,positive,1,0.5
PRODUCT_376213,手机/数码,外观好看,positive,2,0.2
PRODUCT_376213,手机/数码,发货快,positive,1,0.1
PRODUCT_376213,手机/数码,很耐用,positive,1,0.1
PRODUCT_376213,手机/数码,质量好,positive,1,0.1
PRODUCT_37625,图书音像,正品放心,positive,1,0.5
PRODUCT_376309,电脑/办公,外观好看,positive,1,1.0
PRODUCT_376323,图书音像,内容一般,negative,1,0.3333333333333333
PRODUCT_376323,图书音像,质量差,negative,1,0.3333333333333333
PRODUCT_376386,图书音像,客服好,positive,1,1.0
PRODUCT_376405,图书音像,质量好,positive,1,0.5
PRODUCT_376443,图书音像,外观好看,positive,1,0.2
PRODUCT_376443,图书音像,正品放心,positive,1,0.2
PRODUCT_376464,图书音像,发货快,positive,1,1.0
PRODUCT_376536,电脑/办公,不推荐,negative,1,0.25
PRODUCT_376536,电脑/办公,正品放心,positive,1,0.25
PRODUCT_376563,图书音像,质量好,positive,1,1.0
PRODUCT_376631,图书音像,不推荐,negative,1,1.0
PRODUCT_376711,图书音像,正品放心,positive,2,0.25
PRODUCT_376711,图书音像,疑似假货,negative,2,0.25
PRODUCT_376711,图书音像,内容不错,positive,1,0.125
PRODUCT_376711,图书音像,味道不错,positive,1,0.125
PRODUCT_376711,图书音像,外观一般,negative,1,0.125
PRODUCT_376711,图书音像,质量好,positive,1,0.125
PRODUCT_376711,图书音像,质量差,negative,1,0.125
PRODUCT_376803,电脑/办公,很耐用,positive,2,0.11764705882352941
PRODUCT_376803,电脑/办公,容易坏,negative,1,0.058823529411764705
PRODUCT_376803,电脑/办公,性价比高,positive,1,0.058823529411764705
PRODUCT_376857,图书音像,正品放心,positive,2,0.25
PRODUCT_376857,图书音像,外观好看,positive,1,0.125
PRODUCT_376870,图书音像,正品放心,positive,1,0.5
PRODUCT_376882,图书音像,内容不错,positive,1,0.5
PRODUCT_376882,图书音像,外观好看,positive,1,0.5
PRODUCT_376907,图书音像,质量差,negative,1,1.0
PRODUCT_376922,食品/保健,包装差,negative,1,1.0
PRODUCT_376968,图书音像,会回购,positive,1,1.0
PRODUCT_377039,手机/数码,正品放心,positive,1,1.0
PRODUCT_377086,其他,发货快,positive,1,0.2
PRODUCT_377148,美妆个护,正品放心,positive,1,0.16666666666666666
PRODUCT_377182,钟表/首饰/眼镜/礼品,外观好看,positive,1,0.5
PRODUCT_377182,钟表/首饰/眼镜/礼品,质量好,positive,1,0.5
PRODUCT_377187,手机/数码,外观好看,positive,2,0.6666666666666666
PRODUCT_377187,手机/数码,正品放心,positive,1,0.3333333333333333
PRODUCT_377187,手机/数码,疑似假货,negative,1,0.3333333333333333
PRODUCT_377216,家用电器,正品放心,positive,1,0.5
PRODUCT_377259,图书音像,不推荐,negative,1,1.0
PRODUCT_37726,母婴/玩具,正品放心,positive,1,1.0
PRODUCT_377345,手机/数码,很耐用,positive,1,1.0
PRODUCT_377377,图书音像,容易坏,negative,1,1.0
PRODUCT_377389,钟表/首饰/眼镜/礼品,不推荐,negative,1,0.5
PRODUCT_377389,钟表/首饰/眼镜/礼品,容易坏,negative,1,0.5
PRODUCT_377389,钟表/首饰/眼镜/礼品,质量差,negative,1,0.5
PRODUCT_377405,电脑/办公,外观好看,positive,1,0.3333333333333333
PRODUCT_377438,家用电器,性价比高,positive,2,0.4
PRODUCT_37747,图书音像,正品放心,positive,1,1.0
PRODUCT_377578,图书音像,性价比高,positive,1,1.0
PRODUCT_377658,图书音像,内容一般,negative,1,1.0
PRODUCT_377658,图书音像,质量好,positive,1,1.0
PRODUCT_377669,美妆个护,性价比高,positive,1,0.3333333333333333
PRODUCT_377721,图书音像,内容不错,positive,1,1.0
PRODUCT_377793,家具/家装/建材,很耐用,positive,1,1.0
PRODUCT_377885,手机/数码,不推荐,negative,1,0.25
PRODUCT_377885,手机/数码,质量差,negative,1,0.25
PRODUCT_377888,图书音像,质量好,positive,1,1.0
PRODUCT_377907,家居生活,很耐用,positive,1,1.0
PRODUCT_377913,家用电器,容易坏,negative,1,0.3333333333333333
PRODUCT_377938,图书音像,会回购,positive,1,1.0
PRODUCT_377947,电脑/办公,正品放心,positive,1,0.16666666666666666
PRODUCT_377980,电脑/办公,正品放心,positive,2,0.2857142857142857
PRODUCT_377980,电脑/办公,会回购,positive,1,0.14285714285714285
PRODUCT_377980,电脑/办公,发货快,positive,1,0.14285714285714285
PRODUCT_377980,电脑/办公,性价比高,positive,1,0.14285714285714285
PRODUCT_377980,电脑/办公,质量好,positive,1,0.14285714285714285
PRODUCT_377981,钟表/首饰/眼镜/礼品,正品放心,positive,3,0.42857142857142855
PRODUCT_377981,钟表/首饰/眼镜/礼品,发货快,positive,1,0.14285714285714285
PRODUCT_377981,钟表/首饰/眼镜/礼品,性价比高,positive,1,0.14285714285714285
PRODUCT_377981,钟表/首饰/眼镜/礼品,疑似假货,negative,1,0.14285714285714285
PRODUCT_378015,食品/保健,会回购,positive,1,1.0
PRODUCT_378015,食品/保健,味道不错,positive,1,1.0
PRODUCT_378028,图书音像,内容不错,positive,1,1.0
PRODUCT_378127,图书音像,质量差,negative,1,0.25
PRODUCT_378149,图书音像,外观好看,positive,1,0.5
PRODUCT_378156,图书音像,正品放心,positive,1,1.0
PRODUCT_378162,图书音像,不推荐,negative,1,0.5
PRODUCT_378162,图书音像,会回购,positive,1,0.5
PRODUCT_378200,手机/数码,质量差,negative,1,0.5
PRODUCT_378214,图书音像,质量好,positive,1,1.0
PRODUCT_378234,图书音像,正品放心,positive,1,1.0
PRODUCT_378278,图书音像,包装差,negative,1,1.0
PRODUCT_378284,手机/数码,正品放心,positive,4,0.5714285714285714
PRODUCT_378284,手机/数码,不推荐,negative,1,0.14285714285714285
PRODUCT_378284,手机/数码,发货快,positive,1,0.14285714285714285
PRODUCT_378317,图书音像,包装差,negative,1,0.14285714285714285
PRODUCT_378399,图书音像,正品放心,positive,1,1.0
PRODUCT_378489,电脑/办公,外观好看,positive,1,1.0
PRODUCT_378500,手机/数码,外观好看,positive,1,0.3333333333333333
PRODUCT_378500,手机/数码,正品放心,positive,1,0.3333333333333333
PRODUCT_378555,电脑/办公,容易坏,negative,1,1.0
PRODUCT_378656,图书音像,外观好看,positive,2,1.0
PRODUCT_378671,图书音像,性价比高,positive,1,0.5
PRODUCT_378680,家用电器,性价比高,positive,1,0.2
PRODUCT_378680,家用电器,质量差,negative,1,0.2
PRODUCT_37880,图书音像,内容不错,positive,1,0.16666666666666666
PRODUCT_37880,图书音像,包装差,negative,1,0.16666666666666666
PRODUCT_37880,图书音像,疑似假货,negative,1,0.16666666666666666
PRODUCT_37880,图书音像,质量差,negative,1,0.16666666666666666
PRODUCT_378914,图书音像,会回购,positive,1,0.3333333333333333
PRODUCT_378924,手机/数码,质量差,negative,1,0.5
PRODUCT_378987,图书音像,味道不错,positive,1,0.5
PRODUCT_378992,图书音像,质量好,positive,1,0.5
PRODUCT_379028,图书音像,味道不错,positive,1,0.5
PRODUCT_379048,美妆个护,会回购,positive,1,1.0
PRODUCT_379048,美妆个护,味道不错,positive,1,1.0
PRODUCT_379085,图书音像,性价比高,positive,1,1.0
PRODUCT_37915,美妆个护,性价比高,positive,1,1.0
PRODUCT_379302,图书音像,外观好看,positive,1,1.0
PRODUCT_379322,家居生活,质量好,positive,1,1.0
PRODUCT_379369,图书音像,外观好看,positive,1,1.0
PRODUCT_379498,图书音像,内容不错,positive,1,1.0
PRODUCT_379502,图书音像,性价比高,positive,1,1.0
PRODUCT_379602,手机/数码,外观好看,positive,1,1.0
PRODUCT_379638,电脑/办公,性价比高,positive,1,0.5
PRODUCT_379638,电脑/办公,正品放心,positive,1,0.5
PRODUCT_379691,电脑/办公,物流慢,negative,1,0.07692307692307693
PRODUCT_379747,手机/数码,正品放心,positive,1,1.0
PRODUCT_379985,图书音像,内容不错,positive,1,0.25
PRODUCT_380074,图书音像,外观好看,positive,1,0.125
PRODUCT_38008,图书音像,外观好看,positive,5,0.5555555555555556
PRODUCT_38008,图书音像,内容一般,negative,1,0.1111111111111111
PRODUCT_38008,图书音像,外观一般,negative,1,0.1111111111111111
PRODUCT_380094,图书音像,价格贵,negative,1,0.16666666666666666
PRODUCT_380094,图书音像,疑似假货,negative,1,0.16666666666666666
PRODUCT_380140,图书音像,性价比高,positive,1,1.0
PRODUCT_380152,电脑/办公,外观好看,positive,1,0.16666666666666666
PRODUCT_380176,图书音像,性价比高,positive,1,0.07142857142857142
PRODUCT_380338,图书音像,外观好看,positive,1,0.058823529411764705
PRODUCT_380338,图书音像,质量差,negative,1,0.058823529411764705
PRODUCT_380341,图书音像,外观好看,positive,1,0.3333333333333333
PRODUCT_380404,图书音像,外观好看,positive,1,0.3333333333333333
PRODUCT_380404,图书音像,疑似假货,negative,1,0.3333333333333333
PRODUCT_380592,图书音像,性价比高,positive,1,1.0
PRODUCT_380595,图书音像,包装差,negative,1,0.3333333333333333
PRODUCT_380595,图书音像,性价比高,positive,1,0.3333333333333333
PRODUCT_380595,图书音像,疑似假货,negative,1,0.3333333333333333
PRODUCT_380619,图书音像,外观好看,positive,1,0.3333333333333333
PRODUCT_380653,图书音像,内容一般,negative,1,1.0
PRODUCT_380779,图书音像,内容不错,positive,1,0.25
PRODUCT_380937,图书音像,正品放心,positive,1,1.0
PRODUCT_380937,图书音像,质量好,positive,1,1.0
PRODUCT_381006,图书音像,正品放心,positive,1,1.0
PRODUCT_381123,钟表/首饰/眼镜/礼品,外观好看,positive,1,1.0
PRODUCT_381143,家用电器,味道不错,positive,1,0.3333333333333333
PRODUCT_38117,图书音像,正品放心,positive,1,1.0
PRODUCT_38117,图书音像,物流慢,negative,1,1.0
PRODUCT_381195,图书音像,外观好看,positive,1,0.5
PRODUCT_381239,图书音像,不推荐,negative,1,0.5
PRODUCT_381330,美妆个护,很新鲜,positive,1,0.07142857142857142
PRODUCT_381330,美妆个护,性价比高,positive,1,0.07142857142857142
PRODUCT_381330,美妆个护,正品放心,positive,1,0.07142857142857142
PRODUCT_381341,美妆个护,味道不错,positive,6,0.5454545454545454
PRODUCT_381341,美妆个护,价格贵,negative,1,0.09090909090909091
PRODUCT_381341,美妆个护,内容一般,negative,1,0.09090909090909091
PRODUCT_381341,美妆个护,包装好,positive,1,0.09090909090909091
PRODUCT_381341,美妆个护,正品放心,positive,1,0.09090909090909091
PRODUCT_381421,图书音像,正品放心,positive,1,1.0
PRODUCT_381452,图书音像,正品放心,positive,1,0.5
PRODUCT_381452,图书音像,质量好,positive,1,0.5
PRODUCT_38150,食品/保健,正品放心,positive,1,1.0
PRODUCT_381573,家居生活,性价比高,positive,1,0.3333333333333333
PRODUCT_381573,家居生活,正品放心,positive,1,0.3333333333333333
PRODUCT_381606,图书音像,质量差,negative,1,1.0
PRODUCT_38182,家具/家装/建材,容易坏,negative,1,1.0
PRODUCT_381825,手机/数码,外观好看,positive,1,1.0
PRODUCT_381842,图书音像,包装好,positive,1,1.0
PRODUCT_381842,图书音像,发货快,positive,1,1.0
PRODUCT_381864,图书音像,疑似假货,negative,1,1.0
PRODUCT_381865,美妆个护,不推荐,negative,1,0.25
PRODUCT_381865,美妆个护,正品放心,positive,1,0.25
PRODUCT_381928,图书音像,外观好看,positive,1,0.25
PRODUCT_381949,美妆个护,味道不错,positive,1,0.2
PRODUCT_381949,美妆个护,质量差,negative,1,0.2
PRODUCT_381979,家居生活,不推荐,negative,1,0.5
PRODUCT_381988,家用电器,性价比高,positive,3,0.15
PRODUCT_381988,家用电器,外观好看,positive,2,0.1
PRODUCT_381988,家用电器,容易坏,negative,1,0.05
PRODUCT_381988,家用电器,质量好,positive,1,0.05
PRODUCT_381988,家用电器,质量差,negative,1,0.05
PRODUCT_381995,图书音像,质量好,positive,1,1.0
PRODUCT_381999,家用电器,外观好看,positive,7,0.5384615384615384
PRODUCT_381999,家用电器,性价比高,positive,1,0.07692307692307693
PRODUCT_382014,图书音像,质量差,negative,1,0.3333333333333333
PRODUCT_382029,图书音像,外观好看,positive,1,1.0
PRODUCT_382051,图书音像,质量差,negative,1,1.0
PRODUCT_382120,图书音像,物流慢,negative,1,1.0
PRODUCT_382133,图书音像,外观好看,positive,1,1.0
PRODUCT_382141,鞋类箱包,性价比高,positive,1,0.3333333333333333
PRODUCT_382143,家用电器,客服差,negative,1,1.0
PRODUCT_382221,图书音像,外观好看,positive,1,0.5
PRODUCT_382248,其他,正品放心,positive,1,0.07142857142857142
PRODUCT_382355,美妆个护,正品放心,positive,1,1.0
PRODUCT_382364,图书音像,外观好看,positive,1,0.5
PRODUCT_382404,图书音像,正品放心,positive,1,0.3333333333333333
PRODUCT_382460,图书音像,会回购,positive,1,1.0
PRODUCT_382460,图书音像,内容一般,negative,1,1.0
PRODUCT_382487,图书音像,发货快,positive,1,0.5
PRODUCT_382490,图书音像,正品放心,positive,1,1.0
PRODUCT_382514,图书音像,正品放心,positive,1,1.0
PRODUCT_382546,电脑/办公,疑似假货,negative,1,1.0
PRODUCT_382586,家居生活,外观好看,positive,3,0.21428571428571427
PRODUCT_382586,家居生活,质量好,positive,2,0.14285714285714285
PRODUCT_382595,图书音像,正品放心,positive,1,0.5
PRODUCT_382596,图书音像,不推荐,negative,1,1.0
PRODUCT_382596,图书音像,内容一般,negative,1,1.0
PRODUCT_382610,图书音像,性价比高,positive,1,0.5
PRODUCT_382622,家用电器,外观好看,positive,1,1.0
PRODUCT_382684,美妆个护,味道不错,positive,1,1.0
PRODUCT_382684,美妆个护,正品放心,positive,1,1.0
PRODUCT_382785,家具/家装/建材,外观好看,positive,1,1.0
PRODUCT_382787,电脑/办公,外观好看,positive,1,0.3333333333333333
PRODUCT_382794,运动户外,内容一般,negative,1,1.0
PRODUCT_382794,运动户外,疑似假货,negative,1,1.0
PRODUCT_38282,图书音像,质量好,positive,1,0.5
PRODUCT_382881,图书音像,内容不错,positive,1,0.14285714285714285
PRODUCT_382881,图书音像,质量好,positive,1,0.14285714285714285
PRODUCT_382986,图书音像,质量好,positive,1,0.3333333333333333
PRODUCT_383006,美妆个护,外观好看,positive,1,1.0
PRODUCT_383074,电脑/办公,容易坏,negative,1,1.0
PRODUCT_383078,图书音像,外观好看,positive,1,1.0
PRODUCT_383125,图书音像,外观好看,positive,1,0.1111111111111111
PRODUCT_383125,图书音像,正品放心,positive,1,0.1111111111111111
PRODUCT_383137,图书音像,容易坏,negative,1,0.5
PRODUCT_38315,图书音像,不推荐,negative,1,0.125
PRODUCT_383179,图书音像,外观好看,positive,1,0.25
PRODUCT_383209,美妆个护,疑似假货,negative,2,0.2
PRODUCT_383209,美妆个护,包装差,negative,1,0.1
PRODUCT_383223,美妆个护,正品放心,positive,1,1.0
PRODUCT_383223,美妆个护,疑似假货,negative,1,1.0
PRODUCT_383245,家具/家装/建材,性价比高,positive,1,0.5
PRODUCT_383250,手机/数码,价格贵,negative,1,0.25
PRODUCT_383250,手机/数码,外观好看,positive,1,0.25
PRODUCT_383389,家用电器,性价比高,positive,6,0.24
PRODUCT_383389,家用电器,不推荐,negative,1,0.04
PRODUCT_383389,家用电器,很耐用,positive,1,0.04
PRODUCT_383389,家用电器,续航久,positive,1,0.04
PRODUCT_38339,鞋类箱包,外观好看,positive,1,1.0
PRODUCT_38339,鞋类箱包,正品放心,positive,1,1.0
PRODUCT_38339,鞋类箱包,疑似假货,negative,1,1.0
PRODUCT_383455,图书音像,发货快,positive,1,1.0
PRODUCT_383459,图书音像,发货快,positive,1,0.5
PRODUCT_383468,图书音像,外观好看,positive,1,0.5
PRODUCT_38349,图书音像,内容不错,positive,1,1.0
PRODUCT_38349,图书音像,质量差,negative,1,1.0
PRODUCT_383540,图书音像,价格贵,negative,1,1.0
PRODUCT_383545,图书音像,内容不错,positive,1,0.09090909090909091
PRODUCT_383545,图书音像,质量好,positive,1,0.09090909090909091
PRODUCT_383548,电脑/办公,外观好看,positive,1,0.16666666666666666
PRODUCT_383548,电脑/办公,容易坏,negative,1,0.16666666666666666
PRODUCT_383548,电脑/办公,很耐用,positive,1,0.16666666666666666
PRODUCT_383548,电脑/办公,质量好,positive,1,0.16666666666666666
PRODUCT_383549,电脑/办公,容易坏,negative,1,1.0
PRODUCT_38359,图书音像,发货快,positive,1,1.0
PRODUCT_383593,图书音像,质量好,positive,1,1.0
PRODUCT_383596,图书音像,质量好,positive,1,0.5
PRODUCT_383630,美妆个护,外观好看,positive,1,0.125
PRODUCT_383630,美妆个护,性价比高,positive,1,0.125
PRODUCT_383630,美妆个护,疑似假货,negative,1,0.125
PRODUCT_383652,图书音像,正品放心,positive,1,1.0
PRODUCT_383707,图书音像,内容不错,positive,1,0.2
PRODUCT_383707,图书音像,性价比高,positive,1,0.2
PRODUCT_383789,其他,外观好看,positive,1,0.125
PRODUCT_383789,其他,性价比高,positive,1,0.125
PRODUCT_383889,鞋类箱包,内容一般,negative,1,1.0
PRODUCT_383889,鞋类箱包,容易坏,negative,1,1.0
PRODUCT_383900,钟表/首饰/眼镜/礼品,外观好看,positive,1,1.0
PRODUCT_383952,图书音像,内容不错,positive,1,0.3333333333333333
PRODUCT_384030,手机/数码,性价比高,positive,1,0.5
PRODUCT_384063,手机/数码,外观好看,positive,2,0.5
PRODUCT_384063,手机/数码,质量差,negative,1,0.25
PRODUCT_384066,图书音像,外观好看,positive,2,0.2222222222222222
PRODUCT_384158,图书音像,会回购,positive,1,0.125
PRODUCT_384191,图书音像,正品放心,positive,1,1.0
PRODUCT_38423,家居生活,很耐用,positive,1,1.0
PRODUCT_38423,家居生活,正品放心,positive,1,1.0
PRODUCT_384236,图书音像,内容不错,positive,1,0.5
PRODUCT_384236,图书音像,性价比高,positive,1,0.5
PRODUCT_384236,图书音像,质量好,positive,1,0.5
PRODUCT_384381,钟表/首饰/眼镜/礼品,正品放心,positive,2,1.0
PRODUCT_384381,钟表/首饰/眼镜/礼品,疑似假货,negative,1,0.5
PRODUCT_384479,图书音像,内容不错,positive,1,1.0
PRODUCT_384496,家用电器,价格贵,negative,1,1.0
PRODUCT_384526,图书音像,正品放心,positive,1,0.5
PRODUCT_38460,图书音像,会回购,positive,2,0.16666666666666666
PRODUCT_38460,图书音像,包装差,negative,1,0.08333333333333333
PRODUCT_384608,电脑/办公,性价比高,positive,2,0.10526315789473684
PRODUCT_384608,电脑/办公,外观好看,positive,1,0.05263157894736842
PRODUCT_384608,电脑/办公,容易坏,negative,1,0.05263157894736842
PRODUCT_384608,电脑/办公,很耐用,positive,1,0.05263157894736842
PRODUCT_384608,电脑/办公,正品放心,positive,1,0.05263157894736842
PRODUCT_384608,电脑/办公,质量差,negative,1,0.05263157894736842
PRODUCT_38462,图书音像,外观好看,positive,1,1.0
PRODUCT_384857,电脑/办公,不推荐,negative,1,0.14285714285714285
PRODUCT_384857,电脑/办公,容易坏,negative,1,0.14285714285714285
PRODUCT_384857,电脑/办公,正品放心,positive,1,0.14285714285714285
PRODUCT_38506,手机/数码,内容不错,positive,1,0.3333333333333333
PRODUCT_385073,手机/数码,很耐用,positive,1,1.0
PRODUCT_38540,图书音像,外观好看,positive,1,1.0
PRODUCT_385463,图书音像,不推荐,negative,1,0.1111111111111111
PRODUCT_385463,图书音像,会回购,positive,1,0.1111111111111111
PRODUCT_385463,图书音像,包装差,negative,1,0.1111111111111111
PRODUCT_385463,图书音像,外观好看,positive,1,0.1111111111111111
PRODUCT_385500,图书音像,正品放心,positive,1,1.0
PRODUCT_385500,图书音像,疑似假货,negative,1,1.0
PRODUCT_385504,图书音像,会回购,positive,1,0.16666666666666666
PRODUCT_385504,图书音像,外观好看,positive,1,0.16666666666666666
PRODUCT_385504,图书音像,正品放心,positive,1,0.16666666666666666
PRODUCT_385504,图书音像,疑似假货,negative,1,0.16666666666666666
PRODUCT_38558,家用电器,外观好看,positive,2,0.25
PRODUCT_38558,家用电器,很耐用,positive,1,0.125
PRODUCT_38558,家用电器,质量好,positive,1,0.125
PRODUCT_385614,图书音像,质量差,negative,1,0.16666666666666666
PRODUCT_385678,图书音像,外观好看,positive,1,1.0
PRODUCT_385678,图书音像,正品放心,positive,1,1.0
PRODUCT_38568,图书音像,内容一般,negative,1,0.5
PRODUCT_385702,电脑/办公,正品放心,positive,2,0.09523809523809523
PRODUCT_385702,电脑/办公,容易坏,negative,1,0.047619047619047616
PRODUCT_385702,电脑/办公,很耐用,positive,1,0.047619047619047616
PRODUCT_385702,电脑/办公,性价比高,positive,1,0.047619047619047616
PRODUCT_385702,电脑/办公,质量好,positive,1,0.047619047619047616
PRODUCT_385702,电脑/办公,质量差,negative,1,0.047619047619047616
PRODUCT_385707,美妆个护,正品放心,positive,2,0.2
PRODUCT_385707,美妆个护,包装好,positive,1,0.1
PRODUCT_385707,美妆个护,味道不错,positive,1,0.1
PRODUCT_38572,美妆个护,包装好,positive,1,1.0
PRODUCT_38572,美妆个护,味道不错,positive,1,1.0
PRODUCT_385725,图书音像,外观好看,positive,1,1.0
PRODUCT_385726,图书音像,正品放心,positive,1,0.5
PRODUCT_385777,图书音像,正品放心,positive,1,0.25
PRODUCT_385781,图书音像,容易坏,negative,1,0.5
PRODUCT_385804,图书音像,正品放心,positive,1,0.3333333333333333
PRODUCT_385851,图书音像,内容一般,negative,1,0.3333333333333333
PRODUCT_385903,其他,会回购,positive,1,0.2
PRODUCT_385903,其他,质量好,positive,1,0.2
PRODUCT_386038,图书音像,正品放心,positive,1,0.3333333333333333
PRODUCT_386038,图书音像,疑似假货,negative,1,0.3333333333333333
PRODUCT_386085,图书音像,正品放心,positive,1,0.3333333333333333
PRODUCT_38612,电脑/办公,外观好看,positive,1,1.0
PRODUCT_386131,服饰服装,性价比高,positive,1,1.0
PRODUCT_386137,图书音像,疑似假货,negative,1,0.5
PRODUCT_38627,图书音像,会回购,positive,1,0.16666666666666666
PRODUCT_386352,图书音像,不推荐,negative,1,1.0
PRODUCT_386352,图书音像,内容一般,negative,1,1.0
PRODUCT_386359,图书音像,性价比高,positive,1,0.16666666666666666
PRODUCT_386375,图书音像,外观好看,positive,1,1.0
PRODUCT_386450,图书音像,味道不错,positive,1,0.25
PRODUCT_386450,图书音像,外观好看,positive,1,0.25
PRODUCT_386545,图书音像,内容不错,positive,1,1.0
PRODUCT_386561,图书音像,很新鲜,positive,1,0.3333333333333333
PRODUCT_386561,图书音像,疑似假货,negative,1,0.3333333333333333
PRODUCT_386568,图书音像,质量差,negative,1,1.0
PRODUCT_386570,图书音像,价格贵,negative,1,1.0
PRODUCT_386663,图书音像,内容不错,positive,1,1.0
PRODUCT_386758,图书音像,正品放心,positive,1,0.5
PRODUCT_386758,图书音像,质量好,positive,1,0.5
PRODUCT_386883,图书音像,尺码合适,positive,1,1.0
PRODUCT_386915,图书音像,外观一般,negative,1,1.0
PRODUCT_386915,图书音像,外观好看,positive,1,1.0
PRODUCT_386920,图书音像,性价比高,positive,1,0.3333333333333333
PRODUCT_386924,电脑/办公,正品放心,positive,2,0.15384615384615385
PRODUCT_386924,电脑/办公,价格贵,negative,1,0.07692307692307693
PRODUCT_386924,电脑/办公,外观好看,positive,1,0.07692307692307693
PRODUCT_386924,电脑/办公,质量好,positive,1,0.07692307692307693
PRODUCT_386946,家用电器,外观好看,positive,1,0.125
PRODUCT_386946,家用电器,很耐用,positive,1,0.125
PRODUCT_386949,图书音像,性价比高,positive,1,1.0
PRODUCT_38698,图书音像,会回购,positive,1,0.5
PRODUCT_38698,图书音像,内容一般,negative,1,0.5
PRODUCT_386983,图书音像,性价比高,positive,1,1.0
PRODUCT_387091,家用电器,正品放心,positive,1,1.0
PRODUCT_387174,美妆个护,价格贵,negative,1,0.3333333333333333
PRODUCT_387174,美妆个护,会回购,positive,1,0.3333333333333333
PRODUCT_387179,图书音像,正品放心,positive,2,0.13333333333333333
PRODUCT_387179,图书音像,不推荐,negative,1,0.06666666666666667
PRODUCT_387179,图书音像,会回购,positive,1,0.06666666666666667
PRODUCT_387179,图书音像,外观好看,positive,1,0.06666666666666667
PRODUCT_387207,图书音像,外观好看,positive,1,0.5
PRODUCT_387273,图书音像,内容不错,positive,1,0.16666666666666666
PRODUCT_387334,图书音像,性价比高,positive,1,0.5
PRODUCT_387340,电脑/办公,正品放心,positive,3,0.23076923076923078
PRODUCT_387340,电脑/办公,疑似假货,negative,1,0.07692307692307693
PRODUCT_387343,食品/保健,不推荐,negative,1,1.0
PRODUCT_387343,食品/保健,容易坏,negative,1,1.0
PRODUCT_387367,图书音像,疑似假货,negative,1,0.5
PRODUCT_387430,美妆个护,疑似假货,negative,1,1.0
PRODUCT_387465,电脑/办公,质量好,positive,1,0.3333333333333333
PRODUCT_38760,电脑/办公,外观好看,positive,1,0.16666666666666666
PRODUCT_387673,图书音像,内容一般,negative,1,0.3333333333333333
PRODUCT_387693,图书音像,外观一般,negative,1,1.0
PRODUCT_387693,图书音像,外观好看,positive,1,1.0
PRODUCT_3877,手机/数码,容易坏,negative,1,1.0
PRODUCT_38770,图书音像,正品放心,positive,2,0.6666666666666666
PRODUCT_38770,图书音像,疑似假货,negative,1,0.3333333333333333
PRODUCT_387749,图书音像,不推荐,negative,1,0.5
PRODUCT_387752,图书音像,包装差,negative,1,0.5
PRODUCT_387752,图书音像,性价比高,positive,1,0.5
PRODUCT_387758,图书音像,正品放心,positive,4,0.6666666666666666
PRODUCT_387758,图书音像,质量好,positive,1,0.16666666666666666
PRODUCT_387816,图书音像,很新鲜,positive,2,0.2222222222222222
PRODUCT_387825,图书音像,包装好,positive,1,1.0
PRODUCT_387866,图书音像,内容一般,negative,1,1.0
PRODUCT_387880,图书音像,内容不错,positive,1,1.0
PRODUCT_387888,图书音像,会回购,positive,1,0.16666666666666666
PRODUCT_387888,图书音像,尺码合适,positive,1,0.16666666666666666
PRODUCT_387888,图书音像,质量好,positive,1,0.16666666666666666
PRODUCT_387929,图书音像,正品放心,positive,2,0.25
PRODUCT_387929,图书音像,不推荐,negative,1,0.125
PRODUCT_387983,电脑/办公,外观好看,positive,1,0.16666666666666666
PRODUCT_388018,运动户外,性价比高,positive,1,1.0
PRODUCT_388038,图书音像,正品放心,positive,1,0.14285714285714285
PRODUCT_388038,图书音像,物流慢,negative,1,0.14285714285714285
PRODUCT_38807,图书音像,疑似假货,negative,1,1.0
PRODUCT_388153,图书音像,内容不错,positive,1,1.0
PRODUCT_388205,服饰服装,正品放心,positive,1,1.0
PRODUCT_38822,电脑/办公,容易坏,negative,1,0.3333333333333333
PRODUCT_388220,电脑/办公,外观好看,positive,1,0.2
PRODUCT_388244,图书音像,尺码不准,negative,1,0.3333333333333333
PRODUCT_388278,家用电器,容易坏,negative,1,0.5
PRODUCT_388289,电脑/办公,外观好看,positive,1,0.2
PRODUCT_388311,图书音像,会回购,positive,1,0.25
PRODUCT_388311,图书音像,发货快,positive,1,0.25
PRODUCT_388336,图书音像,不推荐,negative,1,1.0
PRODUCT_388393,图书音像,正品放心,positive,1,1.0
PRODUCT_388462,图书音像,内容不错,positive,1,1.0
PRODUCT_38849,图书音像,质量好,positive,1,1.0
PRODUCT_388509,电脑/办公,性价比高,positive,2,0.1
PRODUCT_388509,电脑/办公,正品放心,positive,2,0.1
PRODUCT_388509,电脑/办公,质量好,positive,2,0.1
PRODUCT_388509,电脑/办公,发货快,positive,1,0.05
PRODUCT_388509,电脑/办公,容易坏,negative,1,0.05
PRODUCT_388531,图书音像,正品放心,positive,1,1.0
PRODUCT_388532,电脑/办公,包装差,negative,1,0.1111111111111111
PRODUCT_388532,电脑/办公,很耐用,positive,1,0.1111111111111111
PRODUCT_388586,美妆个护,性价比高,positive,1,1.0
PRODUCT_388596,图书音像,正品放心,positive,1,1.0
PRODUCT_388604,美妆个护,外观好看,positive,1,1.0
PRODUCT_388635,母婴/玩具,外观好看,positive,1,1.0
PRODUCT_388688,图书音像,内容不错,positive,1,0.5
PRODUCT_388688,图书音像,外观好看,positive,1,0.5
PRODUCT_388789,图书音像,外观好看,positive,1,0.3333333333333333
PRODUCT_388789,图书音像,物流慢,negative,1,0.3333333333333333
PRODUCT_388790,电脑/办公,疑似假货,negative,1,0.06666666666666667
PRODUCT_388862,家具/家装/建材,外观好看,positive,1,0.25
PRODUCT_38887,图书音像,质量差,negative,1,0.3333333333333333
PRODUCT_388887,家用电器,会回购,positive,1,0.3333333333333333
PRODUCT_388887,家用电器,味道不错,positive,1,0.3333333333333333
PRODUCT_388887,家用电器,外观好看,positive,1,0.3333333333333333
PRODUCT_388919,图书音像,外观好看,positive,2,1.0
PRODUCT_388919,图书音像,正品放心,positive,1,0.5
PRODUCT_388932,图书音像,会回购,positive,1,1.0
PRODUCT_388932,图书音像,内容不错,positive,1,1.0
PRODUCT_388943,家具/家装/建材,发货快,positive,1,0.3333333333333333
PRODUCT_388943,家具/家装/建材,很耐用,positive,1,0.3333333333333333
PRODUCT_38899,图书音像,包装好,positive,1,0.16666666666666666
PRODUCT_38899,图书音像,发货快,positive,1,0.16666666666666666
PRODUCT_38899,图书音像,外观好看,positive,1,0.16666666666666666
PRODUCT_38899,图书音像,正品放心,positive,1,0.16666666666666666
PRODUCT_389074,图书音像,性价比高,positive,1,0.25
PRODUCT_389077,图书音像,外观好看,positive,1,0.5
PRODUCT_389080,图书音像,内容不错,positive,1,0.5
PRODUCT_389086,手机/数码,正品放心,positive,1,1.0
PRODUCT_389101,图书音像,外观好看,positive,2,0.2
PRODUCT_389101,图书音像,内容一般,negative,1,0.1
PRODUCT_389111,图书音像,疑似假货,negative,1,1.0
PRODUCT_389116,家用电器,容易坏,negative,1,0.14285714285714285
PRODUCT_389116,家用电器,很耐用,positive,1,0.14285714285714285
PRODUCT_389116,家用电器,续航差,negative,1,0.14285714285714285
PRODUCT_389146,图书音像,正品放心,positive,1,1.0
PRODUCT_389179,家具/家装/建材,质量好,positive,1,0.25
PRODUCT_3892,图书音像,很新鲜,positive,1,1.0
PRODUCT_389259,电脑/办公,外观好看,positive,1,0.3333333333333333
PRODUCT_389259,电脑/办公,正品放心,positive,1,0.3333333333333333
PRODUCT_389265,图书音像,外观好看,positive,1,0.2
PRODUCT_38934,图书音像,内容不错,positive,1,1.0
PRODUCT_389351,手机/数码,很耐用,positive,1,0.5
PRODUCT_389354,电脑/办公,外观好看,positive,1,0.25
PRODUCT_389354,电脑/办公,性价比高,positive,1,0.25
PRODUCT_389371,图书音像,内容不错,positive,1,1.0
PRODUCT_389408,家用电器,味道不错,positive,1,0.5
PRODUCT_389408,家用电器,外观好看,positive,1,0.5
PRODUCT_389495,电脑/办公,容易坏,negative,1,0.5
PRODUCT_389547,美妆个护,味道不错,positive,1,1.0
PRODUCT_389635,家具/家装/建材,质量好,positive,1,1.0
PRODUCT_389648,图书音像,内容不错,positive,1,0.058823529411764705
PRODUCT_389659,美妆个护,外观好看,positive,1,0.5
PRODUCT_389789,图书音像,包装好,positive,1,0.14285714285714285
PRODUCT_389789,图书音像,发货快,positive,1,0.14285714285714285
PRODUCT_389789,图书音像,外观好看,positive,1,0.14285714285714285
PRODUCT_389833,鞋类箱包,质量好,positive,1,1.0
PRODUCT_389911,电脑/办公,正品放心,positive,1,0.1111111111111111
PRODUCT_389913,图书音像,不推荐,negative,1,0.07142857142857142
PRODUCT_389958,图书音像,质量好,positive,1,0.16666666666666666
PRODUCT_389959,其他,外观好看,positive,1,0.1
PRODUCT_389961,图书音像,会回购,positive,1,0.5
PRODUCT_389965,图书音像,疑似假货,negative,2,0.2857142857142857
PRODUCT_389965,图书音像,正品放心,positive,1,0.14285714285714285
PRODUCT_390033,服饰服装,面料不错,positive,1,0.5
PRODUCT_390055,图书音像,味道不错,positive,1,1.0
PRODUCT_390144,家具/家装/建材,质量好,positive,3,0.5
PRODUCT_390144,家具/家装/建材,外观好看,positive,1,0.16666666666666666
PRODUCT_390144,家具/家装/建材,很耐用,positive,1,0.16666666666666666
PRODUCT_390245,图书音像,内容不错,positive,1,0.5
PRODUCT_39038,图书音像,不推荐,negative,1,1.0
PRODUCT_390417,手机/数码,正品放心,positive,1,1.0
PRODUCT_390437,电脑/办公,价格贵,negative,1,1.0
PRODUCT_390437,电脑/办公,尺码不准,negative,1,1.0
PRODUCT_39057,图书音像,内容不错,positive,1,0.5
PRODUCT_39057,图书音像,包装差,negative,1,0.5
PRODUCT_39057,图书音像,物流慢,negative,1,0.5
PRODUCT_390571,图书音像,正品放心,positive,1,1.0
PRODUCT_390577,图书音像,正品放心,positive,1,0.14285714285714285
PRODUCT_390612,图书音像,会回购,positive,1,0.3333333333333333
PRODUCT_390612,图书音像,味道不错,positive,1,0.3333333333333333
PRODUCT_390612,图书音像,正品放心,positive,1,0.3333333333333333
PRODUCT_390648,电脑/办公,外观好看,positive,1,0.3333333333333333
PRODUCT_390757,钟表/首饰/眼镜/礼品,疑似假货,negative,1,1.0
PRODUCT_390872,母婴/玩具,价格贵,negative,1,1.0
PRODUCT_391015,图书音像,包装好,positive,1,1.0
PRODUCT_391015,图书音像,质量好,positive,1,1.0
PRODUCT_391042,图书音像,疑似假货,negative,1,0.3333333333333333
PRODUCT_391061,图书音像,发货快,positive,1,0.16666666666666666
PRODUCT_391080,图书音像,会回购,positive,1,0.14285714285714285
PRODUCT_391100,手机/数码,内容一般,negative,1,0.5
PRODUCT_391117,家居生活,会回购,positive,1,1.0
PRODUCT_391254,美妆个护,外观好看,positive,2,0.2222222222222222
PRODUCT_391254,美妆个护,性价比高,positive,1,0.1111111111111111
PRODUCT_391301,电脑/办公,容易坏,negative,1,0.2
PRODUCT_391331,图书音像,正品放心,positive,1,0.07692307692307693
PRODUCT_391425,图书音像,质量好,positive,1,1.0
PRODUCT_391653,图书音像,外观好看,positive,1,0.5
PRODUCT_39166,电脑/办公,会回购,positive,1,0.5
PRODUCT_39166,电脑/办公,发货快,positive,1,0.5
PRODUCT_391712,图书音像,内容不错,positive,1,1.0
PRODUCT_391731,图书音像,价格贵,negative,1,0.25
PRODUCT_39174,家用电器,性价比高,positive,2,0.15384615384615385
PRODUCT_39174,家用电器,不推荐,negative,1,0.07692307692307693
PRODUCT_391791,图书音像,不推荐,negative,1,0.3333333333333333
PRODUCT_391791,图书音像,外观好看,positive,1,0.3333333333333333
PRODUCT_391824,图书音像,容易坏,negative,1,0.3333333333333333
PRODUCT_391861,食品/保健,味道不错,positive,1,1.0
PRODUCT_391861,食品/保健,性价比高,positive,1,1.0
PRODUCT_391898,图书音像,性价比高,positive,1,0.3333333333333333
PRODUCT_391930,图书音像,内容一般,negative,1,0.05555555555555555
PRODUCT_391930,图书音像,内容不错,positive,1,0.05555555555555555
PRODUCT_391982,图书音像,正品放心,positive,1,0.5
PRODUCT_392058,图书音像,内容不错,positive,2,0.2222222222222222
PRODUCT_392058,图书音像,质量好,positive,1,0.1111111111111111
PRODUCT_392094,图书音像,内容不错,positive,1,1.0
PRODUCT_392187,手机/数码,容易坏,negative,1,1.0
PRODUCT_392284,家居生活,价格贵,negative,1,0.3333333333333333
PRODUCT_392327,图书音像,包装差,negative,1,0.5
PRODUCT_392327,图书音像,味道一般,negative,1,0.5
PRODUCT_392327,图书音像,外观好看,positive,1,0.5
PRODUCT_392327,图书音像,很新鲜,positive,1,0.5
PRODUCT_392395,图书音像,不推荐,negative,1,0.25
PRODUCT_392395,图书音像,很耐用,positive,1,0.25
PRODUCT_39241,电脑/办公,不推荐,negative,1,0.14285714285714285
PRODUCT_39241,电脑/办公,质量差,negative,1,0.14285714285714285
PRODUCT_392417,图书音像,性价比高,positive,1,0.3333333333333333
PRODUCT_392422,图书音像,内容不错,positive,1,1.0
PRODUCT_392477,图书音像,质量好,positive,1,1.0
PRODUCT_392483,美妆个护,正品放心,positive,2,0.2857142857142857
PRODUCT_392530,图书音像,内容不错,positive,1,1.0
PRODUCT_392530,图书音像,性价比高,positive,1,1.0
PRODUCT_392546,图书音像,会回购,positive,1,0.5
PRODUCT_392621,美妆个护,包装好,positive,1,0.5
PRODUCT_392643,图书音像,性价比高,positive,1,1.0
PRODUCT_392724,图书音像,外观一般,negative,1,1.0
PRODUCT_392724,图书音像,外观好看,positive,1,1.0
PRODUCT_392726,图书音像,内容不错,positive,1,0.2
PRODUCT_392730,图书音像,正品放心,positive,1,1.0
PRODUCT_39277,电脑/办公,正品放心,positive,2,0.1
PRODUCT_39277,电脑/办公,包装好,positive,1,0.05
PRODUCT_39277,电脑/办公,外观好看,positive,1,0.05
PRODUCT_39277,电脑/办公,容易坏,negative,1,0.05
PRODUCT_392820,图书音像,内容不错,positive,1,0.125
PRODUCT_392820,图书音像,性价比高,positive,1,0.125
PRODUCT_392820,图书音像,正品放心,positive,1,0.125
PRODUCT_392896,电脑/办公,正品放心,positive,1,1.0
PRODUCT_392920,图书音像,外观好看,positive,1,1.0
PRODUCT_392958,食品/保健,味道不错,positive,1,1.0
PRODUCT_393063,电脑/办公,发货快,positive,1,0.25
PRODUCT_393063,电脑/办公,外观好看,positive,1,0.25
PRODUCT_393153,图书音像,疑似假货,negative,1,1.0
PRODUCT_393179,图书音像,内容不错,positive,1,0.25
PRODUCT_393179,图书音像,外观好看,positive,1,0.25
PRODUCT_393225,图书音像,不推荐,negative,1,0.5
PRODUCT_393259,图书音像,会回购,positive,1,0.25
PRODUCT_393259,图书音像,内容不错,positive,1,0.25
PRODUCT_393259,图书音像,外观好看,positive,1,0.25
PRODUCT_393267,图书音像,正品放心,positive,1,0.5
PRODUCT_393283,图书音像,会回购,positive,1,1.0
PRODUCT_393314,图书音像,正品放心,positive,1,1.0
PRODUCT_393356,图书音像,正品放心,positive,1,1.0
PRODUCT_393388,图书音像,质量好,positive,2,0.2222222222222222
PRODUCT_393388,图书音像,内容一般,negative,1,0.1111111111111111
PRODUCT_393388,图书音像,外观好看,positive,1,0.1111111111111111
PRODUCT_393388,图书音像,正品放心,positive,1,0.1111111111111111
PRODUCT_393388,图书音像,质量差,negative,1,0.1111111111111111
PRODUCT_393405,图书音像,外观好看,positive,1,1.0
PRODUCT_393415,家居生活,外观好看,positive,1,0.14285714285714285
PRODUCT_393415,家居生活,正品放心,positive,1,0.14285714285714285
PRODUCT_393415,家居生活,质量好,positive,1,0.14285714285714285
PRODUCT_393456,图书音像,正品放心,positive,1,1.0
PRODUCT_393479,家居生活,质量好,positive,1,0.5
PRODUCT_393542,食品/保健,味道不错,positive,1,1.0
PRODUCT_393601,手机/数码,不推荐,negative,1,0.14285714285714285
PRODUCT_393601,手机/数码,性价比高,positive,1,0.14285714285714285
PRODUCT_393601,手机/数码,正品放心,positive,1,0.14285714285714285
PRODUCT_393637,手机/数码,性价比高,positive,1,0.3333333333333333
PRODUCT_393640,美妆个护,味道不错,positive,1,1.0
PRODUCT_393668,图书音像,正品放心,positive,1,0.3333333333333333
PRODUCT_39370,图书音像,会回购,positive,1,0.037037037037037035
PRODUCT_39370,图书音像,外观好看,positive,1,0.037037037037037035
PRODUCT_39370,图书音像,正品放心,positive,1,0.037037037037037035
PRODUCT_393717,图书音像,质量好,positive,2,0.6666666666666666
PRODUCT_393717,图书音像,正品放心,positive,1,0.3333333333333333
PRODUCT_393732,美妆个护,外观好看,positive,1,1.0
PRODUCT_393766,家用电器,味道不错,positive,1,0.3333333333333333
PRODUCT_393859,图书音像,质量好,positive,1,0.5
PRODUCT_393860,图书音像,正品放心,positive,1,0.5
PRODUCT_393906,钟表/首饰/眼镜/礼品,外观好看,positive,1,1.0
PRODUCT_393928,家用电器,味道不错,positive,1,0.5
PRODUCT_394001,电脑/办公,外观好看,positive,1,0.1111111111111111
PRODUCT_394001,电脑/办公,性价比高,positive,1,0.1111111111111111
PRODUCT_394001,电脑/办公,续航差,negative,1,0.1111111111111111
PRODUCT_394008,图书音像,正品放心,positive,3,0.17647058823529413
PRODUCT_394008,图书音像,包装好,positive,1,0.058823529411764705
PRODUCT_394008,图书音像,味道不错,positive,1,0.058823529411764705
PRODUCT_394008,图书音像,外观好看,positive,1,0.058823529411764705
PRODUCT_394008,图书音像,很新鲜,positive,1,0.058823529411764705
PRODUCT_394008,图书音像,性价比高,positive,1,0.058823529411764705
PRODUCT_394062,图书音像,外观一般,negative,1,1.0
PRODUCT_39407,图书音像,内容不错,positive,1,1.0
PRODUCT_394070,电脑/办公,正品放心,positive,1,0.25
PRODUCT_394095,电脑/办公,质量好,positive,2,0.125
PRODUCT_394095,电脑/办公,内容一般,negative,1,0.0625
PRODUCT_39411,图书音像,正品放心,positive,1,1.0
PRODUCT_394133,美妆个护,味道不错,positive,1,1.0
PRODUCT_394133,美妆个护,正品放心,positive,1,1.0
PRODUCT_394152,图书音像,包装差,negative,1,0.5
PRODUCT_394152,图书音像,外观好看,positive,1,0.5
PRODUCT_394221,图书音像,质量好,positive,1,0.5
PRODUCT_394227,图书音像,尺码合适,positive,1,0.3333333333333333
PRODUCT_394287,电脑/办公,外观好看,positive,2,0.6666666666666666
PRODUCT_394430,手机/数码,性价比高,positive,1,1.0
PRODUCT_394430,手机/数码,正品放心,positive,1,1.0
PRODUCT_394433,图书音像,质量好,positive,1,0.5
PRODUCT_394475,图书音像,尺码不准,negative,1,0.5
PRODUCT_394508,图书音像,正品放心,positive,1,1.0
PRODUCT_394519,电脑/办公,味道一般,negative,1,0.5
PRODUCT_394523,图书音像,外观好看,positive,1,0.08333333333333333
PRODUCT_394523,图书音像,很新鲜,positive,1,0.08333333333333333
PRODUCT_394554,图书音像,内容一般,negative,1,1.0
PRODUCT_394568,图书音像,性价比高,positive,1,1.0
PRODUCT_394599,图书音像,质量好,positive,1,1.0
PRODUCT_39462,手机/数码,不推荐,negative,1,0.2
PRODUCT_39462,手机/数码,会回购,positive,1,0.2
PRODUCT_39462,手机/数码,正品放心,positive,1,0.2
PRODUCT_394724,图书音像,内容不错,positive,1,1.0
PRODUCT_39481,图书音像,外观好看,positive,1,1.0
PRODUCT_394858,图书音像,外观好看,positive,1,0.5
PRODUCT_394879,图书音像,疑似假货,negative,1,1.0
PRODUCT_394897,图书音像,正品放心,positive,1,0.5
PRODUCT_394925,图书音像,容易坏,negative,1,0.5
PRODUCT_394925,图书音像,质量差,negative,1,0.5
PRODUCT_394939,美妆个护,发货快,positive,1,1.0
PRODUCT_394989,图书音像,质量好,positive,1,1.0
PRODUCT_394991,图书音像,会回购,positive,1,1.0
PRODUCT_394999,图书音像,包装好,positive,1,0.3333333333333333
PRODUCT_394999,图书音像,外观好看,positive,1,0.3333333333333333
PRODUCT_394999,图书音像,正品放心,positive,1,0.3333333333333333
PRODUCT_394999,图书音像,质量好,positive,1,0.3333333333333333
PRODUCT_395092,图书音像,外观好看,positive,2,0.5
PRODUCT_395125,其他,外观好看,positive,1,1.0
PRODUCT_395204,图书音像,包装差,negative,1,0.3333333333333333
PRODUCT_395237,图书音像,性价比高,positive,1,0.3333333333333333
PRODUCT_3953,家居生活,性价比高,positive,1,1.0
PRODUCT_395313,电脑/办公,物流慢,negative,1,1.0
PRODUCT_395313,电脑/办公,质量好,positive,1,1.0
PRODUCT_39536,图书音像,疑似假货,negative,2,0.25
PRODUCT_39536,图书音像,内容一般,negative,1,0.125
PRODUCT_39536,图书音像,内容不错,positive,1,0.125
PRODUCT_39536,图书音像,正品放心,positive,1,0.125
PRODUCT_395397,手机/数码,性价比高,positive,1,1.0
PRODUCT_395400,家具/家装/建材,外观好看,positive,1,1.0
PRODUCT_395408,家用电器,很耐用,positive,1,0.3333333333333333
PRODUCT_395440,家用电器,价格贵,negative,2,0.6666666666666666
PRODUCT_395508,图书音像,质量好,positive,1,1.0
PRODUCT_395517,鞋类箱包,外观好看,positive,1,0.07692307692307693
PRODUCT_395517,鞋类箱包,很耐用,positive,1,0.07692307692307693
PRODUCT_395520,图书音像,疑似假货,negative,1,1.0
PRODUCT_395546,电脑/办公,性价比高,positive,1,0.09090909090909091
PRODUCT_395546,电脑/办公,正品放心,positive,1,0.09090909090909091
PRODUCT_395546,电脑/办公,质量好,positive,1,0.09090909090909091
PRODUCT_395569,图书音像,包装差,negative,1,0.3333333333333333
PRODUCT_395569,图书音像,疑似假货,negative,1,0.3333333333333333
PRODUCT_395676,图书音像,外观好看,positive,1,0.5
PRODUCT_395730,图书音像,质量好,positive,1,1.0
PRODUCT_395759,图书音像,性价比高,positive,1,1.0
PRODUCT_395766,图书音像,很新鲜,positive,1,0.5
PRODUCT_395767,钟表/首饰/眼镜/礼品,外观好看,positive,1,1.0
PRODUCT_3958,钟表/首饰/眼镜/礼品,外观好看,positive,1,1.0
PRODUCT_395895,图书音像,正品放心,positive,2,1.0
PRODUCT_395900,图书音像,味道不错,positive,1,1.0
PRODUCT_395900,图书音像,外观好看,positive,1,1.0
PRODUCT_395903,电脑/办公,会回购,positive,2,0.2222222222222222
PRODUCT_395903,电脑/办公,性价比高,positive,1,0.1111111111111111
PRODUCT_395903,电脑/办公,物流慢,negative,1,0.1111111111111111
PRODUCT_395903,电脑/办公,质量差,negative,1,0.1111111111111111
PRODUCT_39598,图书音像,不推荐,negative,1,0.5
PRODUCT_39598,图书音像,尺码不准,negative,1,0.5
PRODUCT_395998,图书音像,质量好,positive,1,1.0
PRODUCT_39607,电脑/办公,质量好,positive,1,0.5
PRODUCT_396165,图书音像,正品放心,positive,1,0.25
PRODUCT_396203,手机/数码,外观好看,positive,1,0.16666666666666666
PRODUCT_396203,手机/数码,质量好,positive,1,0.16666666666666666
PRODUCT_39627,电脑/办公,外观好看,positive,1,0.5
PRODUCT_396298,图书音像,质量好,positive,1,0.5
PRODUCT_39635,图书音像,外观好看,positive,1,0.5
PRODUCT_396393,母婴/玩具,外观好看,positive,2,0.3333333333333333
PRODUCT_396484,图书音像,外观好看,positive,1,0.2
PRODUCT_396485,图书音像,会回购,positive,1,0.5
PRODUCT_396485,图书音像,正品放心,positive,1,0.5
PRODUCT_396488,图书音像,质量好,positive,1,1.0
PRODUCT_396491,图书音像,质量差,negative,1,1.0
PRODUCT_396695,手机/数码,不推荐,negative,1,0.5
PRODUCT_396695,手机/数码,性价比高,positive,1,0.5
PRODUCT_396697,手机/数码,不推荐,negative,1,0.3333333333333333
PRODUCT_396697,手机/数码,外观好看,positive,1,0.3333333333333333
PRODUCT_396697,手机/数码,容易坏,negative,1,0.3333333333333333
PRODUCT_396697,手机/数码,很耐用,positive,1,0.3333333333333333
PRODUCT_396697,手机/数码,质量好,positive,1,0.3333333333333333
PRODUCT_396736,美妆个护,正品放心,positive,1,1.0
PRODUCT_396777,图书音像,内容不错,positive,1,1.0
PRODUCT_396898,图书音像,不推荐,negative,1,1.0
PRODUCT_39691,图书音像,外观好看,positive,3,0.375
PRODUCT_39691,图书音像,尺码不准,negative,1,0.125
PRODUCT_39691,图书音像,性价比高,positive,1,0.125
PRODUCT_396915,图书音像,外观好看,positive,3,0.5
PRODUCT_396915,图书音像,包装好,positive,1,0.16666666666666666
PRODUCT_39717,手机/数码,容易坏,negative,1,1.0
PRODUCT_397297,图书音像,质量差,negative,1,0.5
PRODUCT_397318,图书音像,质量好,positive,1,1.0
PRODUCT_397370,图书音像,外观好看,positive,1,0.5
PRODUCT_397391,图书音像,性价比高,positive,1,1.0
PRODUCT_397400,图书音像,外观好看,positive,1,1.0
PRODUCT_397424,手机/数码,质量好,positive,1,1.0
PRODUCT_397528,图书音像,物流慢,negative,1,1.0
PRODUCT_39758,图书音像,内容不错,positive,1,0.25
PRODUCT_397655,图书音像,不推荐,negative,1,0.5
PRODUCT_397685,图书音像,正品放心,positive,1,0.5
PRODUCT_397685,图书音像,疑似假货,negative,1,0.5
PRODUCT_397753,图书音像,外观好看,positive,1,0.0625
PRODUCT_397753,图书音像,性价比高,positive,1,0.0625
PRODUCT_397753,图书音像,质量差,negative,1,0.0625
PRODUCT_397763,图书音像,正品放心,positive,1,1.0
PRODUCT_397810,图书音像,正品放心,positive,1,1.0
PRODUCT_397828,图书音像,内容不错,positive,1,0.5
PRODUCT_397858,图书音像,正品放心,positive,3,0.1875
PRODUCT_397858,图书音像,内容不错,positive,1,0.0625
PRODUCT_397858,图书音像,疑似假货,negative,1,0.0625
PRODUCT_397893,图书音像,内容不错,positive,1,1.0
PRODUCT_398063,图书音像,质量好,positive,1,0.5
PRODUCT_39815,图书音像,外观好看,positive,1,0.5
PRODUCT_398150,图书音像,正品放心,positive,1,0.3333333333333333
PRODUCT_398150,图书音像,质量好,positive,1,0.3333333333333333
PRODUCT_398169,图书音像,会回购,positive,1,1.0
PRODUCT_398187,图书音像,内容不错,positive,1,0.09090909090909091
PRODUCT_398216,图书音像,包装差,negative,1,0.5
PRODUCT_398216,图书音像,很新鲜,positive,1,0.5
PRODUCT_398242,图书音像,会回购,positive,1,0.5
PRODUCT_398242,图书音像,外观好看,positive,1,0.5
PRODUCT_398335,手机/数码,正品放心,positive,2,0.3333333333333333
PRODUCT_398335,手机/数码,不推荐,negative,1,0.16666666666666666
PRODUCT_398335,手机/数码,会回购,positive,1,0.16666666666666666
PRODUCT_398335,手机/数码,外观好看,positive,1,0.16666666666666666
PRODUCT_398347,家居生活,正品放心,positive,1,1.0
PRODUCT_398377,图书音像,正品放心,positive,1,1.0
PRODUCT_398410,图书音像,不推荐,negative,1,1.0
PRODUCT_39856,家用电器,味道不错,positive,1,1.0
PRODUCT_398572,图书音像,内容不错,positive,1,0.3333333333333333
PRODUCT_398621,图书音像,包装差,negative,1,1.0
PRODUCT_39863,图书音像,内容不错,positive,2,0.09523809523809523
PRODUCT_39863,图书音像,包装好,positive,1,0.047619047619047616
PRODUCT_39863,图书音像,外观好看,positive,1,0.047619047619047616
PRODUCT_39863,图书音像,正品放心,positive,1,0.047619047619047616
PRODUCT_398666,图书音像,性价比高,positive,1,0.06666666666666667
PRODUCT_398666,图书音像,正品放心,positive,1,0.06666666666666667
PRODUCT_398666,图书音像,疑似假货,negative,1,0.06666666666666667
PRODUCT_398681,图书音像,外观好看,positive,3,0.42857142857142855
PRODUCT_398689,图书音像,不推荐,negative,1,1.0
PRODUCT_398689,图书音像,会回购,positive,1,1.0
PRODUCT_398689,图书音像,内容一般,negative,1,1.0
PRODUCT_398700,图书音像,内容不错,positive,1,0.5
PRODUCT_398727,图书音像,质量差,negative,1,1.0
PRODUCT_398798,图书音像,正品放心,positive,1,0.2
PRODUCT_398904,图书音像,会回购,positive,1,0.1
PRODUCT_398994,图书音像,疑似假货,negative,1,1.0
PRODUCT_399104,美妆个护,正品放心,positive,1,0.25
PRODUCT_399248,家居生活,质量好,positive,2,0.6666666666666666
PRODUCT_399255,图书音像,质量好,positive,1,1.0
PRODUCT_399267,图书音像,外观好看,positive,2,0.2857142857142857
PRODUCT_399267,图书音像,尺码合适,positive,1,0.14285714285714285
PRODUCT_399267,图书音像,性价比高,positive,1,0.14285714285714285
PRODUCT_399267,图书音像,质量差,negative,1,0.14285714285714285
PRODUCT_399319,家用电器,很耐用,positive,1,0.2
PRODUCT_399324,手机/数码,外观一般,negative,1,0.5
PRODUCT_399324,手机/数码,容易坏,negative,1,0.5
PRODUCT_399404,家用电器,不推荐,negative,1,0.09090909090909091
PRODUCT_399404,家用电器,外观好看,positive,1,0.09090909090909091
PRODUCT_399404,家用电器,正品放心,positive,1,0.09090909090909091
PRODUCT_399436,美妆个护,味道不错,positive,1,1.0
PRODUCT_399459,图书音像,内容不错,positive,1,1.0
PRODUCT_399505,图书音像,正品放心,positive,1,1.0
PRODUCT_399532,美妆个护,味道不错,positive,8,0.6666666666666666
PRODUCT_399532,美妆个护,正品放心,positive,2,0.16666666666666666
PRODUCT_399546,美妆个护,正品放心,positive,2,0.13333333333333333
PRODUCT_399546,美妆个护,性价比高,positive,1,0.06666666666666667
PRODUCT_399546,美妆个护,疑似假货,negative,1,0.06666666666666667
PRODUCT_399559,图书音像,外观好看,positive,3,0.10344827586206896
PRODUCT_399559,图书音像,内容不错,positive,2,0.06896551724137931
PRODUCT_399559,图书音像,不推荐,negative,1,0.034482758620689655
PRODUCT_399559,图书音像,味道一般,negative,1,0.034482758620689655
PRODUCT_399559,图书音像,质量好,positive,1,0.034482758620689655
PRODUCT_399623,美妆个护,正品放心,positive,5,0.3333333333333333
PRODUCT_399623,美妆个护,性价比高,positive,1,0.06666666666666667
PRODUCT_399623,美妆个护,疑似假货,negative,1,0.06666666666666667
PRODUCT_399626,图书音像,外观好看,positive,1,1.0
PRODUCT_399635,图书音像,很新鲜,positive,1,1.0
PRODUCT_399666,图书音像,正品放心,positive,1,0.1111111111111111
PRODUCT_399674,图书音像,外观好看,positive,2,0.3333333333333333
PRODUCT_399681,图书音像,正品放心,positive,1,0.2
PRODUCT_399681,图书音像,疑似假货,negative,1,0.2
PRODUCT_399702,图书音像,质量差,negative,1,1.0
PRODUCT_399703,图书音像,外观好看,positive,1,0.2
PRODUCT_399722,图书音像,包装好,positive,1,1.0
PRODUCT_399783,图书音像,内容不错,positive,1,1.0
PRODUCT_39985,图书音像,正品放心,positive,1,0.5
PRODUCT_399853,美妆个护,疑似假货,negative,2,0.5
PRODUCT_399877,图书音像,质量好,positive,1,0.16666666666666666
PRODUCT_399920,图书音像,外观好看,positive,1,0.058823529411764705
PRODUCT_399920,图书音像,质量好,positive,1,0.058823529411764705
PRODUCT_399938,图书音像,包装好,positive,1,0.1111111111111111
PRODUCT_399938,图书音像,发货快,positive,1,0.1111111111111111
PRODUCT_399938,图书音像,疑似假货,negative,1,0.1111111111111111
PRODUCT_399938,图书音像,质量好,positive,1,0.1111111111111111
PRODUCT_399941,图书音像,正品放心,positive,1,1.0
PRODUCT_399951,图书音像,外观好看,positive,1,0.2
PRODUCT_400042,图书音像,会回购,positive,1,0.045454545454545456
PRODUCT_400042,图书音像,性价比高,positive,1,0.045454545454545456
PRODUCT_400042,图书音像,正品放心,positive,1,0.045454545454545456
PRODUCT_400042,图书音像,疑似假货,negative,1,0.045454545454545456
PRODUCT_400077,美妆个护,正品放心,positive,1,1.0
PRODUCT_400118,图书音像,性价比高,positive,1,1.0
PRODUCT_400189,图书音像,质量好,positive,1,0.25
PRODUCT_400254,图书音像,外观好看,positive,1,1.0
PRODUCT_400289,图书音像,很新鲜,positive,1,0.5
PRODUCT_400289,图书音像,正品放心,positive,1,0.5
PRODUCT_400289,图书音像,质量好,positive,1,0.5
PRODUCT_400377,图书音像,疑似假货,negative,1,1.0
PRODUCT_400378,图书音像,疑似假货,negative,1,0.16666666666666666
PRODUCT_400404,家居生活,性价比高,positive,5,0.18518518518518517
PRODUCT_400404,家居生活,很耐用,positive,4,0.14814814814814814
PRODUCT_400404,家居生活,外观好看,positive,3,0.1111111111111111
PRODUCT_400404,家居生活,质量好,positive,2,0.07407407407407407
PRODUCT_400404,家居生活,价格贵,negative,1,0.037037037037037035
PRODUCT_400437,图书音像,外观一般,negative,1,0.3333333333333333
PRODUCT_400437,图书音像,外观好看,positive,1,0.3333333333333333
PRODUCT_400485,图书音像,内容不错,positive,2,0.6666666666666666
PRODUCT_400485,图书音像,疑似假货,negative,1,0.3333333333333333
PRODUCT_400489,电脑/办公,疑似假货,negative,1,1.0
PRODUCT_400496,图书音像,正品放心,positive,1,1.0
PRODUCT_400503,图书音像,质量好,positive,1,1.0
PRODUCT_400560,图书音像,尺码合适,positive,1,0.5
PRODUCT_400583,图书音像,性价比高,positive,1,1.0
PRODUCT_400583,图书音像,正品放心,positive,1,1.0
PRODUCT_400606,图书音像,内容不错,positive,1,0.5
PRODUCT_40062,电脑/办公,外观好看,positive,1,0.2
PRODUCT_400649,手机/数码,外观好看,positive,1,0.25
PRODUCT_400668,手机/数码,正品放心,positive,1,0.5
PRODUCT_400691,图书音像,正品放心,positive,1,1.0
PRODUCT_400764,家居生活,外观好看,positive,2,0.2857142857142857
PRODUCT_400764,家居生活,会回购,positive,1,0.14285714285714285
PRODUCT_400778,图书音像,疑似假货,negative,1,0.5
PRODUCT_400804,图书音像,质量好,positive,1,1.0
PRODUCT_400854,手机/数码,质量差,negative,1,1.0
PRODUCT_400868,图书音像,不推荐,negative,1,1.0
PRODUCT_400897,图书音像,质量好,positive,1,1.0
PRODUCT_400946,图书音像,内容不错,positive,1,1.0
PRODUCT_40100,图书音像,包装好,positive,1,0.25
PRODUCT_40104,图书音像,质量好,positive,1,1.0
PRODUCT_401078,图书音像,正品放心,positive,1,1.0
PRODUCT_401100,手机/数码,尺码不准,negative,1,0.25
PRODUCT_401110,家具/家装/建材,会回购,positive,1,0.5
PRODUCT_401110,家具/家装/建材,包装好,positive,1,0.5
PRODUCT_401160,图书音像,味道不错,positive,1,0.14285714285714285
PRODUCT_401160,图书音像,外观一般,negative,1,0.14285714285714285
PRODUCT_401160,图书音像,正品放心,positive,1,0.14285714285714285
PRODUCT_401160,图书音像,疑似假货,negative,1,0.14285714285714285
PRODUCT_401254,家居生活,性价比高,positive,2,0.25
PRODUCT_40127,图书音像,内容一般,negative,1,1.0
PRODUCT_401270,图书音像,会回购,positive,1,0.3333333333333333
PRODUCT_401327,图书音像,外观好看,positive,1,1.0
PRODUCT_401377,手机/数码,正品放心,positive,1,0.5
PRODUCT_401386,钟表/首饰/眼镜/礼品,外观好看,positive,1,1.0
PRODUCT_401460,图书音像,外观好看,positive,1,1.0
PRODUCT_401605,图书音像,内容不错,positive,1,0.5
PRODUCT_401653,手机/数码,不推荐,negative,1,0.1111111111111111
PRODUCT_401653,手机/数码,外观好看,positive,1,0.1111111111111111
PRODUCT_401653,手机/数码,质量好,positive,1,0.1111111111111111
PRODUCT_401701,图书音像,外观好看,positive,2,0.4
PRODUCT_401785,图书音像,外观好看,positive,1,1.0
PRODUCT_40179,图书音像,性价比高,positive,1,0.5
PRODUCT_401800,图书音像,外观好看,positive,2,0.5
PRODUCT_401835,电脑/办公,很耐用,positive,1,1.0
PRODUCT_401850,家具/家装/建材,会回购,positive,1,1.0
PRODUCT_401850,家具/家装/建材,容易坏,negative,1,1.0
PRODUCT_401866,电脑/办公,正品放心,positive,1,0.5
PRODUCT_401919,美妆个护,味道不错,positive,1,0.5
PRODUCT_401919,美妆个护,正品放心,positive,1,0.5
PRODUCT_401926,图书音像,内容不错,positive,1,0.25
PRODUCT_401926,图书音像,性价比高,positive,1,0.25
PRODUCT_401928,手机/数码,包装好,positive,1,0.16666666666666666
PRODUCT_401928,手机/数码,发货快,positive,1,0.16666666666666666
PRODUCT_401928,手机/数码,外观好看,positive,1,0.16666666666666666
PRODUCT_401928,手机/数码,正品放心,positive,1,0.16666666666666666
PRODUCT_401980,家用电器,不推荐,negative,1,0.2
PRODUCT_401980,家用电器,味道不错,positive,1,0.2
PRODUCT_401980,家用电器,正品放心,positive,1,0.2
PRODUCT_402019,图书音像,不推荐,negative,1,0.5
PRODUCT_402019,图书音像,内容不错,positive,1,0.5
PRODUCT_402074,图书音像,正品放心,positive,1,0.3333333333333333
PRODUCT_402137,手机/数码,很耐用,positive,1,0.3333333333333333
PRODUCT_402244,电脑/办公,不推荐,negative,1,0.25
PRODUCT_402244,电脑/办公,容易坏,negative,1,0.25
PRODUCT_402244,电脑/办公,质量差,negative,1,0.25
PRODUCT_402245,电脑/办公,很耐用,positive,1,0.3333333333333333
PRODUCT_402245,电脑/办公,续航差,negative,1,0.3333333333333333
PRODUCT_402510,图书音像,性价比高,positive,1,0.25
PRODUCT_402515,图书音像,性价比高,positive,1,1.0
PRODUCT_402547,图书音像,不推荐,negative,1,1.0
PRODUCT_402547,图书音像,内容一般,negative,1,1.0
PRODUCT_402574,电脑/办公,容易坏,negative,1,0.3333333333333333
PRODUCT_402574,电脑/办公,质量差,negative,1,0.3333333333333333
PRODUCT_402621,图书音像,内容不错,positive,1,0.5
PRODUCT_402669,图书音像,会回购,positive,1,0.5
PRODUCT_40280,手机/数码,质量好,positive,1,0.16666666666666666
PRODUCT_402825,电脑/办公,外观好看,positive,1,1.0
PRODUCT_402833,图书音像,不推荐,negative,1,1.0
PRODUCT_40289,图书音像,会回购,positive,1,0.14285714285714285
PRODUCT_40290,手机/数码,不推荐,negative,1,0.09090909090909091
PRODUCT_40290,手机/数码,外观好看,positive,1,0.09090909090909091
PRODUCT_40290,手机/数码,容易坏,negative,1,0.09090909090909091
PRODUCT_40290,手机/数码,性价比高,positive,1,0.09090909090909091
PRODUCT_40290,手机/数码,正品放心,positive,1,0.09090909090909091
PRODUCT_40290,手机/数码,疑似假货,negative,1,0.09090909090909091
PRODUCT_402931,手机/数码,外观好看,positive,1,1.0
PRODUCT_403320,图书音像,正品放心,positive,1,1.0
PRODUCT_403350,图书音像,外观好看,positive,1,1.0
PRODUCT_403352,图书音像,正品放心,positive,1,1.0
PRODUCT_403357,图书音像,价格贵,negative,1,0.1111111111111111
PRODUCT_403357,图书音像,味道不错,positive,1,0.1111111111111111
PRODUCT_403471,图书音像,外观好看,positive,1,0.07692307692307693
PRODUCT_403471,图书音像,尺码不准,negative,1,0.07692307692307693
PRODUCT_403471,图书音像,很新鲜,positive,1,0.07692307692307693
PRODUCT_403473,图书音像,内容不错,positive,1,0.1111111111111111
PRODUCT_403473,图书音像,容易坏,negative,1,0.1111111111111111
PRODUCT_403473,图书音像,尺码不准,negative,1,0.1111111111111111
PRODUCT_403473,图书音像,正品放心,positive,1,0.1111111111111111
PRODUCT_403473,图书音像,质量差,negative,1,0.1111111111111111
PRODUCT_403526,家居生活,不推荐,negative,1,0.3333333333333333
PRODUCT_403526,家居生活,价格贵,negative,1,0.3333333333333333
PRODUCT_403565,图书音像,尺码不准,negative,1,0.1111111111111111
PRODUCT_40359,图书音像,会回购,positive,1,0.16666666666666666
PRODUCT_40359,图书音像,正品放心,positive,1,0.16666666666666666
PRODUCT_403634,图书音像,味道一般,negative,1,1.0
PRODUCT_403682,图书音像,外观好看,positive,1,0.2
PRODUCT_403682,图书音像,疑似假货,negative,1,0.2
PRODUCT_403683,图书音像,会回购,positive,1,1.0
PRODUCT_403684,图书音像,会回购,positive,1,0.25
PRODUCT_403684,图书音像,性价比高,positive,1,0.25
PRODUCT_403712,图书音像,包装好,positive,1,0.16666666666666666
PRODUCT_40372,图书音像,正品放心,positive,1,1.0
PRODUCT_403766,图书音像,疑似假货,negative,1,0.5
PRODUCT_403766,图书音像,质量好,positive,1,0.5
PRODUCT_403808,图书音像,正品放心,positive,2,0.1111111111111111
PRODUCT_403808,图书音像,不推荐,negative,1,0.05555555555555555
PRODUCT_403808,图书音像,内容不错,positive,1,0.05555555555555555
PRODUCT_403808,图书音像,包装好,positive,1,0.05555555555555555
PRODUCT_403808,图书音像,包装差,negative,1,0.05555555555555555
PRODUCT_403808,图书音像,疑似假货,negative,1,0.05555555555555555
PRODUCT_403808,图书音像,质量好,positive,1,0.05555555555555555
PRODUCT_403842,图书音像,正品放心,positive,1,1.0
PRODUCT_40387,图书音像,正品放心,positive,1,0.125
PRODUCT_40387,图书音像,质量好,positive,1,0.125
PRODUCT_40392,图书音像,正品放心,positive,1,1.0
PRODUCT_404011,图书音像,不推荐,negative,1,0.5
PRODUCT_404033,钟表/首饰/眼镜/礼品,外观好看,positive,2,0.2857142857142857
PRODUCT_404033,钟表/首饰/眼镜/礼品,疑似假货,negative,1,0.14285714285714285
PRODUCT_404037,图书音像,正品放心,positive,1,0.2
PRODUCT_404116,图书音像,不推荐,negative,1,0.5
PRODUCT_404146,钟表/首饰/眼镜/礼品,外观好看,positive,1,1.0
PRODUCT_404151,图书音像,外观好看,positive,1,0.2
PRODUCT_404162,美妆个护,正品放心,positive,1,0.25
PRODUCT_404209,图书音像,不推荐,negative,2,0.5
PRODUCT_404249,图书音像,正品放心,positive,1,1.0
PRODUCT_404283,食品/保健,味道不错,positive,1,1.0
PRODUCT_404307,手机/数码,正品放心,positive,2,0.2857142857142857
PRODUCT_404307,手机/数码,容易坏,negative,1,0.14285714285714285
PRODUCT_404307,手机/数码,很耐用,positive,1,0.14285714285714285
PRODUCT_404380,图书音像,包装差,negative,1,0.125
PRODUCT_404386,图书音像,正品放心,positive,1,1.0
PRODUCT_404393,图书音像,会回购,positive,2,0.25
PRODUCT_404393,图书音像,正品放心,positive,1,0.125
PRODUCT_404440,图书音像,内容一般,negative,1,0.5
PRODUCT_404440,图书音像,正品放心,positive,1,0.5
PRODUCT_404444,图书音像,疑似假货,negative,1,0.5
PRODUCT_404444,图书音像,质量差,negative,1,0.5
PRODUCT_404457,图书音像,内容不错,positive,1,0.3333333333333333
PRODUCT_404477,电脑/办公,外观好看,positive,2,0.6666666666666666
PRODUCT_404490,美妆个护,不推荐,negative,1,1.0
PRODUCT_404490,美妆个护,质量差,negative,1,1.0
PRODUCT_4045,食品/保健,质量差,negative,1,1.0
PRODUCT_404546,图书音像,会回购,positive,1,0.5
PRODUCT_404578,图书音像,外观好看,positive,1,0.1
PRODUCT_404619,食品/保健,味道不错,positive,1,1.0
PRODUCT_404626,食品/保健,味道不错,positive,1,0.5
PRODUCT_404648,图书音像,性价比高,positive,1,0.5
PRODUCT_404655,图书音像,会回购,positive,1,1.0
PRODUCT_404691,电脑/办公,外观好看,positive,1,1.0
PRODUCT_404693,图书音像,外观好看,positive,1,1.0
PRODUCT_404726,图书音像,不推荐,negative,1,0.1111111111111111
PRODUCT_404726,图书音像,外观好看,positive,1,0.1111111111111111
PRODUCT_404726,图书音像,质量好,positive,1,0.1111111111111111
PRODUCT_404742,图书音像,发货快,positive,1,0.3333333333333333
PRODUCT_404816,图书音像,内容一般,negative,1,0.5
PRODUCT_404828,图书音像,外观好看,positive,1,0.5
PRODUCT_404858,图书音像,外观好看,positive,1,0.3333333333333333
PRODUCT_404867,图书音像,内容不错,positive,1,1.0
PRODUCT_404894,图书音像,正品放心,positive,1,1.0
PRODUCT_404964,家具/家装/建材,质量好,positive,1,1.0
PRODUCT_405016,电脑/办公,外观好看,positive,1,0.25
PRODUCT_405016,电脑/办公,正品放心,positive,1,0.25
PRODUCT_405053,电脑/办公,质量好,positive,1,0.25
PRODUCT_405112,图书音像,正品放心,positive,2,0.2
PRODUCT_405112,图书音像,很新鲜,positive,1,0.1
PRODUCT_405174,图书音像,疑似假货,negative,1,0.3333333333333333
PRODUCT_405199,家居生活,外观好看,positive,1,1.0
PRODUCT_405276,电脑/办公,外观好看,positive,1,0.2
PRODUCT_405276,电脑/办公,性价比高,positive,1,0.2
PRODUCT_405304,图书音像,不推荐,negative,1,1.0
PRODUCT_405304,图书音像,味道不错,positive,1,1.0
PRODUCT_405305,图书音像,不推荐,negative,1,1.0
PRODUCT_405316,家具/家装/建材,质量好,positive,1,0.5
PRODUCT_405399,图书音像,正品放心,positive,2,0.2857142857142857
PRODUCT_405399,图书音像,包装差,negative,1,0.14285714285714285
PRODUCT_405399,图书音像,外观好看,positive,1,0.14285714285714285
PRODUCT_405416,手机/数码,性价比高,positive,1,0.5
PRODUCT_405420,家居生活,质量好,positive,1,1.0
PRODUCT_405444,图书音像,性价比高,positive,1,0.125
PRODUCT_405444,图书音像,正品放心,positive,1,0.125
PRODUCT_405475,食品/保健,味道不错,positive,1,1.0
PRODUCT_405503,鞋类箱包,正品放心,positive,1,1.0
PRODUCT_405516,电脑/办公,正品放心,positive,1,0.3333333333333333
PRODUCT_405518,图书音像,包装差,negative,1,0.3333333333333333
PRODUCT_405518,图书音像,正品放心,positive,1,0.3333333333333333
PRODUCT_405565,电脑/办公,质量好,positive,1,0.5
PRODUCT_40558,图书音像,不推荐,negative,1,1.0
PRODUCT_405607,电脑/办公,正品放心,positive,1,0.14285714285714285
PRODUCT_405626,图书音像,价格贵,negative,1,1.0
PRODUCT_405627,食品/保健,味道不错,positive,1,1.0
PRODUCT_405633,图书音像,正品放心,positive,1,1.0
PRODUCT_405734,图书音像,正品放心,positive,2,0.3333333333333333
PRODUCT_405803,图书音像,正品放心,positive,1,1.0
PRODUCT_405858,电脑/办公,发货快,positive,1,1.0
PRODUCT_405864,电脑/办公,性价比高,positive,1,0.2
PRODUCT_405864,电脑/办公,正品放心,positive,1,0.2
PRODUCT_405874,图书音像,外观好看,positive,1,0.5
PRODUCT_405911,图书音像,疑似假货,negative,1,0.3333333333333333
PRODUCT_405959,图书音像,价格贵,negative,1,1.0
PRODUCT_405959,图书音像,内容不错,positive,1,1.0
PRODUCT_406004,图书音像,外观好看,positive,1,1.0
PRODUCT_406082,图书音像,价格贵,negative,1,1.0
PRODUCT_406116,电脑/办公,外观好看,positive,4,0.5714285714285714
PRODUCT_406116,电脑/办公,性价比高,positive,1,0.14285714285714285
PRODUCT_40612,图书音像,质量好,positive,1,1.0
PRODUCT_406143,图书音像,外观一般,negative,1,0.5
PRODUCT_406143,图书音像,很新鲜,positive,1,0.5
PRODUCT_406143,图书音像,正品放心,positive,1,0.5
PRODUCT_406174,手机/数码,质量好,positive,1,1.0
PRODUCT_406187,图书音像,正品放心,positive,2,0.6666666666666666
PRODUCT_406187,图书音像,内容不错,positive,1,0.3333333333333333
PRODUCT_406187,图书音像,疑似假货,negative,1,0.3333333333333333
PRODUCT_406187,图书音像,质量好,positive,1,0.3333333333333333
PRODUCT_406229,图书音像,正品放心,positive,1,0.5
PRODUCT_406305,电脑/办公,会回购,positive,1,0.25
PRODUCT_406305,电脑/办公,疑似假货,negative,1,0.25
PRODUCT_406310,钟表/首饰/眼镜/礼品,外观好看,positive,1,0.5
PRODUCT_406310,钟表/首饰/眼镜/礼品,性价比高,positive,1,0.5
PRODUCT_406360,电脑/办公,外观好看,positive,1,0.14285714285714285
PRODUCT_406425,图书音像,很耐用,positive,1,1.0
PRODUCT_406455,其他,发货快,positive,1,0.5
PRODUCT_40654,图书音像,容易坏,negative,1,0.5
PRODUCT_40654,图书音像,疑似假货,negative,1,0.5
PRODUCT_406583,图书音像,很耐用,positive,2,0.4
PRODUCT_406616,图书音像,容易坏,negative,1,1.0
PRODUCT_40662,电脑/办公,外观好看,positive,1,1.0
PRODUCT_40668,图书音像,内容不错,positive,1,0.09090909090909091
PRODUCT_40668,图书音像,发货快,positive,1,0.09090909090909091
PRODUCT_40668,图书音像,质量好,positive,1,0.09090909090909091
PRODUCT_406693,电脑/办公,外观好看,positive,1,0.08333333333333333
PRODUCT_406693,电脑/办公,质量好,positive,1,0.08333333333333333
PRODUCT_406693,电脑/办公,质量差,negative,1,0.08333333333333333
PRODUCT_406720,图书音像,包装好,positive,1,0.14285714285714285
PRODUCT_406720,图书音像,发货快,positive,1,0.14285714285714285
PRODUCT_406720,图书音像,正品放心,positive,1,0.14285714285714285
PRODUCT_406720,图书音像,疑似假货,negative,1,0.14285714285714285
PRODUCT_406747,电脑/办公,外观好看,positive,4,0.36363636363636365
PRODUCT_406747,电脑/办公,性价比高,positive,1,0.09090909090909091
PRODUCT_406789,图书音像,正品放心,positive,1,0.3333333333333333
PRODUCT_406807,图书音像,外观好看,positive,1,1.0
PRODUCT_406856,电脑/办公,内容一般,negative,1,0.125
PRODUCT_406856,电脑/办公,包装好,positive,1,0.125
PRODUCT_406856,电脑/办公,外观一般,negative,1,0.125
PRODUCT_406856,电脑/办公,外观好看,positive,1,0.125
PRODUCT_406871,食品/保健,味道不错,positive,1,1.0
PRODUCT_406893,鞋类箱包,物流慢,negative,1,0.25
PRODUCT_406927,电脑/办公,价格贵,negative,1,0.5
PRODUCT_406927,电脑/办公,正品放心,positive,1,0.5
PRODUCT_406979,图书音像,性价比高,positive,1,0.5
PRODUCT_407004,图书音像,正品放心,positive,1,0.14285714285714285
PRODUCT_407034,图书音像,外观好看,positive,1,0.3333333333333333
PRODUCT_407036,母婴/玩具,价格贵,negative,1,1.0
PRODUCT_407036,母婴/玩具,质量好,positive,1,1.0
PRODUCT_407079,图书音像,正品放心,positive,1,1.0
PRODUCT_407132,图书音像,会回购,positive,1,1.0
PRODUCT_407138,图书音像,外观好看,positive,1,1.0
PRODUCT_407138,图书音像,疑似假货,negative,1,1.0
PRODUCT_407326,电脑/办公,外观好看,positive,1,0.2
PRODUCT_407326,电脑/办公,容易坏,negative,1,0.2
PRODUCT_407428,电脑/办公,正品放心,positive,13,0.16883116883116883
PRODUCT_407428,电脑/办公,疑似假货,negative,4,0.05194805194805195
PRODUCT_407428,电脑/办公,质量好,positive,4,0.05194805194805195
PRODUCT_407428,电脑/办公,不推荐,negative,3,0.03896103896103896
PRODUCT_407428,电脑/办公,外观好看,positive,3,0.03896103896103896
PRODUCT_407428,电脑/办公,性价比高,positive,3,0.03896103896103896
PRODUCT_407428,电脑/办公,容易坏,negative,2,0.025974025974025976
PRODUCT_407428,电脑/办公,包装好,positive,1,0.012987012987012988
PRODUCT_407428,电脑/办公,发货快,positive,1,0.012987012987012988
PRODUCT_407428,电脑/办公,很耐用,positive,1,0.012987012987012988
PRODUCT_407428,电脑/办公,质量差,negative,1,0.012987012987012988
PRODUCT_407454,图书音像,疑似假货,negative,1,0.5
PRODUCT_407472,图书音像,外观好看,positive,1,1.0
PRODUCT_407577,图书音像,外观好看,positive,1,1.0
PRODUCT_40763,图书音像,质量差,negative,1,1.0
PRODUCT_407640,手机/数码,很耐用,positive,1,1.0
PRODUCT_407640,手机/数码,正品放心,positive,1,1.0
PRODUCT_407640,手机/数码,质量好,positive,1,1.0
PRODUCT_407646,手机/数码,质量好,positive,1,0.2
PRODUCT_407669,服饰服装,质量好,positive,1,1.0
PRODUCT_407755,手机/数码,包装好,positive,2,0.14285714285714285
PRODUCT_407755,手机/数码,不推荐,negative,1,0.07142857142857142
PRODUCT_407755,手机/数码,外观好看,positive,1,0.07142857142857142
PRODUCT_407755,手机/数码,容易坏,negative,1,0.07142857142857142
PRODUCT_407833,手机/数码,外观好看,positive,1,1.0
PRODUCT_407855,图书音像,发货快,positive,1,1.0
PRODUCT_408051,图书音像,价格贵,negative,1,1.0
PRODUCT_408051,图书音像,正品放心,positive,1,1.0
PRODUCT_40809,手机/数码,外观好看,positive,1,0.3333333333333333
PRODUCT_40809,手机/数码,正品放心,positive,1,0.3333333333333333
PRODUCT_408248,电脑/办公,容易坏,negative,1,0.25
PRODUCT_408338,图书音像,很新鲜,positive,1,1.0
PRODUCT_408340,手机/数码,正品放心,positive,1,0.5
PRODUCT_408340,手机/数码,疑似假货,negative,1,0.5
PRODUCT_408470,电脑/办公,不推荐,negative,1,0.25
PRODUCT_408470,电脑/办公,外观好看,positive,1,0.25
PRODUCT_408470,电脑/办公,性价比高,positive,1,0.25
PRODUCT_408518,手机/数码,性价比高,positive,1,0.5
PRODUCT_408541,图书音像,正品放心,positive,1,0.25
PRODUCT_408541,图书音像,疑似假货,negative,1,0.25
PRODUCT_408569,手机/数码,性价比高,positive,2,0.14285714285714285
PRODUCT_408569,手机/数码,不推荐,negative,1,0.07142857142857142
PRODUCT_408569,手机/数码,价格贵,negative,1,0.07142857142857142
PRODUCT_408569,手机/数码,物流慢,negative,1,0.07142857142857142
PRODUCT_408569,手机/数码,续航差,negative,1,0.07142857142857142
PRODUCT_408576,图书音像,会回购,positive,1,0.07142857142857142
PRODUCT_408576,图书音像,正品放心,positive,1,0.07142857142857142
PRODUCT_408585,手机/数码,包装好,positive,1,1.0
PRODUCT_408585,手机/数码,正品放心,positive,1,1.0
PRODUCT_408626,家居生活,容易坏,negative,1,0.5
PRODUCT_408654,图书音像,不推荐,negative,1,0.5
PRODUCT_408713,图书音像,外观好看,positive,1,1.0
PRODUCT_408730,手机/数码,内容一般,negative,1,0.16666666666666666
PRODUCT_408730,手机/数码,外观好看,positive,1,0.16666666666666666
PRODUCT_408739,图书音像,质量好,positive,1,0.25
PRODUCT_408748,电脑/办公,正品放心,positive,2,0.25
PRODUCT_408748,电脑/办公,外观好看,positive,1,0.125
PRODUCT_408748,电脑/办公,容易坏,negative,1,0.125
PRODUCT_408771,图书音像,外观好看,positive,1,1.0
PRODUCT_408773,图书音像,质量好,positive,1,1.0
PRODUCT_408823,家用电器,容易坏,negative,1,0.5
PRODUCT_408854,其他,性价比高,positive,1,0.058823529411764705
PRODUCT_408854,其他,正品放心,positive,1,0.058823529411764705
PRODUCT_408854,其他,疑似假货,negative,1,0.058823529411764705
PRODUCT_408854,其他,质量差,negative,1,0.058823529411764705
PRODUCT_408897,图书音像,正品放心,positive,1,1.0
PRODUCT_408922,电脑/办公,不推荐,negative,1,0.14285714285714285
PRODUCT_408922,电脑/办公,外观好看,positive,1,0.14285714285714285
PRODUCT_408922,电脑/办公,性价比高,positive,1,0.14285714285714285
PRODUCT_409081,图书音像,会回购,positive,1,1.0
PRODUCT_409081,图书音像,很耐用,positive,1,1.0
PRODUCT_409109,手机/数码,客服差,negative,1,1.0
PRODUCT_409109,手机/数码,正品放心,positive,1,1.0
PRODUCT_40918,电脑/办公,容易坏,negative,2,0.2857142857142857
PRODUCT_40918,电脑/办公,性价比高,positive,2,0.2857142857142857
PRODUCT_40918,电脑/办公,外观好看,positive,1,0.14285714285714285
PRODUCT_4092,电脑/办公,外观好看,positive,1,1.0
PRODUCT_409414,图书音像,外观好看,positive,1,0.125
PRODUCT_409414,图书音像,正品放心,positive,1,0.125
PRODUCT_409417,图书音像,不推荐,negative,1,0.5
PRODUCT_409428,图书音像,不推荐,negative,1,1.0
PRODUCT_409440,图书音像,价格贵,negative,1,1.0
PRODUCT_409444,图书音像,价格贵,negative,1,1.0
PRODUCT_409522,家用电器,性价比高,positive,2,0.14285714285714285
PRODUCT_409522,家用电器,容易坏,negative,1,0.07142857142857142
PRODUCT_409527,美妆个护,性价比高,positive,1,1.0
PRODUCT_409530,美妆个护,正品放心,positive,1,0.5
PRODUCT_409707,图书音像,性价比高,positive,1,0.5
PRODUCT_409790,图书音像,不推荐,negative,1,0.125
PRODUCT_409790,图书音像,内容不错,positive,1,0.125
PRODUCT_409790,图书音像,包装差,negative,1,0.125
PRODUCT_409790,图书音像,正品放心,positive,1,0.125
PRODUCT_409795,图书音像,外观好看,positive,1,1.0
PRODUCT_409799,图书音像,会回购,positive,1,0.3333333333333333
PRODUCT_409799,图书音像,内容不错,positive,1,0.3333333333333333
PRODUCT_409830,图书音像,质量好,positive,1,1.0
PRODUCT_409857,钟表/首饰/眼镜/礼品,外观好看,positive,1,1.0
PRODUCT_409882,图书音像,内容一般,negative,1,0.5
PRODUCT_409882,图书音像,外观一般,negative,1,0.5
PRODUCT_409882,图书音像,外观好看,positive,1,0.5
PRODUCT_410042,图书音像,外观好看,positive,1,1.0
PRODUCT_410062,图书音像,质量好,positive,1,1.0
PRODUCT_410065,其他,正品放心,positive,1,1.0
PRODUCT_410089,图书音像,疑似假货,negative,1,1.0
PRODUCT_410089,图书音像,质量差,negative,1,1.0
PRODUCT_41009,图书音像,包装好,positive,1,0.5
PRODUCT_41009,图书音像,包装差,negative,1,0.5
PRODUCT_41009,图书音像,外观好看,positive,1,0.5
PRODUCT_41009,图书音像,质量差,negative,1,0.5
PRODUCT_41012,图书音像,内容不错,positive,1,1.0
PRODUCT_410148,图书音像,正品放心,positive,1,0.3333333333333333
PRODUCT_410148,图书音像,疑似假货,negative,1,0.3333333333333333
PRODUCT_410180,图书音像,正品放心,positive,1,0.07142857142857142
PRODUCT_410180,图书音像,疑似假货,negative,1,0.07142857142857142
PRODUCT_410187,图书音像,会回购,positive,1,1.0
PRODUCT_410187,图书音像,正品放心,positive,1,1.0
PRODUCT_410202,图书音像,外观好看,positive,1,0.16666666666666666
PRODUCT_410348,美妆个护,味道不错,positive,5,0.5
PRODUCT_410355,家居生活,外观好看,positive,1,1.0
PRODUCT_410392,图书音像,内容不错,positive,1,1.0
PRODUCT_410528,图书音像,尺码合适,positive,1,1.0
PRODUCT_410576,图书音像,质量好,positive,2,0.1111111111111111
PRODUCT_410576,图书音像,正品放心,positive,1,0.05555555555555555
PRODUCT_410616,图书音像,正品放心,positive,1,1.0
PRODUCT_410739,图书音像,疑似假货,negative,1,1.0
PRODUCT_410762,图书音像,会回购,positive,1,0.2
PRODUCT_410767,图书音像,外观好看,positive,1,1.0
PRODUCT_410787,图书音像,正品放心,positive,2,0.09523809523809523
PRODUCT_410787,图书音像,外观好看,positive,1,0.047619047619047616
PRODUCT_410787,图书音像,性价比高,positive,1,0.047619047619047616
PRODUCT_410787,图书音像,疑似假货,negative,1,0.047619047619047616
PRODUCT_410801,图书音像,内容不错,positive,2,0.4
PRODUCT_410801,图书音像,质量差,negative,1,0.2
PRODUCT_410804,图书音像,外观好看,positive,1,0.25
PRODUCT_410864,图书音像,价格贵,negative,1,1.0
PRODUCT_41091,图书音像,包装差,negative,1,1.0
PRODUCT_41095,电脑/办公,性价比高,positive,1,0.5
PRODUCT_41095,电脑/办公,正品放心,positive,1,0.5
PRODUCT_410986,手机/数码,正品放心,positive,2,0.4
PRODUCT_410986,手机/数码,外观好看,positive,1,0.2
PRODUCT_411111,图书音像,外观好看,positive,1,0.2
PRODUCT_411111,图书音像,正品放心,positive,1,0.2
PRODUCT_411111,图书音像,质量好,positive,1,0.2
PRODUCT_411138,钟表/首饰/眼镜/礼品,正品放心,positive,2,0.3333333333333333
PRODUCT_411138,钟表/首饰/眼镜/礼品,疑似假货,negative,1,0.16666666666666666
PRODUCT_411160,图书音像,内容不错,positive,1,1.0
PRODUCT_41122,图书音像,外观好看,positive,2,1.0
PRODUCT_41122,图书音像,正品放心,positive,1,0.5
PRODUCT_411312,美妆个护,不推荐,negative,1,1.0
PRODUCT_411345,图书音像,疑似假货,negative,1,1.0
PRODUCT_411345,图书音像,质量好,positive,1,1.0
PRODUCT_411357,图书音像,包装差,negative,1,1.0
PRODUCT_411363,鞋类箱包,不推荐,negative,1,1.0
PRODUCT_411387,图书音像,外观好看,positive,1,1.0
PRODUCT_411397,电脑/办公,发货快,positive,1,0.2
PRODUCT_411397,电脑/办公,容易坏,negative,1,0.2
PRODUCT_411398,钟表/首饰/眼镜/礼品,外观好看,positive,1,0.5
PRODUCT_411424,图书音像,外观好看,positive,1,1.0
PRODUCT_411428,美妆个护,外观好看,positive,1,1.0
PRODUCT_411428,美妆个护,正品放心,positive,1,1.0
PRODUCT_411521,图书音像,内容一般,negative,1,1.0
PRODUCT_411593,图书音像,味道不错,positive,2,0.6666666666666666
PRODUCT_411593,图书音像,味道一般,negative,1,0.3333333333333333
PRODUCT_411598,图书音像,正品放心,positive,1,1.0
PRODUCT_411598,图书音像,质量好,positive,1,1.0
PRODUCT_411602,家用电器,价格贵,negative,1,0.3333333333333333
PRODUCT_411622,图书音像,会回购,positive,1,0.5
PRODUCT_411676,图书音像,不推荐,negative,1,0.2
PRODUCT_411676,图书音像,包装差,negative,1,0.2
PRODUCT_411676,图书音像,很新鲜,positive,1,0.2
PRODUCT_411678,图书音像,正品放心,positive,1,0.125
PRODUCT_411773,图书音像,质量好,positive,1,0.5
PRODUCT_411780,图书音像,不推荐,negative,1,1.0
PRODUCT_411785,家用电器,容易坏,negative,2,0.3333333333333333
PRODUCT_411808,图书音像,正品放心,positive,1,0.3333333333333333
PRODUCT_411822,图书音像,外观好看,positive,2,0.4
PRODUCT_411874,图书音像,性价比高,positive,1,0.5
PRODUCT_411885,图书音像,外观好看,positive,1,1.0
PRODUCT_411885,图书音像,很耐用,positive,1,1.0
PRODUCT_411973,图书音像,正品放心,positive,1,0.25
PRODUCT_412006,电脑/办公,正品放心,positive,1,1.0
PRODUCT_412046,图书音像,疑似假货,negative,2,0.07407407407407407
PRODUCT_412046,图书音像,正品放心,positive,1,0.037037037037037035
PRODUCT_412046,图书音像,质量好,positive,1,0.037037037037037035
PRODUCT_412046,图书音像,质量差,negative,1,0.037037037037037035
PRODUCT_412088,图书音像,外观好看,positive,1,1.0
PRODUCT_412094,图书音像,正品放心,positive,2,1.0
PRODUCT_412105,手机/数码,外观好看,positive,1,0.125
PRODUCT_412147,手机/数码,外观好看,positive,1,0.16666666666666666
PRODUCT_412147,手机/数码,正品放心,positive,1,0.16666666666666666
PRODUCT_412184,图书音像,价格贵,negative,1,1.0
PRODUCT_412268,图书音像,包装差,negative,1,1.0
PRODUCT_412268,图书音像,疑似假货,negative,1,1.0
PRODUCT_412272,食品/保健,味道不错,positive,2,1.0
PRODUCT_412282,图书音像,疑似假货,negative,1,0.125
PRODUCT_412291,电脑/办公,外观好看,positive,1,1.0
PRODUCT_412349,图书音像,正品放心,positive,1,1.0
PRODUCT_412356,美妆个护,味道不错,positive,1,0.5
PRODUCT_412356,美妆个护,疑似假货,negative,1,0.5
PRODUCT_41237,美妆个护,味道不错,positive,1,0.3333333333333333
PRODUCT_412378,图书音像,很新鲜,positive,1,0.3333333333333333
PRODUCT_412378,图书音像,正品放心,positive,1,0.3333333333333333
PRODUCT_412386,家用电器,正品放心,positive,2,0.4
PRODUCT_412386,家用电器,疑似假货,negative,1,0.2
PRODUCT_412386,家用电器,质量差,negative,1,0.2
PRODUCT_41239,图书音像,外观好看,positive,1,0.1
PRODUCT_41239,图书音像,性价比高,positive,1,0.1
PRODUCT_41239,图书音像,正品放心,positive,1,0.1
PRODUCT_412421,图书音像,会回购,positive,1,1.0
PRODUCT_412493,图书音像,外观好看,positive,1,1.0
PRODUCT_412495,手机/数码,内容一般,negative,1,0.08333333333333333
PRODUCT_412495,手机/数码,外观好看,positive,1,0.08333333333333333
PRODUCT_412495,手机/数码,疑似假货,negative,1,0.08333333333333333
PRODUCT_412585,美妆个护,正品放心,positive,1,0.125
PRODUCT_412585,美妆个护,疑似假货,negative,1,0.125
PRODUCT_412594,图书音像,味道不错,positive,1,0.5
PRODUCT_412633,食品/保健,味道不错,positive,2,0.6666666666666666
PRODUCT_41266,图书音像,内容一般,negative,2,0.4
PRODUCT_41266,图书音像,外观好看,positive,1,0.2
PRODUCT_41266,图书音像,正品放心,positive,1,0.2
PRODUCT_41266,图书音像,质量差,negative,1,0.2
PRODUCT_412663,其他,价格贵,negative,1,0.5
PRODUCT_412690,钟表/首饰/眼镜/礼品,性价比高,positive,1,1.0
PRODUCT_412712,钟表/首饰/眼镜/礼品,外观好看,positive,2,1.0
PRODUCT_412729,图书音像,正品放心,positive,1,0.5
PRODUCT_412729,图书音像,质量好,positive,1,0.5
PRODUCT_412746,图书音像,疑似假货,negative,1,0.3333333333333333
PRODUCT_412793,图书音像,外观好看,positive,1,1.0
PRODUCT_412852,图书音像,疑似假货,negative,1,0.2
PRODUCT_412893,图书音像,外观好看,positive,2,0.2
PRODUCT_412893,图书音像,会回购,positive,1,0.1
PRODUCT_412909,图书音像,外观好看,positive,1,0.5
PRODUCT_412953,电脑/办公,正品放心,positive,1,0.5
PRODUCT_412971,图书音像,正品放心,positive,1,1.0
PRODUCT_413037,家用电器,性价比高,positive,1,1.0
PRODUCT_413117,图书音像,疑似假货,negative,1,0.3333333333333333
PRODUCT_413117,图书音像,质量好,positive,1,0.3333333333333333
PRODUCT_413138,图书音像,内容不错,positive,1,1.0
PRODUCT_413144,手机/数码,容易坏,negative,1,0.3333333333333333
PRODUCT_413144,手机/数码,质量差,negative,1,0.3333333333333333
PRODUCT_413172,图书音像,外观好看,positive,2,0.18181818181818182
PRODUCT_413172,图书音像,不推荐,negative,1,0.09090909090909091
PRODUCT_413172,图书音像,正品放心,positive,1,0.09090909090909091
PRODUCT_413189,图书音像,内容不错,positive,1,1.0
PRODUCT_413267,图书音像,正品放心,positive,1,0.5
PRODUCT_41333,图书音像,尺码合适,positive,1,0.09090909090909091
PRODUCT_41333,图书音像,很耐用,positive,1,0.09090909090909091
PRODUCT_41333,图书音像,正品放心,positive,1,0.09090909090909091
PRODUCT_41333,图书音像,质量好,positive,1,0.09090909090909091
PRODUCT_413424,手机/数码,性价比高,positive,1,0.25
PRODUCT_413466,图书音像,性价比高,positive,1,0.2
PRODUCT_413481,图书音像,外观好看,positive,1,1.0
PRODUCT_413506,家具/家装/建材,很耐用,positive,1,1.0
PRODUCT_413506,家具/家装/建材,续航差,negative,1,1.0
PRODUCT_413522,电脑/办公,外观好看,positive,1,0.1
PRODUCT_413565,电脑/办公,外观好看,positive,1,0.25
PRODUCT_413567,电脑/办公,容易坏,negative,1,0.08333333333333333
PRODUCT_413567,电脑/办公,尺码合适,positive,1,0.08333333333333333
PRODUCT_413567,电脑/办公,性价比高,positive,1,0.08333333333333333
PRODUCT_413598,图书音像,内容不错,positive,1,1.0
PRODUCT_413617,美妆个护,味道不错,positive,1,1.0
PRODUCT_413751,图书音像,很新鲜,positive,1,1.0
PRODUCT_413798,图书音像,味道不错,positive,1,1.0
PRODUCT_413798,图书音像,性价比高,positive,1,1.0
PRODUCT_413814,图书音像,性价比高,positive,1,1.0
PRODUCT_413824,图书音像,内容不错,positive,1,1.0
PRODUCT_413842,电脑/办公,外观好看,positive,1,0.5
PRODUCT_413969,图书音像,质量差,negative,1,0.2
PRODUCT_414018,手机/数码,外观好看,positive,1,1.0
PRODUCT_41420,图书音像,不推荐,negative,1,1.0
PRODUCT_414326,美妆个护,性价比高,positive,1,1.0
PRODUCT_414388,图书音像,正品放心,positive,1,1.0
PRODUCT_414703,图书音像,不推荐,negative,1,1.0
PRODUCT_414818,图书音像,疑似假货,negative,1,1.0
PRODUCT_414870,图书音像,价格贵,negative,1,0.058823529411764705
PRODUCT_414870,图书音像,包装好,positive,1,0.058823529411764705
PRODUCT_414870,图书音像,包装差,negative,1,0.058823529411764705
PRODUCT_414870,图书音像,正品放心,positive,1,0.058823529411764705
PRODUCT_414870,图书音像,质量好,positive,1,0.058823529411764705
PRODUCT_414874,图书音像,价格贵,negative,1,0.5
PRODUCT_414995,图书音像,正品放心,positive,1,1.0
PRODUCT_415059,手机/数码,质量好,positive,1,0.25
PRODUCT_415062,图书音像,正品放心,positive,1,1.0
PRODUCT_415062,图书音像,质量差,negative,1,1.0
PRODUCT_415079,图书音像,正品放心,positive,1,1.0
PRODUCT_415209,图书音像,发货快,positive,1,0.5
PRODUCT_415209,图书音像,正品放心,positive,1,0.5
PRODUCT_415209,图书音像,疑似假货,negative,1,0.5
PRODUCT_415237,图书音像,外观好看,positive,1,0.5
PRODUCT_415354,食品/保健,质量好,positive,1,0.14285714285714285
PRODUCT_415384,图书音像,正品放心,positive,1,0.09090909090909091
PRODUCT_415498,图书音像,质量差,negative,1,0.25
PRODUCT_415502,图书音像,正品放心,positive,4,0.5714285714285714
PRODUCT_415502,图书音像,性价比高,positive,1,0.14285714285714285
PRODUCT_415513,图书音像,质量好,positive,1,0.5
PRODUCT_41555,美妆个护,不推荐,negative,1,0.25
PRODUCT_41555,美妆个护,价格贵,negative,1,0.25
PRODUCT_415580,图书音像,价格贵,negative,1,1.0
PRODUCT_415621,图书音像,内容不错,positive,1,1.0
PRODUCT_415717,图书音像,价格贵,negative,1,1.0
PRODUCT_415741,图书音像,内容不错,positive,2,0.18181818181818182
PRODUCT_415741,图书音像,外观好看,positive,1,0.09090909090909091
PRODUCT_415741,图书音像,质量差,negative,1,0.09090909090909091
PRODUCT_415783,图书音像,不推荐,negative,1,0.043478260869565216
PRODUCT_415783,图书音像,正品放心,positive,1,0.043478260869565216
PRODUCT_415783,图书音像,疑似假货,negative,1,0.043478260869565216
PRODUCT_415783,图书音像,质量好,positive,1,0.043478260869565216
PRODUCT_415783,图书音像,质量差,negative,1,0.043478260869565216
PRODUCT_415789,图书音像,外观好看,positive,1,1.0
PRODUCT_41583,图书音像,内容不错,positive,1,1.0
PRODUCT_415894,图书音像,正品放心,positive,1,0.2
PRODUCT_415966,图书音像,内容不错,positive,1,1.0
PRODUCT_416008,图书音像,不推荐,negative,1,0.5
PRODUCT_416011,图书音像,外观好看,positive,1,0.3333333333333333
PRODUCT_416021,图书音像,内容不错,positive,1,1.0
PRODUCT_416021,图书音像,质量差,negative,1,1.0
PRODUCT_41604,图书音像,正品放心,positive,1,1.0
PRODUCT_416088,图书音像,不推荐,negative,1,0.09090909090909091
PRODUCT_41626,图书音像,包装差,negative,1,1.0
PRODUCT_4163,图书音像,味道不错,positive,1,0.3333333333333333
PRODUCT_4163,图书音像,质量差,negative,1,0.3333333333333333
PRODUCT_416303,图书音像,会回购,positive,1,1.0
PRODUCT_416378,图书音像,很新鲜,positive,1,1.0
PRODUCT_416391,图书音像,包装差,negative,1,1.0
PRODUCT_416419,图书音像,正品放心,positive,1,1.0
PRODUCT_416440,图书音像,味道不错,positive,1,0.08333333333333333
PRODUCT_416481,图书音像,内容不错,positive,1,1.0
PRODUCT_4165,鞋类箱包,外观好看,positive,2,0.2857142857142857
PRODUCT_4165,鞋类箱包,外观一般,negative,1,0.14285714285714285
PRODUCT_4165,鞋类箱包,尺码不准,negative,1,0.14285714285714285
PRODUCT_4165,鞋类箱包,很耐用,positive,1,0.14285714285714285
PRODUCT_4165,鞋类箱包,质量好,positive,1,0.14285714285714285
PRODUCT_416506,美妆个护,很新鲜,positive,1,0.09090909090909091
PRODUCT_416506,美妆个护,正品放心,positive,1,0.09090909090909091
PRODUCT_416539,图书音像,包装好,positive,1,1.0
PRODUCT_416571,美妆个护,包装好,positive,1,0.5
PRODUCT_416643,图书音像,会回购,positive,1,0.14285714285714285
PRODUCT_416643,图书音像,外观好看,positive,1,0.14285714285714285
PRODUCT_416643,图书音像,性价比高,positive,1,0.14285714285714285
PRODUCT_416643,图书音像,正品放心,positive,1,0.14285714285714285
PRODUCT_416725,手机/数码,包装好,positive,1,0.14285714285714285
PRODUCT_416725,手机/数码,味道一般,negative,1,0.14285714285714285
PRODUCT_416725,手机/数码,尺码不准,negative,1,0.14285714285714285
PRODUCT_416770,电脑/办公,正品放心,positive,1,0.5
PRODUCT_416770,电脑/办公,质量好,positive,1,0.5
PRODUCT_416803,图书音像,外观好看,positive,1,0.25
PRODUCT_416895,电脑/办公,不推荐,negative,1,1.0
PRODUCT_416912,手机/数码,正品放心,positive,1,1.0
PRODUCT_416937,家具/家装/建材,外观好看,positive,2,0.4
PRODUCT_416937,家具/家装/建材,性价比高,positive,2,0.4
PRODUCT_416937,家具/家装/建材,很耐用,positive,1,0.2
PRODUCT_416937,家具/家装/建材,质量好,positive,1,0.2
PRODUCT_416947,鞋类箱包,质量好,positive,2,1.0
PRODUCT_416950,美妆个护,正品放心,positive,1,0.5
PRODUCT_417009,图书音像,不推荐,negative,1,0.3333333333333333
PRODUCT_417133,图书音像,包装好,positive,1,1.0
PRODUCT_417139,图书音像,发货快,positive,1,0.3333333333333333
PRODUCT_417149,图书音像,外观好看,positive,1,0.25
PRODUCT_417198,图书音像,内容不错,positive,1,0.5
PRODUCT_417198,图书音像,外观好看,positive,1,0.5
PRODUCT_417229,图书音像,会回购,positive,1,0.07142857142857142
PRODUCT_417229,图书音像,包装差,negative,1,0.07142857142857142
PRODUCT_417229,图书音像,外观一般,negative,1,0.07142857142857142
PRODUCT_417229,图书音像,质量好,positive,1,0.07142857142857142
PRODUCT_417233,食品/保健,味道不错,positive,1,1.0
PRODUCT_417247,手机/数码,外观好看,positive,1,1.0
PRODUCT_417259,鞋类箱包,外观好看,positive,1,1.0
PRODUCT_417272,图书音像,正品放心,positive,1,0.3333333333333333
PRODUCT_417295,图书音像,正品放心,positive,1,0.5
PRODUCT_417295,图书音像,质量好,positive,1,0.5
PRODUCT_417315,家用电器,很耐用,positive,2,0.2222222222222222
PRODUCT_417315,家用电器,发货快,positive,1,0.1111111111111111
PRODUCT_417315,家用电器,性价比高,positive,1,0.1111111111111111
PRODUCT_417315,家用电器,质量好,positive,1,0.1111111111111111
PRODUCT_417320,美妆个护,味道不错,positive,2,0.6666666666666666
PRODUCT_417320,美妆个护,外观好看,positive,1,0.3333333333333333
PRODUCT_417331,图书音像,正品放心,positive,1,1.0
PRODUCT_417342,图书音像,外观好看,positive,1,0.3333333333333333
PRODUCT_417342,图书音像,尺码合适,positive,1,0.3333333333333333
PRODUCT_417344,图书音像,正品放心,positive,1,0.5
PRODUCT_417396,电脑/办公,外观好看,positive,1,1.0
PRODUCT_41740,图书音像,价格贵,negative,1,1.0
PRODUCT_417418,图书音像,质量好,positive,1,1.0
PRODUCT_417468,图书音像,外观好看,positive,1,1.0
PRODUCT_417504,图书音像,性价比高,positive,1,1.0
PRODUCT_417519,图书音像,内容不错,positive,1,1.0
PRODUCT_417537,电脑/办公,质量好,positive,1,0.5
PRODUCT_417639,美妆个护,发货快,positive,1,1.0
PRODUCT_417651,手机/数码,很新鲜,positive,1,0.3333333333333333
PRODUCT_417656,图书音像,性价比高,positive,1,0.2
PRODUCT_417660,家用电器,质量好,positive,2,0.2
PRODUCT_417675,图书音像,会回购,positive,1,1.0
PRODUCT_417675,图书音像,性价比高,positive,1,1.0
PRODUCT_417691,手机/数码,外观好看,positive,1,0.25
PRODUCT_417700,图书音像,发货快,positive,1,0.5
PRODUCT_417706,手机/数码,会回购,positive,1,1.0
PRODUCT_417706,手机/数码,发货快,positive,1,1.0
PRODUCT_417706,手机/数码,质量好,positive,1,1.0
PRODUCT_417707,图书音像,外观好看,positive,1,0.5
PRODUCT_41772,图书音像,正品放心,positive,2,0.2857142857142857
PRODUCT_41772,图书音像,疑似假货,negative,1,0.14285714285714285
PRODUCT_417756,图书音像,内容不错,positive,1,0.3333333333333333
PRODUCT_417756,图书音像,外观好看,positive,1,0.3333333333333333
PRODUCT_417756,图书音像,物流慢,negative,1,0.3333333333333333
PRODUCT_417759,图书音像,价格贵,negative,1,0.5
PRODUCT_417759,图书音像,正品放心,positive,1,0.5
PRODUCT_417767,图书音像,正品放心,positive,1,0.5
PRODUCT_417784,运动户外,包装差,negative,1,1.0
PRODUCT_417899,图书音像,不推荐,negative,1,1.0
PRODUCT_417899,图书音像,疑似假货,negative,1,1.0
PRODUCT_4179,手机/数码,性价比高,positive,1,0.5
PRODUCT_4179,手机/数码,质量差,negative,1,0.5
PRODUCT_417949,家具/家装/建材,外观好看,positive,1,1.0
PRODUCT_418065,图书音像,内容不错,positive,1,1.0
PRODUCT_418109,图书音像,质量好,positive,1,0.5
PRODUCT_418122,图书音像,正品放心,positive,1,0.5
PRODUCT_418211,图书音像,内容一般,negative,1,0.25
PRODUCT_418249,钟表/首饰/眼镜/礼品,外观好看,positive,1,1.0
PRODUCT_418347,图书音像,质量好,positive,1,0.5
PRODUCT_418378,图书音像,质量好,positive,1,0.5
PRODUCT_418392,图书音像,外观好看,positive,1,1.0
PRODUCT_418412,图书音像,容易坏,negative,1,1.0
PRODUCT_418637,家用电器,质量好,positive,1,1.0
PRODUCT_418638,电脑/办公,正品放心,positive,2,0.2222222222222222
PRODUCT_418638,电脑/办公,质量好,positive,1,0.1111111111111111
PRODUCT_418678,图书音像,外观好看,positive,1,1.0
PRODUCT_418870,图书音像,正品放心,positive,1,1.0
PRODUCT_418902,图书音像,质量好,positive,1,1.0
PRODUCT_41898,图书音像,发货快,positive,1,1.0
PRODUCT_41902,图书音像,包装差,negative,1,1.0
PRODUCT_419047,电脑/办公,正品放心,positive,1,0.16666666666666666
PRODUCT_419047,电脑/办公,疑似假货,negative,1,0.16666666666666666
PRODUCT_41912,图书音像,正品放心,positive,1,1.0
PRODUCT_419140,家居生活,外观好看,positive,1,1.0
PRODUCT_419140,家居生活,质量好,positive,1,1.0
PRODUCT_419246,图书音像,质量差,negative,1,1.0
PRODUCT_419260,钟表/首饰/眼镜/礼品,性价比高,positive,1,1.0
PRODUCT_419271,手机/数码,外观好看,positive,2,0.5
PRODUCT_419348,图书音像,正品放心,positive,1,1.0
PRODUCT_419409,图书音像,正品放心,positive,1,1.0
PRODUCT_41942,图书音像,正品放心,positive,2,0.2222222222222222
PRODUCT_41942,图书音像,包装好,positive,1,0.1111111111111111
PRODUCT_41942,图书音像,味道不错,positive,1,0.1111111111111111
PRODUCT_41942,图书音像,疑似假货,negative,1,0.1111111111111111
PRODUCT_419521,图书音像,正品放心,positive,1,1.0
PRODUCT_419582,手机/数码,容易坏,negative,1,0.3333333333333333
PRODUCT_419710,手机/数码,不推荐,negative,1,0.2
PRODUCT_419710,手机/数码,外观好看,positive,1,0.2
PRODUCT_419710,手机/数码,很耐用,positive,1,0.2
PRODUCT_419974,图书音像,包装差,negative,1,0.5
PRODUCT_420089,图书音像,外观好看,positive,1,0.14285714285714285
PRODUCT_4201,图书音像,内容不错,positive,1,0.2
PRODUCT_4201,图书音像,外观好看,positive,1,0.2
PRODUCT_4201,图书音像,疑似假货,negative,1,0.2
PRODUCT_420116,电脑/办公,质量差,negative,1,0.09090909090909091
PRODUCT_420332,图书音像,正品放心,positive,2,0.5
PRODUCT_420332,图书音像,质量好,positive,1,0.25
PRODUCT_420487,图书音像,会回购,positive,1,1.0
PRODUCT_420487,图书音像,外观好看,positive,1,1.0
PRODUCT_420539,手机/数码,容易坏,negative,1,0.25
PRODUCT_420556,图书音像,包装好,positive,1,0.5
PRODUCT_420644,电脑/办公,外观好看,positive,1,0.16666666666666666
PRODUCT_420834,图书音像,性价比高,positive,1,0.5
PRODUCT_420903,图书音像,内容一般,negative,1,1.0
PRODUCT_420903,图书音像,正品放心,positive,1,1.0
PRODUCT_420916,图书音像,内容不错,positive,1,1.0
PRODUCT_420916,图书音像,质量好,positive,1,1.0
PRODUCT_420981,图书音像,外观好看,positive,1,0.5
PRODUCT_421043,图书音像,价格贵,negative,1,0.25
PRODUCT_421043,图书音像,正品放心,positive,1,0.25
PRODUCT_4211,手机/数码,正品放心,positive,2,0.4
PRODUCT_42119,图书音像,外观一般,negative,1,1.0
PRODUCT_42119,图书音像,外观好看,positive,1,1.0
PRODUCT_421281,美妆个护,味道不错,positive,1,0.25
PRODUCT_421330,图书音像,会回购,positive,1,1.0
PRODUCT_421343,图书音像,会回购,positive,1,0.5
PRODUCT_421357,图书音像,质量差,negative,1,0.5
PRODUCT_421382,家居生活,正品放心,positive,1,1.0
PRODUCT_421436,图书音像,质量好,positive,1,1.0
PRODUCT_421487,其他,味道不错,positive,1,1.0
PRODUCT_421487,其他,外观好看,positive,1,1.0
PRODUCT_421504,图书音像,质量好,positive,1,1.0
PRODUCT_421511,图书音像,质量好,positive,1,1.0
PRODUCT_421523,图书音像,包装差,negative,1,0.3333333333333333
PRODUCT_421523,图书音像,外观一般,negative,1,0.3333333333333333
PRODUCT_421523,图书音像,外观好看,positive,1,0.3333333333333333
PRODUCT_421526,图书音像,外观好看,positive,1,0.25
PRODUCT_421561,图书音像,容易坏,negative,1,1.0
PRODUCT_421611,图书音像,质量好,positive,1,1.0
PRODUCT_421645,图书音像,性价比高,positive,1,0.5
PRODUCT_421664,图书音像,会回购,positive,1,0.2
PRODUCT_421664,图书音像,内容不错,positive,1,0.2
PRODUCT_421664,图书音像,疑似假货,negative,1,0.2
PRODUCT_421671,图书音像,内容一般,negative,1,0.25
PRODUCT_421759,图书音像,发货快,positive,1,0.3333333333333333
PRODUCT_421759,图书音像,性价比高,positive,1,0.3333333333333333
PRODUCT_421759,图书音像,质量好,positive,1,0.3333333333333333
PRODUCT_421837,图书音像,疑似假货,negative,1,1.0
PRODUCT_42185,美妆个护,正品放心,positive,1,1.0
PRODUCT_421982,图书音像,外观一般,negative,1,1.0
PRODUCT_421989,图书音像,正品放心,positive,1,1.0
PRODUCT_422027,其他,包装好,positive,1,1.0
PRODUCT_422027,其他,正品放心,positive,1,1.0
PRODUCT_422036,图书音像,外观好看,positive,1,0.0625
PRODUCT_422036,图书音像,性价比高,positive,1,0.0625
PRODUCT_422036,图书音像,正品放心,positive,1,0.0625
PRODUCT_422044,图书音像,外观好看,positive,1,1.0
PRODUCT_422059,图书音像,很新鲜,positive,1,1.0
PRODUCT_422059,图书音像,质量好,positive,1,1.0
PRODUCT_422102,图书音像,质量差,negative,1,1.0
PRODUCT_422109,图书音像,正品放心,positive,1,0.16666666666666666
PRODUCT_422192,美妆个护,正品放心,positive,1,0.3333333333333333
PRODUCT_422241,美妆个护,味道不错,positive,1,1.0
PRODUCT_422280,图书音像,外观一般,negative,1,0.07142857142857142
PRODUCT_422280,图书音像,质量差,negative,1,0.07142857142857142
PRODUCT_422306,图书音像,疑似假货,negative,1,0.3333333333333333
PRODUCT_422314,图书音像,价格贵,negative,1,1.0
PRODUCT_422314,图书音像,质量好,positive,1,1.0
PRODUCT_422336,手机/数码,外观好看,positive,1,0.3333333333333333
PRODUCT_422462,母婴/玩具,容易坏,negative,1,1.0
PRODUCT_422489,图书音像,质量好,positive,1,1.0
PRODUCT_422494,图书音像,外观好看,positive,1,0.5
PRODUCT_422499,图书音像,尺码合适,positive,1,1.0
PRODUCT_42252,手机/数码,内容一般,negative,1,0.5
PRODUCT_422530,图书音像,包装好,positive,1,0.5
PRODUCT_422530,图书音像,很新鲜,positive,1,0.5
PRODUCT_42256,图书音像,内容不错,positive,1,0.25
PRODUCT_42256,图书音像,正品放心,positive,1,0.25
PRODUCT_422631,图书音像,内容不错,positive,1,1.0
PRODUCT_422665,母婴/玩具,味道不错,positive,2,0.16666666666666666
PRODUCT_422665,母婴/玩具,会回购,positive,1,0.08333333333333333
PRODUCT_422665,母婴/玩具,质量好,positive,1,0.08333333333333333
PRODUCT_422699,图书音像,性价比高,positive,1,1.0
PRODUCT_422731,图书音像,正品放心,positive,1,1.0
PRODUCT_422735,图书音像,外观好看,positive,1,0.07692307692307693
PRODUCT_422741,食品/保健,会回购,positive,1,0.3333333333333333
PRODUCT_422759,图书音像,外观好看,positive,1,0.5
PRODUCT_422763,电脑/办公,包装差,negative,1,0.5
PRODUCT_422763,电脑/办公,外观好看,positive,1,0.5
PRODUCT_422763,电脑/办公,疑似假货,negative,1,0.5
PRODUCT_422763,电脑/办公,质量差,negative,1,0.5
PRODUCT_422784,图书音像,质量好,positive,1,1.0
PRODUCT_422804,图书音像,质量好,positive,1,0.3333333333333333
PRODUCT_422813,图书音像,质量好,positive,1,0.3333333333333333
PRODUCT_422828,家居生活,价格贵,negative,1,1.0
PRODUCT_422898,图书音像,外观好看,positive,1,1.0
PRODUCT_422935,家用电器,不推荐,negative,1,0.5
PRODUCT_422935,家用电器,外观好看,positive,1,0.5
PRODUCT_422935,家用电器,质量好,positive,1,0.5
PRODUCT_42295,图书音像,内容不错,positive,1,1.0
PRODUCT_422950,图书音像,内容不错,positive,1,1.0
PRODUCT_422950,图书音像,正品放心,positive,1,1.0
PRODUCT_422955,钟表/首饰/眼镜/礼品,价格贵,negative,1,0.5
PRODUCT_422989,图书音像,内容不错,positive,1,0.3333333333333333
PRODUCT_422989,图书音像,正品放心,positive,1,0.3333333333333333
PRODUCT_422989,图书音像,疑似假货,negative,1,0.3333333333333333
PRODUCT_423032,图书音像,外观好看,positive,1,0.5
PRODUCT_423032,图书音像,正品放心,positive,1,0.5
PRODUCT_423046,图书音像,外观一般,negative,1,0.5
PRODUCT_423046,图书音像,外观好看,positive,1,0.5
PRODUCT_423046,图书音像,性价比高,positive,1,0.5
PRODUCT_423063,电脑/办公,包装好,positive,1,1.0
PRODUCT_423063,电脑/办公,很耐用,positive,1,1.0
PRODUCT_423063,电脑/办公,正品放心,positive,1,1.0
PRODUCT_423088,食品/保健,味道不错,positive,1,0.5
PRODUCT_423143,美妆个护,包装差,negative,1,0.2
PRODUCT_423143,美妆个护,正品放心,positive,1,0.2
PRODUCT_423145,图书音像,会回购,positive,1,0.3333333333333333
PRODUCT_423145,图书音像,外观好看,positive,1,0.3333333333333333
PRODUCT_423238,图书音像,不推荐,negative,1,0.125
PRODUCT_423238,图书音像,内容不错,positive,1,0.125
PRODUCT_423238,图书音像,性价比高,positive,1,0.125
PRODUCT_423282,图书音像,质量好,positive,1,1.0
PRODUCT_423285,手机/数码,外观好看,positive,3,0.2
PRODUCT_423285,手机/数码,正品放心,positive,2,0.13333333333333333
PRODUCT_423285,手机/数码,价格贵,negative,1,0.06666666666666667
PRODUCT_423285,手机/数码,会回购,positive,1,0.06666666666666667
PRODUCT_423285,手机/数码,性价比高,positive,1,0.06666666666666667
PRODUCT_423287,图书音像,疑似假货,negative,1,0.5
PRODUCT_42332,图书音像,会回购,positive,1,0.25
PRODUCT_42332,图书音像,外观好看,positive,1,0.25
PRODUCT_423351,图书音像,会回购,positive,1,0.5
PRODUCT_423351,图书音像,外观好看,positive,1,0.5
PRODUCT_423379,图书音像,正品放心,positive,2,0.5
PRODUCT_423393,钟表/首饰/眼镜/礼品,会回购,positive,1,0.3333333333333333
PRODUCT_423411,手机/数码,质量好,positive,1,0.25
PRODUCT_423464,钟表/首饰/眼镜/礼品,正品放心,positive,1,0.5
PRODUCT_423481,美妆个护,味道不错,positive,1,0.14285714285714285
PRODUCT_423481,美妆个护,正品放心,positive,1,0.14285714285714285
PRODUCT_423492,美妆个护,味道不错,positive,1,1.0
PRODUCT_423492,美妆个护,正品放心,positive,1,1.0
PRODUCT_423514,美妆个护,价格贵,negative,1,0.25
PRODUCT_423531,图书音像,外观好看,positive,1,0.3333333333333333
PRODUCT_423536,母婴/玩具,质量好,positive,2,0.5
PRODUCT_423582,家居生活,内容一般,negative,1,1.0
PRODUCT_423585,图书音像,价格贵,negative,1,1.0
PRODUCT_423622,图书音像,正品放心,positive,1,1.0
PRODUCT_423624,图书音像,会回购,positive,1,1.0
PRODUCT_423638,手机/数码,质量好,positive,1,0.5
PRODUCT_423649,图书音像,疑似假货,negative,1,1.0
PRODUCT_423668,家用电器,性价比高,positive,1,0.3333333333333333
PRODUCT_423684,图书音像,内容不错,positive,1,1.0
PRODUCT_423697,母婴/玩具,包装好,positive,1,0.2
PRODUCT_423697,母婴/玩具,质量好,positive,1,0.2
PRODUCT_423706,美妆个护,味道不错,positive,1,0.5
PRODUCT_423718,图书音像,外观一般,negative,1,0.125
PRODUCT_423718,图书音像,性价比高,positive,1,0.125
PRODUCT_42372,图书音像,不推荐,negative,1,0.5
PRODUCT_42372,图书音像,会回购,positive,1,0.5
PRODUCT_42372,图书音像,内容一般,negative,1,0.5
PRODUCT_423757,图书音像,价格贵,negative,1,1.0
PRODUCT_423757,图书音像,很新鲜,positive,1,1.0
PRODUCT_423772,图书音像,会回购,positive,1,1.0
PRODUCT_423772,图书音像,性价比高,positive,1,1.0
PRODUCT_423819,母婴/玩具,续航差,negative,1,1.0
PRODUCT_423835,食品/保健,味道不错,positive,3,0.75
PRODUCT_423860,图书音像,质量好,positive,1,1.0
PRODUCT_423873,图书音像,外观好看,positive,1,1.0
PRODUCT_423899,钟表/首饰/眼镜/礼品,包装好,positive,1,0.5
PRODUCT_423899,钟表/首饰/眼镜/礼品,外观好看,positive,1,0.5
PRODUCT_423925,图书音像,不推荐,negative,1,1.0
PRODUCT_423963,家具/家装/建材,外观好看,positive,1,1.0
PRODUCT_423963,家具/家装/建材,正品放心,positive,1,1.0
PRODUCT_423973,家居生活,外观好看,positive,1,0.25
PRODUCT_423998,图书音像,内容一般,negative,1,0.3333333333333333
PRODUCT_423999,图书音像,内容一般,negative,1,1.0
PRODUCT_424014,图书音像,外观好看,positive,1,1.0
PRODUCT_424163,家用电器,性价比高,positive,1,0.3333333333333333
PRODUCT_424163,家用电器,质量好,positive,1,0.3333333333333333
PRODUCT_424174,图书音像,疑似假货,negative,1,1.0
PRODUCT_424192,图书音像,疑似假货,negative,1,1.0
PRODUCT_424194,电脑/办公,不推荐,negative,1,1.0
PRODUCT_424194,电脑/办公,性价比高,positive,1,1.0
PRODUCT_424226,图书音像,正品放心,positive,1,1.0
PRODUCT_424278,手机/数码,价格贵,negative,1,1.0
PRODUCT_424278,手机/数码,外观好看,positive,1,1.0
PRODUCT_424290,图书音像,正品放心,positive,2,0.6666666666666666
PRODUCT_424290,图书音像,质量好,positive,1,0.3333333333333333
PRODUCT_424306,图书音像,内容一般,negative,1,1.0
PRODUCT_424306,图书音像,疑似假货,negative,1,1.0
PRODUCT_424368,电脑/办公,会回购,positive,1,0.125
PRODUCT_424368,电脑/办公,容易坏,negative,1,0.125
PRODUCT_424368,电脑/办公,性价比高,positive,1,0.125
PRODUCT_424368,电脑/办公,质量差,negative,1,0.125
PRODUCT_424395,图书音像,正品放心,positive,1,0.3333333333333333
PRODUCT_424395,图书音像,质量好,positive,1,0.3333333333333333
PRODUCT_42445,图书音像,价格贵,negative,1,0.25
PRODUCT_42445,图书音像,外观好看,positive,1,0.25
PRODUCT_424479,电脑/办公,容易坏,negative,1,1.0
PRODUCT_424480,美妆个护,包装好,positive,1,0.5
PRODUCT_424533,图书音像,质量好,positive,1,1.0
PRODUCT_424550,电脑/办公,外观好看,positive,2,0.3333333333333333
PRODUCT_424550,电脑/办公,不推荐,negative,1,0.16666666666666666
PRODUCT_424597,图书音像,外观好看,positive,1,0.5
PRODUCT_424602,美妆个护,会回购,positive,1,0.5
PRODUCT_424637,手机/数码,性价比高,positive,1,0.5
PRODUCT_424655,电脑/办公,正品放心,positive,1,0.14285714285714285
PRODUCT_424676,图书音像,很新鲜,positive,1,0.5
PRODUCT_424731,图书音像,发货快,positive,1,0.125
PRODUCT_424752,电脑/办公,质量好,positive,1,1.0
PRODUCT_424762,图书音像,不推荐,negative,1,1.0
PRODUCT_424762,图书音像,味道不错,positive,1,1.0
PRODUCT_424856,图书音像,外观好看,positive,1,1.0
PRODUCT_424880,图书音像,包装好,positive,1,1.0
PRODUCT_424897,电脑/办公,质量好,positive,1,0.5
PRODUCT_425013,图书音像,味道不错,positive,1,0.5
PRODUCT_425093,家用电器,外观好看,positive,1,1.0
PRODUCT_425186,电脑/办公,尺码不准,negative,1,1.0
PRODUCT_425205,家用电器,性价比高,positive,1,1.0
PRODUCT_425283,电脑/办公,外观好看,positive,2,0.2
PRODUCT_425283,电脑/办公,会回购,positive,1,0.1
PRODUCT_425283,电脑/办公,性价比高,positive,1,0.1
PRODUCT_425283,电脑/办公,正品放心,positive,1,0.1
PRODUCT_425299,图书音像,性价比高,positive,1,1.0
PRODUCT_42532,美妆个护,味道不错,positive,1,0.3333333333333333
PRODUCT_42532,美妆个护,正品放心,positive,1,0.3333333333333333
PRODUCT_425525,家用电器,味道不错,positive,2,0.2
PRODUCT_425525,家用电器,价格贵,negative,1,0.1
PRODUCT_425525,家用电器,外观好看,positive,1,0.1
PRODUCT_425525,家用电器,性价比高,positive,1,0.1
PRODUCT_425525,家用电器,正品放心,positive,1,0.1
PRODUCT_425525,家用电器,疑似假货,negative,1,0.1
PRODUCT_425534,图书音像,外观好看,positive,1,0.16666666666666666
PRODUCT_425534,图书音像,很新鲜,positive,1,0.16666666666666666
PRODUCT_425556,图书音像,不推荐,negative,1,1.0
PRODUCT_425658,图书音像,正品放心,positive,1,0.5
PRODUCT_425693,电脑/办公,外观好看,positive,1,0.16666666666666666
PRODUCT_425836,电脑/办公,内容不错,positive,4,0.4
PRODUCT_425836,电脑/办公,会回购,positive,1,0.1
PRODUCT_425836,电脑/办公,外观好看,positive,1,0.1
PRODUCT_425836,电脑/办公,疑似假货,negative,1,0.1
PRODUCT_42585,图书音像,质量好,positive,1,1.0
PRODUCT_425885,手机/数码,容易坏,negative,2,0.2857142857142857
PRODUCT_425885,手机/数码,外观好看,positive,1,0.14285714285714285
PRODUCT_425896,图书音像,正品放心,positive,1,0.16666666666666666
PRODUCT_425896,图书音像,质量好,positive,1,0.16666666666666666
PRODUCT_425990,手机/数码,正品放心,positive,2,0.6666666666666666
PRODUCT_426079,手机/数码,性价比高,positive,1,1.0
PRODUCT_426189,图书音像,味道不错,positive,1,1.0
PRODUCT_426236,图书音像,质量好,positive,1,1.0
PRODUCT_42632,电脑/办公,正品放心,positive,1,0.125
PRODUCT_426320,美妆个护,味道不错,positive,1,1.0
PRODUCT_42633,电脑/办公,会回购,positive,1,0.09090909090909091
PRODUCT_42633,电脑/办公,内容不错,positive,1,0.09090909090909091
PRODUCT_42633,电脑/办公,性价比高,positive,1,0.09090909090909091
PRODUCT_42633,电脑/办公,正品放心,positive,1,0.09090909090909091
PRODUCT_42633,电脑/办公,物流慢,negative,1,0.09090909090909091
PRODUCT_42650,图书音像,会回购,positive,1,1.0
PRODUCT_426564,图书音像,外观好看,positive,2,0.4
PRODUCT_426564,图书音像,不推荐,negative,1,0.2
PRODUCT_426564,图书音像,发货快,positive,1,0.2
PRODUCT_42658,美妆个护,正品放心,positive,1,0.5
PRODUCT_426647,图书音像,疑似假货,negative,1,0.5
PRODUCT_426712,图书音像,很新鲜,positive,1,0.16666666666666666
PRODUCT_426743,手机/数码,质量差,negative,2,0.6666666666666666
PRODUCT_426743,手机/数码,容易坏,negative,1,0.3333333333333333
PRODUCT_426749,美妆个护,味道不错,positive,1,0.1111111111111111
PRODUCT_426749,美妆个护,性价比高,positive,1,0.1111111111111111
PRODUCT_426749,美妆个护,正品放心,positive,1,0.1111111111111111
PRODUCT_426755,美妆个护,价格贵,negative,1,0.125
PRODUCT_426755,美妆个护,包装差,negative,1,0.125
PRODUCT_426755,美妆个护,正品放心,positive,1,0.125
PRODUCT_426756,母婴/玩具,质量好,positive,1,0.3333333333333333
PRODUCT_426768,图书音像,价格贵,negative,1,1.0
PRODUCT_426768,图书音像,外观好看,positive,1,1.0
PRODUCT_426768,图书音像,性价比高,positive,1,1.0
PRODUCT_42679,电脑/办公,外观好看,positive,1,0.5
PRODUCT_426860,图书音像,疑似假货,negative,1,0.3333333333333333
PRODUCT_42696,图书音像,价格贵,negative,1,0.5
PRODUCT_427013,图书音像,内容不错,positive,1,0.3333333333333333
PRODUCT_427013,图书音像,很新鲜,positive,1,0.3333333333333333
PRODUCT_427162,图书音像,正品放心,positive,1,0.5
PRODUCT_427174,图书音像,疑似假货,negative,1,1.0
PRODUCT_427174,图书音像,质量差,negative,1,1.0
PRODUCT_42720,图书音像,正品放心,positive,1,1.0
PRODUCT_427451,图书音像,内容不错,positive,1,1.0
PRODUCT_427475,图书音像,外观好看,positive,1,1.0
PRODUCT_427484,图书音像,外观好看,positive,1,0.25
PRODUCT_427528,图书音像,外观一般,negative,1,0.125
PRODUCT_427528,图书音像,外观好看,positive,1,0.125
PRODUCT_427528,图书音像,质量好,positive,1,0.125
PRODUCT_427532,图书音像,疑似假货,negative,1,1.0
PRODUCT_427560,图书音像,外观好看,positive,1,1.0
PRODUCT_42759,美妆个护,疑似假货,negative,1,1.0
PRODUCT_427670,图书音像,外观好看,positive,1,0.16666666666666666
PRODUCT_427722,图书音像,内容一般,negative,1,0.5
PRODUCT_427749,图书音像,正品放心,positive,1,0.5
PRODUCT_427771,图书音像,正品放心,positive,1,1.0
PRODUCT_427773,图书音像,味道不错,positive,1,0.5
PRODUCT_428050,图书音像,价格贵,negative,1,1.0
PRODUCT_428050,图书音像,会回购,positive,1,1.0
PRODUCT_428053,美妆个护,性价比高,positive,1,1.0
PRODUCT_428121,图书音像,正品放心,positive,1,1.0
PRODUCT_428205,图书音像,疑似假货,negative,1,1.0
PRODUCT_428359,美妆个护,很耐用,positive,1,0.125
PRODUCT_428404,钟表/首饰/眼镜/礼品,正品放心,positive,2,1.0
PRODUCT_42841,图书音像,外观好看,positive,3,0.13636363636363635
PRODUCT_42841,图书音像,质量好,positive,2,0.09090909090909091
PRODUCT_42841,图书音像,味道不错,positive,1,0.045454545454545456
PRODUCT_42841,图书音像,正品放心,positive,1,0.045454545454545456
PRODUCT_428449,家居生活,质量好,positive,1,1.0
PRODUCT_428462,图书音像,味道一般,negative,1,0.25
PRODUCT_428462,图书音像,正品放心,positive,1,0.25
PRODUCT_428462,图书音像,疑似假货,negative,1,0.25
PRODUCT_428509,图书音像,性价比高,positive,1,1.0
PRODUCT_428537,图书音像,不推荐,negative,1,0.5
PRODUCT_428537,图书音像,外观好看,positive,1,0.5
PRODUCT_42858,图书音像,正品放心,positive,1,1.0
PRODUCT_42859,图书音像,内容不错,positive,2,0.16666666666666666
PRODUCT_42859,图书音像,尺码合适,positive,1,0.08333333333333333
PRODUCT_428592,美妆个护,正品放心,positive,1,0.2
PRODUCT_428622,图书音像,外观好看,positive,1,1.0
PRODUCT_428629,图书音像,正品放心,positive,1,0.5
PRODUCT_428629,图书音像,质量好,positive,1,0.5
PRODUCT_42864,手机/数码,外观好看,positive,1,1.0
PRODUCT_428678,美妆个护,味道不错,positive,1,0.5
PRODUCT_428717,图书音像,正品放心,positive,1,1.0
PRODUCT_428761,图书音像,正品放心,positive,1,1.0
PRODUCT_428822,图书音像,内容不错,positive,1,0.5
PRODUCT_428844,图书音像,性价比高,positive,1,1.0
PRODUCT_428911,图书音像,性价比高,positive,1,0.3333333333333333
PRODUCT_428916,图书音像,外观好看,positive,1,0.25
PRODUCT_428916,图书音像,很新鲜,positive,1,0.25
PRODUCT_428934,图书音像,疑似假货,negative,1,0.5
PRODUCT_428947,图书音像,外观好看,positive,1,1.0
PRODUCT_429051,图书音像,正品放心,positive,1,0.125
PRODUCT_429054,运动户外,质量好,positive,4,0.36363636363636365
PRODUCT_429054,运动户外,容易坏,negative,1,0.09090909090909091
PRODUCT_429112,图书音像,很新鲜,positive,1,0.5
PRODUCT_429148,图书音像,不推荐,negative,1,0.08333333333333333
PRODUCT_429148,图书音像,内容一般,negative,1,0.08333333333333333
PRODUCT_429148,图书音像,内容不错,positive,1,0.08333333333333333
PRODUCT_429148,图书音像,外观好看,positive,1,0.08333333333333333
PRODUCT_429168,图书音像,外观好看,positive,2,0.14285714285714285
PRODUCT_429168,图书音像,质量好,positive,2,0.14285714285714285
PRODUCT_429168,图书音像,包装好,positive,1,0.07142857142857142
PRODUCT_429168,图书音像,外观一般,negative,1,0.07142857142857142
PRODUCT_429168,图书音像,很新鲜,positive,1,0.07142857142857142
PRODUCT_429168,图书音像,正品放心,positive,1,0.07142857142857142
PRODUCT_429378,图书音像,外观好看,positive,1,1.0
PRODUCT_429378,图书音像,性价比高,positive,1,1.0
PRODUCT_429378,图书音像,质量好,positive,1,1.0
PRODUCT_429392,图书音像,内容一般,negative,1,1.0
PRODUCT_429393,图书音像,质量好,positive,1,0.5
PRODUCT_429408,食品/保健,味道一般,negative,1,1.0
PRODUCT_429408,食品/保健,味道不错,positive,1,1.0
PRODUCT_429432,图书音像,包装差,negative,1,0.25
PRODUCT_429432,图书音像,容易坏,negative,1,0.25
PRODUCT_429432,图书音像,质量好,positive,1,0.25
PRODUCT_42945,家居生活,正品放心,positive,1,1.0
PRODUCT_429476,图书音像,内容不错,positive,1,1.0
PRODUCT_42953,图书音像,外观好看,positive,1,0.3333333333333333
PRODUCT_42953,图书音像,正品放心,positive,1,0.3333333333333333
PRODUCT_429552,电脑/办公,会回购,positive,1,0.3333333333333333
PRODUCT_429552,电脑/办公,性价比高,positive,1,0.3333333333333333
PRODUCT_429626,图书音像,性价比高,positive,2,0.5
PRODUCT_429672,家用电器,价格贵,negative,1,1.0
PRODUCT_429672,家用电器,质量好,positive,1,1.0
PRODUCT_429682,图书音像,外观好看,positive,1,0.1111111111111111
PRODUCT_429682,图书音像,性价比高,positive,1,0.1111111111111111
PRODUCT_429693,图书音像,不推荐,negative,1,1.0
PRODUCT_429708,图书音像,内容不错,positive,1,0.5
PRODUCT_429729,图书音像,外观好看,positive,1,0.3333333333333333
PRODUCT_429729,图书音像,质量好,positive,1,0.3333333333333333
PRODUCT_429732,图书音像,价格贵,negative,1,1.0
PRODUCT_429759,图书音像,正品放心,positive,1,0.2
PRODUCT_429759,图书音像,质量好,positive,1,0.2
PRODUCT_429809,电脑/办公,外观好看,positive,1,0.2
PRODUCT_429810,图书音像,性价比高,positive,1,0.07142857142857142
PRODUCT_429834,图书音像,内容不错,positive,1,0.25
PRODUCT_429834,图书音像,很新鲜,positive,1,0.25
PRODUCT_429867,图书音像,包装差,negative,1,1.0
PRODUCT_429880,母婴/玩具,正品放心,positive,2,0.2
PRODUCT_429880,母婴/玩具,价格贵,negative,1,0.1
PRODUCT_429880,母婴/玩具,会回购,positive,1,0.1
PRODUCT_429880,母婴/玩具,很新鲜,positive,1,0.1
PRODUCT_429880,母婴/玩具,疑似假货,negative,1,0.1
PRODUCT_429939,电脑/办公,会回购,positive,1,0.3333333333333333
PRODUCT_429939,电脑/办公,性价比高,positive,1,0.3333333333333333
PRODUCT_429980,手机/数码,外观好看,positive,1,0.5
PRODUCT_430012,图书音像,正品放心,positive,1,0.3333333333333333
PRODUCT_430013,图书音像,正品放心,positive,2,0.13333333333333333
PRODUCT_430013,图书音像,内容不错,positive,1,0.06666666666666667
PRODUCT_430013,图书音像,质量差,negative,1,0.06666666666666667
PRODUCT_430018,运动户外,价格贵,negative,1,1.0
PRODUCT_43002,图书音像,外观一般,negative,1,0.16666666666666666
PRODUCT_43002,图书音像,外观好看,positive,1,0.16666666666666666
PRODUCT_43002,图书音像,正品放心,positive,1,0.16666666666666666
PRODUCT_43002,图书音像,质量好,positive,1,0.16666666666666666
PRODUCT_430033,手机/数码,正品放心,positive,1,1.0
PRODUCT_43006,家用电器,外观好看,positive,1,0.16666666666666666
PRODUCT_43006,家用电器,正品放心,positive,1,0.16666666666666666
PRODUCT_430065,图书音像,正品放心,positive,1,0.5
PRODUCT_4301,图书音像,外观好看,positive,1,0.3333333333333333
PRODUCT_4301,图书音像,正品放心,positive,1,0.3333333333333333
PRODUCT_430116,图书音像,正品放心,positive,1,1.0
PRODUCT_430143,图书音像,会回购,positive,1,0.08333333333333333
PRODUCT_430143,图书音像,容易坏,negative,1,0.08333333333333333
PRODUCT_430143,图书音像,很新鲜,positive,1,0.08333333333333333
PRODUCT_430174,鞋类箱包,外观好看,positive,1,0.3333333333333333
PRODUCT_430191,图书音像,不推荐,negative,1,0.5
PRODUCT_430191,图书音像,内容不错,positive,1,0.5
PRODUCT_430306,电脑/办公,外观好看,positive,2,0.5
PRODUCT_430306,电脑/办公,质量好,positive,1,0.25
PRODUCT_430319,母婴/玩具,性价比高,positive,1,0.14285714285714285
PRODUCT_430319,母婴/玩具,正品放心,positive,1,0.14285714285714285
PRODUCT_430319,母婴/玩具,质量好,positive,1,0.14285714285714285
PRODUCT_430373,图书音像,疑似假货,negative,1,1.0
PRODUCT_43038,图书音像,内容不错,positive,1,1.0
PRODUCT_43038,图书音像,外观一般,negative,1,1.0
PRODUCT_43038,图书音像,外观好看,positive,1,1.0
PRODUCT_430385,手机/数码,外观好看,positive,1,1.0
PRODUCT_430421,图书音像,正品放心,positive,1,1.0
PRODUCT_430423,家用电器,容易坏,negative,1,1.0
PRODUCT_430446,图书音像,包装差,negative,1,1.0
PRODUCT_430522,图书音像,不推荐,negative,1,1.0
PRODUCT_430537,图书音像,内容不错,positive,2,0.16666666666666666
PRODUCT_430556,家用电器,包装好,positive,1,0.5
PRODUCT_430567,手机/数码,很耐用,positive,1,1.0
PRODUCT_430604,图书音像,容易坏,negative,1,0.25
PRODUCT_430604,图书音像,疑似假货,negative,1,0.25
PRODUCT_430604,图书音像,质量好,positive,1,0.25
PRODUCT_430610,家居生活,性价比高,positive,1,1.0
PRODUCT_430619,电脑/办公,外观好看,positive,1,1.0
PRODUCT_430619,电脑/办公,质量好,positive,1,1.0
PRODUCT_430666,图书音像,性价比高,positive,1,1.0
PRODUCT_430669,图书音像,外观好看,positive,1,1.0
PRODUCT_430669,图书音像,疑似假货,negative,1,1.0
PRODUCT_430717,手机/数码,性价比高,positive,3,0.1875
PRODUCT_430717,手机/数码,会回购,positive,1,0.0625
PRODUCT_430717,手机/数码,外观好看,positive,1,0.0625
PRODUCT_430717,手机/数码,质量好,positive,1,0.0625
PRODUCT_430732,图书音像,性价比高,positive,1,0.5
PRODUCT_430735,美妆个护,味道不错,positive,1,0.2
PRODUCT_430735,美妆个护,正品放心,positive,1,0.2
PRODUCT_430790,手机/数码,质量差,negative,1,0.3333333333333333
PRODUCT_430840,电脑/办公,性价比高,positive,1,0.2
PRODUCT_430842,图书音像,外观好看,positive,2,1.0
PRODUCT_430842,图书音像,很新鲜,positive,1,0.5
PRODUCT_431034,图书音像,性价比高,positive,1,0.5
PRODUCT_431051,图书音像,外观好看,positive,1,1.0
PRODUCT_431133,图书音像,外观好看,positive,2,1.0
PRODUCT_431136,图书音像,正品放心,positive,1,1.0
PRODUCT_431158,图书音像,外观好看,positive,1,0.3333333333333333
PRODUCT_431158,图书音像,质量好,positive,1,0.3333333333333333
PRODUCT_431159,图书音像,外观好看,positive,1,0.14285714285714285
PRODUCT_43119,食品/保健,味道不错,positive,1,1.0
PRODUCT_431191,图书音像,内容不错,positive,1,1.0
PRODUCT_431202,图书音像,内容一般,negative,1,0.3333333333333333
PRODUCT_43122,美妆个护,疑似假货,negative,1,1.0
PRODUCT_431290,电脑/办公,外观好看,positive,1,0.09090909090909091
PRODUCT_431290,电脑/办公,尺码合适,positive,1,0.09090909090909091
PRODUCT_431290,电脑/办公,很耐用,positive,1,0.09090909090909091
PRODUCT_431294,手机/数码,性价比高,positive,1,1.0
PRODUCT_43132,母婴/玩具,味道一般,negative,1,1.0
PRODUCT_43132,母婴/玩具,疑似假货,negative,1,1.0
PRODUCT_431446,图书音像,内容不错,positive,1,1.0
PRODUCT_431507,手机/数码,正品放心,positive,1,1.0
PRODUCT_431777,电脑/办公,质量差,negative,1,0.3333333333333333
PRODUCT_43180,图书音像,会回购,positive,1,1.0
PRODUCT_431913,图书音像,包装差,negative,1,1.0
PRODUCT_432288,图书音像,疑似假货,negative,1,1.0
PRODUCT_432291,美妆个护,性价比高,positive,2,0.2222222222222222
PRODUCT_432291,美妆个护,疑似假货,negative,1,0.1111111111111111
PRODUCT_4323,手机/数码,外观好看,positive,1,1.0
PRODUCT_432300,图书音像,外观好看,positive,1,0.5
PRODUCT_432300,图书音像,性价比高,positive,1,0.5
PRODUCT_432301,图书音像,会回购,positive,1,1.0
PRODUCT_432301,图书音像,包装差,negative,1,1.0
PRODUCT_432302,美妆个护,很耐用,positive,1,0.06666666666666667
PRODUCT_432302,美妆个护,性价比高,positive,1,0.06666666666666667
PRODUCT_432302,美妆个护,正品放心,positive,1,0.06666666666666667
PRODUCT_432302,美妆个护,疑似假货,negative,1,0.06666666666666667
PRODUCT_43233,图书音像,不推荐,negative,1,0.3333333333333333
PRODUCT_43233,图书音像,外观好看,positive,1,0.3333333333333333
PRODUCT_432378,图书音像,正品放心,positive,1,1.0
PRODUCT_432395,图书音像,正品放心,positive,2,1.0
PRODUCT_432408,图书音像,包装好,positive,1,0.16666666666666666
PRODUCT_432408,图书音像,外观好看,positive,1,0.16666666666666666
PRODUCT_432408,图书音像,性价比高,positive,1,0.16666666666666666
PRODUCT_432408,图书音像,疑似假货,negative,1,0.16666666666666666
PRODUCT_432412,图书音像,外观好看,positive,1,1.0
PRODUCT_432433,图书音像,正品放心,positive,1,1.0
PRODUCT_432435,图书音像,包装差,negative,1,0.5
PRODUCT_43249,图书音像,不推荐,negative,1,0.2
PRODUCT_43249,图书音像,价格贵,negative,1,0.2
PRODUCT_43249,图书音像,内容一般,negative,1,0.2
PRODUCT_432563,图书音像,不推荐,negative,1,0.5
PRODUCT_43262,图书音像,正品放心,positive,1,0.5
PRODUCT_432634,图书音像,疑似假货,negative,2,0.16666666666666666
PRODUCT_432634,图书音像,包装差,negative,1,0.08333333333333333
PRODUCT_43266,美妆个护,不推荐,negative,1,1.0
PRODUCT_43266,美妆个护,质量差,negative,1,1.0
PRODUCT_432666,图书音像,正品放心,positive,4,0.3333333333333333
PRODUCT_432666,图书音像,发货快,positive,1,0.08333333333333333
PRODUCT_432666,图书音像,质量好,positive,1,0.08333333333333333
PRODUCT_43269,图书音像,包装好,positive,1,0.5
PRODUCT_43269,图书音像,正品放心,positive,1,0.5
PRODUCT_43271,家居生活,价格贵,negative,1,1.0
PRODUCT_432727,图书音像,内容不错,positive,1,0.125
PRODUCT_432763,图书音像,性价比高,positive,1,1.0
PRODUCT_432793,图书音像,性价比高,positive,1,0.3333333333333333
PRODUCT_432797,图书音像,正品放心,positive,1,1.0
PRODUCT_432827,图书音像,内容一般,negative,1,0.058823529411764705
PRODUCT_432827,图书音像,包装好,positive,1,0.058823529411764705
PRODUCT_432827,图书音像,外观好看,positive,1,0.058823529411764705
PRODUCT_432827,图书音像,正品放心,positive,1,0.058823529411764705
PRODUCT_432827,图书音像,质量好,positive,1,0.058823529411764705
PRODUCT_432833,图书音像,外观好看,positive,1,0.14285714285714285
PRODUCT_432833,图书音像,质量好,positive,1,0.14285714285714285
PRODUCT_432835,家用电器,外观好看,positive,1,0.09090909090909091
PRODUCT_432835,家用电器,性价比高,positive,1,0.09090909090909091
PRODUCT_432872,图书音像,疑似假货,negative,1,1.0
PRODUCT_432872,图书音像,质量差,negative,1,1.0
PRODUCT_433006,图书音像,内容一般,negative,1,1.0
PRODUCT_433095,图书音像,不推荐,negative,1,0.25
PRODUCT_433095,图书音像,质量好,positive,1,0.25
PRODUCT_433160,图书音像,不推荐,negative,1,0.1111111111111111
PRODUCT_433160,图书音像,味道一般,negative,1,0.1111111111111111
PRODUCT_433176,手机/数码,不推荐,negative,1,0.3333333333333333
PRODUCT_433190,图书音像,质量差,negative,1,1.0
PRODUCT_433194,图书音像,外观好看,positive,1,0.3333333333333333
PRODUCT_433241,图书音像,外观好看,positive,1,0.5
PRODUCT_433241,图书音像,质量差,negative,1,0.5
PRODUCT_433271,图书音像,内容一般,negative,1,1.0
PRODUCT_433313,图书音像,正品放心,positive,1,0.5
PRODUCT_433313,图书音像,疑似假货,negative,1,0.5
PRODUCT_433313,图书音像,质量好,positive,1,0.5
PRODUCT_433535,钟表/首饰/眼镜/礼品,外观好看,positive,1,1.0
PRODUCT_433572,图书音像,外观好看,positive,1,0.14285714285714285
PRODUCT_433574,图书音像,外观好看,positive,1,1.0
PRODUCT_43359,图书音像,不推荐,negative,1,1.0
PRODUCT_433629,食品/保健,味道不错,positive,2,1.0
PRODUCT_43364,钟表/首饰/眼镜/礼品,外观一般,negative,1,1.0
PRODUCT_433654,食品/保健,味道不错,positive,1,1.0
PRODUCT_433688,图书音像,外观好看,positive,1,0.5
PRODUCT_433698,图书音像,不推荐,negative,1,1.0
PRODUCT_433704,图书音像,正品放心,positive,2,1.0
PRODUCT_433710,美妆个护,正品放心,positive,1,1.0
PRODUCT_433739,钟表/首饰/眼镜/礼品,正品放心,positive,3,0.2727272727272727
PRODUCT_433739,钟表/首饰/眼镜/礼品,发货快,positive,2,0.18181818181818182
PRODUCT_433739,钟表/首饰/眼镜/礼品,不推荐,negative,1,0.09090909090909091
PRODUCT_433739,钟表/首饰/眼镜/礼品,质量好,positive,1,0.09090909090909091
PRODUCT_433775,家用电器,性价比高,positive,1,0.5
PRODUCT_433777,图书音像,不推荐,negative,1,0.5
PRODUCT_433856,图书音像,质量好,positive,1,1.0
PRODUCT_43386,美妆个护,味道不错,positive,1,0.2
PRODUCT_43387,美妆个护,味道不错,positive,1,1.0
PRODUCT_433898,图书音像,包装好,positive,1,1.0
PRODUCT_433898,图书音像,正品放心,positive,1,1.0
PRODUCT_433941,图书音像,外观好看,positive,1,0.2
PRODUCT_433962,食品/保健,味道不错,positive,1,0.5
PRODUCT_433967,图书音像,质量好,positive,1,1.0
PRODUCT_433981,图书音像,内容一般,negative,1,0.25
PRODUCT_433988,图书音像,外观好看,positive,1,0.3333333333333333
PRODUCT_433997,图书音像,外观好看,positive,1,1.0
PRODUCT_434016,家居生活,外观好看,positive,1,0.125
PRODUCT_434016,家居生活,容易坏,negative,1,0.125
PRODUCT_434016,家居生活,正品放心,positive,1,0.125
PRODUCT_434018,美妆个护,味道不错,positive,1,0.5
PRODUCT_43404,美妆个护,正品放心,positive,2,0.15384615384615385
PRODUCT_43404,美妆个护,会回购,positive,1,0.07692307692307693
PRODUCT_43404,美妆个护,性价比高,positive,1,0.07692307692307693
PRODUCT_434069,美妆个护,味道不错,positive,1,0.3333333333333333
PRODUCT_434083,图书音像,外观好看,positive,1,0.07142857142857142
PRODUCT_434104,其他,性价比高,positive,1,1.0
PRODUCT_434145,图书音像,会回购,positive,1,0.1
PRODUCT_434145,图书音像,外观好看,positive,1,0.1
PRODUCT_434145,图书音像,正品放心,positive,1,0.1
PRODUCT_434203,图书音像,疑似假货,negative,1,1.0
PRODUCT_434217,图书音像,性价比高,positive,1,1.0
PRODUCT_434243,图书音像,外观好看,positive,1,0.5
PRODUCT_434246,图书音像,正品放心,positive,2,0.4
PRODUCT_434268,家居生活,质量好,positive,1,0.2
PRODUCT_434282,图书音像,正品放心,positive,1,0.3333333333333333
PRODUCT_434314,图书音像,外观一般,negative,1,1.0
PRODUCT_434314,图书音像,外观好看,positive,1,1.0
PRODUCT_434386,图书音像,味道不错,positive,1,0.3333333333333333
PRODUCT_434453,其他,质量好,positive,3,0.2727272727272727
PRODUCT_434453,其他,不推荐,negative,1,0.09090909090909091
PRODUCT_434453,其他,内容不错,positive,1,0.09090909090909091
PRODUCT_434453,其他,外观好看,positive,1,0.09090909090909091
PRODUCT_434466,母婴/玩具,性价比高,positive,1,0.09090909090909091
PRODUCT_434466,母婴/玩具,质量好,positive,1,0.09090909090909091
PRODUCT_434474,钟表/首饰/眼镜/礼品,质量差,negative,1,0.5
PRODUCT_434489,美妆个护,味道不错,positive,1,1.0
PRODUCT_434505,图书音像,外观好看,positive,1,0.5
PRODUCT_434577,食品/保健,味道不错,positive,1,1.0
PRODUCT_434583,图书音像,发货快,positive,1,1.0
PRODUCT_434594,母婴/玩具,质量好,positive,1,0.5
PRODUCT_434618,图书音像,质量好,positive,1,1.0
PRODUCT_434619,家用电器,会回购,positive,1,0.25
PRODUCT_434619,家用电器,内容不错,positive,1,0.25
PRODUCT_434619,家用电器,发货快,positive,1,0.25
PRODUCT_434619,家用电器,外观好看,positive,1,0.25
PRODUCT_434622,图书音像,内容不错,positive,1,0.14285714285714285
PRODUCT_434622,图书音像,很新鲜,positive,1,0.14285714285714285
PRODUCT_434627,图书音像,外观好看,positive,1,0.2
PRODUCT_434681,图书音像,正品放心,positive,1,0.3333333333333333
PRODUCT_434717,食品/保健,味道一般,negative,1,0.3333333333333333
PRODUCT_434721,图书音像,内容不错,positive,1,1.0
PRODUCT_434744,机票/充值/票务/虚拟,外观一般,negative,1,0.3333333333333333
PRODUCT_434761,图书音像,外观好看,positive,1,1.0
PRODUCT_43478,图书音像,正品放心,positive,1,1.0
PRODUCT_434790,图书音像,质量好,positive,1,1.0
PRODUCT_434816,钟表/首饰/眼镜/礼品,外观好看,positive,1,1.0
PRODUCT_434874,图书音像,外观好看,positive,1,0.3333333333333333
PRODUCT_434874,图书音像,正品放心,positive,1,0.3333333333333333
PRODUCT_434876,图书音像,内容一般,negative,1,1.0
PRODUCT_434909,图书音像,正品放心,positive,1,0.3333333333333333
PRODUCT_434949,图书音像,外观好看,positive,1,0.5
PRODUCT_43502,家居生活,容易坏,negative,1,1.0
PRODUCT_435053,图书音像,内容不错,positive,1,1.0
PRODUCT_435082,图书音像,会回购,positive,1,1.0
PRODUCT_435088,图书音像,外观好看,positive,1,1.0
PRODUCT_43510,美妆个护,味道不错,positive,1,1.0
PRODUCT_43510,美妆个护,正品放心,positive,1,1.0
PRODUCT_435126,图书音像,外观好看,positive,1,0.25
PRODUCT_435135,图书音像,外观好看,positive,1,0.125
PRODUCT_435135,图书音像,性价比高,positive,1,0.125
PRODUCT_435155,图书音像,质量差,negative,1,1.0
PRODUCT_435176,图书音像,内容不错,positive,1,0.1
PRODUCT_435206,图书音像,性价比高,positive,1,0.3333333333333333
PRODUCT_435211,图书音像,外观好看,positive,1,0.1
PRODUCT_435232,图书音像,内容一般,negative,1,1.0
PRODUCT_435232,图书音像,性价比高,positive,1,1.0
PRODUCT_435237,图书音像,内容不错,positive,1,1.0
PRODUCT_435267,图书音像,质量好,positive,1,1.0
PRODUCT_435282,电脑/办公,外观好看,positive,1,1.0
PRODUCT_435284,图书音像,性价比高,positive,1,0.5
PRODUCT_43534,美妆个护,正品放心,positive,1,1.0
PRODUCT_435365,图书音像,会回购,positive,1,0.5
PRODUCT_435365,图书音像,外观好看,positive,1,0.5
PRODUCT_435371,图书音像,不推荐,negative,1,1.0
PRODUCT_435371,图书音像,会回购,positive,1,1.0
PRODUCT_435384,电脑/办公,包装差,negative,1,0.16666666666666666
PRODUCT_435384,电脑/办公,外观好看,positive,1,0.16666666666666666
PRODUCT_435402,图书音像,外观一般,negative,1,0.5
PRODUCT_435402,图书音像,外观好看,positive,1,0.5
PRODUCT_435406,图书音像,物流慢,negative,1,1.0
PRODUCT_435414,图书音像,质量差,negative,1,1.0
PRODUCT_435433,图书音像,疑似假货,negative,1,0.5
PRODUCT_435554,图书音像,性价比高,positive,1,1.0
PRODUCT_435587,图书音像,内容不错,positive,1,1.0
PRODUCT_435601,图书音像,发货快,positive,1,0.5
PRODUCT_435601,图书音像,质量好,positive,1,0.5
PRODUCT_435619,图书音像,内容不错,positive,1,0.3333333333333333
PRODUCT_43566,电脑/办公,容易坏,negative,1,0.3333333333333333
PRODUCT_435749,手机/数码,价格贵,negative,1,1.0
PRODUCT_435763,电脑/办公,正品放心,positive,2,0.4
PRODUCT_435763,电脑/办公,不推荐,negative,1,0.2
PRODUCT_435763,电脑/办公,容易坏,negative,1,0.2
PRODUCT_435790,手机/数码,不推荐,negative,1,0.2
PRODUCT_435790,手机/数码,续航差,negative,1,0.2
PRODUCT_435790,手机/数码,质量差,negative,1,0.2
PRODUCT_435903,图书音像,性价比高,positive,1,0.25
PRODUCT_435903,图书音像,正品放心,positive,1,0.25
PRODUCT_435924,图书音像,质量好,positive,1,0.25
PRODUCT_435965,图书音像,外观好看,positive,1,1.0
PRODUCT_436040,图书音像,很新鲜,positive,1,1.0
PRODUCT_43607,手机/数码,外观好看,positive,1,0.16666666666666666
PRODUCT_43607,手机/数码,正品放心,positive,1,0.16666666666666666
PRODUCT_436117,美妆个护,味道不错,positive,1,1.0
PRODUCT_436197,图书音像,质量好,positive,1,1.0
PRODUCT_436279,图书音像,正品放心,positive,1,0.25
PRODUCT_436303,母婴/玩具,正品放心,positive,2,0.2857142857142857
PRODUCT_436303,母婴/玩具,味道不错,positive,1,0.14285714285714285
PRODUCT_436357,鞋类箱包,外观好看,positive,1,1.0
PRODUCT_436384,图书音像,质量差,negative,1,1.0
PRODUCT_436387,手机/数码,质量好,positive,1,0.5
PRODUCT_436438,家用电器,正品放心,positive,1,0.5
PRODUCT_436439,电脑/办公,性价比高,positive,1,0.3333333333333333
PRODUCT_436475,手机/数码,正品放心,positive,1,1.0
PRODUCT_436478,手机/数码,不推荐,negative,1,0.1
PRODUCT_436478,手机/数码,性价比高,positive,1,0.1
PRODUCT_436509,图书音像,性价比高,positive,1,1.0
PRODUCT_436584,图书音像,包装好,positive,1,1.0
PRODUCT_436610,图书音像,正品放心,positive,1,1.0
PRODUCT_436642,图书音像,质量好,positive,1,0.3333333333333333
PRODUCT_436658,图书音像,不推荐,negative,1,1.0
PRODUCT_436716,图书音像,包装差,negative,1,0.3333333333333333
PRODUCT_436716,图书音像,很新鲜,positive,1,0.3333333333333333
PRODUCT_436716,图书音像,正品放心,positive,1,0.3333333333333333
PRODUCT_436855,电脑/办公,疑似假货,negative,1,0.2
PRODUCT_437059,图书音像,包装差,negative,1,0.5
PRODUCT_43721,图书音像,容易坏,negative,1,1.0
PRODUCT_43726,美妆个护,正品放心,positive,1,1.0
PRODUCT_437285,图书音像,疑似假货,negative,4,0.26666666666666666
PRODUCT_437285,图书音像,内容不错,positive,1,0.06666666666666667
PRODUCT_437285,图书音像,尺码合适,positive,1,0.06666666666666667
PRODUCT_437285,图书音像,正品放心,positive,1,0.06666666666666667
PRODUCT_43731,图书音像,性价比高,positive,1,1.0
PRODUCT_437344,家用电器,不推荐,negative,1,1.0
PRODUCT_437434,手机/数码,外观好看,positive,2,0.3333333333333333
PRODUCT_437434,手机/数码,质量好,positive,1,0.16666666666666666
PRODUCT_437457,图书音像,外观好看,positive,1,0.2
PRODUCT_437460,手机/数码,外观好看,positive,1,1.0
PRODUCT_437581,图书音像,客服好,positive,1,0.3333333333333333
PRODUCT_437581,图书音像,质量好,positive,1,0.3333333333333333
PRODUCT_437582,手机/数码,正品放心,positive,1,0.5
PRODUCT_437767,手机/数码,不推荐,negative,1,0.09090909090909091
PRODUCT_437767,手机/数码,正品放心,positive,1,0.09090909090909091
PRODUCT_437771,图书音像,外观好看,positive,1,0.3333333333333333
PRODUCT_43800,图书音像,包装好,positive,1,1.0
PRODUCT_43800,图书音像,外观好看,positive,1,1.0
PRODUCT_43800,图书音像,正品放心,positive,1,1.0
PRODUCT_438136,图书音像,外观好看,positive,2,0.5
PRODUCT_438202,美妆个护,味道不错,positive,1,0.3333333333333333
PRODUCT_438202,美妆个护,正品放心,positive,1,0.3333333333333333
PRODUCT_438202,美妆个护,疑似假货,negative,1,0.3333333333333333
PRODUCT_438426,家用电器,容易坏,negative,1,0.0625
PRODUCT_438432,美妆个护,味道不错,positive,2,0.6666666666666666
PRODUCT_438436,美妆个护,味道不错,positive,1,1.0
PRODUCT_438436,美妆个护,性价比高,positive,1,1.0
PRODUCT_438491,图书音像,会回购,positive,1,0.25
PRODUCT_438497,图书音像,不推荐,negative,1,1.0
PRODUCT_438537,图书音像,内容不错,positive,1,0.25
PRODUCT_438584,图书音像,内容不错,positive,1,0.3333333333333333
PRODUCT_438603,图书音像,包装差,negative,1,0.25
PRODUCT_438603,图书音像,很新鲜,positive,1,0.25
PRODUCT_438615,图书音像,会回购,positive,1,0.2
PRODUCT_438660,图书音像,质量好,positive,1,0.5
PRODUCT_438669,图书音像,质量好,positive,1,1.0
PRODUCT_438670,图书音像,疑似假货,negative,2,0.1
PRODUCT_438670,图书音像,不推荐,negative,1,0.05
PRODUCT_438670,图书音像,外观好看,positive,1,0.05
PRODUCT_438670,图书音像,性价比高,positive,1,0.05
PRODUCT_438768,图书音像,物流慢,negative,1,1.0
PRODUCT_438768,图书音像,质量好,positive,1,1.0
PRODUCT_438817,图书音像,正品放心,positive,1,1.0
PRODUCT_438817,图书音像,疑似假货,negative,1,1.0
PRODUCT_438861,图书音像,疑似假货,negative,1,0.25
PRODUCT_438861,图书音像,质量差,negative,1,0.25
PRODUCT_438874,图书音像,内容不错,positive,1,1.0
PRODUCT_438874,图书音像,正品放心,positive,1,1.0
PRODUCT_438874,图书音像,物流慢,negative,1,1.0
PRODUCT_43896,家居生活,很耐用,positive,1,1.0
PRODUCT_438980,家具/家装/建材,外观好看,positive,1,0.3333333333333333
PRODUCT_438980,家具/家装/建材,正品放心,positive,1,0.3333333333333333
PRODUCT_439016,图书音像,内容不错,positive,1,0.5
PRODUCT_439061,家居生活,质量好,positive,1,1.0
PRODUCT_439080,图书音像,外观好看,positive,3,0.375
PRODUCT_439165,图书音像,内容一般,negative,1,0.5
PRODUCT_439176,图书音像,正品放心,positive,7,0.3333333333333333
PRODUCT_439176,图书音像,内容不错,positive,2,0.09523809523809523
PRODUCT_439176,图书音像,质量好,positive,2,0.09523809523809523
PRODUCT_439176,图书音像,疑似假货,negative,1,0.047619047619047616
PRODUCT_439176,图书音像,质量差,negative,1,0.047619047619047616
PRODUCT_439211,图书音像,质量好,positive,2,0.5
PRODUCT_439211,图书音像,性价比高,positive,1,0.25
PRODUCT_439299,图书音像,质量好,positive,1,0.5
PRODUCT_43932,图书音像,性价比高,positive,1,1.0
PRODUCT_439414,图书音像,不推荐,negative,1,0.5
PRODUCT_439418,家居生活,性价比高,positive,3,0.1111111111111111
PRODUCT_439418,家居生活,正品放心,positive,3,0.1111111111111111
PRODUCT_439418,家居生活,很耐用,positive,2,0.07407407407407407
PRODUCT_439418,家居生活,价格贵,negative,1,0.037037037037037035
PRODUCT_439418,家居生活,外观好看,positive,1,0.037037037037037035
PRODUCT_439418,家居生活,容易坏,negative,1,0.037037037037037035
PRODUCT_439463,图书音像,正品放心,positive,1,0.5
PRODUCT_439521,电脑/办公,容易坏,negative,2,0.2
PRODUCT_439521,电脑/办公,会回购,positive,1,0.1
PRODUCT_439521,电脑/办公,外观好看,positive,1,0.1
PRODUCT_439521,电脑/办公,质量差,negative,1,0.1
PRODUCT_43954,电脑/办公,包装好,positive,1,1.0
PRODUCT_43960,手机/数码,外观好看,positive,1,0.5
PRODUCT_439608,家用电器,外观好看,positive,1,0.25
PRODUCT_439705,手机/数码,正品放心,positive,2,0.5
PRODUCT_439705,手机/数码,不推荐,negative,1,0.25
PRODUCT_439815,电脑/办公,性价比高,positive,2,0.2
PRODUCT_439815,电脑/办公,包装差,negative,1,0.1
PRODUCT_439815,电脑/办公,尺码不准,negative,1,0.1
PRODUCT_439821,图书音像,正品放心,positive,1,1.0
PRODUCT_439833,家具/家装/建材,容易坏,negative,1,1.0
PRODUCT_439835,美妆个护,不推荐,negative,1,1.0
PRODUCT_439835,美妆个护,味道不错,positive,1,1.0
PRODUCT_43985,母婴/玩具,包装差,negative,1,0.2
PRODUCT_43985,母婴/玩具,尺码不准,negative,1,0.2
PRODUCT_439929,图书音像,内容不错,positive,1,0.2
PRODUCT_439929,图书音像,外观好看,positive,1,0.2
PRODUCT_439985,图书音像,内容不错,positive,1,1.0
PRODUCT_440158,图书音像,正品放心,positive,2,0.6666666666666666
PRODUCT_440158,图书音像,包装好,positive,1,0.3333333333333333
PRODUCT_440158,图书音像,性价比高,positive,1,0.3333333333333333
PRODUCT_440180,图书音像,尺码合适,positive,1,0.06666666666666667
PRODUCT_440180,图书音像,性价比高,positive,1,0.06666666666666667
PRODUCT_440180,图书音像,质量好,positive,1,0.06666666666666667
PRODUCT_440189,图书音像,外观好看,positive,1,1.0
PRODUCT_440279,家用电器,外观好看,positive,1,0.5
PRODUCT_440303,图书音像,正品放心,positive,1,0.5
PRODUCT_440311,美妆个护,味道不错,positive,1,0.09090909090909091
PRODUCT_440311,美妆个护,很耐用,positive,1,0.09090909090909091
PRODUCT_440311,美妆个护,性价比高,positive,1,0.09090909090909091
PRODUCT_440318,图书音像,质量好,positive,1,0.3333333333333333
PRODUCT_440342,图书音像,外观好看,positive,1,1.0
PRODUCT_440379,美妆个护,正品放心,positive,1,0.5
PRODUCT_440410,图书音像,容易坏,negative,1,1.0
PRODUCT_440457,图书音像,疑似假货,negative,1,0.3333333333333333
PRODUCT_440476,图书音像,性价比高,positive,1,1.0
PRODUCT_440532,图书音像,质量好,positive,1,0.5
PRODUCT_440547,图书音像,性价比高,positive,1,1.0
PRODUCT_440548,家具/家装/建材,正品放心,positive,1,1.0
PRODUCT_440548,家具/家装/建材,质量好,positive,1,1.0
PRODUCT_440580,图书音像,疑似假货,negative,1,0.5
PRODUCT_440694,家用电器,外观好看,positive,1,0.3333333333333333
PRODUCT_440694,家用电器,正品放心,positive,1,0.3333333333333333
PRODUCT_440701,美妆个护,不推荐,negative,1,0.3333333333333333
PRODUCT_440701,美妆个护,味道不错,positive,1,0.3333333333333333
PRODUCT_440701,美妆个护,性价比高,positive,1,0.3333333333333333
PRODUCT_440701,美妆个护,疑似假货,negative,1,0.3333333333333333
PRODUCT_44074,图书音像,正品放心,positive,2,0.2857142857142857
PRODUCT_440800,家居生活,性价比高,positive,1,0.25
PRODUCT_440800,家居生活,质量好,positive,1,0.25
PRODUCT_440813,美妆个护,疑似假货,negative,1,0.3333333333333333
PRODUCT_440840,图书音像,不推荐,negative,1,1.0
PRODUCT_440906,食品/保健,味道不错,positive,2,1.0
PRODUCT_440984,电脑/办公,正品放心,positive,17,0.2537313432835821
PRODUCT_440984,电脑/办公,外观好看,positive,5,0.07462686567164178
PRODUCT_440984,电脑/办公,质量好,positive,4,0.05970149253731343
PRODUCT_440984,电脑/办公,不推荐,negative,1,0.014925373134328358
PRODUCT_440984,电脑/办公,发货快,positive,1,0.014925373134328358
PRODUCT_440984,电脑/办公,性价比高,positive,1,0.014925373134328358
PRODUCT_440984,电脑/办公,物流慢,negative,1,0.014925373134328358
PRODUCT_440984,电脑/办公,疑似假货,negative,1,0.014925373134328358
PRODUCT_441006,图书音像,疑似假货,negative,1,1.0
PRODUCT_441014,电脑/办公,正品放心,positive,7,0.25925925925925924
PRODUCT_441014,电脑/办公,包装好,positive,2,0.07407407407407407
PRODUCT_441014,电脑/办公,发货快,positive,2,0.07407407407407407
PRODUCT_441014,电脑/办公,不推荐,negative,1,0.037037037037037035
PRODUCT_441014,电脑/办公,容易坏,negative,1,0.037037037037037035
PRODUCT_441014,电脑/办公,性价比高,positive,1,0.037037037037037035
PRODUCT_441018,图书音像,质量好,positive,1,0.5
PRODUCT_441034,电脑/办公,外观好看,positive,2,0.6666666666666666
PRODUCT_441040,图书音像,外观一般,negative,1,1.0
PRODUCT_441042,美妆个护,不推荐,negative,1,0.2
PRODUCT_441042,美妆个护,正品放心,positive,1,0.2
PRODUCT_441107,图书音像,内容不错,positive,1,0.2
PRODUCT_441125,图书音像,内容不错,positive,1,1.0
PRODUCT_441137,美妆个护,内容一般,negative,1,0.5
PRODUCT_441137,美妆个护,正品放心,positive,1,0.5
PRODUCT_441149,图书音像,内容一般,negative,1,1.0
PRODUCT_441150,图书音像,内容一般,negative,1,1.0
PRODUCT_441157,电脑/办公,很耐用,positive,1,1.0
PRODUCT_441157,电脑/办公,正品放心,positive,1,1.0
PRODUCT_441261,钟表/首饰/眼镜/礼品,质量差,negative,1,1.0
PRODUCT_441336,电脑/办公,价格贵,negative,1,1.0
PRODUCT_44135,图书音像,外观好看,positive,1,0.25
PRODUCT_44135,图书音像,正品放心,positive,1,0.25
PRODUCT_44143,图书音像,外观好看,positive,1,1.0
PRODUCT_441514,图书音像,正品放心,positive,1,1.0
PRODUCT_441540,美妆个护,性价比高,positive,1,0.2
PRODUCT_441727,美妆个护,正品放心,positive,1,1.0
PRODUCT_441750,手机/数码,外观好看,positive,1,1.0
PRODUCT_441759,电脑/办公,性价比高,positive,2,0.6666666666666666
PRODUCT_441793,图书音像,会回购,positive,1,1.0
PRODUCT_441793,图书音像,质量好,positive,1,1.0
PRODUCT_4418,手机/数码,性价比高,positive,1,0.5
PRODUCT_441842,图书音像,很新鲜,positive,1,1.0
PRODUCT_441853,图书音像,正品放心,positive,1,0.3333333333333333
PRODUCT_441894,食品/保健,味道不错,positive,1,0.3333333333333333
PRODUCT_441894,食品/保健,很新鲜,positive,1,0.3333333333333333
PRODUCT_441906,图书音像,外观好看,positive,1,1.0
PRODUCT_441923,图书音像,很新鲜,positive,1,1.0
PRODUCT_441955,图书音像,外观好看,positive,1,1.0
PRODUCT_441980,图书音像,外观好看,positive,1,0.16666666666666666
PRODUCT_441988,美妆个护,很耐用,positive,1,0.25
PRODUCT_442005,图书音像,外观好看,positive,1,0.25
PRODUCT_442005,图书音像,质量好,positive,1,0.25
PRODUCT_442017,家具/家装/建材,外观好看,positive,2,0.2857142857142857
PRODUCT_442017,家具/家装/建材,正品放心,positive,1,0.14285714285714285
PRODUCT_442042,图书音像,包装差,negative,1,0.08333333333333333
PRODUCT_442042,图书音像,正品放心,positive,1,0.08333333333333333
PRODUCT_442042,图书音像,质量差,negative,1,0.08333333333333333
PRODUCT_442048,图书音像,性价比高,positive,1,1.0
PRODUCT_44209,图书音像,外观一般,negative,1,0.5
PRODUCT_44209,图书音像,质量差,negative,1,0.5
PRODUCT_442115,图书音像,内容不错,positive,2,0.07142857142857142
PRODUCT_442115,图书音像,很新鲜,positive,1,0.03571428571428571
PRODUCT_442115,图书音像,正品放心,positive,1,0.03571428571428571
PRODUCT_442115,图书音像,疑似假货,negative,1,0.03571428571428571
PRODUCT_442115,图书音像,质量差,negative,1,0.03571428571428571
PRODUCT_442157,图书音像,外观好看,positive,1,1.0
PRODUCT_442159,图书音像,价格贵,negative,1,0.5
PRODUCT_442185,电脑/办公,正品放心,positive,2,0.5
PRODUCT_442186,图书音像,外观好看,positive,2,0.6666666666666666
PRODUCT_442186,图书音像,包装好,positive,1,0.3333333333333333
PRODUCT_442186,图书音像,正品放心,positive,1,0.3333333333333333
PRODUCT_442248,电脑/办公,正品放心,positive,2,0.3333333333333333
PRODUCT_44229,食品/保健,味道不错,positive,2,1.0
PRODUCT_442365,手机/数码,外观好看,positive,2,0.2857142857142857
PRODUCT_442365,手机/数码,尺码合适,positive,1,0.14285714285714285
PRODUCT_442365,手机/数码,很耐用,positive,1,0.14285714285714285
PRODUCT_442436,运动户外,很耐用,positive,1,1.0
PRODUCT_442436,运动户外,质量好,positive,1,1.0
PRODUCT_442474,手机/数码,正品放心,positive,2,0.4
PRODUCT_442474,手机/数码,外观好看,positive,1,0.2
PRODUCT_442634,电脑/办公,性价比高,positive,1,0.3333333333333333
PRODUCT_44265,图书音像,外观好看,positive,1,0.5
PRODUCT_44265,图书音像,正品放心,positive,1,0.5
PRODUCT_442706,图书音像,味道不错,positive,1,0.2
PRODUCT_442747,图书音像,正品放心,positive,1,0.5
PRODUCT_442752,运动户外,正品放心,positive,1,1.0
PRODUCT_442768,图书音像,内容一般,negative,1,1.0
PRODUCT_44295,图书音像,价格贵,negative,1,1.0
PRODUCT_443016,电脑/办公,正品放心,positive,1,1.0
PRODUCT_443089,图书音像,外观好看,positive,1,1.0
PRODUCT_443090,图书音像,内容不错,positive,1,0.5
PRODUCT_443212,图书音像,性价比高,positive,1,0.3333333333333333
PRODUCT_443341,图书音像,会回购,positive,1,0.2
PRODUCT_443341,图书音像,内容不错,positive,1,0.2
PRODUCT_443381,图书音像,正品放心,positive,1,0.09090909090909091
PRODUCT_443491,图书音像,不推荐,negative,1,1.0
PRODUCT_44354,图书音像,外观好看,positive,1,1.0
PRODUCT_443557,图书音像,包装差,negative,1,1.0
PRODUCT_443624,图书音像,很新鲜,positive,1,1.0
PRODUCT_443703,图书音像,外观好看,positive,3,0.23076923076923078
PRODUCT_443703,图书音像,疑似假货,negative,2,0.15384615384615385
PRODUCT_443703,图书音像,内容不错,positive,1,0.07692307692307693
PRODUCT_443703,图书音像,味道一般,negative,1,0.07692307692307693
PRODUCT_443754,图书音像,物流慢,negative,1,1.0
PRODUCT_443795,图书音像,不推荐,negative,1,0.07692307692307693
PRODUCT_443795,图书音像,外观好看,positive,1,0.07692307692307693
PRODUCT_443795,图书音像,性价比高,positive,1,0.07692307692307693
PRODUCT_443795,图书音像,疑似假货,negative,1,0.07692307692307693
PRODUCT_443795,图书音像,质量差,negative,1,0.07692307692307693
PRODUCT_44384,图书音像,正品放心,positive,1,1.0
PRODUCT_443895,图书音像,正品放心,positive,1,1.0
PRODUCT_443944,图书音像,质量好,positive,1,1.0
PRODUCT_443969,电脑/办公,性价比高,positive,1,1.0
PRODUCT_443975,美妆个护,会回购,positive,1,0.0625
PRODUCT_443975,美妆个护,包装好,positive,1,0.0625
PRODUCT_443975,美妆个护,正品放心,positive,1,0.0625
PRODUCT_443975,美妆个护,疑似假货,negative,1,0.0625
PRODUCT_443976,美妆个护,不推荐,negative,1,0.5
PRODUCT_443977,美妆个护,正品放心,positive,1,0.3333333333333333
PRODUCT_444013,电脑/办公,外观好看,positive,2,0.2222222222222222
PRODUCT_444013,电脑/办公,容易坏,negative,2,0.2222222222222222
PRODUCT_444013,电脑/办公,疑似假货,negative,1,0.1111111111111111
PRODUCT_444013,电脑/办公,质量好,positive,1,0.1111111111111111
PRODUCT_444103,图书音像,性价比高,positive,1,1.0
PRODUCT_444103,图书音像,正品放心,positive,1,1.0
PRODUCT_444114,图书音像,内容不错,positive,1,0.25
PRODUCT_444114,图书音像,质量好,positive,1,0.25
PRODUCT_444135,图书音像,质量好,positive,1,0.16666666666666666
PRODUCT_44414,图书音像,质量好,positive,1,0.1
PRODUCT_44427,美妆个护,很耐用,positive,1,1.0
PRODUCT_44427,美妆个护,正品放心,positive,1,1.0
PRODUCT_444332,图书音像,性价比高,positive,4,0.2
PRODUCT_444332,图书音像,外观一般,negative,1,0.05
PRODUCT_444332,图书音像,质量好,positive,1,0.05
PRODUCT_444357,图书音像,正品放心,positive,1,0.5
PRODUCT_44436,图书音像,价格贵,negative,1,0.16666666666666666
PRODUCT_44436,图书音像,外观好看,positive,1,0.16666666666666666
PRODUCT_44443,图书音像,质量差,negative,1,1.0
PRODUCT_444434,图书音像,外观好看,positive,3,0.21428571428571427
PRODUCT_444434,图书音像,会回购,positive,1,0.07142857142857142
PRODUCT_444434,图书音像,内容不错,positive,1,0.07142857142857142
PRODUCT_444434,图书音像,性价比高,positive,1,0.07142857142857142
PRODUCT_444434,图书音像,质量好,positive,1,0.07142857142857142
PRODUCT_444554,图书音像,性价比高,positive,1,0.05555555555555555
PRODUCT_44457,手机/数码,很耐用,positive,1,1.0
PRODUCT_44463,图书音像,性价比高,positive,1,0.5
PRODUCT_444705,图书音像,外观好看,positive,1,0.25
PRODUCT_444800,图书音像,正品放心,positive,1,1.0
PRODUCT_444807,图书音像,发货快,positive,1,0.08333333333333333
PRODUCT_444807,图书音像,尺码不准,negative,1,0.08333333333333333
PRODUCT_444807,图书音像,性价比高,positive,1,0.08333333333333333
PRODUCT_444807,图书音像,质量好,positive,1,0.08333333333333333
PRODUCT_444807,图书音像,质量差,negative,1,0.08333333333333333
PRODUCT_44488,图书音像,质量差,negative,1,1.0
PRODUCT_444976,图书音像,内容不错,positive,1,0.2
PRODUCT_444976,图书音像,性价比高,positive,1,0.2
PRODUCT_444978,图书音像,外观好看,positive,1,1.0
PRODUCT_445029,家用电器,性价比高,positive,1,0.08333333333333333
PRODUCT_445029,家用电器,正品放心,positive,1,0.08333333333333333
PRODUCT_445036,图书音像,内容不错,positive,1,0.14285714285714285
PRODUCT_445045,图书音像,性价比高,positive,2,0.4
PRODUCT_445115,图书音像,内容一般,negative,1,1.0
PRODUCT_445273,图书音像,味道不错,positive,1,0.2
PRODUCT_445273,图书音像,正品放心,positive,1,0.2
PRODUCT_445273,图书音像,质量好,positive,1,0.2
PRODUCT_44528,图书音像,外观好看,positive,1,1.0
PRODUCT_445310,图书音像,尺码不准,negative,1,0.5
PRODUCT_445317,图书音像,性价比高,positive,1,1.0
PRODUCT_445337,家具/家装/建材,正品放心,positive,1,1.0
PRODUCT_445337,家具/家装/建材,质量好,positive,1,1.0
PRODUCT_445395,图书音像,外观好看,positive,1,0.5
PRODUCT_445395,图书音像,正品放心,positive,1,0.5
PRODUCT_445395,图书音像,质量好,positive,1,0.5
PRODUCT_445399,家居生活,很耐用,positive,1,0.14285714285714285
PRODUCT_445399,家居生活,正品放心,positive,1,0.14285714285714285
PRODUCT_445399,家居生活,质量好,positive,1,0.14285714285714285
PRODUCT_445413,家用电器,味道不错,positive,2,0.5
PRODUCT_445413,家用电器,发货快,positive,1,0.25
PRODUCT_445413,家用电器,容易坏,negative,1,0.25
PRODUCT_445465,其他,很耐用,positive,1,0.3333333333333333
PRODUCT_445477,图书音像,外观好看,positive,1,0.16666666666666666
PRODUCT_445477,图书音像,正品放心,positive,1,0.16666666666666666
PRODUCT_445491,图书音像,性价比高,positive,1,0.25
PRODUCT_445505,图书音像,很新鲜,positive,1,0.16666666666666666
PRODUCT_445505,图书音像,质量好,positive,1,0.16666666666666666
PRODUCT_445517,图书音像,正品放心,positive,1,1.0
PRODUCT_445538,家用电器,味道不错,positive,2,0.18181818181818182
PRODUCT_445538,家用电器,包装好,positive,1,0.09090909090909091
PRODUCT_445538,家用电器,尺码不准,negative,1,0.09090909090909091
PRODUCT_445538,家用电器,物流慢,negative,1,0.09090909090909091
PRODUCT_445538,家用电器,质量好,positive,1,0.09090909090909091
PRODUCT_44554,美妆个护,正品放心,positive,1,0.5
PRODUCT_445581,图书音像,很新鲜,positive,1,1.0
PRODUCT_445649,图书音像,正品放心,positive,1,1.0
PRODUCT_445674,电脑/办公,正品放心,positive,1,0.5
PRODUCT_445674,电脑/办公,疑似假货,negative,1,0.5
PRODUCT_445697,食品/保健,正品放心,positive,1,1.0
PRODUCT_445708,图书音像,内容不错,positive,1,1.0
PRODUCT_445713,图书音像,内容不错,positive,1,0.25
PRODUCT_445750,图书音像,疑似假货,negative,2,0.5
PRODUCT_445750,图书音像,正品放心,positive,1,0.25
PRODUCT_445777,图书音像,正品放心,positive,1,0.2
PRODUCT_445780,图书音像,发货快,positive,1,1.0
PRODUCT_445830,图书音像,不推荐,negative,1,0.5
PRODUCT_445830,图书音像,价格贵,negative,1,0.5
PRODUCT_445902,电脑/办公,性价比高,positive,2,0.3333333333333333
PRODUCT_445971,图书音像,会回购,positive,1,1.0
PRODUCT_445971,图书音像,正品放心,positive,1,1.0
PRODUCT_446031,图书音像,内容不错,positive,1,1.0
PRODUCT_446079,图书音像,外观好看,positive,1,0.2
PRODUCT_446113,图书音像,内容不错,positive,1,0.16666666666666666
PRODUCT_446113,图书音像,性价比高,positive,1,0.16666666666666666
PRODUCT_446137,图书音像,正品放心,positive,1,1.0
PRODUCT_446140,图书音像,内容不错,positive,1,1.0
PRODUCT_446180,电脑/办公,会回购,positive,1,0.14285714285714285
PRODUCT_446180,电脑/办公,发货快,positive,1,0.14285714285714285
PRODUCT_446180,电脑/办公,性价比高,positive,1,0.14285714285714285
PRODUCT_446180,电脑/办公,质量好,positive,1,0.14285714285714285
PRODUCT_446180,电脑/办公,质量差,negative,1,0.14285714285714285
PRODUCT_446201,电脑/办公,不推荐,negative,1,0.14285714285714285
PRODUCT_446201,电脑/办公,正品放心,positive,1,0.14285714285714285
PRODUCT_44622,电脑/办公,外观好看,positive,1,1.0
PRODUCT_446238,图书音像,质量好,positive,1,1.0
PRODUCT_446264,手机/数码,容易坏,negative,1,1.0
PRODUCT_446278,图书音像,性价比高,positive,1,0.5
PRODUCT_446288,手机/数码,正品放心,positive,1,1.0
PRODUCT_446308,图书音像,外观好看,positive,1,0.5
PRODUCT_446331,电脑/办公,正品放心,positive,2,0.4
PRODUCT_446331,电脑/办公,发货快,positive,1,0.2
PRODUCT_446331,电脑/办公,疑似假货,negative,1,0.2
PRODUCT_446345,图书音像,价格贵,negative,1,1.0
PRODUCT_446428,图书音像,正品放心,positive,1,0.5
PRODUCT_446441,图书音像,发货快,positive,1,0.3333333333333333
PRODUCT_446441,图书音像,质量好,positive,1,0.3333333333333333
PRODUCT_446455,电脑/办公,包装好,positive,1,0.07142857142857142
PRODUCT_446477,手机/数码,质量差,negative,1,1.0
PRODUCT_446492,图书音像,正品放心,positive,1,0.5
PRODUCT_446555,图书音像,会回购,positive,1,0.3333333333333333
PRODUCT_446555,图书音像,物流慢,negative,1,0.3333333333333333
PRODUCT_446591,图书音像,性价比高,positive,1,0.3333333333333333
PRODUCT_446615,电脑/办公,外观好看,positive,1,1.0
PRODUCT_446760,家居生活,尺码合适,positive,1,1.0
PRODUCT_446820,其他,味道不错,positive,1,1.0
PRODUCT_446833,电脑/办公,外观好看,positive,1,1.0
PRODUCT_446837,图书音像,内容不错,positive,1,1.0
PRODUCT_446915,图书音像,质量差,negative,1,1.0
PRODUCT_446969,图书音像,正品放心,positive,1,0.2
PRODUCT_446969,图书音像,质量好,positive,1,0.2
PRODUCT_44697,手机/数码,容易坏,negative,1,0.5
PRODUCT_447075,鞋类箱包,外观好看,positive,1,1.0
PRODUCT_447076,鞋类箱包,外观一般,negative,1,0.5
PRODUCT_447076,鞋类箱包,外观好看,positive,1,0.5
PRODUCT_447076,鞋类箱包,正品放心,positive,1,0.5
PRODUCT_447078,美妆个护,正品放心,positive,1,1.0
PRODUCT_447129,图书音像,正品放心,positive,1,1.0
PRODUCT_44718,图书音像,外观好看,positive,1,1.0
PRODUCT_447246,图书音像,内容不错,positive,1,1.0
PRODUCT_447285,图书音像,味道不错,positive,1,1.0
PRODUCT_44730,图书音像,内容不错,positive,1,0.16666666666666666
PRODUCT_44730,图书音像,质量好,positive,1,0.16666666666666666
PRODUCT_447307,其他,尺码合适,positive,1,1.0
PRODUCT_447307,其他,质量好,positive,1,1.0
PRODUCT_44736,手机/数码,正品放心,positive,4,0.2857142857142857
PRODUCT_44736,手机/数码,内容一般,negative,1,0.07142857142857142
PRODUCT_447376,图书音像,正品放心,positive,1,1.0
PRODUCT_44741,图书音像,味道不错,positive,1,1.0
PRODUCT_447417,图书音像,质量好,positive,1,1.0
PRODUCT_447453,食品/保健,味道不错,positive,1,0.3333333333333333
PRODUCT_447453,食品/保健,很新鲜,positive,1,0.3333333333333333
PRODUCT_447478,图书音像,外观好看,positive,1,0.5
PRODUCT_447502,图书音像,性价比高,positive,1,0.1
PRODUCT_447538,图书音像,外观好看,positive,1,0.2
PRODUCT_447547,图书音像,正品放心,positive,1,0.5
PRODUCT_447554,图书音像,性价比高,positive,1,0.5
PRODUCT_447554,图书音像,质量好,positive,1,0.5
PRODUCT_44756,电脑/办公,疑似假货,negative,1,0.5
PRODUCT_447561,图书音像,质量差,negative,1,1.0
PRODUCT_44765,食品/保健,味道不错,positive,1,1.0
PRODUCT_447668,图书音像,正品放心,positive,2,1.0
PRODUCT_447668,图书音像,会回购,positive,1,0.5
PRODUCT_447895,手机/数码,会回购,positive,1,1.0
PRODUCT_447895,手机/数码,外观好看,positive,1,1.0
PRODUCT_447959,图书音像,质量差,negative,1,0.5
PRODUCT_447997,手机/数码,性价比高,positive,1,0.5
PRODUCT_448073,电脑/办公,外观好看,positive,1,0.2
PRODUCT_448081,图书音像,外观好看,positive,1,1.0
PRODUCT_448088,图书音像,不推荐,negative,1,0.25
PRODUCT_448137,电脑/办公,容易坏,negative,1,0.14285714285714285
PRODUCT_448159,图书音像,疑似假货,negative,1,0.5
PRODUCT_448159,图书音像,质量差,negative,1,0.5
PRODUCT_448247,图书音像,会回购,positive,1,1.0
PRODUCT_448264,美妆个护,正品放心,positive,1,1.0
PRODUCT_448289,图书音像,外观好看,positive,1,0.16666666666666666
PRODUCT_448297,图书音像,疑似假货,negative,1,1.0
PRODUCT_44831,图书音像,正品放心,positive,1,0.25
PRODUCT_44831,图书音像,疑似假货,negative,1,0.25
PRODUCT_44831,图书音像,质量差,negative,1,0.25
PRODUCT_448452,电脑/办公,不推荐,negative,1,0.5
PRODUCT_448452,电脑/办公,会回购,positive,1,0.5
PRODUCT_44856,图书音像,正品放心,positive,1,0.5
PRODUCT_448566,手机/数码,外观一般,negative,1,0.5
PRODUCT_448566,手机/数码,外观好看,positive,1,0.5
PRODUCT_448566,手机/数码,容易坏,negative,1,0.5
PRODUCT_448570,图书音像,包装差,negative,1,0.2
PRODUCT_448570,图书音像,疑似假货,negative,1,0.2
PRODUCT_448570,图书音像,质量好,positive,1,0.2
PRODUCT_44864,图书音像,质量好,positive,1,0.5
PRODUCT_448718,电脑/办公,容易坏,negative,1,0.1111111111111111
PRODUCT_448718,电脑/办公,性价比高,positive,1,0.1111111111111111
PRODUCT_448718,电脑/办公,正品放心,positive,1,0.1111111111111111
PRODUCT_448725,电脑/办公,正品放心,positive,1,1.0
PRODUCT_448736,电脑/办公,正品放心,positive,1,1.0
PRODUCT_448770,图书音像,疑似假货,negative,1,0.3333333333333333
PRODUCT_448784,图书音像,疑似假货,negative,1,0.3333333333333333
PRODUCT_448859,图书音像,内容一般,negative,1,1.0
PRODUCT_448942,图书音像,内容不错,positive,1,1.0
PRODUCT_449077,图书音像,外观好看,positive,1,0.5
PRODUCT_449078,图书音像,质量好,positive,1,1.0
PRODUCT_449357,图书音像,正品放心,positive,2,0.18181818181818182
PRODUCT_449357,图书音像,质量好,positive,1,0.09090909090909091
PRODUCT_449505,美妆个护,外观好看,positive,3,0.3333333333333333
PRODUCT_449505,美妆个护,外观一般,negative,1,0.1111111111111111
PRODUCT_449505,美妆个护,正品放心,positive,1,0.1111111111111111
PRODUCT_449552,图书音像,不推荐,negative,1,0.3333333333333333
PRODUCT_44957,电脑/办公,价格贵,negative,1,0.125
PRODUCT_44957,电脑/办公,外观好看,positive,1,0.125
PRODUCT_44957,电脑/办公,正品放心,positive,1,0.125
PRODUCT_44979,食品/保健,味道不错,positive,1,1.0
PRODUCT_4498,图书音像,正品放心,positive,1,0.5
PRODUCT_449815,图书音像,会回购,positive,1,1.0
PRODUCT_449894,图书音像,包装好,positive,1,1.0
PRODUCT_449902,图书音像,外观好看,positive,1,1.0
PRODUCT_449910,图书音像,不推荐,negative,1,0.3333333333333333
PRODUCT_449910,图书音像,正品放心,positive,1,0.3333333333333333
PRODUCT_449910,图书音像,疑似假货,negative,1,0.3333333333333333
PRODUCT_449946,图书音像,性价比高,positive,1,0.3333333333333333
PRODUCT_449946,图书音像,疑似假货,negative,1,0.3333333333333333
PRODUCT_450025,图书音像,会回购,positive,1,1.0
PRODUCT_450080,图书音像,外观好看,positive,1,0.5
PRODUCT_450080,图书音像,质量好,positive,1,0.5
PRODUCT_450189,图书音像,正品放心,positive,1,1.0
PRODUCT_450205,图书音像,质量好,positive,2,0.2857142857142857
PRODUCT_450205,图书音像,正品放心,positive,1,0.14285714285714285
PRODUCT_45023,家用电器,外观好看,positive,3,0.1875
PRODUCT_45023,家用电器,会回购,positive,1,0.0625
PRODUCT_45023,家用电器,物流慢,negative,1,0.0625
PRODUCT_45023,家用电器,质量好,positive,1,0.0625
PRODUCT_450231,图书音像,不推荐,negative,1,0.0625
PRODUCT_450231,图书音像,疑似假货,negative,1,0.0625
PRODUCT_450246,图书音像,正品放心,positive,1,0.5
PRODUCT_45033,电脑/办公,外观好看,positive,1,0.25
PRODUCT_450364,家居生活,很耐用,positive,1,0.09090909090909091
PRODUCT_450364,家居生活,疑似假货,negative,1,0.09090909090909091
PRODUCT_450364,家居生活,质量好,positive,1,0.09090909090909091
PRODUCT_45044,图书音像,价格贵,negative,1,0.5
PRODUCT_45044,图书音像,内容一般,negative,1,0.5
PRODUCT_45046,钟表/首饰/眼镜/礼品,外观好看,positive,1,1.0
PRODUCT_450461,图书音像,外观好看,positive,1,0.5
PRODUCT_450550,图书音像,正品放心,positive,1,0.3333333333333333
PRODUCT_450581,图书音像,性价比高,positive,1,0.5
PRODUCT_450586,图书音像,内容不错,positive,1,0.2
PRODUCT_450621,钟表/首饰/眼镜/礼品,正品放心,positive,2,0.1111111111111111
PRODUCT_450621,钟表/首饰/眼镜/礼品,不推荐,negative,1,0.05555555555555555
PRODUCT_450621,钟表/首饰/眼镜/礼品,容易坏,negative,1,0.05555555555555555
PRODUCT_450621,钟表/首饰/眼镜/礼品,性价比高,positive,1,0.05555555555555555
PRODUCT_450621,钟表/首饰/眼镜/礼品,疑似假货,negative,1,0.05555555555555555
PRODUCT_450622,图书音像,价格贵,negative,1,1.0
PRODUCT_450689,图书音像,外观好看,positive,1,0.5
PRODUCT_450790,图书音像,不推荐,negative,1,0.03571428571428571
PRODUCT_450790,图书音像,内容不错,positive,1,0.03571428571428571
PRODUCT_450790,图书音像,外观好看,positive,1,0.03571428571428571
PRODUCT_450790,图书音像,很新鲜,positive,1,0.03571428571428571
PRODUCT_450792,美妆个护,正品放心,positive,1,1.0
PRODUCT_4508,图书音像,正品放心,positive,1,1.0
PRODUCT_450820,图书音像,质量好,positive,1,1.0
PRODUCT_45083,家用电器,外观好看,positive,1,0.16666666666666666
PRODUCT_45083,家用电器,性价比高,positive,1,0.16666666666666666
PRODUCT_45083,家用电器,正品放心,positive,1,0.16666666666666666
PRODUCT_45083,家用电器,疑似假货,negative,1,0.16666666666666666
PRODUCT_450887,图书音像,质量好,positive,1,0.5
PRODUCT_45094,家居生活,性价比高,positive,1,1.0
PRODUCT_451021,家居生活,正品放心,positive,1,1.0
PRODUCT_451048,图书音像,正品放心,positive,1,0.3333333333333333
PRODUCT_451058,美妆个护,性价比高,positive,1,0.3333333333333333
PRODUCT_451141,图书音像,不推荐,negative,1,1.0
PRODUCT_45118,图书音像,内容不错,positive,1,0.5
PRODUCT_451198,图书音像,正品放心,positive,1,0.25
PRODUCT_451251,家居生活,内容一般,negative,1,0.16666666666666666
PRODUCT_451251,家居生活,质量差,negative,1,0.16666666666666666
PRODUCT_45130,电脑/办公,很耐用,positive,2,0.13333333333333333
PRODUCT_45130,电脑/办公,不推荐,negative,1,0.06666666666666667
PRODUCT_45130,电脑/办公,容易坏,negative,1,0.06666666666666667
PRODUCT_45130,电脑/办公,正品放心,positive,1,0.06666666666666667
PRODUCT_451331,图书音像,外观好看,positive,1,0.3333333333333333
PRODUCT_451339,美妆个护,味道不错,positive,7,0.7
PRODUCT_451339,美妆个护,不推荐,negative,1,0.1
PRODUCT_451339,美妆个护,很新鲜,positive,1,0.1
PRODUCT_451339,美妆个护,性价比高,positive,1,0.1
PRODUCT_451346,家用电器,价格贵,negative,2,0.2857142857142857
PRODUCT_451346,家用电器,外观好看,positive,2,0.2857142857142857
PRODUCT_451346,家用电器,外观一般,negative,1,0.14285714285714285
PRODUCT_451359,美妆个护,外观好看,positive,2,1.0
PRODUCT_451368,图书音像,很新鲜,positive,1,0.5
PRODUCT_451392,图书音像,外观好看,positive,1,0.3333333333333333
PRODUCT_451459,食品/保健,会回购,positive,1,1.0
PRODUCT_451459,食品/保健,味道不错,positive,1,1.0
PRODUCT_451526,图书音像,质量好,positive,1,0.5
PRODUCT_451540,图书音像,外观好看,positive,1,1.0
PRODUCT_451595,手机/数码,质量差,negative,2,0.3333333333333333
PRODUCT_451595,手机/数码,很耐用,positive,1,0.16666666666666666
PRODUCT_451595,手机/数码,正品放心,positive,1,0.16666666666666666
PRODUCT_451595,手机/数码,续航差,negative,1,0.16666666666666666
PRODUCT_451634,美妆个护,疑似假货,negative,1,0.2
PRODUCT_45169,图书音像,发货快,positive,1,0.3333333333333333
PRODUCT_45169,图书音像,正品放心,positive,1,0.3333333333333333
PRODUCT_45172,图书音像,很耐用,positive,1,0.1
PRODUCT_451741,图书音像,外观好看,positive,1,1.0
PRODUCT_45175,电脑/办公,质量好,positive,1,0.16666666666666666
PRODUCT_451760,食品/保健,味道不错,positive,1,1.0
PRODUCT_451859,图书音像,味道不错,positive,1,1.0
PRODUCT_451934,图书音像,内容不错,positive,1,1.0
PRODUCT_45194,食品/保健,味道不错,positive,1,1.0
PRODUCT_451953,图书音像,容易坏,negative,1,1.0
PRODUCT_451979,钟表/首饰/眼镜/礼品,不推荐,negative,1,1.0
PRODUCT_452042,图书音像,外观好看,positive,1,0.14285714285714285
PRODUCT_452073,其他,正品放心,positive,1,1.0
PRODUCT_45209,食品/保健,味道不错,positive,1,1.0
PRODUCT_452118,钟表/首饰/眼镜/礼品,外观好看,positive,1,0.5
PRODUCT_452134,图书音像,容易坏,negative,1,1.0
PRODUCT_452166,家居生活,价格贵,negative,1,1.0
PRODUCT_45225,图书音像,不推荐,negative,1,1.0
PRODUCT_452258,图书音像,正品放心,positive,2,0.18181818181818182
PRODUCT_452258,图书音像,质量好,positive,2,0.18181818181818182
PRODUCT_452278,电脑/办公,正品放心,positive,1,0.5
PRODUCT_452278,电脑/办公,疑似假货,negative,1,0.5
PRODUCT_452279,电脑/办公,正品放心,positive,1,0.3333333333333333
PRODUCT_452321,食品/保健,味道不错,positive,1,1.0
PRODUCT_452330,图书音像,正品放心,positive,1,1.0
PRODUCT_452332,图书音像,质量好,positive,1,1.0
PRODUCT_45235,图书音像,包装差,negative,1,1.0
PRODUCT_452409,图书音像,性价比高,positive,1,1.0
PRODUCT_45242,家用电器,客服好,positive,1,0.2
PRODUCT_45242,家用电器,正品放心,positive,1,0.2
PRODUCT_452420,图书音像,正品放心,positive,1,1.0
PRODUCT_452420,图书音像,质量好,positive,1,1.0
PRODUCT_452423,美妆个护,正品放心,positive,1,0.5
PRODUCT_45243,手机/数码,容易坏,negative,2,0.5
PRODUCT_452433,其他,包装好,positive,1,0.09090909090909091
PRODUCT_452433,其他,正品放心,positive,1,0.09090909090909091
PRODUCT_452513,家居生活,外观好看,positive,1,1.0
PRODUCT_452513,家居生活,质量差,negative,1,1.0
PRODUCT_452558,图书音像,会回购,positive,1,1.0
PRODUCT_452564,家居生活,外观好看,positive,1,0.5
PRODUCT_452564,家居生活,尺码合适,positive,1,0.5
PRODUCT_452577,家用电器,味道不错,positive,1,0.2
PRODUCT_452577,家用电器,外观好看,positive,1,0.2
PRODUCT_452577,家用电器,正品放心,positive,1,0.2
PRODUCT_452577,家用电器,质量好,positive,1,0.2
PRODUCT_452636,图书音像,质量好,positive,1,1.0
PRODUCT_452642,图书音像,外观好看,positive,1,0.5
PRODUCT_452649,图书音像,内容不错,positive,1,0.5
PRODUCT_452667,食品/保健,味道不错,positive,1,1.0
PRODUCT_452678,钟表/首饰/眼镜/礼品,外观好看,positive,1,1.0
PRODUCT_452678,钟表/首饰/眼镜/礼品,质量好,positive,1,1.0
PRODUCT_452725,图书音像,发货快,positive,1,0.5
PRODUCT_452818,母婴/玩具,正品放心,positive,1,1.0
PRODUCT_452819,图书音像,外观好看,positive,1,0.5
PRODUCT_452819,图书音像,质量好,positive,1,0.5
PRODUCT_452845,家用电器,质量好,positive,1,0.5
PRODUCT_452897,图书音像,外观好看,positive,1,0.25
PRODUCT_452900,图书音像,正品放心,positive,1,1.0
PRODUCT_452941,图书音像,外观好看,positive,2,0.1111111111111111
PRODUCT_452941,图书音像,质量好,positive,1,0.05555555555555555
PRODUCT_453023,家用电器,外观好看,positive,1,1.0
PRODUCT_453023,家用电器,性价比高,positive,1,1.0
PRODUCT_453039,图书音像,外观好看,positive,1,0.1111111111111111
PRODUCT_453077,图书音像,味道不错,positive,1,0.16666666666666666
PRODUCT_453163,美妆个护,内容一般,negative,1,1.0
PRODUCT_453206,美妆个护,正品放心,positive,1,0.25
PRODUCT_453237,图书音像,内容不错,positive,1,0.5
PRODUCT_453331,电脑/办公,容易坏,negative,1,1.0
PRODUCT_453376,家用电器,外观好看,positive,1,1.0
PRODUCT_453381,电脑/办公,性价比高,positive,1,0.2
PRODUCT_453381,电脑/办公,质量好,positive,1,0.2
PRODUCT_453382,家用电器,性价比高,positive,1,1.0
PRODUCT_453382,家用电器,质量好,positive,1,1.0
PRODUCT_453390,食品/保健,包装差,negative,1,1.0
PRODUCT_453398,家居生活,性价比高,positive,1,0.1
PRODUCT_453421,电脑/办公,质量差,negative,1,0.5
PRODUCT_4535,电脑/办公,不推荐,negative,1,1.0
PRODUCT_453541,图书音像,外观好看,positive,1,0.5
PRODUCT_453569,图书音像,质量差,negative,1,0.5
PRODUCT_453625,其他,外观好看,positive,5,0.2777777777777778
PRODUCT_453625,其他,很耐用,positive,1,0.05555555555555555
PRODUCT_453625,其他,性价比高,positive,1,0.05555555555555555
PRODUCT_453625,其他,物流慢,negative,1,0.05555555555555555
PRODUCT_453625,其他,质量好,positive,1,0.05555555555555555
PRODUCT_453625,其他,质量差,negative,1,0.05555555555555555
PRODUCT_453640,图书音像,内容不错,positive,1,0.5
PRODUCT_453640,图书音像,外观好看,positive,1,0.5
PRODUCT_453640,图书音像,正品放心,positive,1,0.5
PRODUCT_453656,手机/数码,内容一般,negative,1,1.0
PRODUCT_453663,图书音像,内容不错,positive,1,1.0
PRODUCT_453707,电脑/办公,性价比高,positive,1,1.0
PRODUCT_453756,电脑/办公,正品放心,positive,1,0.5
PRODUCT_453756,电脑/办公,疑似假货,negative,1,0.5
PRODUCT_453777,家具/家装/建材,外观好看,positive,1,1.0
PRODUCT_453777,家具/家装/建材,很耐用,positive,1,1.0
PRODUCT_453801,电脑/办公,包装好,positive,2,0.1
PRODUCT_453801,电脑/办公,正品放心,positive,2,0.1
PRODUCT_453801,电脑/办公,会回购,positive,1,0.05
PRODUCT_453801,电脑/办公,性价比高,positive,1,0.05
PRODUCT_453833,图书音像,正品放心,positive,2,0.1
PRODUCT_453833,图书音像,外观好看,positive,1,0.05
PRODUCT_453869,图书音像,包装差,negative,1,1.0
PRODUCT_453888,手机/数码,性价比高,positive,1,0.5
PRODUCT_453896,其他,很耐用,positive,1,0.5
PRODUCT_453901,图书音像,外观好看,positive,1,1.0
PRODUCT_453935,食品/保健,包装好,positive,1,1.0
PRODUCT_453941,图书音像,包装好,positive,1,1.0
PRODUCT_453949,图书音像,包装好,positive,1,0.2
PRODUCT_453949,图书音像,质量好,positive,1,0.2
PRODUCT_453974,电脑/办公,外观好看,positive,2,1.0
PRODUCT_453974,电脑/办公,性价比高,positive,1,0.5
PRODUCT_454064,家居生活,质量好,positive,1,1.0
PRODUCT_454117,图书音像,外观好看,positive,1,0.2
PRODUCT_454149,图书音像,正品放心,positive,1,1.0
PRODUCT_454149,图书音像,质量好,positive,1,1.0
PRODUCT_45422,图书音像,内容不错,positive,1,1.0
PRODUCT_454264,美妆个护,味道不错,positive,1,1.0
PRODUCT_454264,美妆个护,正品放心,positive,1,1.0
PRODUCT_45427,家居生活,正品放心,positive,1,1.0
PRODUCT_454331,图书音像,正品放心,positive,1,1.0
PRODUCT_454416,家居生活,味道不错,positive,1,1.0
PRODUCT_454482,电脑/办公,外观好看,positive,2,0.2857142857142857
PRODUCT_454482,电脑/办公,不推荐,negative,1,0.14285714285714285
PRODUCT_454482,电脑/办公,客服好,positive,1,0.14285714285714285
PRODUCT_454483,图书音像,正品放心,positive,1,1.0
PRODUCT_454572,图书音像,包装好,positive,1,0.5
PRODUCT_454572,图书音像,外观好看,positive,1,0.5
PRODUCT_454582,图书音像,疑似假货,negative,2,0.2857142857142857
PRODUCT_454582,图书音像,质量好,positive,1,0.14285714285714285
PRODUCT_45460,图书音像,质量好,positive,1,0.3333333333333333
PRODUCT_454608,电脑/办公,容易坏,negative,2,0.2222222222222222
PRODUCT_454608,电脑/办公,质量差,negative,1,0.1111111111111111
PRODUCT_454676,图书音像,包装差,negative,1,1.0
PRODUCT_454676,图书音像,正品放心,positive,1,1.0
PRODUCT_454676,图书音像,质量好,positive,1,1.0
PRODUCT_454742,图书音像,外观好看,positive,1,0.3333333333333333
PRODUCT_454759,手机/数码,性价比高,positive,1,0.25
PRODUCT_454770,手机/数码,外观好看,positive,1,0.25
PRODUCT_454770,手机/数码,质量好,positive,1,0.25
PRODUCT_454771,图书音像,包装差,negative,1,0.5
PRODUCT_454833,图书音像,容易坏,negative,2,0.2
PRODUCT_454887,图书音像,外观好看,positive,1,0.5
PRODUCT_454920,家具/家装/建材,不推荐,negative,1,1.0
PRODUCT_454920,家具/家装/建材,内容一般,negative,1,1.0
PRODUCT_454981,图书音像,外观好看,positive,1,0.5
PRODUCT_455114,图书音像,疑似假货,negative,1,1.0
PRODUCT_455149,图书音像,内容不错,positive,1,1.0
PRODUCT_455164,图书音像,包装差,negative,1,0.5
PRODUCT_4554,图书音像,质量差,negative,1,0.5
PRODUCT_455615,母婴/玩具,质量好,positive,1,1.0
PRODUCT_455655,图书音像,内容一般,negative,1,1.0
PRODUCT_455655,图书音像,疑似假货,negative,1,1.0
PRODUCT_455751,图书音像,正品放心,positive,1,1.0
PRODUCT_455751,图书音像,质量好,positive,1,1.0
PRODUCT_455752,图书音像,内容不错,positive,1,0.2
PRODUCT_455775,食品/保健,味道不错,positive,1,0.5
PRODUCT_455778,母婴/玩具,正品放心,positive,1,1.0
PRODUCT_455779,家用电器,外观好看,positive,1,0.09090909090909091
PRODUCT_455779,家用电器,性价比高,positive,1,0.09090909090909091
PRODUCT_455783,电脑/办公,不推荐,negative,1,1.0
PRODUCT_455791,美妆个护,性价比高,positive,1,0.3333333333333333
PRODUCT_45582,家用电器,正品放心,positive,1,1.0
PRODUCT_456029,图书音像,会回购,positive,1,1.0
PRODUCT_456039,图书音像,会回购,positive,1,0.5
PRODUCT_456039,图书音像,味道不错,positive,1,0.5
PRODUCT_456040,图书音像,质量差,negative,1,0.5
PRODUCT_456043,图书音像,正品放心,positive,1,0.3333333333333333
PRODUCT_456043,图书音像,疑似假货,negative,1,0.3333333333333333
PRODUCT_45605,家具/家装/建材,性价比高,positive,1,1.0
PRODUCT_45605,家具/家装/建材,质量好,positive,1,1.0
PRODUCT_456061,其他,疑似假货,negative,1,0.5
PRODUCT_456068,图书音像,会回购,positive,1,1.0
PRODUCT_456138,图书音像,正品放心,positive,1,1.0
PRODUCT_456226,图书音像,性价比高,positive,1,0.3333333333333333
PRODUCT_456232,图书音像,内容一般,negative,1,1.0
PRODUCT_456266,图书音像,内容不错,positive,1,0.25
PRODUCT_45628,手机/数码,容易坏,negative,1,0.5
PRODUCT_456341,图书音像,不推荐,negative,2,0.6666666666666666
PRODUCT_456341,图书音像,内容一般,negative,1,0.3333333333333333
PRODUCT_456345,图书音像,内容不错,positive,1,0.5
PRODUCT_456376,图书音像,外观好看,positive,1,1.0
PRODUCT_456399,图书音像,疑似假货,negative,1,1.0
PRODUCT_45647,图书音像,外观好看,positive,2,0.6666666666666666
PRODUCT_45647,图书音像,质量好,positive,1,0.3333333333333333
PRODUCT_456534,图书音像,性价比高,positive,1,0.2
PRODUCT_456643,图书音像,性价比高,positive,1,0.5
PRODUCT_456688,图书音像,质量好,positive,3,0.11538461538461539
PRODUCT_456688,图书音像,不推荐,negative,1,0.038461538461538464
PRODUCT_456688,图书音像,包装差,negative,1,0.038461538461538464
PRODUCT_456688,图书音像,外观一般,negative,1,0.038461538461538464
PRODUCT_456688,图书音像,外观好看,positive,1,0.038461538461538464
PRODUCT_45674,图书音像,性价比高,positive,1,0.3333333333333333
PRODUCT_45674,图书音像,正品放心,positive,1,0.3333333333333333
PRODUCT_456760,图书音像,内容不错,positive,1,0.5
PRODUCT_45678,图书音像,外观好看,positive,1,0.3333333333333333
PRODUCT_456823,图书音像,价格贵,negative,1,1.0
PRODUCT_456838,图书音像,外观好看,positive,1,1.0
PRODUCT_456911,图书音像,外观一般,negative,1,0.3333333333333333
PRODUCT_456911,图书音像,外观好看,positive,1,0.3333333333333333
PRODUCT_456911,图书音像,很新鲜,positive,1,0.3333333333333333
PRODUCT_45703,图书音像,正品放心,positive,1,0.3333333333333333
PRODUCT_457059,图书音像,很新鲜,positive,1,1.0
PRODUCT_457191,家用电器,不推荐,negative,1,0.14285714285714285
PRODUCT_457191,家用电器,很新鲜,positive,1,0.14285714285714285
PRODUCT_457250,图书音像,不推荐,negative,1,1.0
PRODUCT_457271,钟表/首饰/眼镜/礼品,正品放心,positive,1,0.3333333333333333
PRODUCT_457273,钟表/首饰/眼镜/礼品,正品放心,positive,2,0.5
PRODUCT_457273,钟表/首饰/眼镜/礼品,不推荐,negative,1,0.25
PRODUCT_457281,图书音像,不推荐,negative,1,0.5
PRODUCT_457344,图书音像,正品放心,positive,3,0.07894736842105263
PRODUCT_457344,图书音像,疑似假货,negative,3,0.07894736842105263
PRODUCT_457344,图书音像,外观好看,positive,2,0.05263157894736842
PRODUCT_457344,图书音像,质量好,positive,2,0.05263157894736842
PRODUCT_457344,图书音像,味道不错,positive,1,0.02631578947368421
PRODUCT_457344,图书音像,客服差,negative,1,0.02631578947368421
PRODUCT_457344,图书音像,很耐用,positive,1,0.02631578947368421
PRODUCT_457358,钟表/首饰/眼镜/礼品,外观好看,positive,3,0.75
PRODUCT_457386,美妆个护,味道不错,positive,2,0.4
PRODUCT_457386,美妆个护,外观好看,positive,2,0.4
PRODUCT_457386,美妆个护,正品放心,positive,2,0.4
PRODUCT_457604,图书音像,价格贵,negative,1,0.25
PRODUCT_457726,图书音像,正品放心,positive,1,1.0
PRODUCT_457728,电脑/办公,很耐用,positive,1,0.25
PRODUCT_457728,电脑/办公,质量好,positive,1,0.25
PRODUCT_457792,家用电器,续航差,negative,1,0.25
PRODUCT_457792,家用电器,质量差,negative,1,0.25
PRODUCT_457826,美妆个护,味道不错,positive,2,0.6666666666666666
PRODUCT_457826,美妆个护,内容一般,negative,1,0.3333333333333333
PRODUCT_457826,美妆个护,正品放心,positive,1,0.3333333333333333
PRODUCT_457932,图书音像,外观一般,negative,1,0.5
PRODUCT_457932,图书音像,容易坏,negative,1,0.5
PRODUCT_458,图书音像,质量好,positive,1,1.0
PRODUCT_458019,图书音像,外观好看,positive,1,1.0
PRODUCT_458019,图书音像,很新鲜,positive,1,1.0
PRODUCT_458082,图书音像,会回购,positive,1,1.0
PRODUCT_45812,图书音像,会回购,positive,1,0.25
PRODUCT_45813,图书音像,内容不错,positive,1,0.5
PRODUCT_45813,图书音像,外观好看,positive,1,0.5
PRODUCT_458131,图书音像,内容不错,positive,1,1.0
PRODUCT_458233,图书音像,外观好看,positive,1,1.0
PRODUCT_458253,图书音像,内容不错,positive,1,1.0
PRODUCT_458308,图书音像,不推荐,negative,1,1.0
PRODUCT_458314,家居生活,正品放心,positive,1,0.25
PRODUCT_458377,图书音像,外观好看,positive,1,1.0
PRODUCT_458397,美妆个护,味道不错,positive,1,0.25
PRODUCT_458397,美妆个护,正品放心,positive,1,0.25
PRODUCT_45843,图书音像,内容不错,positive,1,0.5
PRODUCT_458445,食品/保健,正品放心,positive,1,1.0
PRODUCT_458491,图书音像,味道不错,positive,1,1.0
PRODUCT_458529,运动户外,很耐用,positive,1,1.0
PRODUCT_458529,运动户外,质量好,positive,1,1.0
PRODUCT_458543,电脑/办公,包装差,negative,1,1.0
PRODUCT_458543,电脑/办公,很新鲜,positive,1,1.0
PRODUCT_458548,图书音像,包装差,negative,1,0.5
PRODUCT_458548,图书音像,很新鲜,positive,1,0.5
PRODUCT_458553,电脑/办公,正品放心,positive,1,0.5
PRODUCT_458608,图书音像,正品放心,positive,1,1.0
PRODUCT_458608,图书音像,质量好,positive,1,1.0
PRODUCT_458667,美妆个护,内容一般,negative,1,1.0
PRODUCT_458667,美妆个护,性价比高,positive,1,1.0
PRODUCT_458709,图书音像,质量好,positive,1,0.3333333333333333
PRODUCT_458750,图书音像,质量好,positive,1,0.3333333333333333
PRODUCT_458770,图书音像,质量好,positive,1,0.25
PRODUCT_458798,图书音像,正品放心,positive,1,1.0
PRODUCT_458798,图书音像,疑似假货,negative,1,1.0
PRODUCT_458851,图书音像,外观好看,positive,2,0.6666666666666666
PRODUCT_458857,图书音像,外观好看,positive,1,1.0
PRODUCT_458875,图书音像,外观好看,positive,1,0.2
PRODUCT_458875,图书音像,性价比高,positive,1,0.2
PRODUCT_458918,图书音像,性价比高,positive,1,0.5
PRODUCT_45896,图书音像,容易坏,negative,1,1.0
PRODUCT_458964,电脑/办公,价格贵,negative,1,0.08333333333333333
PRODUCT_458964,电脑/办公,性价比高,positive,1,0.08333333333333333
PRODUCT_458965,图书音像,正品放心,positive,1,1.0
PRODUCT_458983,图书音像,外观好看,positive,1,0.25
PRODUCT_459007,图书音像,外观好看,positive,1,1.0
PRODUCT_459015,手机/数码,质量好,positive,1,1.0
PRODUCT_459021,图书音像,发货快,positive,1,0.5
PRODUCT_45908,电脑/办公,不推荐,negative,1,0.5
PRODUCT_45908,电脑/办公,质量差,negative,1,0.5
PRODUCT_459137,图书音像,会回购,positive,1,0.14285714285714285
PRODUCT_459137,图书音像,性价比高,positive,1,0.14285714285714285
PRODUCT_459156,图书音像,会回购,positive,1,0.5
PRODUCT_459218,图书音像,包装差,negative,1,1.0
PRODUCT_459221,图书音像,包装好,positive,1,1.0
PRODUCT_459243,电脑/办公,性价比高,positive,1,0.3333333333333333
PRODUCT_459268,电脑/办公,正品放心,positive,1,0.07142857142857142
PRODUCT_459330,图书音像,内容不错,positive,1,1.0
PRODUCT_459375,图书音像,内容不错,positive,1,0.25
PRODUCT_459375,图书音像,正品放心,positive,1,0.25
PRODUCT_459392,电脑/办公,性价比高,positive,1,1.0
PRODUCT_459424,手机/数码,正品放心,positive,3,0.3333333333333333
PRODUCT_459424,手机/数码,不推荐,negative,2,0.2222222222222222
PRODUCT_459424,手机/数码,包装好,positive,1,0.1111111111111111
PRODUCT_459424,手机/数码,容易坏,negative,1,0.1111111111111111
PRODUCT_45944,图书音像,发货快,positive,1,1.0
PRODUCT_459449,图书音像,质量好,positive,1,1.0
PRODUCT_459534,手机/数码,质量好,positive,1,0.5
PRODUCT_459547,母婴/玩具,质量好,positive,1,1.0
PRODUCT_459553,手机/数码,正品放心,positive,5,0.7142857142857143
PRODUCT_459553,手机/数码,发货快,positive,1,0.14285714285714285
PRODUCT_459597,图书音像,外观好看,positive,1,0.25
PRODUCT_4596,图书音像,正品放心,positive,1,0.2
PRODUCT_4596,图书音像,疑似假货,negative,1,0.2
PRODUCT_459680,图书音像,味道不错,positive,1,0.3333333333333333
PRODUCT_459685,图书音像,外观好看,positive,1,1.0
PRODUCT_459774,母婴/玩具,外观好看,positive,1,1.0
PRODUCT_459791,图书音像,正品放心,positive,1,1.0
PRODUCT_459837,电脑/办公,外观好看,positive,1,1.0
PRODUCT_45990,家用电器,容易坏,negative,1,0.14285714285714285
PRODUCT_45990,家用电器,性价比高,positive,1,0.14285714285714285
PRODUCT_45990,家用电器,质量好,positive,1,0.14285714285714285
PRODUCT_460030,图书音像,包装好,positive,1,0.3333333333333333
PRODUCT_460030,图书音像,正品放心,positive,1,0.3333333333333333
PRODUCT_460048,手机/数码,性价比高,positive,1,1.0
PRODUCT_460048,手机/数码,质量差,negative,1,1.0
PRODUCT_460123,图书音像,外观好看,positive,1,0.3333333333333333
PRODUCT_460168,图书音像,性价比高,positive,1,1.0
PRODUCT_460169,图书音像,不推荐,negative,1,1.0
PRODUCT_460195,图书音像,会回购,positive,1,1.0
PRODUCT_460369,图书音像,味道不错,positive,1,0.25
PRODUCT_460369,图书音像,正品放心,positive,1,0.25
PRODUCT_460392,图书音像,外观好看,positive,2,0.6666666666666666
PRODUCT_460392,图书音像,价格贵,negative,1,0.3333333333333333
PRODUCT_46040,电脑/办公,外观好看,positive,1,0.3333333333333333
PRODUCT_46040,电脑/办公,容易坏,negative,1,0.3333333333333333
PRODUCT_46040,电脑/办公,正品放心,positive,1,0.3333333333333333
PRODUCT_46040,电脑/办公,质量差,negative,1,0.3333333333333333
PRODUCT_460409,电脑/办公,外观好看,positive,1,1.0
PRODUCT_460689,美妆个护,正品放心,positive,1,1.0
PRODUCT_46075,手机/数码,很耐用,positive,1,0.2
PRODUCT_46075,手机/数码,续航久,positive,1,0.2
PRODUCT_46075,手机/数码,质量差,negative,1,0.2
PRODUCT_460768,美妆个护,疑似假货,negative,2,1.0
PRODUCT_460828,图书音像,价格贵,negative,1,1.0
PRODUCT_460918,图书音像,疑似假货,negative,1,0.16666666666666666
PRODUCT_460938,图书音像,会回购,positive,1,1.0
PRODUCT_46095,家具/家装/建材,容易坏,negative,1,1.0
PRODUCT_46095,家具/家装/建材,质量好,positive,1,1.0
PRODUCT_461046,图书音像,正品放心,positive,1,0.2
PRODUCT_46126,服饰服装,外观好看,positive,1,1.0
PRODUCT_46126,服饰服装,尺码合适,positive,1,1.0
PRODUCT_461287,图书音像,味道一般,negative,1,0.25
PRODUCT_46131,鞋类箱包,外观好看,positive,1,0.5
PRODUCT_46131,鞋类箱包,正品放心,positive,1,0.5
PRODUCT_46131,鞋类箱包,疑似假货,negative,1,0.5
PRODUCT_461315,图书音像,包装差,negative,1,1.0
PRODUCT_461334,图书音像,正品放心,positive,2,0.4
PRODUCT_461334,图书音像,价格贵,negative,1,0.2
PRODUCT_461349,图书音像,疑似假货,negative,1,1.0
PRODUCT_461414,图书音像,内容一般,negative,1,1.0
PRODUCT_461414,图书音像,疑似假货,negative,1,1.0
PRODUCT_461499,钟表/首饰/眼镜/礼品,外观一般,negative,1,0.16666666666666666
PRODUCT_461499,钟表/首饰/眼镜/礼品,外观好看,positive,1,0.16666666666666666
PRODUCT_461499,钟表/首饰/眼镜/礼品,质量差,negative,1,0.16666666666666666
PRODUCT_461554,图书音像,性价比高,positive,1,0.5
PRODUCT_461653,图书音像,疑似假货,negative,1,1.0
PRODUCT_461656,图书音像,质量好,positive,1,0.3333333333333333
PRODUCT_461684,图书音像,疑似假货,negative,1,1.0
PRODUCT_461739,图书音像,质量好,positive,1,0.25
PRODUCT_461763,图书音像,内容一般,negative,1,0.2
PRODUCT_461763,图书音像,外观好看,positive,1,0.2
PRODUCT_461828,图书音像,正品放心,positive,1,1.0
PRODUCT_461991,鞋类箱包,外观好看,positive,1,1.0
PRODUCT_462026,图书音像,质量差,negative,1,1.0
PRODUCT_462079,图书音像,外观好看,positive,1,0.5
PRODUCT_462131,图书音像,外观好看,positive,1,0.2
PRODUCT_46215,图书音像,内容不错,positive,1,0.1
PRODUCT_462176,电脑/办公,质量好,positive,1,0.5
PRODUCT_462211,手机/数码,外观好看,positive,1,1.0
PRODUCT_462236,图书音像,会回购,positive,1,0.5
PRODUCT_462236,图书音像,内容一般,negative,1,0.5
PRODUCT_462236,图书音像,质量差,negative,1,0.5
PRODUCT_462242,图书音像,正品放心,positive,1,1.0
PRODUCT_462294,图书音像,正品放心,positive,1,0.5
PRODUCT_462294,图书音像,疑似假货,negative,1,0.5
PRODUCT_462347,其他,正品放心,positive,4,0.23529411764705882
PRODUCT_462347,其他,性价比高,positive,3,0.17647058823529413
PRODUCT_462347,其他,疑似假货,negative,1,0.058823529411764705
PRODUCT_462418,电脑/办公,不推荐,negative,2,0.2857142857142857
PRODUCT_462418,电脑/办公,容易坏,negative,2,0.2857142857142857
PRODUCT_462468,母婴/玩具,质量差,negative,1,1.0
PRODUCT_46248,家具/家装/建材,很耐用,positive,1,1.0
PRODUCT_462627,食品/保健,味道不错,positive,1,1.0
PRODUCT_462630,食品/保健,味道不错,positive,1,1.0
PRODUCT_462631,图书音像,外观好看,positive,2,0.6666666666666666
PRODUCT_462837,图书音像,容易坏,negative,1,0.3333333333333333
PRODUCT_462916,图书音像,外观好看,positive,1,0.3333333333333333
PRODUCT_462916,图书音像,疑似假货,negative,1,0.3333333333333333
PRODUCT_462916,图书音像,质量好,positive,1,0.3333333333333333
PRODUCT_462942,图书音像,外观好看,positive,1,0.5
PRODUCT_462979,图书音像,内容不错,positive,1,1.0
PRODUCT_462989,母婴/玩具,尺码合适,positive,1,0.16666666666666666
PRODUCT_462989,母婴/玩具,性价比高,positive,1,0.16666666666666666
PRODUCT_463048,图书音像,性价比高,positive,1,0.5
PRODUCT_463048,图书音像,正品放心,positive,1,0.5
PRODUCT_463048,图书音像,质量好,positive,1,0.5
PRODUCT_463061,电脑/办公,发货快,positive,1,0.2
PRODUCT_463061,电脑/办公,质量好,positive,1,0.2
PRODUCT_463066,图书音像,外观好看,positive,1,0.3333333333333333
PRODUCT_463066,图书音像,正品放心,positive,1,0.3333333333333333
PRODUCT_463074,图书音像,质量好,positive,1,0.5
PRODUCT_463099,图书音像,外观好看,positive,1,0.5
PRODUCT_463099,图书音像,性价比高,positive,1,0.5
PRODUCT_463099,图书音像,正品放心,positive,1,0.5
PRODUCT_463110,食品/保健,正品放心,positive,1,1.0
PRODUCT_463123,美妆个护,疑似假货,negative,1,0.5
PRODUCT_463150,图书音像,外观好看,positive,1,0.1
PRODUCT_463165,图书音像,包装差,negative,1,0.125
PRODUCT_463181,图书音像,不推荐,negative,1,1.0
PRODUCT_463181,图书音像,内容不错,positive,1,1.0
PRODUCT_463214,美妆个护,味道不错,positive,1,1.0
PRODUCT_46323,图书音像,外观好看,positive,1,1.0
PRODUCT_463250,图书音像,外观好看,positive,1,1.0
PRODUCT_463270,图书音像,很新鲜,positive,1,1.0
PRODUCT_463280,图书音像,正品放心,positive,1,0.125
PRODUCT_463280,图书音像,疑似假货,negative,1,0.125
PRODUCT_46330,手机/数码,正品放心,positive,1,0.5
PRODUCT_463321,图书音像,包装差,negative,1,1.0
PRODUCT_463359,图书音像,内容不错,positive,1,0.125
PRODUCT_463359,图书音像,外观好看,positive,1,0.125
PRODUCT_463384,图书音像,内容不错,positive,1,0.5
PRODUCT_463411,母婴/玩具,价格贵,negative,1,0.5
PRODUCT_463427,家用电器,外观好看,positive,1,0.5
PRODUCT_463601,图书音像,包装差,negative,1,0.5
PRODUCT_463638,图书音像,性价比高,positive,1,0.2
PRODUCT_463638,图书音像,正品放心,positive,1,0.2
PRODUCT_463638,图书音像,质量好,positive,1,0.2
PRODUCT_463638,图书音像,质量差,negative,1,0.2
PRODUCT_463662,图书音像,内容不错,positive,1,1.0
PRODUCT_463670,手机/数码,发货快,positive,1,1.0
PRODUCT_463670,手机/数码,物流慢,negative,1,1.0
PRODUCT_463719,图书音像,味道不错,positive,2,0.3333333333333333
PRODUCT_463719,图书音像,质量好,positive,1,0.16666666666666666
PRODUCT_463774,图书音像,正品放心,positive,1,0.5
PRODUCT_463776,图书音像,会回购,positive,1,0.3333333333333333
PRODUCT_463776,图书音像,包装差,negative,1,0.3333333333333333
PRODUCT_463776,图书音像,很新鲜,positive,1,0.3333333333333333
PRODUCT_463779,图书音像,质量差,negative,1,0.3333333333333333
PRODUCT_463809,图书音像,不推荐,negative,1,1.0
PRODUCT_463809,图书音像,内容一般,negative,1,1.0
PRODUCT_463832,图书音像,会回购,positive,1,0.5
PRODUCT_463832,图书音像,内容不错,positive,1,0.5
PRODUCT_463832,图书音像,性价比高,positive,1,0.5
PRODUCT_463853,电脑/办公,性价比高,positive,1,0.2
PRODUCT_463861,图书音像,正品放心,positive,1,0.3333333333333333
PRODUCT_463863,手机/数码,性价比高,positive,1,1.0
PRODUCT_463863,手机/数码,正品放心,positive,1,1.0
PRODUCT_463892,图书音像,会回购,positive,1,1.0
PRODUCT_463969,美妆个护,正品放心,positive,1,1.0
PRODUCT_463969,美妆个护,疑似假货,negative,1,1.0
PRODUCT_464011,图书音像,价格贵,negative,1,0.3333333333333333
PRODUCT_464016,电脑/办公,不推荐,negative,1,0.3333333333333333
PRODUCT_464016,电脑/办公,质量差,negative,1,0.3333333333333333
PRODUCT_464028,图书音像,疑似假货,negative,1,0.3333333333333333
PRODUCT_46403,电脑/办公,外观好看,positive,1,0.3333333333333333
PRODUCT_464049,图书音像,价格贵,negative,1,1.0
PRODUCT_464054,图书音像,内容不错,positive,1,0.5
PRODUCT_464060,图书音像,正品放心,positive,1,1.0
PRODUCT_464060,图书音像,质量差,negative,1,1.0
PRODUCT_464067,图书音像,疑似假货,negative,1,1.0
PRODUCT_464070,图书音像,外观好看,positive,2,0.18181818181818182
PRODUCT_464070,图书音像,不推荐,negative,1,0.09090909090909091
PRODUCT_464070,图书音像,包装好,positive,1,0.09090909090909091
PRODUCT_464159,图书音像,外观好看,positive,3,0.23076923076923078
PRODUCT_464159,图书音像,会回购,positive,1,0.07692307692307693
PRODUCT_464181,图书音像,质量差,negative,1,0.16666666666666666
PRODUCT_464183,图书音像,包装差,negative,1,1.0
PRODUCT_464243,家用电器,性价比高,positive,2,0.3333333333333333
PRODUCT_464243,家用电器,不推荐,negative,1,0.16666666666666666
PRODUCT_464243,家用电器,价格贵,negative,1,0.16666666666666666
PRODUCT_464243,家用电器,正品放心,positive,1,0.16666666666666666
PRODUCT_464243,家用电器,质量好,positive,1,0.16666666666666666
PRODUCT_464244,电脑/办公,质量好,positive,1,1.0
PRODUCT_464305,电脑/办公,容易坏,negative,1,1.0
PRODUCT_464318,图书音像,质量好,positive,1,1.0
PRODUCT_464330,图书音像,正品放心,positive,1,1.0
PRODUCT_464451,图书音像,外观好看,positive,2,0.1
PRODUCT_464451,图书音像,包装好,positive,1,0.05
PRODUCT_464451,图书音像,正品放心,positive,1,0.05
PRODUCT_464491,食品/保健,价格贵,negative,1,0.5
PRODUCT_464503,图书音像,外观好看,positive,1,0.25
PRODUCT_464515,母婴/玩具,不推荐,negative,1,1.0
PRODUCT_464515,母婴/玩具,正品放心,positive,1,1.0
PRODUCT_464521,图书音像,内容不错,positive,1,0.2
PRODUCT_464521,图书音像,正品放心,positive,1,0.2
PRODUCT_464626,图书音像,外观好看,positive,1,1.0
PRODUCT_464639,图书音像,内容一般,negative,1,0.5
PRODUCT_464657,图书音像,包装差,negative,1,1.0
PRODUCT_464657,图书音像,容易坏,negative,1,1.0
PRODUCT_464668,图书音像,很新鲜,positive,1,1.0
PRODUCT_464698,图书音像,正品放心,positive,1,0.5
PRODUCT_464698,图书音像,质量好,positive,1,0.5
PRODUCT_464703,母婴/玩具,尺码合适,positive,1,1.0
PRODUCT_464736,图书音像,会回购,positive,1,1.0
PRODUCT_464743,图书音像,正品放心,positive,1,0.14285714285714285
PRODUCT_464743,图书音像,疑似假货,negative,1,0.14285714285714285
PRODUCT_464747,手机/数码,正品放心,positive,2,0.25
PRODUCT_464747,手机/数码,质量好,positive,1,0.125
PRODUCT_464763,图书音像,很新鲜,positive,1,1.0
PRODUCT_464765,图书音像,正品放心,positive,1,1.0
PRODUCT_464812,手机/数码,外观好看,positive,1,0.2
PRODUCT_464812,手机/数码,正品放心,positive,1,0.2
PRODUCT_464890,电脑/办公,外观好看,positive,3,0.1875
PRODUCT_464890,电脑/办公,容易坏,negative,1,0.0625
PRODUCT_464890,电脑/办公,很耐用,positive,1,0.0625
PRODUCT_464890,电脑/办公,性价比高,positive,1,0.0625
PRODUCT_464964,电脑/办公,不推荐,negative,1,0.5
PRODUCT_464964,电脑/办公,性价比高,positive,1,0.5
PRODUCT_464964,电脑/办公,质量好,positive,1,0.5
PRODUCT_464991,图书音像,疑似假货,negative,1,0.3333333333333333
PRODUCT_465128,家用电器,会回购,positive,1,0.16666666666666666
PRODUCT_465128,家用电器,容易坏,negative,1,0.16666666666666666
PRODUCT_465128,家用电器,性价比高,positive,1,0.16666666666666666
PRODUCT_465128,家用电器,质量好,positive,1,0.16666666666666666
PRODUCT_465159,家用电器,质量差,negative,1,1.0
PRODUCT_465181,图书音像,外观好看,positive,1,1.0
PRODUCT_465228,图书音像,质量好,positive,1,0.3333333333333333
PRODUCT_465245,电脑/办公,外观好看,positive,1,1.0
PRODUCT_465260,图书音像,不推荐,negative,1,0.1
PRODUCT_465260,图书音像,内容不错,positive,1,0.1
PRODUCT_465260,图书音像,外观好看,positive,1,0.1
PRODUCT_465278,鞋类箱包,质量好,positive,1,1.0
PRODUCT_465282,图书音像,质量好,positive,1,1.0
PRODUCT_465345,图书音像,疑似假货,negative,1,1.0
PRODUCT_465345,图书音像,质量好,positive,1,1.0
PRODUCT_465345,图书音像,质量差,negative,1,1.0
PRODUCT_465380,图书音像,正品放心,positive,1,1.0
PRODUCT_465413,图书音像,外观好看,positive,1,1.0
PRODUCT_465424,家用电器,外观好看,positive,1,0.5
PRODUCT_465424,家用电器,很耐用,positive,1,0.5
PRODUCT_465424,家用电器,续航差,negative,1,0.5
PRODUCT_465425,图书音像,很新鲜,positive,1,1.0
PRODUCT_465484,图书音像,内容一般,negative,1,1.0
PRODUCT_465484,图书音像,性价比高,positive,1,1.0
PRODUCT_465484,图书音像,质量差,negative,1,1.0
PRODUCT_465513,手机/数码,很耐用,positive,1,0.5
PRODUCT_465526,家具/家装/建材,容易坏,negative,1,1.0
PRODUCT_465538,图书音像,发货快,positive,1,0.1
PRODUCT_465538,图书音像,性价比高,positive,1,0.1
PRODUCT_465538,图书音像,正品放心,positive,1,0.1
PRODUCT_465545,图书音像,外观好看,positive,1,0.3333333333333333
PRODUCT_465547,图书音像,外观好看,positive,2,0.3333333333333333
PRODUCT_465547,图书音像,发货快,positive,1,0.16666666666666666
PRODUCT_465547,图书音像,性价比高,positive,1,0.16666666666666666
PRODUCT_465550,图书音像,内容不错,positive,1,0.25
PRODUCT_465550,图书音像,质量差,negative,1,0.25
PRODUCT_465620,图书音像,会回购,positive,1,1.0
PRODUCT_465638,家用电器,质量好,positive,1,1.0
PRODUCT_465680,图书音像,正品放心,positive,1,0.5
PRODUCT_465683,手机/数码,会回购,positive,1,0.5
PRODUCT_465803,家具/家装/建材,外观好看,positive,1,1.0
PRODUCT_465805,电脑/办公,会回购,positive,1,1.0
PRODUCT_465805,电脑/办公,外观好看,positive,1,1.0
PRODUCT_465820,图书音像,正品放心,positive,1,0.3333333333333333
PRODUCT_465825,图书音像,内容不错,positive,1,0.25
PRODUCT_465836,图书音像,疑似假货,negative,1,0.5
PRODUCT_465967,图书音像,外观好看,positive,1,0.3333333333333333
PRODUCT_465975,图书音像,性价比高,positive,1,1.0
PRODUCT_465997,图书音像,内容不错,positive,1,1.0
PRODUCT_466032,图书音像,会回购,positive,1,0.25
PRODUCT_466099,手机/数码,外观好看,positive,2,0.3333333333333333
PRODUCT_466099,手机/数码,正品放心,positive,2,0.3333333333333333
PRODUCT_466099,手机/数码,价格贵,negative,1,0.16666666666666666
PRODUCT_466117,家用电器,外观好看,positive,1,1.0
PRODUCT_466179,电脑/办公,价格贵,negative,1,1.0
PRODUCT_466198,图书音像,发货快,positive,1,0.08333333333333333
PRODUCT_466198,图书音像,质量好,positive,1,0.08333333333333333
PRODUCT_466199,图书音像,很新鲜,positive,1,1.0
PRODUCT_466204,图书音像,不推荐,negative,1,0.3333333333333333
PRODUCT_466204,图书音像,性价比高,positive,1,0.3333333333333333
PRODUCT_46622,电脑/办公,正品放心,positive,1,0.5
PRODUCT_466381,图书音像,包装差,negative,1,1.0
PRODUCT_466386,图书音像,正品放心,positive,1,1.0
PRODUCT_466445,图书音像,质量好,positive,1,0.5
PRODUCT_466475,图书音像,包装差,negative,1,0.1
PRODUCT_466475,图书音像,疑似假货,negative,1,0.1
PRODUCT_466497,电脑/办公,尺码不准,negative,1,1.0
PRODUCT_466512,图书音像,疑似假货,negative,1,0.5
PRODUCT_466512,图书音像,质量差,negative,1,0.5
PRODUCT_466524,图书音像,包装差,negative,1,0.3333333333333333
PRODUCT_466524,图书音像,正品放心,positive,1,0.3333333333333333
PRODUCT_466580,图书音像,外观一般,negative,1,0.5
PRODUCT_466588,图书音像,包装差,negative,1,0.5
PRODUCT_466594,手机/数码,容易坏,negative,1,0.5
PRODUCT_466594,手机/数码,质量好,positive,1,0.5
PRODUCT_466644,图书音像,内容不错,positive,1,1.0
PRODUCT_466664,图书音像,正品放心,positive,1,0.5
PRODUCT_466718,图书音像,正品放心,positive,1,1.0
PRODUCT_466718,图书音像,质量好,positive,1,1.0
PRODUCT_466768,美妆个护,味道不错,positive,2,0.6666666666666666
PRODUCT_466870,图书音像,质量好,positive,1,1.0
PRODUCT_466910,图书音像,外观好看,positive,1,1.0
PRODUCT_466915,图书音像,正品放心,positive,1,1.0
PRODUCT_467332,图书音像,正品放心,positive,1,1.0
PRODUCT_467334,图书音像,外观好看,positive,1,0.09090909090909091
PRODUCT_467334,图书音像,正品放心,positive,1,0.09090909090909091
PRODUCT_467334,图书音像,疑似假货,negative,1,0.09090909090909091
PRODUCT_467334,图书音像,质量差,negative,1,0.09090909090909091
PRODUCT_467338,图书音像,价格贵,negative,1,0.16666666666666666
PRODUCT_467378,图书音像,内容不错,positive,1,1.0
PRODUCT_467378,图书音像,包装差,negative,1,1.0
PRODUCT_467460,图书音像,价格贵,negative,1,0.3333333333333333
PRODUCT_467539,电脑/办公,正品放心,positive,1,1.0
PRODUCT_467553,图书音像,质量差,negative,1,0.16666666666666666
PRODUCT_467646,图书音像,质量差,negative,1,0.3333333333333333
PRODUCT_467655,图书音像,内容不错,positive,1,1.0
PRODUCT_467672,图书音像,正品放心,positive,2,0.3333333333333333
PRODUCT_467672,图书音像,内容不错,positive,1,0.16666666666666666
PRODUCT_467672,图书音像,外观好看,positive,1,0.16666666666666666
PRODUCT_467672,图书音像,质量好,positive,1,0.16666666666666666
PRODUCT_467718,家具/家装/建材,正品放心,positive,2,0.07407407407407407
PRODUCT_467718,家具/家装/建材,包装差,negative,1,0.037037037037037035
PRODUCT_467718,家具/家装/建材,外观好看,positive,1,0.037037037037037035
PRODUCT_467718,家具/家装/建材,质量好,positive,1,0.037037037037037035
PRODUCT_467732,图书音像,内容不错,positive,1,0.5
PRODUCT_467732,图书音像,疑似假货,negative,1,0.5
PRODUCT_467733,图书音像,不推荐,negative,1,1.0
PRODUCT_467750,图书音像,正品放心,positive,1,1.0
PRODUCT_467796,图书音像,外观好看,positive,1,0.3333333333333333
PRODUCT_467829,图书音像,外观好看,positive,1,0.5
PRODUCT_467869,图书音像,外观一般,negative,1,0.1111111111111111
PRODUCT_467869,图书音像,性价比高,positive,1,0.1111111111111111
PRODUCT_467923,图书音像,质量好,positive,1,1.0
PRODUCT_467963,图书音像,性价比高,positive,3,0.17647058823529413
PRODUCT_467963,图书音像,不推荐,negative,1,0.058823529411764705
PRODUCT_467963,图书音像,会回购,positive,1,0.058823529411764705
PRODUCT_467963,图书音像,正品放心,positive,1,0.058823529411764705
PRODUCT_468035,图书音像,会回购,positive,1,1.0
PRODUCT_468078,图书音像,正品放心,positive,1,1.0
PRODUCT_468081,电脑/办公,内容一般,negative,1,0.2
PRODUCT_468094,图书音像,内容不错,positive,1,1.0
PRODUCT_468098,图书音像,正品放心,positive,1,1.0
PRODUCT_468173,图书音像,性价比高,positive,1,1.0
PRODUCT_468186,图书音像,质量差,negative,1,1.0
PRODUCT_468238,图书音像,内容不错,positive,1,1.0
PRODUCT_468239,图书音像,内容不错,positive,1,1.0
PRODUCT_468322,图书音像,外观好看,positive,1,0.14285714285714285
PRODUCT_468352,图书音像,价格贵,negative,1,1.0
PRODUCT_468397,美妆个护,味道不错,positive,10,0.625
PRODUCT_468397,美妆个护,不推荐,negative,1,0.0625
PRODUCT_468397,美妆个护,会回购,positive,1,0.0625
PRODUCT_468397,美妆个护,性价比高,positive,1,0.0625
PRODUCT_468397,美妆个护,正品放心,positive,1,0.0625
PRODUCT_468397,美妆个护,疑似假货,negative,1,0.0625
PRODUCT_468400,图书音像,尺码合适,positive,1,0.25
PRODUCT_468426,家用电器,性价比高,positive,1,1.0
PRODUCT_468426,家用电器,质量好,positive,1,1.0
PRODUCT_468437,图书音像,外观好看,positive,1,0.5
PRODUCT_468460,图书音像,很新鲜,positive,1,0.5
PRODUCT_468463,美妆个护,味道不错,positive,1,1.0
PRODUCT_468501,图书音像,正品放心,positive,1,1.0
PRODUCT_468545,图书音像,外观好看,positive,1,0.3333333333333333
PRODUCT_468653,图书音像,外观好看,positive,1,0.2
PRODUCT_468657,图书音像,质量差,negative,1,1.0
PRODUCT_468663,图书音像,性价比高,positive,1,0.05263157894736842
PRODUCT_468663,图书音像,正品放心,positive,1,0.05263157894736842
PRODUCT_468663,图书音像,质量好,positive,1,0.05263157894736842
PRODUCT_468711,美妆个护,正品放心,positive,1,0.3333333333333333
PRODUCT_468752,图书音像,质量差,negative,1,1.0
PRODUCT_468779,图书音像,外观好看,positive,1,0.14285714285714285
PRODUCT_468813,图书音像,性价比高,positive,1,0.3333333333333333
PRODUCT_468839,图书音像,正品放心,positive,1,0.25
PRODUCT_468871,图书音像,质量好,positive,1,1.0
PRODUCT_468911,手机/数码,性价比高,positive,1,0.3333333333333333
PRODUCT_469108,图书音像,外观好看,positive,1,1.0
PRODUCT_469204,图书音像,内容一般,negative,1,0.25
PRODUCT_469204,图书音像,质量差,negative,1,0.25
PRODUCT_469231,图书音像,外观好看,positive,1,1.0
PRODUCT_469304,图书音像,会回购,positive,1,0.125
PRODUCT_469304,图书音像,质量好,positive,1,0.125
PRODUCT_469542,家用电器,容易坏,negative,1,1.0
PRODUCT_469560,图书音像,外观好看,positive,2,0.5
PRODUCT_469595,图书音像,质量好,positive,1,0.3333333333333333
PRODUCT_469640,图书音像,内容不错,positive,1,1.0
PRODUCT_469799,图书音像,内容不错,positive,1,1.0
PRODUCT_469799,图书音像,很新鲜,positive,1,1.0
PRODUCT_469896,家用电器,味道不错,positive,2,0.3333333333333333
PRODUCT_469896,家用电器,包装差,negative,1,0.16666666666666666
PRODUCT_469909,手机/数码,疑似假货,negative,2,0.6666666666666666
PRODUCT_469909,手机/数码,质量差,negative,1,0.3333333333333333
PRODUCT_469955,图书音像,外观好看,positive,1,0.3333333333333333
PRODUCT_469959,美妆个护,会回购,positive,1,1.0
PRODUCT_469974,图书音像,内容不错,positive,1,1.0
PRODUCT_469974,图书音像,外观好看,positive,1,1.0
PRODUCT_470101,图书音像,不推荐,negative,1,0.2
PRODUCT_470101,图书音像,外观好看,positive,1,0.2
PRODUCT_470187,电脑/办公,不推荐,negative,1,0.5
PRODUCT_470187,电脑/办公,疑似假货,negative,1,0.5
PRODUCT_470188,图书音像,外观好看,positive,1,0.25
PRODUCT_470191,电脑/办公,性价比高,positive,1,0.25
PRODUCT_470195,电脑/办公,包装差,negative,1,1.0
PRODUCT_470247,图书音像,正品放心,positive,1,0.3333333333333333
PRODUCT_470261,图书音像,性价比高,positive,1,0.5
PRODUCT_470272,图书音像,正品放心,positive,1,0.14285714285714285
PRODUCT_47031,图书音像,内容一般,negative,1,0.3333333333333333
PRODUCT_470415,美妆个护,疑似假货,negative,1,0.25
PRODUCT_470450,美妆个护,味道不错,positive,1,1.0
PRODUCT_470523,图书音像,包装好,positive,1,0.25
PRODUCT_470523,图书音像,质量好,positive,1,0.25
PRODUCT_470546,手机/数码,外观好看,positive,3,0.21428571428571427
PRODUCT_470546,手机/数码,容易坏,negative,2,0.14285714285714285
PRODUCT_470546,手机/数码,质量差,negative,2,0.14285714285714285
PRODUCT_470546,手机/数码,很耐用,positive,1,0.07142857142857142
PRODUCT_470546,手机/数码,疑似假货,negative,1,0.07142857142857142
PRODUCT_470552,图书音像,内容一般,negative,1,0.5
PRODUCT_470552,图书音像,正品放心,positive,1,0.5
PRODUCT_470603,电脑/办公,疑似假货,negative,1,0.5
PRODUCT_470650,电脑/办公,外观好看,positive,1,0.5
PRODUCT_470699,图书音像,外观好看,positive,1,1.0
PRODUCT_470704,图书音像,外观好看,positive,1,0.25
PRODUCT_470706,图书音像,质量差,negative,2,0.4
PRODUCT_470706,图书音像,疑似假货,negative,1,0.2
PRODUCT_470729,家居生活,很耐用,positive,1,0.25
PRODUCT_470729,家居生活,续航差,negative,1,0.25
PRODUCT_470820,家用电器,价格贵,negative,1,0.14285714285714285
PRODUCT_470820,家用电器,外观好看,positive,1,0.14285714285714285
PRODUCT_470820,家用电器,正品放心,positive,1,0.14285714285714285
PRODUCT_470820,家用电器,质量差,negative,1,0.14285714285714285
PRODUCT_470853,钟表/首饰/眼镜/礼品,外观好看,positive,1,1.0
PRODUCT_470859,图书音像,不推荐,negative,1,1.0
PRODUCT_470893,图书音像,外观好看,positive,2,1.0
PRODUCT_470987,图书音像,质量好,positive,1,1.0
PRODUCT_471060,图书音像,外观好看,positive,1,1.0
PRODUCT_471068,图书音像,不推荐,negative,1,0.5
PRODUCT_471068,图书音像,正品放心,positive,1,0.5
PRODUCT_471070,图书音像,很新鲜,positive,1,1.0
PRODUCT_471085,图书音像,内容不错,positive,1,0.5
PRODUCT_471085,图书音像,疑似假货,negative,1,0.5
PRODUCT_47113,家具/家装/建材,味道不错,positive,1,0.25
PRODUCT_47113,家具/家装/建材,外观好看,positive,1,0.25
PRODUCT_47113,家具/家装/建材,正品放心,positive,1,0.25
PRODUCT_471179,图书音像,不推荐,negative,1,0.1111111111111111
PRODUCT_471179,图书音像,外观好看,positive,1,0.1111111111111111
PRODUCT_471215,图书音像,正品放心,positive,1,1.0
PRODUCT_471216,家用电器,正品放心,positive,1,0.16666666666666666
PRODUCT_471329,家具/家装/建材,外观好看,positive,1,0.2
PRODUCT_471334,手机/数码,质量好,positive,1,1.0
PRODUCT_471362,图书音像,外观一般,negative,1,1.0
PRODUCT_471362,图书音像,质量差,negative,1,1.0
PRODUCT_471368,食品/保健,味道不错,positive,1,1.0
PRODUCT_471384,图书音像,内容不错,positive,1,1.0
PRODUCT_471395,图书音像,会回购,positive,1,1.0
PRODUCT_471395,图书音像,质量好,positive,1,1.0
PRODUCT_47141,图书音像,外观好看,positive,1,0.5
PRODUCT_47141,图书音像,正品放心,positive,1,0.5
PRODUCT_47141,图书音像,疑似假货,negative,1,0.5
PRODUCT_47141,图书音像,质量差,negative,1,0.5
PRODUCT_471464,图书音像,内容不错,positive,1,0.5
PRODUCT_471529,图书音像,正品放心,positive,1,1.0
PRODUCT_471529,图书音像,质量差,negative,1,1.0
PRODUCT_471553,图书音像,性价比高,positive,1,1.0
PRODUCT_471637,手机/数码,不推荐,negative,3,0.3333333333333333
PRODUCT_471637,手机/数码,外观好看,positive,2,0.2222222222222222
PRODUCT_471637,手机/数码,容易坏,negative,1,0.1111111111111111
PRODUCT_471637,手机/数码,续航差,negative,1,0.1111111111111111
PRODUCT_471643,图书音像,性价比高,positive,1,0.25
PRODUCT_471684,图书音像,正品放心,positive,1,1.0
PRODUCT_471723,图书音像,不推荐,negative,1,1.0
PRODUCT_471844,电脑/办公,正品放心,positive,1,1.0
PRODUCT_471892,图书音像,价格贵,negative,1,1.0
PRODUCT_471892,图书音像,很耐用,positive,1,1.0
PRODUCT_471934,手机/数码,性价比高,positive,1,0.25
PRODUCT_471934,手机/数码,质量差,negative,1,0.25
PRODUCT_472063,图书音像,正品放心,positive,1,1.0
PRODUCT_472330,电脑/办公,正品放心,positive,1,1.0
PRODUCT_472339,电脑/办公,性价比高,positive,1,0.25
PRODUCT_472390,图书音像,质量差,negative,1,1.0
PRODUCT_472433,电脑/办公,外观好看,positive,1,0.3333333333333333
PRODUCT_472638,图书音像,质量好,positive,1,1.0
PRODUCT_472747,服饰服装,性价比高,positive,1,0.5
PRODUCT_47275,美妆个护,不推荐,negative,1,1.0
PRODUCT_47275,美妆个护,疑似假货,negative,1,1.0
PRODUCT_47277,美妆个护,正品放心,positive,1,0.3333333333333333
PRODUCT_47279,鞋类箱包,容易坏,negative,1,0.25
PRODUCT_47279,鞋类箱包,质量差,negative,1,0.25
PRODUCT_472825,图书音像,内容不错,positive,1,0.3333333333333333
PRODUCT_47312,图书音像,发货快,positive,1,1.0
PRODUCT_47312,图书音像,质量好,positive,1,1.0
PRODUCT_473283,图书音像,包装差,negative,1,1.0
PRODUCT_473334,图书音像,外观好看,positive,1,1.0
PRODUCT_473445,图书音像,价格贵,negative,1,0.5
PRODUCT_473445,图书音像,质量好,positive,1,0.5
PRODUCT_473474,图书音像,质量好,positive,1,0.14285714285714285
PRODUCT_473476,图书音像,正品放心,positive,1,1.0
PRODUCT_473478,图书音像,疑似假货,negative,1,1.0
PRODUCT_47348,图书音像,内容不错,positive,1,1.0
PRODUCT_473503,家用电器,性价比高,positive,2,0.09523809523809523
PRODUCT_473503,家用电器,包装好,positive,1,0.047619047619047616
PRODUCT_473503,家用电器,发货快,positive,1,0.047619047619047616
PRODUCT_473503,家用电器,外观好看,positive,1,0.047619047619047616
PRODUCT_473503,家用电器,容易坏,negative,1,0.047619047619047616
PRODUCT_473503,家用电器,正品放心,positive,1,0.047619047619047616
PRODUCT_473504,手机/数码,正品放心,positive,1,0.5
PRODUCT_473516,美妆个护,味道不错,positive,1,1.0
PRODUCT_473584,图书音像,不推荐,negative,1,0.3333333333333333
PRODUCT_473679,图书音像,价格贵,negative,1,1.0
PRODUCT_473750,图书音像,内容不错,positive,1,1.0
PRODUCT_473750,图书音像,外观一般,negative,1,1.0
PRODUCT_473750,图书音像,外观好看,positive,1,1.0
PRODUCT_473752,图书音像,正品放心,positive,1,1.0
PRODUCT_473782,图书音像,质量好,positive,1,1.0
PRODUCT_473818,图书音像,容易坏,negative,1,0.5
PRODUCT_473836,图书音像,质量差,negative,1,1.0
PRODUCT_473851,图书音像,包装差,negative,1,1.0
PRODUCT_473920,图书音像,性价比高,positive,1,1.0
PRODUCT_473967,图书音像,疑似假货,negative,1,1.0
PRODUCT_473989,图书音像,正品放心,positive,1,1.0
PRODUCT_474018,图书音像,质量好,positive,1,0.25
PRODUCT_47403,图书音像,不推荐,negative,1,1.0
PRODUCT_474237,图书音像,外观好看,positive,1,0.125
PRODUCT_474237,图书音像,很耐用,positive,1,0.125
PRODUCT_474237,图书音像,正品放心,positive,1,0.125
PRODUCT_474283,图书音像,正品放心,positive,1,1.0
PRODUCT_474292,图书音像,内容不错,positive,1,1.0
PRODUCT_474307,图书音像,味道不错,positive,1,1.0
PRODUCT_47436,图书音像,外观好看,positive,1,1.0
PRODUCT_474412,图书音像,正品放心,positive,1,0.25
PRODUCT_474412,图书音像,疑似假货,negative,1,0.25
PRODUCT_474412,图书音像,质量好,positive,1,0.25
PRODUCT_474439,图书音像,发货快,positive,1,0.25
PRODUCT_474439,图书音像,外观好看,positive,1,0.25
PRODUCT_47447,手机/数码,包装好,positive,1,1.0
PRODUCT_47447,手机/数码,疑似假货,negative,1,1.0
PRODUCT_474509,图书音像,疑似假货,negative,1,0.2
PRODUCT_474509,图书音像,质量差,negative,1,0.2
PRODUCT_474630,图书音像,性价比高,positive,1,0.25
PRODUCT_474678,图书音像,不推荐,negative,1,0.16666666666666666
PRODUCT_474678,图书音像,内容不错,positive,1,0.16666666666666666
PRODUCT_474678,图书音像,质量好,positive,1,0.16666666666666666
PRODUCT_474697,图书音像,内容不错,positive,1,0.3333333333333333
PRODUCT_474728,图书音像,内容不错,positive,1,0.2
PRODUCT_474743,图书音像,会回购,positive,1,1.0
PRODUCT_474767,图书音像,质量差,negative,1,0.25
PRODUCT_47486,图书音像,正品放心,positive,3,0.5
PRODUCT_47486,图书音像,质量好,positive,1,0.16666666666666666
PRODUCT_47487,图书音像,不推荐,negative,1,1.0
PRODUCT_474895,家用电器,味道不错,positive,1,1.0
PRODUCT_474898,美妆个护,味道不错,positive,5,0.625
PRODUCT_474898,美妆个护,外观好看,positive,1,0.125
PRODUCT_474898,美妆个护,正品放心,positive,1,0.125
PRODUCT_474898,美妆个护,疑似假货,negative,1,0.125
PRODUCT_474919,图书音像,内容不错,positive,1,0.5
PRODUCT_474919,图书音像,正品放心,positive,1,0.5
PRODUCT_474964,美妆个护,外观好看,positive,1,0.5
PRODUCT_475086,图书音像,包装差,negative,2,0.2222222222222222
PRODUCT_475086,图书音像,外观好看,positive,2,0.2222222222222222
PRODUCT_475086,图书音像,疑似假货,negative,1,0.1111111111111111
PRODUCT_475086,图书音像,质量好,positive,1,0.1111111111111111
PRODUCT_475111,家用电器,质量差,negative,1,0.3333333333333333
PRODUCT_475142,钟表/首饰/眼镜/礼品,外观好看,positive,1,1.0
PRODUCT_475185,图书音像,会回购,positive,1,0.5
PRODUCT_475190,图书音像,质量差,negative,1,0.5
PRODUCT_475219,图书音像,会回购,positive,1,0.5
PRODUCT_475253,家用电器,外观好看,positive,1,0.16666666666666666
PRODUCT_475253,家用电器,性价比高,positive,1,0.16666666666666666
PRODUCT_475295,图书音像,外观好看,positive,1,1.0
PRODUCT_475314,图书音像,正品放心,positive,1,0.14285714285714285
PRODUCT_475334,图书音像,疑似假货,negative,1,1.0
PRODUCT_475337,图书音像,性价比高,positive,1,0.25
PRODUCT_475344,图书音像,质量好,positive,1,0.5
PRODUCT_475353,美妆个护,正品放心,positive,1,0.5
PRODUCT_475451,图书音像,性价比高,positive,1,1.0
PRODUCT_475562,图书音像,容易坏,negative,1,0.3333333333333333
PRODUCT_475578,图书音像,内容不错,positive,1,1.0
PRODUCT_475578,图书音像,疑似假货,negative,1,1.0
PRODUCT_475614,家居生活,外观好看,positive,1,0.5
PRODUCT_475643,电脑/办公,会回购,positive,1,0.08333333333333333
PRODUCT_475643,电脑/办公,外观好看,positive,1,0.08333333333333333
PRODUCT_475696,图书音像,外观好看,positive,1,0.5
PRODUCT_47570,图书音像,内容一般,negative,1,0.5
PRODUCT_475726,家用电器,性价比高,positive,1,1.0
PRODUCT_475806,图书音像,内容不错,positive,1,1.0
PRODUCT_475816,图书音像,质量好,positive,1,1.0
PRODUCT_475834,电脑/办公,外观好看,positive,1,1.0
PRODUCT_475836,其他,内容不错,positive,1,0.5
PRODUCT_475836,其他,正品放心,positive,1,0.5
PRODUCT_475853,其他,会回购,positive,2,1.0
PRODUCT_475853,其他,味道不错,positive,1,0.5
PRODUCT_475853,其他,正品放心,positive,1,0.5
PRODUCT_475853,其他,疑似假货,negative,1,0.5
PRODUCT_476006,图书音像,内容不错,positive,1,1.0
PRODUCT_476047,钟表/首饰/眼镜/礼品,正品放心,positive,1,1.0
PRODUCT_476047,钟表/首饰/眼镜/礼品,疑似假货,negative,1,1.0
PRODUCT_476078,手机/数码,外观好看,positive,1,0.5
PRODUCT_476202,手机/数码,正品放心,positive,3,0.3
PRODUCT_476202,手机/数码,性价比高,positive,1,0.1
PRODUCT_476244,手机/数码,性价比高,positive,2,0.2
PRODUCT_476244,手机/数码,包装好,positive,1,0.1
PRODUCT_476244,手机/数码,质量差,negative,1,0.1
PRODUCT_476259,手机/数码,价格贵,negative,1,1.0
PRODUCT_476259,手机/数码,物流慢,negative,1,1.0
PRODUCT_4763,食品/保健,包装好,positive,1,0.1111111111111111
PRODUCT_4763,食品/保健,发货快,positive,1,0.1111111111111111
PRODUCT_4763,食品/保健,外观好看,positive,1,0.1111111111111111
PRODUCT_4763,食品/保健,客服好,positive,1,0.1111111111111111
PRODUCT_4763,食品/保健,正品放心,positive,1,0.1111111111111111
PRODUCT_47632,图书音像,质量好,positive,1,0.2
PRODUCT_476339,图书音像,正品放心,positive,1,1.0
PRODUCT_476355,家居生活,内容一般,negative,1,0.5
PRODUCT_476382,手机/数码,性价比高,positive,1,1.0
PRODUCT_476413,电脑/办公,很耐用,positive,1,0.3333333333333333
PRODUCT_476442,手机/数码,正品放心,positive,1,1.0
PRODUCT_476442,手机/数码,质量好,positive,1,1.0
PRODUCT_476483,图书音像,正品放心,positive,1,0.5
PRODUCT_476499,图书音像,性价比高,positive,1,1.0
PRODUCT_476528,图书音像,发货快,positive,1,1.0
PRODUCT_476545,家用电器,尺码不准,negative,1,1.0
PRODUCT_476547,家用电器,正品放心,positive,1,0.3333333333333333
PRODUCT_47655,图书音像,正品放心,positive,1,1.0
PRODUCT_476574,手机/数码,质量好,positive,1,0.3333333333333333
PRODUCT_476770,图书音像,容易坏,negative,1,0.5
PRODUCT_476785,钟表/首饰/眼镜/礼品,外观好看,positive,1,0.5
PRODUCT_476785,钟表/首饰/眼镜/礼品,正品放心,positive,1,0.5
PRODUCT_476829,手机/数码,会回购,positive,1,0.5
PRODUCT_476829,手机/数码,正品放心,positive,1,0.5
PRODUCT_47693,图书音像,疑似假货,negative,1,0.3333333333333333
PRODUCT_47693,图书音像,质量好,positive,1,0.3333333333333333
PRODUCT_476933,手机/数码,性价比高,positive,1,1.0
PRODUCT_476942,电脑/办公,很耐用,positive,2,0.5
PRODUCT_476942,电脑/办公,外观好看,positive,1,0.25
PRODUCT_476942,电脑/办公,正品放心,positive,1,0.25
PRODUCT_476942,电脑/办公,续航差,negative,1,0.25
PRODUCT_476962,手机/数码,质量差,negative,1,0.3333333333333333
PRODUCT_477025,图书音像,正品放心,positive,1,1.0
PRODUCT_477158,图书音像,会回购,positive,1,1.0
PRODUCT_477175,电脑/办公,发货快,positive,1,0.2
PRODUCT_477265,图书音像,疑似假货,negative,1,0.2
PRODUCT_477323,母婴/玩具,包装差,negative,1,1.0
PRODUCT_477381,图书音像,外观好看,positive,4,0.2222222222222222
PRODUCT_477381,图书音像,质量好,positive,3,0.16666666666666666
PRODUCT_477381,图书音像,内容不错,positive,1,0.05555555555555555
PRODUCT_477381,图书音像,包装好,positive,1,0.05555555555555555
PRODUCT_477381,图书音像,正品放心,positive,1,0.05555555555555555
PRODUCT_477435,图书音像,正品放心,positive,1,1.0
PRODUCT_477486,手机/数码,容易坏,negative,3,0.42857142857142855
PRODUCT_477486,手机/数码,质量差,negative,2,0.2857142857142857
PRODUCT_477486,手机/数码,不推荐,negative,1,0.14285714285714285
PRODUCT_477486,手机/数码,疑似假货,negative,1,0.14285714285714285
PRODUCT_477526,图书音像,会回购,positive,1,0.2
PRODUCT_477526,图书音像,疑似假货,negative,1,0.2
PRODUCT_477527,手机/数码,正品放心,positive,1,1.0
PRODUCT_477551,服饰服装,外观好看,positive,1,0.5
PRODUCT_477586,电脑/办公,很耐用,positive,1,0.5
PRODUCT_477621,图书音像,价格贵,negative,1,0.5
PRODUCT_477621,图书音像,内容不错,positive,1,0.5
PRODUCT_477621,图书音像,容易坏,negative,1,0.5
PRODUCT_477621,图书音像,质量差,negative,1,0.5
PRODUCT_477639,图书音像,内容不错,positive,2,0.09090909090909091
PRODUCT_477639,图书音像,外观好看,positive,2,0.09090909090909091
PRODUCT_477639,图书音像,疑似假货,negative,1,0.045454545454545456
PRODUCT_477765,图书音像,正品放心,positive,1,0.2
PRODUCT_477822,图书音像,会回购,positive,1,0.5
PRODUCT_477840,手机/数码,性价比高,positive,2,0.3333333333333333
PRODUCT_477855,图书音像,价格贵,negative,1,0.5
PRODUCT_477910,图书音像,内容不错,positive,1,0.5
PRODUCT_477942,其他,发货快,positive,1,0.5
PRODUCT_477942,其他,质量好,positive,1,0.5
PRODUCT_477957,图书音像,正品放心,positive,1,1.0
PRODUCT_478020,家居生活,外观好看,positive,1,1.0
PRODUCT_478022,图书音像,容易坏,negative,1,1.0
PRODUCT_47810,图书音像,价格贵,negative,1,1.0
PRODUCT_47811,图书音像,味道不错,positive,1,1.0
PRODUCT_478158,图书音像,外观好看,positive,1,1.0
PRODUCT_478165,图书音像,内容不错,positive,1,0.09090909090909091
PRODUCT_478165,图书音像,疑似假货,negative,1,0.09090909090909091
PRODUCT_478165,图书音像,质量好,positive,1,0.09090909090909091
PRODUCT_478165,图书音像,质量差,negative,1,0.09090909090909091
PRODUCT_478377,美妆个护,价格贵,negative,1,0.07692307692307693
PRODUCT_478377,美妆个护,质量好,positive,1,0.07692307692307693
PRODUCT_478388,图书音像,包装差,negative,1,1.0
PRODUCT_478398,图书音像,不推荐,negative,1,0.2
PRODUCT_478398,图书音像,正品放心,positive,1,0.2
PRODUCT_47844,图书音像,不推荐,negative,1,1.0
PRODUCT_47848,电脑/办公,外观好看,positive,1,0.5
PRODUCT_478594,图书音像,外观一般,negative,1,1.0
PRODUCT_478594,图书音像,外观好看,positive,1,1.0
PRODUCT_478643,图书音像,容易坏,negative,1,0.2
PRODUCT_478643,图书音像,尺码合适,positive,1,0.2
PRODUCT_478643,图书音像,疑似假货,negative,1,0.2
PRODUCT_478683,手机/数码,正品放心,positive,1,0.3333333333333333
PRODUCT_478685,电脑/办公,外观好看,positive,2,0.5
PRODUCT_478691,电脑/办公,外观好看,positive,1,0.5
PRODUCT_47873,图书音像,质量差,negative,1,1.0
PRODUCT_478836,手机/数码,质量差,negative,1,0.3333333333333333
PRODUCT_478837,其他,外观一般,negative,1,0.1111111111111111
PRODUCT_478837,其他,性价比高,positive,1,0.1111111111111111
PRODUCT_478837,其他,正品放心,positive,1,0.1111111111111111
PRODUCT_478840,图书音像,内容不错,positive,1,0.25
PRODUCT_478960,家用电器,质量好,positive,1,0.25
PRODUCT_478974,图书音像,正品放心,positive,1,1.0
PRODUCT_478987,手机/数码,不推荐,negative,1,0.2
PRODUCT_478994,图书音像,味道不错,positive,1,1.0
PRODUCT_479046,美妆个护,正品放心,positive,1,0.3333333333333333
PRODUCT_479178,电脑/办公,外观好看,positive,1,1.0
PRODUCT_479220,图书音像,质量好,positive,1,0.16666666666666666
PRODUCT_479226,图书音像,正品放心,positive,2,0.6666666666666666
PRODUCT_479226,图书音像,发货快,positive,1,0.3333333333333333
PRODUCT_479519,图书音像,外观好看,positive,1,1.0
PRODUCT_479545,图书音像,质量好,positive,1,1.0
PRODUCT_479592,图书音像,价格贵,negative,1,0.3333333333333333
PRODUCT_479597,图书音像,价格贵,negative,1,1.0
PRODUCT_479642,图书音像,质量好,positive,1,1.0
PRODUCT_479694,图书音像,会回购,positive,1,1.0
PRODUCT_479708,图书音像,内容一般,negative,1,0.5
PRODUCT_479815,电脑/办公,会回购,positive,1,0.25
PRODUCT_479815,电脑/办公,外观好看,positive,1,0.25
PRODUCT_479815,电脑/办公,容易坏,negative,1,0.25
PRODUCT_479852,图书音像,内容不错,positive,1,0.2
PRODUCT_479852,图书音像,客服好,positive,1,0.2
PRODUCT_479852,图书音像,很新鲜,positive,1,0.2
PRODUCT_479860,图书音像,会回购,positive,1,1.0
PRODUCT_47987,图书音像,价格贵,negative,1,1.0
PRODUCT_47987,图书音像,正品放心,positive,1,1.0
PRODUCT_479939,图书音像,外观好看,positive,1,0.2
PRODUCT_47994,图书音像,性价比高,positive,1,0.5
PRODUCT_480043,家居生活,外观好看,positive,1,0.3333333333333333
PRODUCT_480053,图书音像,味道不错,positive,1,0.5
PRODUCT_480053,图书音像,容易坏,negative,1,0.5
PRODUCT_480053,图书音像,正品放心,positive,1,0.5
PRODUCT_480067,图书音像,外观好看,positive,1,1.0
PRODUCT_480074,图书音像,外观好看,positive,2,0.5
PRODUCT_480118,图书音像,正品放心,positive,1,0.3333333333333333
PRODUCT_480193,电脑/办公,容易坏,negative,1,0.5
PRODUCT_480229,美妆个护,味道不错,positive,2,0.6666666666666666
PRODUCT_480254,图书音像,正品放心,positive,2,0.09523809523809523
PRODUCT_480254,图书音像,会回购,positive,1,0.047619047619047616
PRODUCT_480254,图书音像,包装好,positive,1,0.047619047619047616
PRODUCT_480254,图书音像,包装差,negative,1,0.047619047619047616
PRODUCT_480254,图书音像,外观好看,positive,1,0.047619047619047616
PRODUCT_480254,图书音像,容易坏,negative,1,0.047619047619047616
PRODUCT_480254,图书音像,很新鲜,positive,1,0.047619047619047616
PRODUCT_480254,图书音像,疑似假货,negative,1,0.047619047619047616
PRODUCT_480286,图书音像,会回购,positive,1,0.09090909090909091
PRODUCT_480286,图书音像,味道不错,positive,1,0.09090909090909091
PRODUCT_480286,图书音像,质量好,positive,1,0.09090909090909091
PRODUCT_480304,图书音像,正品放心,positive,1,0.2
PRODUCT_480396,美妆个护,正品放心,positive,2,0.6666666666666666
PRODUCT_480396,美妆个护,物流慢,negative,1,0.3333333333333333
PRODUCT_480415,图书音像,内容不错,positive,1,1.0
PRODUCT_480415,图书音像,性价比高,positive,1,1.0
PRODUCT_480426,图书音像,外观好看,positive,1,0.3333333333333333
PRODUCT_480426,图书音像,质量好,positive,1,0.3333333333333333
PRODUCT_480455,图书音像,外观好看,positive,3,0.75
PRODUCT_480479,图书音像,包装好,positive,2,1.0
PRODUCT_480479,图书音像,很新鲜,positive,1,0.5
PRODUCT_480479,图书音像,正品放心,positive,1,0.5
PRODUCT_480495,图书音像,不推荐,negative,1,1.0
PRODUCT_48050,图书音像,内容不错,positive,1,1.0
PRODUCT_480500,图书音像,内容不错,positive,1,0.3333333333333333
PRODUCT_480515,图书音像,外观好看,positive,1,0.25
PRODUCT_480515,图书音像,疑似假货,negative,1,0.25
PRODUCT_480515,图书音像,质量差,negative,1,0.25
PRODUCT_480525,家用电器,不推荐,negative,1,0.25
PRODUCT_480534,图书音像,发货快,positive,1,0.5
PRODUCT_480534,图书音像,正品放心,positive,1,0.5
PRODUCT_480626,电脑/办公,内容一般,negative,1,0.07692307692307693
PRODUCT_480626,电脑/办公,外观好看,positive,1,0.07692307692307693
PRODUCT_480626,电脑/办公,正品放心,positive,1,0.07692307692307693
PRODUCT_480719,图书音像,发货快,positive,1,1.0
PRODUCT_480719,图书音像,正品放心,positive,1,1.0
PRODUCT_480723,钟表/首饰/眼镜/礼品,正品放心,positive,1,1.0
PRODUCT_480816,图书音像,正品放心,positive,1,1.0
PRODUCT_480826,图书音像,正品放心,positive,2,0.2857142857142857
PRODUCT_480826,图书音像,性价比高,positive,1,0.14285714285714285
PRODUCT_48099,图书音像,很新鲜,positive,1,0.1
PRODUCT_48099,图书音像,正品放心,positive,1,0.1
PRODUCT_480999,图书音像,内容不错,positive,1,0.3333333333333333
PRODUCT_480999,图书音像,性价比高,positive,1,0.3333333333333333
PRODUCT_481023,家用电器,质量好,positive,1,0.25
PRODUCT_481057,母婴/玩具,性价比高,positive,1,1.0
PRODUCT_481119,图书音像,性价比高,positive,1,0.5
PRODUCT_481221,家居生活,外观好看,positive,1,0.2
PRODUCT_481221,家居生活,性价比高,positive,1,0.2
PRODUCT_481221,家居生活,正品放心,positive,1,0.2
PRODUCT_481235,电脑/办公,发货快,positive,1,1.0
PRODUCT_481263,美妆个护,包装差,negative,1,0.3333333333333333
PRODUCT_481270,食品/保健,味道不错,positive,1,0.5
PRODUCT_481355,图书音像,内容一般,negative,1,1.0
PRODUCT_481381,图书音像,外观好看,positive,1,0.3333333333333333
PRODUCT_481413,图书音像,外观好看,positive,1,0.5
PRODUCT_481419,图书音像,性价比高,positive,1,0.5
PRODUCT_481419,图书音像,质量好,positive,1,0.5
PRODUCT_48148,图书音像,正品放心,positive,1,1.0
PRODUCT_481481,钟表/首饰/眼镜/礼品,正品放心,positive,4,0.6666666666666666
PRODUCT_481481,钟表/首饰/眼镜/礼品,质量好,positive,1,0.16666666666666666
PRODUCT_481504,图书音像,正品放心,positive,1,1.0
PRODUCT_481521,图书音像,内容不错,positive,1,0.2
PRODUCT_481521,图书音像,质量差,negative,1,0.2
PRODUCT_481563,图书音像,正品放心,positive,1,0.5
PRODUCT_481577,图书音像,不推荐,negative,1,0.5
PRODUCT_481634,美妆个护,味道不错,positive,1,1.0
PRODUCT_48164,图书音像,正品放心,positive,1,1.0
PRODUCT_48164,图书音像,疑似假货,negative,1,1.0
PRODUCT_48164,图书音像,质量差,negative,1,1.0
PRODUCT_481667,图书音像,价格贵,negative,1,0.14285714285714285
PRODUCT_481667,图书音像,外观好看,positive,1,0.14285714285714285
PRODUCT_48170,图书音像,外观好看,positive,2,0.2222222222222222
PRODUCT_48170,图书音像,外观一般,negative,1,0.1111111111111111
PRODUCT_48170,图书音像,正品放心,positive,1,0.1111111111111111
PRODUCT_481749,家具/家装/建材,性价比高,positive,1,1.0
PRODUCT_481810,图书音像,容易坏,negative,1,0.1111111111111111
PRODUCT_481843,图书音像,正品放心,positive,2,0.13333333333333333
PRODUCT_481843,图书音像,不推荐,negative,1,0.06666666666666667
PRODUCT_481843,图书音像,会回购,positive,1,0.06666666666666667
PRODUCT_481843,图书音像,尺码不准,negative,1,0.06666666666666667
PRODUCT_481843,图书音像,性价比高,positive,1,0.06666666666666667
PRODUCT_481884,美妆个护,很新鲜,positive,1,1.0
PRODUCT_481889,图书音像,质量好,positive,1,1.0
PRODUCT_481927,图书音像,性价比高,positive,1,0.07142857142857142
PRODUCT_481937,美妆个护,外观好看,positive,1,1.0
PRODUCT_481956,电脑/办公,性价比高,positive,1,0.5
PRODUCT_481967,图书音像,价格贵,negative,1,0.3333333333333333
PRODUCT_481967,图书音像,很新鲜,positive,1,0.3333333333333333
PRODUCT_481972,钟表/首饰/眼镜/礼品,正品放心,positive,1,0.5
PRODUCT_482039,图书音像,正品放心,positive,2,1.0
PRODUCT_482115,图书音像,内容不错,positive,2,0.16666666666666666
PRODUCT_482115,图书音像,内容一般,negative,1,0.08333333333333333
PRODUCT_482115,图书音像,发货快,positive,1,0.08333333333333333
PRODUCT_482115,图书音像,质量好,positive,1,0.08333333333333333
PRODUCT_482166,食品/保健,味道不错,positive,1,1.0
PRODUCT_48218,图书音像,包装差,negative,1,0.16666666666666666
PRODUCT_48218,图书音像,很新鲜,positive,1,0.16666666666666666
PRODUCT_48218,图书音像,正品放心,positive,1,0.16666666666666666
PRODUCT_482236,图书音像,包装差,negative,1,0.16666666666666666
PRODUCT_482236,图书音像,容易坏,negative,1,0.16666666666666666
PRODUCT_482236,图书音像,正品放心,positive,1,0.16666666666666666
PRODUCT_482236,图书音像,质量好,positive,1,0.16666666666666666
PRODUCT_482245,食品/保健,正品放心,positive,1,1.0
PRODUCT_482294,图书音像,味道不错,positive,1,0.5
PRODUCT_482306,食品/保健,味道不错,positive,1,1.0
PRODUCT_482309,食品/保健,味道不错,positive,1,1.0
PRODUCT_482325,图书音像,外观好看,positive,1,1.0
PRODUCT_482333,图书音像,外观好看,positive,1,1.0
PRODUCT_482415,图书音像,不推荐,negative,1,0.5
PRODUCT_482415,图书音像,疑似假货,negative,1,0.5
PRODUCT_482457,图书音像,质量好,positive,1,0.3333333333333333
PRODUCT_48252,图书音像,很新鲜,positive,1,0.5
PRODUCT_48252,图书音像,正品放心,positive,1,0.5
PRODUCT_482600,服饰服装,外观好看,positive,1,1.0
PRODUCT_482632,图书音像,正品放心,positive,1,0.5
PRODUCT_482639,电脑/办公,正品放心,positive,1,1.0
PRODUCT_482651,图书音像,很耐用,positive,1,1.0
PRODUCT_482675,家居生活,很耐用,positive,1,1.0
PRODUCT_482736,图书音像,味道不错,positive,1,0.5
PRODUCT_482786,图书音像,很新鲜,positive,1,0.14285714285714285
PRODUCT_482786,图书音像,很耐用,positive,1,0.14285714285714285
PRODUCT_482786,图书音像,正品放心,positive,1,0.14285714285714285
PRODUCT_482786,图书音像,质量好,positive,1,0.14285714285714285
PRODUCT_48279,图书音像,正品放心,positive,2,0.6666666666666666
PRODUCT_482796,家用电器,味道不错,positive,1,1.0
PRODUCT_482856,电脑/办公,容易坏,negative,1,0.1
PRODUCT_482856,电脑/办公,质量差,negative,1,0.1
PRODUCT_482989,图书音像,会回购,positive,1,1.0
PRODUCT_48300,图书音像,内容不错,positive,1,1.0
PRODUCT_483037,母婴/玩具,味道不错,positive,1,0.5
PRODUCT_4831,电脑/办公,性价比高,positive,1,0.5
PRODUCT_483112,图书音像,性价比高,positive,1,1.0
PRODUCT_483114,图书音像,不推荐,negative,1,0.14285714285714285
PRODUCT_483121,家居生活,不推荐,negative,1,1.0
PRODUCT_483277,图书音像,不推荐,negative,1,1.0
PRODUCT_483283,手机/数码,外观好看,positive,2,1.0
PRODUCT_483300,美妆个护,味道一般,negative,1,0.14285714285714285
PRODUCT_483300,美妆个护,性价比高,positive,1,0.14285714285714285
PRODUCT_483300,美妆个护,正品放心,positive,1,0.14285714285714285
PRODUCT_483334,电脑/办公,正品放心,positive,1,0.5
PRODUCT_483345,手机/数码,质量差,negative,1,1.0
PRODUCT_483400,图书音像,味道不错,positive,1,0.25
PRODUCT_483401,图书音像,质量差,negative,1,1.0
PRODUCT_483402,美妆个护,价格贵,negative,1,0.3333333333333333
PRODUCT_483444,图书音像,质量差,negative,1,0.5
PRODUCT_483445,图书音像,内容不错,positive,1,1.0
PRODUCT_48345,图书音像,会回购,positive,1,1.0
PRODUCT_48347,美妆个护,疑似假货,negative,2,0.11764705882352941
PRODUCT_48347,美妆个护,不推荐,negative,1,0.058823529411764705
PRODUCT_48347,美妆个护,外观好看,positive,1,0.058823529411764705
PRODUCT_48347,美妆个护,正品放心,positive,1,0.058823529411764705
PRODUCT_48347,美妆个护,质量好,positive,1,0.058823529411764705
PRODUCT_483518,图书音像,内容不错,positive,1,1.0
PRODUCT_48358,图书音像,内容不错,positive,1,0.25
PRODUCT_483580,图书音像,外观好看,positive,1,1.0
PRODUCT_483684,图书音像,正品放心,positive,1,1.0
PRODUCT_483711,家用电器,质量差,negative,1,1.0
PRODUCT_483788,图书音像,外观好看,positive,1,0.16666666666666666
PRODUCT_483854,鞋类箱包,外观好看,positive,1,1.0
PRODUCT_483882,手机/数码,内容不错,positive,1,0.16666666666666666
PRODUCT_483906,图书音像,正品放心,positive,1,0.25
PRODUCT_483906,图书音像,疑似假货,negative,1,0.25
PRODUCT_484057,图书音像,内容不错,positive,1,1.0
PRODUCT_484124,图书音像,性价比高,positive,1,1.0
PRODUCT_484163,图书音像,价格贵,negative,1,1.0
PRODUCT_484168,图书音像,质量差,negative,1,0.5
PRODUCT_484486,电脑/办公,不推荐,negative,1,0.2
PRODUCT_484486,电脑/办公,正品放心,positive,1,0.2
PRODUCT_484509,图书音像,外观一般,negative,1,0.5
PRODUCT_484509,图书音像,正品放心,positive,1,0.5
PRODUCT_484529,图书音像,味道不错,positive,1,1.0
PRODUCT_48454,图书音像,不推荐,negative,1,0.16666666666666666
PRODUCT_48493,图书音像,包装好,positive,1,1.0
PRODUCT_48493,图书音像,正品放心,positive,1,1.0
PRODUCT_484966,手机/数码,包装好,positive,1,0.3333333333333333
PRODUCT_484986,图书音像,味道不错,positive,1,1.0
PRODUCT_484986,图书音像,疑似假货,negative,1,1.0
PRODUCT_485170,图书音像,不推荐,negative,1,0.08333333333333333
PRODUCT_485170,图书音像,包装差,negative,1,0.08333333333333333
PRODUCT_485170,图书音像,味道不错,positive,1,0.08333333333333333
PRODUCT_485170,图书音像,疑似假货,negative,1,0.08333333333333333
PRODUCT_485170,图书音像,质量差,negative,1,0.08333333333333333
PRODUCT_485297,图书音像,内容不错,positive,1,1.0
PRODUCT_485325,图书音像,正品放心,positive,1,0.3333333333333333
PRODUCT_485325,图书音像,质量好,positive,1,0.3333333333333333
PRODUCT_485328,图书音像,疑似假货,negative,1,1.0
PRODUCT_485365,图书音像,发货快,positive,1,1.0
PRODUCT_48542,图书音像,不推荐,negative,1,1.0
PRODUCT_48542,图书音像,质量差,negative,1,1.0
PRODUCT_485430,图书音像,疑似假货,negative,1,1.0
PRODUCT_485501,图书音像,外观好看,positive,1,0.5
PRODUCT_485566,图书音像,内容不错,positive,1,1.0
PRODUCT_485657,图书音像,发货快,positive,1,0.2
PRODUCT_485657,图书音像,尺码合适,positive,1,0.2
PRODUCT_485657,图书音像,质量好,positive,1,0.2
PRODUCT_485794,图书音像,味道不错,positive,1,1.0
PRODUCT_485809,图书音像,外观好看,positive,1,1.0
PRODUCT_485820,图书音像,包装好,positive,1,1.0
PRODUCT_485837,图书音像,疑似假货,negative,1,0.1
PRODUCT_485837,图书音像,质量差,negative,1,0.1
PRODUCT_485900,图书音像,外观好看,positive,1,1.0
PRODUCT_485931,图书音像,质量差,negative,1,0.5
PRODUCT_485985,图书音像,质量好,positive,1,1.0
PRODUCT_486002,图书音像,外观一般,negative,1,0.14285714285714285
PRODUCT_486041,图书音像,正品放心,positive,1,1.0
PRODUCT_48611,图书音像,正品放心,positive,1,1.0
PRODUCT_486112,图书音像,不推荐,negative,1,0.25
PRODUCT_486112,图书音像,包装好,positive,1,0.25
PRODUCT_486112,图书音像,包装差,negative,1,0.25
PRODUCT_486112,图书音像,疑似假货,negative,1,0.25
PRODUCT_486172,图书音像,内容不错,positive,1,0.5
PRODUCT_486249,图书音像,外观好看,positive,2,0.2857142857142857
PRODUCT_486299,图书音像,质量好,positive,1,1.0
PRODUCT_486395,图书音像,正品放心,positive,1,1.0
PRODUCT_486455,图书音像,外观一般,negative,1,0.03125
PRODUCT_486455,图书音像,疑似假货,negative,1,0.03125
PRODUCT_486455,图书音像,质量好,positive,1,0.03125
PRODUCT_48648,图书音像,正品放心,positive,1,0.25
PRODUCT_486572,美妆个护,价格贵,negative,1,1.0
PRODUCT_486619,图书音像,质量好,positive,1,0.5
PRODUCT_486720,图书音像,性价比高,positive,1,0.25
PRODUCT_486737,图书音像,不推荐,negative,1,1.0
PRODUCT_486737,图书音像,质量好,positive,1,1.0
PRODUCT_48674,图书音像,外观好看,positive,1,0.5
PRODUCT_486741,家居生活,外观好看,positive,1,0.5
PRODUCT_486755,图书音像,质量好,positive,1,1.0
PRODUCT_486767,图书音像,外观一般,negative,1,1.0
PRODUCT_486837,图书音像,正品放心,positive,1,1.0
PRODUCT_48685,图书音像,正品放心,positive,1,1.0
PRODUCT_486854,图书音像,内容不错,positive,1,0.5
PRODUCT_486871,家居生活,质量好,positive,1,0.3333333333333333
PRODUCT_486883,图书音像,包装差,negative,1,1.0
PRODUCT_486951,钟表/首饰/眼镜/礼品,质量好,positive,1,1.0
PRODUCT_486994,美妆个护,外观好看,positive,2,0.6666666666666666
PRODUCT_486998,图书音像,正品放心,positive,1,1.0
PRODUCT_487027,钟表/首饰/眼镜/礼品,外观好看,positive,1,1.0
PRODUCT_487027,钟表/首饰/眼镜/礼品,正品放心,positive,1,1.0
PRODUCT_487043,图书音像,正品放心,positive,1,1.0
PRODUCT_487106,图书音像,会回购,positive,1,1.0
PRODUCT_48711,图书音像,外观好看,positive,1,0.3333333333333333
PRODUCT_487228,图书音像,外观好看,positive,1,1.0
PRODUCT_487241,图书音像,外观好看,positive,1,0.3333333333333333
PRODUCT_487250,图书音像,疑似假货,negative,1,1.0
PRODUCT_487290,图书音像,包装好,positive,1,1.0
PRODUCT_487320,家居生活,外观好看,positive,1,1.0
PRODUCT_487395,图书音像,外观好看,positive,1,1.0
PRODUCT_487430,图书音像,正品放心,positive,1,0.5
PRODUCT_487430,图书音像,疑似假货,negative,1,0.5
PRODUCT_487437,家用电器,容易坏,negative,1,0.3333333333333333
PRODUCT_487437,家用电器,质量差,negative,1,0.3333333333333333
PRODUCT_487447,图书音像,不推荐,negative,1,0.25
PRODUCT_487447,图书音像,性价比高,positive,1,0.25
PRODUCT_487461,图书音像,正品放心,positive,1,1.0
PRODUCT_487492,图书音像,内容不错,positive,1,1.0
PRODUCT_487515,图书音像,内容不错,positive,1,0.3333333333333333
PRODUCT_487527,图书音像,味道不错,positive,1,1.0
PRODUCT_487567,图书音像,性价比高,positive,1,1.0
PRODUCT_487580,图书音像,内容不错,positive,1,0.5
PRODUCT_487621,图书音像,会回购,positive,1,0.1111111111111111
PRODUCT_487621,图书音像,包装好,positive,1,0.1111111111111111
PRODUCT_487698,母婴/玩具,正品放心,positive,1,0.5
PRODUCT_487723,图书音像,内容不错,positive,1,1.0
PRODUCT_487818,美妆个护,性价比高,positive,1,1.0
PRODUCT_487848,手机/数码,包装差,negative,1,0.1111111111111111
PRODUCT_487848,手机/数码,质量好,positive,1,0.1111111111111111
PRODUCT_48786,图书音像,发货快,positive,1,0.14285714285714285
PRODUCT_48786,图书音像,正品放心,positive,1,0.14285714285714285
PRODUCT_487905,家居生活,性价比高,positive,1,0.25
PRODUCT_487905,家居生活,正品放心,positive,1,0.25
PRODUCT_487957,图书音像,包装差,negative,1,1.0
PRODUCT_487957,图书音像,发货快,positive,1,1.0
PRODUCT_487966,图书音像,包装差,negative,1,0.125
PRODUCT_48802,图书音像,外观好看,positive,2,0.3333333333333333
PRODUCT_48802,图书音像,很新鲜,positive,1,0.16666666666666666
PRODUCT_48802,图书音像,疑似假货,negative,1,0.16666666666666666
PRODUCT_488067,图书音像,物流慢,negative,1,0.5
PRODUCT_488099,电脑/办公,外观好看,positive,1,0.5
PRODUCT_488099,电脑/办公,容易坏,negative,1,0.5
PRODUCT_488128,图书音像,疑似假货,negative,1,1.0
PRODUCT_488167,图书音像,内容不错,positive,1,0.2
PRODUCT_488200,电脑/办公,不推荐,negative,1,0.3333333333333333
PRODUCT_488200,电脑/办公,外观好看,positive,1,0.3333333333333333
PRODUCT_488218,电脑/办公,不推荐,negative,1,0.5
PRODUCT_488359,图书音像,价格贵,negative,1,1.0
PRODUCT_488359,图书音像,内容一般,negative,1,1.0
PRODUCT_488361,图书音像,外观好看,positive,1,0.14285714285714285
PRODUCT_488420,图书音像,会回购,positive,1,1.0
PRODUCT_488425,图书音像,正品放心,positive,1,0.3333333333333333
PRODUCT_488431,手机/数码,正品放心,positive,2,0.5
PRODUCT_488488,家居生活,性价比高,positive,1,1.0
PRODUCT_488545,图书音像,正品放心,positive,1,0.25
PRODUCT_488576,钟表/首饰/眼镜/礼品,性价比高,positive,1,1.0
PRODUCT_488576,钟表/首饰/眼镜/礼品,正品放心,positive,1,1.0
PRODUCT_488576,钟表/首饰/眼镜/礼品,质量好,positive,1,1.0
PRODUCT_488645,图书音像,会回购,positive,1,0.05263157894736842
PRODUCT_488645,图书音像,内容不错,positive,1,0.05263157894736842
PRODUCT_488645,图书音像,性价比高,positive,1,0.05263157894736842
PRODUCT_488654,图书音像,很新鲜,positive,1,0.3333333333333333
PRODUCT_488672,图书音像,正品放心,positive,1,0.5
PRODUCT_488708,图书音像,味道不错,positive,1,0.5
PRODUCT_488906,图书音像,内容不错,positive,1,1.0
PRODUCT_488910,手机/数码,内容一般,negative,1,1.0
PRODUCT_488934,图书音像,质量好,positive,1,0.5
PRODUCT_488949,图书音像,不推荐,negative,1,0.2
PRODUCT_488949,图书音像,外观好看,positive,1,0.2
PRODUCT_489007,手机/数码,价格贵,negative,1,1.0
PRODUCT_489007,手机/数码,外观好看,positive,1,1.0
PRODUCT_489031,电脑/办公,会回购,positive,1,0.125
PRODUCT_489031,电脑/办公,外观好看,positive,1,0.125
PRODUCT_489031,电脑/办公,性价比高,positive,1,0.125
PRODUCT_489031,电脑/办公,质量好,positive,1,0.125
PRODUCT_489096,图书音像,包装差,negative,1,1.0
PRODUCT_48917,图书音像,疑似假货,negative,1,1.0
PRODUCT_489285,图书音像,内容不错,positive,1,1.0
PRODUCT_489298,手机/数码,内容一般,negative,1,1.0
PRODUCT_489309,电脑/办公,外观好看,positive,1,0.2
PRODUCT_489332,母婴/玩具,性价比高,positive,1,0.14285714285714285
PRODUCT_489350,图书音像,正品放心,positive,1,1.0
PRODUCT_489373,图书音像,内容不错,positive,2,0.2
PRODUCT_489373,图书音像,外观好看,positive,2,0.2
PRODUCT_489373,图书音像,包装差,negative,1,0.1
PRODUCT_489384,手机/数码,外观好看,positive,1,0.25
PRODUCT_489384,手机/数码,性价比高,positive,1,0.25
PRODUCT_489463,手机/数码,正品放心,positive,1,0.5
PRODUCT_48956,图书音像,物流慢,negative,1,1.0
PRODUCT_489590,手机/数码,容易坏,negative,2,0.2
PRODUCT_489590,手机/数码,不推荐,negative,1,0.1
PRODUCT_489590,手机/数码,性价比高,positive,1,0.1
PRODUCT_489590,手机/数码,质量差,negative,1,0.1
PRODUCT_489690,手机/数码,容易坏,negative,1,0.16666666666666666
PRODUCT_489690,手机/数码,正品放心,positive,1,0.16666666666666666
PRODUCT_48974,家居生活,性价比高,positive,1,0.3333333333333333
PRODUCT_489746,电脑/办公,外观好看,positive,1,0.5
PRODUCT_489746,电脑/办公,正品放心,positive,1,0.5
PRODUCT_489746,电脑/办公,疑似假货,negative,1,0.5
PRODUCT_489871,图书音像,不推荐,negative,1,0.1
PRODUCT_489871,图书音像,会回购,positive,1,0.1
PRODUCT_489871,图书音像,外观好看,positive,1,0.1
PRODUCT_489887,图书音像,内容不错,positive,1,1.0
PRODUCT_489941,图书音像,外观好看,positive,1,1.0
PRODUCT_490031,家用电器,正品放心,positive,7,0.15217391304347827
PRODUCT_490031,家用电器,会回购,positive,2,0.043478260869565216
PRODUCT_490031,家用电器,外观好看,positive,2,0.043478260869565216
PRODUCT_490031,家用电器,性价比高,positive,2,0.043478260869565216
PRODUCT_490031,家用电器,价格贵,negative,1,0.021739130434782608
PRODUCT_490031,家用电器,包装好,positive,1,0.021739130434782608
PRODUCT_490031,家用电器,很耐用,positive,1,0.021739130434782608
PRODUCT_490031,家用电器,疑似假货,negative,1,0.021739130434782608
PRODUCT_490031,家用电器,质量好,positive,1,0.021739130434782608
PRODUCT_490199,图书音像,很新鲜,positive,1,1.0
PRODUCT_490421,图书音像,内容不错,positive,1,1.0
PRODUCT_490490,电脑/办公,质量好,positive,2,0.2857142857142857
PRODUCT_490490,电脑/办公,正品放心,positive,1,0.14285714285714285
PRODUCT_490490,电脑/办公,疑似假货,negative,1,0.14285714285714285
PRODUCT_490598,图书音像,会回购,positive,1,0.09090909090909091
PRODUCT_490598,图书音像,外观好看,positive,1,0.09090909090909091
PRODUCT_490598,图书音像,疑似假货,negative,1,0.09090909090909091
PRODUCT_49076,图书音像,疑似假货,negative,1,0.3333333333333333
PRODUCT_490762,图书音像,外观好看,positive,1,0.25
PRODUCT_490768,图书音像,外观好看,positive,2,0.18181818181818182
PRODUCT_490768,图书音像,正品放心,positive,1,0.09090909090909091
PRODUCT_490768,图书音像,疑似假货,negative,1,0.09090909090909091
PRODUCT_490768,图书音像,质量差,negative,1,0.09090909090909091
PRODUCT_49088,钟表/首饰/眼镜/礼品,正品放心,positive,1,1.0
PRODUCT_490896,图书音像,外观好看,positive,1,1.0
PRODUCT_490913,图书音像,质量好,positive,1,1.0
PRODUCT_490965,电脑/办公,外观好看,positive,1,0.14285714285714285
PRODUCT_490987,美妆个护,不推荐,negative,1,0.3333333333333333
PRODUCT_490987,美妆个护,外观好看,positive,1,0.3333333333333333
PRODUCT_4911,图书音像,不推荐,negative,1,0.14285714285714285
PRODUCT_4911,图书音像,质量差,negative,1,0.14285714285714285
PRODUCT_49111,图书音像,外观好看,positive,1,1.0
PRODUCT_491149,图书音像,内容不错,positive,1,0.16666666666666666
PRODUCT_491149,图书音像,尺码不准,negative,1,0.16666666666666666
PRODUCT_491154,图书音像,不推荐,negative,1,0.09090909090909091
PRODUCT_491154,图书音像,外观好看,positive,1,0.09090909090909091
PRODUCT_491154,图书音像,容易坏,negative,1,0.09090909090909091
PRODUCT_491154,图书音像,正品放心,positive,1,0.09090909090909091
PRODUCT_491154,图书音像,疑似假货,negative,1,0.09090909090909091
PRODUCT_491170,图书音像,外观好看,positive,1,0.5
PRODUCT_49118,家用电器,不推荐,negative,1,0.125
PRODUCT_49118,家用电器,味道不错,positive,1,0.125
PRODUCT_491264,图书音像,外观好看,positive,1,1.0
PRODUCT_491376,图书音像,外观好看,positive,1,0.5
PRODUCT_491386,图书音像,外观好看,positive,1,0.125
PRODUCT_491489,图书音像,会回购,positive,1,1.0
PRODUCT_491622,图书音像,外观好看,positive,1,1.0
PRODUCT_491626,图书音像,外观好看,positive,1,0.5
PRODUCT_491656,图书音像,会回购,positive,1,0.2
PRODUCT_491657,图书音像,外观好看,positive,1,1.0
PRODUCT_49167,图书音像,内容一般,negative,1,0.5
PRODUCT_491709,家用电器,不推荐,negative,1,0.3333333333333333
PRODUCT_491709,家用电器,质量差,negative,1,0.3333333333333333
PRODUCT_491747,美妆个护,味道不错,positive,1,1.0
PRODUCT_491777,家用电器,很耐用,positive,1,0.14285714285714285
PRODUCT_491894,美妆个护,正品放心,positive,1,1.0
PRODUCT_491906,图书音像,会回购,positive,1,1.0
PRODUCT_491942,图书音像,正品放心,positive,1,1.0
PRODUCT_492002,家用电器,性价比高,positive,2,0.4
PRODUCT_492002,家用电器,外观好看,positive,1,0.2
PRODUCT_492025,图书音像,内容不错,positive,1,0.3333333333333333
PRODUCT_492025,图书音像,疑似假货,negative,1,0.3333333333333333
PRODUCT_492104,其他,价格贵,negative,1,1.0
PRODUCT_492122,钟表/首饰/眼镜/礼品,外观好看,positive,1,0.14285714285714285
PRODUCT_492122,钟表/首饰/眼镜/礼品,正品放心,positive,1,0.14285714285714285
PRODUCT_492122,钟表/首饰/眼镜/礼品,疑似假货,negative,1,0.14285714285714285
PRODUCT_492178,图书音像,很新鲜,positive,1,1.0
PRODUCT_49220,电脑/办公,很耐用,positive,1,0.14285714285714285
PRODUCT_492261,图书音像,容易坏,negative,1,0.3333333333333333
PRODUCT_492261,图书音像,疑似假货,negative,1,0.3333333333333333
PRODUCT_492331,电脑/办公,质量好,positive,1,0.25
PRODUCT_492339,家用电器,很耐用,positive,1,0.25
PRODUCT_492339,家用电器,性价比高,positive,1,0.25
PRODUCT_492342,图书音像,很新鲜,positive,1,0.5
PRODUCT_492342,图书音像,正品放心,positive,1,0.5
PRODUCT_492348,图书音像,正品放心,positive,1,0.1111111111111111
PRODUCT_492348,图书音像,疑似假货,negative,1,0.1111111111111111
PRODUCT_492352,图书音像,正品放心,positive,1,1.0
PRODUCT_492372,图书音像,外观好看,positive,1,1.0
PRODUCT_492398,食品/保健,性价比高,positive,1,1.0
PRODUCT_492416,钟表/首饰/眼镜/礼品,正品放心,positive,1,1.0
PRODUCT_492492,电脑/办公,不推荐,negative,1,0.16666666666666666
PRODUCT_492492,电脑/办公,性价比高,positive,1,0.16666666666666666
PRODUCT_492498,图书音像,内容不错,positive,2,0.2857142857142857
PRODUCT_492515,图书音像,内容不错,positive,1,1.0
PRODUCT_492545,图书音像,正品放心,positive,1,1.0
PRODUCT_492555,图书音像,性价比高,positive,1,0.3333333333333333
PRODUCT_492582,图书音像,会回购,positive,1,0.3333333333333333
PRODUCT_49262,图书音像,外观好看,positive,1,0.25
PRODUCT_49262,图书音像,质量好,positive,1,0.25
PRODUCT_492637,图书音像,内容一般,negative,1,1.0
PRODUCT_492649,图书音像,正品放心,positive,2,0.2222222222222222
PRODUCT_492649,图书音像,质量好,positive,1,0.1111111111111111
PRODUCT_492678,图书音像,性价比高,positive,1,0.5
PRODUCT_492688,图书音像,疑似假货,negative,1,1.0
PRODUCT_492719,家居生活,很耐用,positive,1,0.25
PRODUCT_492719,家居生活,性价比高,positive,1,0.25
PRODUCT_492748,图书音像,会回购,positive,1,1.0
PRODUCT_492760,美妆个护,正品放心,positive,1,1.0
PRODUCT_492878,图书音像,发货快,positive,1,1.0
PRODUCT_492878,图书音像,质量好,positive,1,1.0
PRODUCT_492930,图书音像,外观好看,positive,1,0.5
PRODUCT_493007,图书音像,正品放心,positive,1,0.16666666666666666
PRODUCT_493007,图书音像,质量差,negative,1,0.16666666666666666
PRODUCT_49303,图书音像,外观好看,positive,1,0.3333333333333333
PRODUCT_493039,图书音像,尺码不准,negative,1,0.3333333333333333
PRODUCT_493095,手机/数码,质量差,negative,2,0.25
PRODUCT_493095,手机/数码,外观一般,negative,1,0.125
PRODUCT_493108,电脑/办公,很耐用,positive,1,0.08333333333333333
PRODUCT_493108,电脑/办公,性价比高,positive,1,0.08333333333333333
PRODUCT_493108,电脑/办公,质量好,positive,1,0.08333333333333333
PRODUCT_493145,美妆个护,正品放心,positive,2,0.4
PRODUCT_493155,家居生活,质量好,positive,1,1.0
PRODUCT_493161,图书音像,质量好,positive,1,1.0
PRODUCT_49321,图书音像,会回购,positive,1,0.125
PRODUCT_49321,图书音像,质量好,positive,1,0.125
PRODUCT_493210,家用电器,味道不错,positive,1,0.3333333333333333
PRODUCT_49329,手机/数码,性价比高,positive,2,0.18181818181818182
PRODUCT_49329,手机/数码,价格贵,negative,1,0.09090909090909091
PRODUCT_49329,手机/数码,很耐用,positive,1,0.09090909090909091
PRODUCT_493302,电脑/办公,性价比高,positive,1,0.25
PRODUCT_493310,母婴/玩具,包装好,positive,1,0.5
PRODUCT_493310,母婴/玩具,味道不错,positive,1,0.5
PRODUCT_493334,图书音像,外观好看,positive,2,0.11764705882352941
PRODUCT_493334,图书音像,容易坏,negative,1,0.058823529411764705
PRODUCT_493334,图书音像,性价比高,positive,1,0.058823529411764705
PRODUCT_493378,母婴/玩具,质量好,positive,1,1.0
PRODUCT_493402,图书音像,性价比高,positive,1,1.0
PRODUCT_493427,家用电器,味道不错,positive,1,0.16666666666666666
PRODUCT_493427,家用电器,容易坏,negative,1,0.16666666666666666
PRODUCT_493427,家用电器,很新鲜,positive,1,0.16666666666666666
PRODUCT_493496,图书音像,质量好,positive,2,0.5
PRODUCT_493496,图书音像,会回购,positive,1,0.25
PRODUCT_493523,图书音像,包装好,positive,1,0.25
PRODUCT_493526,图书音像,很新鲜,positive,1,1.0
PRODUCT_493590,图书音像,很新鲜,positive,1,1.0
PRODUCT_493689,家居生活,不推荐,negative,1,1.0
PRODUCT_493689,家居生活,内容一般,negative,1,1.0
PRODUCT_49371,图书音像,会回购,positive,1,0.25
PRODUCT_493739,图书音像,外观好看,positive,2,0.18181818181818182
PRODUCT_493739,图书音像,正品放心,positive,1,0.09090909090909091
PRODUCT_493742,图书音像,正品放心,positive,1,0.5
PRODUCT_493742,图书音像,疑似假货,negative,1,0.5
PRODUCT_493745,图书音像,外观一般,negative,1,1.0
PRODUCT_493793,家用电器,质量好,positive,2,0.09523809523809523
PRODUCT_493793,家用电器,正品放心,positive,1,0.047619047619047616
PRODUCT_493889,图书音像,内容不错,positive,1,0.5
PRODUCT_493910,图书音像,内容不错,positive,1,1.0
PRODUCT_49397,图书音像,内容不错,positive,1,1.0
PRODUCT_493984,图书音像,质量好,positive,1,0.3333333333333333
PRODUCT_494018,图书音像,外观好看,positive,1,1.0
PRODUCT_494029,手机/数码,不推荐,negative,1,0.3333333333333333
PRODUCT_494029,手机/数码,性价比高,positive,1,0.3333333333333333
PRODUCT_494029,手机/数码,正品放心,positive,1,0.3333333333333333
PRODUCT_494029,手机/数码,质量差,negative,1,0.3333333333333333
PRODUCT_494119,图书音像,外观一般,negative,1,1.0
PRODUCT_494191,图书音像,内容不错,positive,1,0.06666666666666667
PRODUCT_494191,图书音像,正品放心,positive,1,0.06666666666666667
PRODUCT_494205,图书音像,外观好看,positive,1,1.0
PRODUCT_494240,图书音像,外观好看,positive,1,0.3333333333333333
PRODUCT_494291,图书音像,质量差,negative,1,0.5
PRODUCT_494358,图书音像,不推荐,negative,1,0.2
PRODUCT_494358,图书音像,外观一般,negative,1,0.2
PRODUCT_494358,图书音像,外观好看,positive,1,0.2
PRODUCT_49438,图书音像,质量差,negative,1,0.3333333333333333
PRODUCT_494386,图书音像,外观好看,positive,1,0.5
PRODUCT_494502,图书音像,正品放心,positive,1,1.0
PRODUCT_494521,图书音像,正品放心,positive,1,0.5
PRODUCT_49456,图书音像,性价比高,positive,1,1.0
PRODUCT_494622,图书音像,正品放心,positive,2,1.0
PRODUCT_494644,图书音像,内容不错,positive,1,0.5
PRODUCT_494726,手机/数码,不推荐,negative,1,0.25
PRODUCT_494726,手机/数码,正品放心,positive,1,0.25
PRODUCT_494768,图书音像,内容不错,positive,1,1.0
PRODUCT_494768,图书音像,正品放心,positive,1,1.0
PRODUCT_494768,图书音像,疑似假货,negative,1,1.0
PRODUCT_494799,家居生活,性价比高,positive,2,0.6666666666666666
PRODUCT_494799,家居生活,正品放心,positive,1,0.3333333333333333
PRODUCT_494811,其他,外观好看,positive,1,1.0
PRODUCT_494938,电脑/办公,会回购,positive,1,0.07692307692307693
PRODUCT_494938,电脑/办公,正品放心,positive,1,0.07692307692307693
PRODUCT_494952,图书音像,质量好,positive,1,1.0
PRODUCT_494968,手机/数码,外观好看,positive,1,1.0
PRODUCT_495075,电脑/办公,会回购,positive,1,0.25
PRODUCT_495075,电脑/办公,外观好看,positive,1,0.25
PRODUCT_495102,图书音像,很新鲜,positive,1,0.25
PRODUCT_495140,图书音像,会回购,positive,1,1.0
PRODUCT_495209,图书音像,正品放心,positive,1,0.5
PRODUCT_495209,图书音像,质量好,positive,1,0.5
PRODUCT_495242,图书音像,疑似假货,negative,1,0.5
PRODUCT_495243,图书音像,质量好,positive,1,0.3333333333333333
PRODUCT_495256,图书音像,会回购,positive,1,1.0
PRODUCT_495259,图书音像,不推荐,negative,1,0.1
PRODUCT_495294,图书音像,外观好看,positive,1,0.5
PRODUCT_49538,图书音像,很耐用,positive,1,0.5
PRODUCT_495440,美妆个护,味道不错,positive,1,1.0
PRODUCT_495532,图书音像,外观好看,positive,1,0.5
PRODUCT_495532,图书音像,质量好,positive,1,0.5
PRODUCT_49564,电脑/办公,容易坏,negative,1,1.0
PRODUCT_495671,图书音像,内容不错,positive,1,1.0
PRODUCT_495673,图书音像,正品放心,positive,1,1.0
PRODUCT_495679,电脑/办公,外观好看,positive,1,0.25
PRODUCT_495744,手机/数码,很耐用,positive,1,1.0
PRODUCT_495852,电脑/办公,质量好,positive,1,1.0
PRODUCT_495854,手机/数码,外观好看,positive,2,1.0
PRODUCT_495955,图书音像,质量好,positive,1,0.5
PRODUCT_49599,图书音像,性价比高,positive,1,1.0
PRODUCT_496245,电脑/办公,很耐用,positive,1,0.3333333333333333
PRODUCT_496245,电脑/办公,续航差,negative,1,0.3333333333333333
PRODUCT_49627,图书音像,包装好,positive,1,1.0
PRODUCT_496276,图书音像,很新鲜,positive,1,1.0
PRODUCT_496307,图书音像,外观好看,positive,1,1.0
PRODUCT_496331,手机/数码,发货快,positive,1,1.0
PRODUCT_496661,图书音像,包装差,negative,1,0.5
PRODUCT_496696,图书音像,内容一般,negative,1,1.0
PRODUCT_496738,图书音像,内容一般,negative,1,0.5
PRODUCT_496859,图书音像,味道不错,positive,1,1.0
PRODUCT_496863,图书音像,会回购,positive,1,0.5
PRODUCT_496863,图书音像,性价比高,positive,1,0.5
PRODUCT_496863,图书音像,质量好,positive,1,0.5
PRODUCT_496878,母婴/玩具,质量好,positive,1,1.0
PRODUCT_496887,美妆个护,正品放心,positive,1,0.3333333333333333
PRODUCT_496919,图书音像,正品放心,positive,1,1.0
PRODUCT_496945,图书音像,内容不错,positive,1,1.0
PRODUCT_497036,图书音像,性价比高,positive,1,1.0
PRODUCT_497046,图书音像,内容一般,negative,1,0.5
PRODUCT_497049,图书音像,质量好,positive,1,0.3333333333333333
PRODUCT_497078,图书音像,内容不错,positive,1,1.0
PRODUCT_497106,图书音像,外观好看,positive,1,0.125
PRODUCT_497106,图书音像,质量好,positive,1,0.125
PRODUCT_497149,图书音像,质量好,positive,1,1.0
PRODUCT_497194,母婴/玩具,外观好看,positive,1,0.1111111111111111
PRODUCT_497243,钟表/首饰/眼镜/礼品,性价比高,positive,1,0.09090909090909091
PRODUCT_497243,钟表/首饰/眼镜/礼品,正品放心,positive,1,0.09090909090909091
PRODUCT_497243,钟表/首饰/眼镜/礼品,疑似假货,negative,1,0.09090909090909091
PRODUCT_497274,图书音像,质量好,positive,1,0.5
PRODUCT_497288,图书音像,内容不错,positive,1,0.25
PRODUCT_497362,图书音像,正品放心,positive,1,1.0
PRODUCT_497365,家用电器,质量差,negative,1,1.0
PRODUCT_497483,图书音像,价格贵,negative,1,1.0
PRODUCT_497514,图书音像,正品放心,positive,2,0.6666666666666666
PRODUCT_497514,图书音像,外观好看,positive,1,0.3333333333333333
PRODUCT_497559,图书音像,不推荐,negative,1,0.25
PRODUCT_497559,图书音像,质量好,positive,1,0.25
PRODUCT_497559,图书音像,质量差,negative,1,0.25
PRODUCT_497600,图书音像,质量好,positive,1,0.25
PRODUCT_497650,美妆个护,味道不错,positive,1,0.16666666666666666
PRODUCT_497650,美妆个护,正品放心,positive,1,0.16666666666666666
PRODUCT_497652,美妆个护,会回购,positive,1,0.3333333333333333
PRODUCT_497663,图书音像,正品放心,positive,1,0.2
PRODUCT_497692,图书音像,质量好,positive,1,0.25
PRODUCT_497709,图书音像,内容不错,positive,1,0.5
PRODUCT_497714,图书音像,正品放心,positive,1,1.0
PRODUCT_497768,图书音像,很新鲜,positive,1,0.3333333333333333
PRODUCT_497776,图书音像,性价比高,positive,1,1.0
PRODUCT_497829,美妆个护,外观一般,negative,1,0.3333333333333333
PRODUCT_497829,美妆个护,容易坏,negative,1,0.3333333333333333
PRODUCT_497835,图书音像,外观好看,positive,1,1.0
PRODUCT_49788,图书音像,容易坏,negative,1,0.5
PRODUCT_497898,图书音像,不推荐,negative,1,1.0
PRODUCT_497898,图书音像,包装差,negative,1,1.0
PRODUCT_497898,图书音像,质量差,negative,1,1.0
PRODUCT_497913,图书音像,正品放心,positive,1,0.3333333333333333
PRODUCT_497913,图书音像,疑似假货,negative,1,0.3333333333333333
PRODUCT_498036,图书音像,质量好,positive,1,0.3333333333333333
PRODUCT_498056,图书音像,包装差,negative,1,1.0
PRODUCT_49806,家用电器,正品放心,positive,2,0.2222222222222222
PRODUCT_49806,家用电器,很耐用,positive,1,0.1111111111111111
PRODUCT_49806,家用电器,性价比高,positive,1,0.1111111111111111
PRODUCT_49806,家用电器,质量好,positive,1,0.1111111111111111
PRODUCT_498067,图书音像,正品放心,positive,1,0.5
PRODUCT_498070,图书音像,质量差,negative,1,1.0
PRODUCT_498154,图书音像,味道不错,positive,1,0.3333333333333333
PRODUCT_498208,图书音像,不推荐,negative,1,0.5
PRODUCT_498235,图书音像,包装差,negative,1,0.14285714285714285
PRODUCT_498235,图书音像,外观好看,positive,1,0.14285714285714285
PRODUCT_498275,图书音像,外观好看,positive,2,0.1
PRODUCT_498275,图书音像,正品放心,positive,2,0.1
PRODUCT_498275,图书音像,不推荐,negative,1,0.05
PRODUCT_498275,图书音像,味道不错,positive,1,0.05
PRODUCT_498275,图书音像,外观一般,negative,1,0.05
PRODUCT_498275,图书音像,很新鲜,positive,1,0.05
PRODUCT_498275,图书音像,性价比高,positive,1,0.05
PRODUCT_498443,美妆个护,外观一般,negative,1,0.3333333333333333
PRODUCT_49846,母婴/玩具,正品放心,positive,1,1.0
PRODUCT_498506,图书音像,外观好看,positive,1,1.0
PRODUCT_49852,母婴/玩具,包装好,positive,1,0.125
PRODUCT_49852,母婴/玩具,外观好看,positive,1,0.125
PRODUCT_49852,母婴/玩具,很耐用,positive,1,0.125
PRODUCT_49852,母婴/玩具,性价比高,positive,1,0.125
PRODUCT_49852,母婴/玩具,质量好,positive,1,0.125
PRODUCT_498520,美妆个护,味道不错,positive,1,0.5
PRODUCT_498549,电脑/办公,外观好看,positive,1,0.14285714285714285
PRODUCT_498550,家用电器,价格贵,negative,1,1.0
PRODUCT_498550,家用电器,性价比高,positive,1,1.0
PRODUCT_498555,图书音像,内容不错,positive,1,0.5
PRODUCT_498623,图书音像,会回购,positive,1,0.043478260869565216
PRODUCT_498623,图书音像,内容不错,positive,1,0.043478260869565216
PRODUCT_498623,图书音像,外观好看,positive,1,0.043478260869565216
PRODUCT_498623,图书音像,容易坏,negative,1,0.043478260869565216
PRODUCT_498623,图书音像,性价比高,positive,1,0.043478260869565216
PRODUCT_498623,图书音像,正品放心,positive,1,0.043478260869565216
PRODUCT_498623,图书音像,疑似假货,negative,1,0.043478260869565216
PRODUCT_498623,图书音像,质量好,positive,1,0.043478260869565216
PRODUCT_498642,家居生活,质量好,positive,1,1.0
PRODUCT_498673,图书音像,内容不错,positive,1,1.0
PRODUCT_498703,图书音像,不推荐,negative,1,1.0
PRODUCT_498703,图书音像,内容一般,negative,1,1.0
PRODUCT_498703,图书音像,疑似假货,negative,1,1.0
PRODUCT_498831,图书音像,价格贵,negative,1,1.0
PRODUCT_498831,图书音像,很新鲜,positive,1,1.0
PRODUCT_498836,其他,正品放心,positive,1,1.0
PRODUCT_498840,图书音像,性价比高,positive,1,1.0
PRODUCT_498866,图书音像,质量好,positive,2,0.4
PRODUCT_498898,图书音像,正品放心,positive,1,1.0
PRODUCT_498915,美妆个护,正品放心,positive,1,1.0
PRODUCT_498993,图书音像,外观好看,positive,1,0.2
PRODUCT_498993,图书音像,很新鲜,positive,1,0.2
PRODUCT_499024,图书音像,不推荐,negative,1,0.25
PRODUCT_499024,图书音像,疑似假货,negative,1,0.25
PRODUCT_499024,图书音像,质量好,positive,1,0.25
PRODUCT_499045,图书音像,发货快,positive,1,1.0
PRODUCT_499054,图书音像,会回购,positive,1,0.09090909090909091
PRODUCT_499054,图书音像,内容不错,positive,1,0.09090909090909091
PRODUCT_499054,图书音像,包装好,positive,1,0.09090909090909091
PRODUCT_499064,图书音像,正品放心,positive,1,1.0
PRODUCT_499064,图书音像,疑似假货,negative,1,1.0
PRODUCT_499086,图书音像,很新鲜,positive,1,1.0
PRODUCT_499087,图书音像,价格贵,negative,1,1.0
PRODUCT_499098,图书音像,内容不错,positive,1,0.5
PRODUCT_499098,图书音像,性价比高,positive,1,0.5
PRODUCT_499098,图书音像,质量好,positive,1,0.5
PRODUCT_499099,美妆个护,正品放心,positive,1,0.1111111111111111
PRODUCT_499168,图书音像,质量好,positive,1,1.0
PRODUCT_499169,图书音像,正品放心,positive,1,1.0
PRODUCT_499208,图书音像,内容一般,negative,1,0.3333333333333333
PRODUCT_499225,手机/数码,性价比高,positive,1,1.0
PRODUCT_499236,图书音像,内容不错,positive,1,1.0
PRODUCT_499248,母婴/玩具,会回购,positive,1,0.3333333333333333
PRODUCT_499249,图书音像,内容不错,positive,1,0.3333333333333333
PRODUCT_499269,美妆个护,正品放心,positive,3,0.375
PRODUCT_499269,美妆个护,会回购,positive,1,0.125
PRODUCT_499269,美妆个护,发货快,positive,1,0.125
PRODUCT_499269,美妆个护,味道不错,positive,1,0.125
PRODUCT_499283,母婴/玩具,会回购,positive,1,1.0
PRODUCT_499283,母婴/玩具,容易坏,negative,1,1.0
PRODUCT_499309,钟表/首饰/眼镜/礼品,包装好,positive,1,1.0
PRODUCT_499309,钟表/首饰/眼镜/礼品,外观好看,positive,1,1.0
PRODUCT_499322,图书音像,味道不错,positive,1,1.0
PRODUCT_49942,图书音像,外观好看,positive,1,1.0
PRODUCT_499422,电脑/办公,价格贵,negative,1,0.5
PRODUCT_499446,图书音像,外观好看,positive,1,0.3333333333333333
PRODUCT_499473,图书音像,质量好,positive,1,0.5
PRODUCT_499477,图书音像,内容一般,negative,1,0.1111111111111111
PRODUCT_499477,图书音像,外观一般,negative,1,0.1111111111111111
PRODUCT_499477,图书音像,外观好看,positive,1,0.1111111111111111
PRODUCT_49949,图书音像,外观好看,positive,2,0.6666666666666666
PRODUCT_49949,图书音像,内容不错,positive,1,0.3333333333333333
PRODUCT_499518,图书音像,外观好看,positive,1,1.0
PRODUCT_499551,图书音像,会回购,positive,1,1.0
PRODUCT_499561,图书音像,会回购,positive,1,1.0
PRODUCT_499561,图书音像,正品放心,positive,1,1.0
PRODUCT_499608,钟表/首饰/眼镜/礼品,外观好看,positive,1,1.0
PRODUCT_499622,电脑/办公,不推荐,negative,1,0.1111111111111111
PRODUCT_499622,电脑/办公,疑似假货,negative,1,0.1111111111111111
PRODUCT_499622,电脑/办公,质量差,negative,1,0.1111111111111111
PRODUCT_499719,母婴/玩具,味道一般,negative,1,0.3333333333333333
PRODUCT_499719,母婴/玩具,正品放心,positive,1,0.3333333333333333
PRODUCT_49979,美妆个护,味道不错,positive,1,0.25
PRODUCT_499798,图书音像,不推荐,negative,1,1.0
PRODUCT_499798,图书音像,正品放心,positive,1,1.0
PRODUCT_499798,图书音像,疑似假货,negative,1,1.0
PRODUCT_49984,图书音像,内容不错,positive,1,1.0
PRODUCT_499848,家用电器,容易坏,negative,1,0.08333333333333333
PRODUCT_499848,家用电器,性价比高,positive,1,0.08333333333333333
PRODUCT_499977,图书音像,质量好,positive,1,0.5
PRODUCT_500013,家居生活,质量好,positive,1,1.0
PRODUCT_500048,手机/数码,价格贵,negative,1,1.0
PRODUCT_500050,图书音像,正品放心,positive,1,1.0
PRODUCT_500061,图书音像,正品放心,positive,1,1.0
PRODUCT_500100,图书音像,内容不错,positive,1,1.0
PRODUCT_500109,图书音像,质量好,positive,1,0.25
PRODUCT_500141,图书音像,质量好,positive,1,1.0
PRODUCT_500151,图书音像,正品放心,positive,1,1.0
PRODUCT_500159,母婴/玩具,味道不错,positive,1,0.14285714285714285
PRODUCT_50021,家居生活,外观好看,positive,1,1.0
PRODUCT_500220,其他,内容一般,negative,1,0.3333333333333333
PRODUCT_500220,其他,容易坏,negative,1,0.3333333333333333
PRODUCT_500305,图书音像,发货快,positive,1,0.25
PRODUCT_500305,图书音像,容易坏,negative,1,0.25
PRODUCT_500390,图书音像,正品放心,positive,1,0.5
PRODUCT_500459,图书音像,味道不错,positive,1,0.5
PRODUCT_500475,手机/数码,价格贵,negative,1,1.0
PRODUCT_500489,图书音像,味道不错,positive,1,0.5
PRODUCT_500496,图书音像,内容不错,positive,1,1.0
PRODUCT_500541,图书音像,正品放心,positive,1,1.0
PRODUCT_500543,电脑/办公,正品放心,positive,1,1.0
PRODUCT_500580,鞋类箱包,不推荐,negative,1,0.25
PRODUCT_500599,图书音像,很新鲜,positive,1,1.0
PRODUCT_500612,母婴/玩具,外观好看,positive,1,1.0
PRODUCT_500655,电脑/办公,容易坏,negative,1,0.14285714285714285
PRODUCT_500655,电脑/办公,性价比高,positive,1,0.14285714285714285
PRODUCT_50066,图书音像,内容不错,positive,1,1.0
PRODUCT_500692,手机/数码,外观好看,positive,1,0.25
PRODUCT_500692,手机/数码,容易坏,negative,1,0.25
PRODUCT_500724,图书音像,外观好看,positive,1,1.0
PRODUCT_500746,电脑/办公,性价比高,positive,1,0.3333333333333333
PRODUCT_500746,电脑/办公,质量差,negative,1,0.3333333333333333
PRODUCT_500758,图书音像,内容不错,positive,1,0.05
PRODUCT_500758,图书音像,包装好,positive,1,0.05
PRODUCT_500758,图书音像,外观好看,positive,1,0.05
PRODUCT_500758,图书音像,疑似假货,negative,1,0.05
PRODUCT_500758,图书音像,质量好,positive,1,0.05
PRODUCT_500759,电脑/办公,很耐用,positive,1,1.0
PRODUCT_500760,电脑/办公,不推荐,negative,1,0.1111111111111111
PRODUCT_500760,电脑/办公,发货快,positive,1,0.1111111111111111
PRODUCT_500760,电脑/办公,外观好看,positive,1,0.1111111111111111
PRODUCT_500760,电脑/办公,容易坏,negative,1,0.1111111111111111
PRODUCT_500805,家居生活,不推荐,negative,1,1.0
PRODUCT_500805,家居生活,内容一般,negative,1,1.0
PRODUCT_500825,家居生活,外观好看,positive,1,1.0
PRODUCT_500830,图书音像,不推荐,negative,1,1.0
PRODUCT_500854,家居生活,性价比高,positive,1,1.0
PRODUCT_500909,图书音像,内容不错,positive,1,0.16666666666666666
PRODUCT_500914,手机/数码,正品放心,positive,2,0.3333333333333333
PRODUCT_500914,手机/数码,会回购,positive,1,0.16666666666666666
PRODUCT_500914,手机/数码,外观好看,positive,1,0.16666666666666666
PRODUCT_500956,手机/数码,外观好看,positive,1,0.25
PRODUCT_500975,图书音像,正品放心,positive,1,1.0
PRODUCT_501126,图书音像,内容不错,positive,2,0.1
PRODUCT_501126,图书音像,外观好看,positive,1,0.05
PRODUCT_501163,图书音像,疑似假货,negative,1,1.0
PRODUCT_501163,图书音像,质量差,negative,1,1.0
PRODUCT_501233,图书音像,性价比高,positive,1,1.0
PRODUCT_501233,图书音像,质量好,positive,1,1.0
PRODUCT_501246,电脑/办公,价格贵,negative,1,0.25
PRODUCT_501246,电脑/办公,外观好看,positive,1,0.25
PRODUCT_501246,电脑/办公,很耐用,positive,1,0.25
PRODUCT_501299,图书音像,正品放心,positive,3,0.25
PRODUCT_501299,图书音像,质量好,positive,1,0.08333333333333333
PRODUCT_501337,图书音像,包装好,positive,1,0.3333333333333333
PRODUCT_501432,图书音像,质量差,negative,1,0.25
PRODUCT_50144,图书音像,性价比高,positive,1,1.0
PRODUCT_501440,其他,正品放心,positive,1,0.5
PRODUCT_501440,其他,疑似假货,negative,1,0.5
PRODUCT_501509,图书音像,质量好,positive,1,0.5
PRODUCT_50152,图书音像,不推荐,negative,1,0.3333333333333333
PRODUCT_501643,图书音像,价格贵,negative,1,0.5
PRODUCT_501643,图书音像,内容一般,negative,1,0.5
PRODUCT_501643,图书音像,外观好看,positive,1,0.5
PRODUCT_501643,图书音像,容易坏,negative,1,0.5
PRODUCT_501709,食品/保健,味道不错,positive,1,1.0
PRODUCT_501779,图书音像,外观好看,positive,2,0.1
PRODUCT_501779,图书音像,正品放心,positive,1,0.05
PRODUCT_501779,图书音像,疑似假货,negative,1,0.05
PRODUCT_501803,图书音像,内容不错,positive,1,0.5
PRODUCT_501803,图书音像,外观一般,negative,1,0.5
PRODUCT_501803,图书音像,外观好看,positive,1,0.5
PRODUCT_501807,电脑/办公,正品放心,positive,1,1.0
PRODUCT_502048,图书音像,内容一般,negative,1,0.3333333333333333
PRODUCT_502048,图书音像,疑似假货,negative,1,0.3333333333333333
PRODUCT_502094,图书音像,正品放心,positive,1,1.0
PRODUCT_502151,图书音像,正品放心,positive,1,1.0
PRODUCT_502189,图书音像,外观好看,positive,1,0.14285714285714285
PRODUCT_502254,图书音像,价格贵,negative,1,1.0
PRODUCT_502338,图书音像,质量好,positive,2,0.2222222222222222
PRODUCT_502338,图书音像,会回购,positive,1,0.1111111111111111
PRODUCT_502338,图书音像,疑似假货,negative,1,0.1111111111111111
PRODUCT_502346,图书音像,内容不错,positive,1,0.5
PRODUCT_502357,图书音像,正品放心,positive,1,1.0
PRODUCT_502397,图书音像,很新鲜,positive,1,1.0
PRODUCT_50246,图书音像,内容不错,positive,6,0.09375
PRODUCT_50246,图书音像,正品放心,positive,5,0.078125
PRODUCT_50246,图书音像,会回购,positive,4,0.0625
PRODUCT_50246,图书音像,性价比高,positive,4,0.0625
PRODUCT_50246,图书音像,质量好,positive,2,0.03125
PRODUCT_50246,图书音像,不推荐,negative,1,0.015625
PRODUCT_50246,图书音像,外观一般,negative,1,0.015625
PRODUCT_50246,图书音像,外观好看,positive,1,0.015625
PRODUCT_502792,图书音像,价格贵,negative,1,1.0
PRODUCT_502792,图书音像,内容不错,positive,1,1.0
PRODUCT_502863,图书音像,正品放心,positive,2,1.0
PRODUCT_502863,图书音像,质量好,positive,1,0.5
PRODUCT_502872,图书音像,外观好看,positive,1,1.0
PRODUCT_502873,图书音像,外观好看,positive,1,1.0
PRODUCT_502939,图书音像,正品放心,positive,1,0.5
PRODUCT_502981,图书音像,外观好看,positive,2,0.09090909090909091
PRODUCT_502981,图书音像,性价比高,positive,1,0.045454545454545456
PRODUCT_503127,图书音像,味道不错,positive,1,0.14285714285714285
PRODUCT_503127,图书音像,外观好看,positive,1,0.14285714285714285
PRODUCT_503131,家用电器,外观好看,positive,1,0.125
PRODUCT_503175,图书音像,正品放心,positive,2,0.15384615384615385
PRODUCT_503175,图书音像,价格贵,negative,1,0.07692307692307693
PRODUCT_503178,图书音像,不推荐,negative,1,1.0
PRODUCT_503225,图书音像,性价比高,positive,1,0.1111111111111111
PRODUCT_503225,图书音像,质量差,negative,1,0.1111111111111111
PRODUCT_503250,图书音像,正品放心,positive,1,1.0
PRODUCT_503277,图书音像,内容不错,positive,1,0.125
PRODUCT_503336,图书音像,不推荐,negative,1,0.16666666666666666
PRODUCT_503336,图书音像,内容不错,positive,1,0.16666666666666666
PRODUCT_503336,图书音像,外观好看,positive,1,0.16666666666666666
PRODUCT_503336,图书音像,质量好,positive,1,0.16666666666666666
PRODUCT_503377,运动户外,性价比高,positive,1,0.0625
PRODUCT_503377,运动户外,质量差,negative,1,0.0625
PRODUCT_503466,电脑/办公,性价比高,positive,1,0.0625
PRODUCT_503521,家用电器,容易坏,negative,1,0.1
PRODUCT_503591,图书音像,包装差,negative,1,0.5
PRODUCT_503591,图书音像,外观一般,negative,1,0.5
PRODUCT_503602,图书音像,正品放心,positive,1,1.0
PRODUCT_50367,图书音像,内容不错,positive,1,1.0
PRODUCT_503787,图书音像,内容不错,positive,1,1.0
PRODUCT_503791,图书音像,正品放心,positive,1,1.0
PRODUCT_503934,食品/保健,味道不错,positive,1,1.0
PRODUCT_503961,图书音像,内容不错,positive,1,1.0
PRODUCT_503961,图书音像,性价比高,positive,1,1.0
PRODUCT_503986,图书音像,外观好看,positive,1,0.5
PRODUCT_503997,图书音像,内容不错,positive,2,0.6666666666666666
PRODUCT_504040,美妆个护,性价比高,positive,1,0.3333333333333333
PRODUCT_504040,美妆个护,正品放心,positive,1,0.3333333333333333
PRODUCT_504040,美妆个护,疑似假货,negative,1,0.3333333333333333
PRODUCT_504073,图书音像,内容不错,positive,1,1.0
PRODUCT_504073,图书音像,质量好,positive,1,1.0
PRODUCT_504101,图书音像,外观好看,positive,1,0.125
PRODUCT_504104,图书音像,正品放心,positive,2,0.2857142857142857
PRODUCT_504104,图书音像,内容不错,positive,1,0.14285714285714285
PRODUCT_504104,图书音像,包装差,negative,1,0.14285714285714285
PRODUCT_504104,图书音像,外观好看,positive,1,0.14285714285714285
PRODUCT_504104,图书音像,容易坏,negative,1,0.14285714285714285
PRODUCT_504104,图书音像,很新鲜,positive,1,0.14285714285714285
PRODUCT_504104,图书音像,疑似假货,negative,1,0.14285714285714285
PRODUCT_504129,电脑/办公,外观好看,positive,4,0.1111111111111111
PRODUCT_504129,电脑/办公,正品放心,positive,4,0.1111111111111111
PRODUCT_504129,电脑/办公,不推荐,negative,1,0.027777777777777776
PRODUCT_504129,电脑/办公,发货快,positive,1,0.027777777777777776
PRODUCT_504129,电脑/办公,容易坏,negative,1,0.027777777777777776
PRODUCT_504129,电脑/办公,质量好,positive,1,0.027777777777777776
PRODUCT_504129,电脑/办公,质量差,negative,1,0.027777777777777776
PRODUCT_504173,图书音像,不推荐,negative,1,1.0
PRODUCT_504229,图书音像,内容一般,negative,1,1.0
PRODUCT_504229,图书音像,性价比高,positive,1,1.0
PRODUCT_504295,图书音像,发货快,positive,1,0.25
PRODUCT_504295,图书音像,外观好看,positive,1,0.25
PRODUCT_504295,图书音像,正品放心,positive,1,0.25
PRODUCT_504304,图书音像,正品放心,positive,1,0.25
PRODUCT_504304,图书音像,疑似假货,negative,1,0.25
PRODUCT_504340,图书音像,正品放心,positive,1,1.0
PRODUCT_50437,图书音像,外观好看,positive,1,1.0
PRODUCT_504461,图书音像,外观一般,negative,1,0.5
PRODUCT_504489,图书音像,质量好,positive,2,0.07692307692307693
PRODUCT_504489,图书音像,会回购,positive,1,0.038461538461538464
PRODUCT_504489,图书音像,内容一般,negative,1,0.038461538461538464
PRODUCT_504489,图书音像,发货快,positive,1,0.038461538461538464
PRODUCT_504489,图书音像,外观好看,positive,1,0.038461538461538464
PRODUCT_504489,图书音像,正品放心,positive,1,0.038461538461538464
PRODUCT_504489,图书音像,质量差,negative,1,0.038461538461538464
PRODUCT_504501,家居生活,正品放心,positive,1,0.3333333333333333
PRODUCT_504506,电脑/办公,疑似假货,negative,1,0.2
PRODUCT_504534,图书音像,内容一般,negative,1,1.0
PRODUCT_504547,家用电器,外观好看,positive,1,1.0
PRODUCT_504549,美妆个护,正品放心,positive,1,0.25
PRODUCT_504619,电脑/办公,外观好看,positive,1,0.5
PRODUCT_504619,电脑/办公,正品放心,positive,1,0.5
PRODUCT_504642,图书音像,疑似假货,negative,1,0.16666666666666666
PRODUCT_504642,图书音像,质量好,positive,1,0.16666666666666666
PRODUCT_504723,图书音像,价格贵,negative,1,0.25
PRODUCT_504723,图书音像,质量好,positive,1,0.25
PRODUCT_504751,机票/充值/票务/虚拟,会回购,positive,1,0.3333333333333333
PRODUCT_504770,手机/数码,很耐用,positive,1,1.0
PRODUCT_504777,家用电器,外观好看,positive,1,0.5
PRODUCT_504777,家用电器,很耐用,positive,1,0.5
PRODUCT_504808,母婴/玩具,正品放心,positive,1,1.0
PRODUCT_50482,图书音像,包装差,negative,1,0.2
PRODUCT_50482,图书音像,容易坏,negative,1,0.2
PRODUCT_50482,图书音像,质量差,negative,1,0.2
PRODUCT_504857,图书音像,发货快,positive,1,0.3333333333333333
PRODUCT_504893,图书音像,疑似假货,negative,1,1.0
PRODUCT_504912,图书音像,质量好,positive,1,0.5
PRODUCT_504928,美妆个护,正品放心,positive,1,1.0
PRODUCT_504928,美妆个护,疑似假货,negative,1,1.0
PRODUCT_504998,图书音像,质量好,positive,1,1.0
PRODUCT_505014,图书音像,正品放心,positive,1,1.0
PRODUCT_505093,图书音像,疑似假货,negative,1,1.0
PRODUCT_505128,图书音像,价格贵,negative,1,1.0
PRODUCT_505154,图书音像,正品放心,positive,1,1.0
PRODUCT_505218,图书音像,质量好,positive,2,0.6666666666666666
PRODUCT_505218,图书音像,不推荐,negative,1,0.3333333333333333
PRODUCT_505218,图书音像,正品放心,positive,1,0.3333333333333333
PRODUCT_505218,图书音像,质量差,negative,1,0.3333333333333333
PRODUCT_50529,图书音像,质量好,positive,1,1.0
PRODUCT_505318,家居生活,外观好看,positive,1,0.5
PRODUCT_505318,家居生活,性价比高,positive,1,0.5
PRODUCT_505319,家居生活,内容一般,negative,1,1.0
PRODUCT_505376,钟表/首饰/眼镜/礼品,外观好看,positive,1,0.3333333333333333
PRODUCT_505398,图书音像,不推荐,negative,1,1.0
PRODUCT_505404,电脑/办公,容易坏,negative,1,0.1
PRODUCT_505527,手机/数码,疑似假货,negative,1,1.0
PRODUCT_505565,电脑/办公,正品放心,positive,6,0.3157894736842105
PRODUCT_505565,电脑/办公,容易坏,negative,1,0.05263157894736842
PRODUCT_505565,电脑/办公,疑似假货,negative,1,0.05263157894736842
PRODUCT_505565,电脑/办公,质量好,positive,1,0.05263157894736842
PRODUCT_505571,图书音像,质量差,negative,1,1.0
PRODUCT_505610,手机/数码,不推荐,negative,1,1.0
PRODUCT_505663,图书音像,正品放心,positive,1,0.1111111111111111
PRODUCT_505663,图书音像,疑似假货,negative,1,0.1111111111111111
PRODUCT_505664,电脑/办公,正品放心,positive,2,0.4
PRODUCT_505664,电脑/办公,外观好看,positive,1,0.2
PRODUCT_505664,电脑/办公,很耐用,positive,1,0.2
PRODUCT_505722,家用电器,性价比高,positive,1,1.0
PRODUCT_505728,图书音像,外观好看,positive,1,1.0
PRODUCT_505763,运动户外,尺码不准,negative,1,1.0
PRODUCT_505786,家居生活,外观好看,positive,2,0.6666666666666666
PRODUCT_505789,图书音像,正品放心,positive,1,0.3333333333333333
PRODUCT_50581,电脑/办公,外观好看,positive,1,1.0
PRODUCT_505877,图书音像,外观好看,positive,1,1.0
PRODUCT_505981,图书音像,包装差,negative,1,1.0
PRODUCT_505990,手机/数码,会回购,positive,1,1.0
PRODUCT_506025,图书音像,不推荐,negative,1,1.0
PRODUCT_506044,图书音像,不推荐,negative,1,0.5
PRODUCT_506071,其他,正品放心,positive,1,1.0
PRODUCT_506247,图书音像,质量差,negative,1,0.125
PRODUCT_506367,手机/数码,正品放心,positive,1,0.5
PRODUCT_506367,手机/数码,续航差,negative,1,0.5
PRODUCT_506367,手机/数码,质量差,negative,1,0.5
PRODUCT_506390,电脑/办公,包装好,positive,1,0.14285714285714285
PRODUCT_506390,电脑/办公,发货快,positive,1,0.14285714285714285
PRODUCT_506436,家用电器,包装好,positive,1,0.5
PRODUCT_506510,钟表/首饰/眼镜/礼品,外观好看,positive,1,0.2
PRODUCT_506510,钟表/首饰/眼镜/礼品,质量差,negative,1,0.2
PRODUCT_506514,电脑/办公,质量差,negative,3,0.21428571428571427
PRODUCT_506514,电脑/办公,容易坏,negative,2,0.14285714285714285
PRODUCT_506514,电脑/办公,正品放心,positive,2,0.14285714285714285
PRODUCT_506514,电脑/办公,外观一般,negative,1,0.07142857142857142
PRODUCT_506514,电脑/办公,外观好看,positive,1,0.07142857142857142
PRODUCT_506514,电脑/办公,性价比高,positive,1,0.07142857142857142
PRODUCT_506514,电脑/办公,质量好,positive,1,0.07142857142857142
PRODUCT_506524,服饰服装,会回购,positive,1,0.25
PRODUCT_50659,图书音像,外观好看,positive,1,0.5
PRODUCT_506618,家具/家装/建材,包装差,negative,1,1.0
PRODUCT_506628,图书音像,疑似假货,negative,1,0.14285714285714285
PRODUCT_506733,电脑/办公,内容一般,negative,1,1.0
PRODUCT_506741,图书音像,外观好看,positive,1,1.0
PRODUCT_506742,图书音像,外观好看,positive,1,0.5
PRODUCT_506822,图书音像,性价比高,positive,1,1.0
PRODUCT_506876,家居生活,外观好看,positive,1,0.5
PRODUCT_50692,家用电器,外观好看,positive,1,0.14285714285714285
PRODUCT_50692,家用电器,性价比高,positive,1,0.14285714285714285
PRODUCT_506977,鞋类箱包,质量好,positive,1,0.25
PRODUCT_506977,鞋类箱包,质量差,negative,1,0.25
PRODUCT_50699,图书音像,外观好看,positive,1,0.25
PRODUCT_507007,图书音像,内容不错,positive,1,0.3333333333333333
PRODUCT_50708,家具/家装/建材,不推荐,negative,1,0.3333333333333333
PRODUCT_50708,家具/家装/建材,价格贵,negative,1,0.3333333333333333
PRODUCT_50708,家具/家装/建材,正品放心,positive,1,0.3333333333333333
PRODUCT_50723,图书音像,会回购,positive,1,1.0
PRODUCT_507239,家居生活,质量好,positive,1,1.0
PRODUCT_507321,图书音像,外观好看,positive,1,0.5
PRODUCT_507323,电脑/办公,性价比高,positive,3,0.23076923076923078
PRODUCT_507337,图书音像,外观好看,positive,1,0.5
PRODUCT_507366,图书音像,外观好看,positive,1,0.3333333333333333
PRODUCT_50739,图书音像,性价比高,positive,1,0.5
PRODUCT_507401,图书音像,质量好,positive,1,0.16666666666666666
PRODUCT_50748,图书音像,质量差,negative,1,1.0
PRODUCT_50756,电脑/办公,很耐用,positive,1,0.07692307692307693
PRODUCT_50756,电脑/办公,质量好,positive,1,0.07692307692307693
PRODUCT_507563,电脑/办公,外观好看,positive,1,1.0
PRODUCT_507568,图书音像,很耐用,positive,1,1.0
PRODUCT_507583,图书音像,会回购,positive,1,0.06666666666666667
PRODUCT_507583,图书音像,很新鲜,positive,1,0.06666666666666667
PRODUCT_507605,图书音像,外观好看,positive,1,1.0
PRODUCT_507699,手机/数码,外观好看,positive,1,0.3333333333333333
PRODUCT_507706,电脑/办公,很耐用,positive,1,0.1111111111111111
PRODUCT_507710,鞋类箱包,尺码合适,positive,1,1.0
PRODUCT_507761,美妆个护,外观好看,positive,2,0.2857142857142857
PRODUCT_507761,美妆个护,外观一般,negative,1,0.14285714285714285
PRODUCT_507761,美妆个护,性价比高,positive,1,0.14285714285714285
PRODUCT_507761,美妆个护,正品放心,positive,1,0.14285714285714285
PRODUCT_507914,图书音像,味道不错,positive,1,0.5
PRODUCT_507919,电脑/办公,正品放心,positive,1,0.5
PRODUCT_50796,图书音像,质量差,negative,1,0.5
PRODUCT_508158,图书音像,很新鲜,positive,1,1.0
PRODUCT_508158,图书音像,质量好,positive,1,1.0
PRODUCT_508174,图书音像,质量好,positive,1,0.5
PRODUCT_50818,图书音像,正品放心,positive,1,0.25
PRODUCT_508192,图书音像,价格贵,negative,1,1.0
PRODUCT_508228,图书音像,疑似假货,negative,1,0.5
PRODUCT_508265,图书音像,外观好看,positive,1,0.5
PRODUCT_508265,图书音像,正品放心,positive,1,0.5
PRODUCT_508369,图书音像,正品放心,positive,1,1.0
PRODUCT_508371,图书音像,内容不错,positive,1,1.0
PRODUCT_50849,手机/数码,容易坏,negative,1,1.0
PRODUCT_508495,图书音像,疑似假货,negative,1,1.0
PRODUCT_508596,图书音像,价格贵,negative,1,1.0
PRODUCT_508610,图书音像,外观好看,positive,1,1.0
PRODUCT_508656,图书音像,内容不错,positive,1,0.25
PRODUCT_508663,图书音像,质量好,positive,1,1.0
PRODUCT_508719,图书音像,内容不错,positive,1,0.09090909090909091
PRODUCT_508723,图书音像,内容不错,positive,1,1.0
PRODUCT_508872,图书音像,包装差,negative,1,0.2
PRODUCT_508880,家用电器,外观好看,positive,1,1.0
PRODUCT_508881,图书音像,正品放心,positive,2,0.2857142857142857
PRODUCT_508881,图书音像,质量好,positive,1,0.14285714285714285
PRODUCT_508941,图书音像,会回购,positive,1,1.0
PRODUCT_508974,图书音像,会回购,positive,1,1.0
PRODUCT_508990,图书音像,价格贵,negative,1,0.25
PRODUCT_509052,图书音像,外观好看,positive,1,0.5
PRODUCT_509081,图书音像,性价比高,positive,1,1.0
PRODUCT_509096,图书音像,包装差,negative,1,0.25
PRODUCT_509104,图书音像,正品放心,positive,1,1.0
PRODUCT_509177,图书音像,内容一般,negative,1,1.0
PRODUCT_509262,图书音像,正品放心,positive,1,1.0
PRODUCT_509262,图书音像,质量好,positive,1,1.0
PRODUCT_509308,图书音像,内容不错,positive,1,1.0
PRODUCT_509337,图书音像,会回购,positive,1,1.0
PRODUCT_50934,电脑/办公,会回购,positive,1,0.3333333333333333
PRODUCT_50934,电脑/办公,外观好看,positive,1,0.3333333333333333
PRODUCT_50935,电脑/办公,容易坏,negative,2,0.6666666666666666
PRODUCT_50935,电脑/办公,包装差,negative,1,0.3333333333333333
PRODUCT_50935,电脑/办公,性价比高,positive,1,0.3333333333333333
PRODUCT_509357,图书音像,正品放心,positive,1,0.5
PRODUCT_509363,图书音像,性价比高,positive,1,1.0
PRODUCT_509395,图书音像,会回购,positive,1,1.0
PRODUCT_509416,家居生活,外观好看,positive,2,0.3333333333333333
PRODUCT_509416,家居生活,性价比高,positive,1,0.16666666666666666
PRODUCT_509551,家用电器,性价比高,positive,4,0.3333333333333333
PRODUCT_509551,家用电器,容易坏,negative,1,0.08333333333333333
PRODUCT_509551,家用电器,很新鲜,positive,1,0.08333333333333333
PRODUCT_509624,图书音像,内容不错,positive,1,0.5
PRODUCT_509636,图书音像,疑似假货,negative,1,1.0
PRODUCT_509640,电脑/办公,不推荐,negative,1,0.3333333333333333
PRODUCT_509640,电脑/办公,性价比高,positive,1,0.3333333333333333
PRODUCT_509754,图书音像,不推荐,negative,1,1.0
PRODUCT_509812,图书音像,内容不错,positive,1,0.3333333333333333
PRODUCT_509827,图书音像,质量好,positive,1,0.5
PRODUCT_509827,图书音像,质量差,negative,1,0.5
PRODUCT_509842,图书音像,外观一般,negative,1,0.16666666666666666
PRODUCT_509842,图书音像,外观好看,positive,1,0.16666666666666666
PRODUCT_509853,图书音像,性价比高,positive,1,0.125
PRODUCT_509914,图书音像,很耐用,positive,1,1.0
PRODUCT_509924,图书音像,内容不错,positive,2,0.058823529411764705
PRODUCT_509924,图书音像,发货快,positive,1,0.029411764705882353
PRODUCT_509924,图书音像,容易坏,negative,1,0.029411764705882353
PRODUCT_509924,图书音像,很新鲜,positive,1,0.029411764705882353
PRODUCT_509924,图书音像,性价比高,positive,1,0.029411764705882353
PRODUCT_509924,图书音像,正品放心,positive,1,0.029411764705882353
PRODUCT_50994,美妆个护,味道不错,positive,1,1.0
PRODUCT_509976,图书音像,正品放心,positive,1,1.0
PRODUCT_509995,食品/保健,味道不错,positive,2,1.0
PRODUCT_510018,食品/保健,味道不错,positive,5,0.7142857142857143
PRODUCT_510131,图书音像,性价比高,positive,1,0.14285714285714285
PRODUCT_510131,图书音像,正品放心,positive,1,0.14285714285714285
PRODUCT_510179,美妆个护,味道不错,positive,1,0.3333333333333333
PRODUCT_510179,美妆个护,质量好,positive,1,0.3333333333333333
PRODUCT_510262,图书音像,包装差,negative,1,0.5
PRODUCT_510317,图书音像,质量好,positive,1,0.2
PRODUCT_51032,图书音像,很新鲜,positive,1,1.0
PRODUCT_510374,图书音像,内容不错,positive,1,1.0
PRODUCT_510438,图书音像,正品放心,positive,1,0.5
PRODUCT_510440,图书音像,内容不错,positive,1,0.3333333333333333
PRODUCT_510457,图书音像,性价比高,positive,1,0.5
PRODUCT_510463,图书音像,正品放心,positive,1,0.0625
PRODUCT_510463,图书音像,质量好,positive,1,0.0625
PRODUCT_510466,图书音像,正品放心,positive,1,1.0
PRODUCT_510519,图书音像,性价比高,positive,1,0.14285714285714285
PRODUCT_510617,美妆个护,性价比高,positive,1,0.5
PRODUCT_510621,图书音像,会回购,positive,1,1.0
PRODUCT_510621,图书音像,发货快,positive,1,1.0
PRODUCT_510659,图书音像,不推荐,negative,1,1.0
PRODUCT_510699,图书音像,质量好,positive,1,1.0
PRODUCT_510727,图书音像,性价比高,positive,2,1.0
PRODUCT_510733,手机/数码,很耐用,positive,1,0.3333333333333333
PRODUCT_510733,手机/数码,续航差,negative,1,0.3333333333333333
PRODUCT_510754,图书音像,包装差,negative,1,0.09090909090909091
PRODUCT_510754,图书音像,疑似假货,negative,1,0.09090909090909091
PRODUCT_510754,图书音像,质量好,positive,1,0.09090909090909091
PRODUCT_51076,图书音像,外观好看,positive,1,0.5
PRODUCT_510804,图书音像,性价比高,positive,1,1.0
PRODUCT_510836,图书音像,正品放心,positive,1,1.0
PRODUCT_510925,图书音像,正品放心,positive,1,1.0
PRODUCT_510931,图书音像,疑似假货,negative,1,1.0
PRODUCT_51097,图书音像,会回购,positive,1,0.5
PRODUCT_511007,电脑/办公,外观好看,positive,2,0.2857142857142857
PRODUCT_511007,电脑/办公,会回购,positive,1,0.14285714285714285
PRODUCT_511007,电脑/办公,质量好,positive,1,0.14285714285714285
PRODUCT_511079,食品/保健,味道不错,positive,1,0.5
PRODUCT_511083,图书音像,疑似假货,negative,1,1.0
PRODUCT_511127,图书音像,不推荐,negative,1,0.07692307692307693
PRODUCT_51114,图书音像,质量好,positive,1,1.0
PRODUCT_511151,图书音像,会回购,positive,1,1.0
PRODUCT_511200,图书音像,外观好看,positive,1,1.0
PRODUCT_511250,图书音像,正品放心,positive,1,1.0
PRODUCT_511272,图书音像,外观好看,positive,3,0.10714285714285714
PRODUCT_511272,图书音像,会回购,positive,2,0.07142857142857142
PRODUCT_511272,图书音像,疑似假货,negative,2,0.07142857142857142
PRODUCT_511272,图书音像,内容一般,negative,1,0.03571428571428571
PRODUCT_511272,图书音像,内容不错,positive,1,0.03571428571428571
PRODUCT_511272,图书音像,味道不错,positive,1,0.03571428571428571
PRODUCT_511272,图书音像,性价比高,positive,1,0.03571428571428571
PRODUCT_511272,图书音像,正品放心,positive,1,0.03571428571428571
PRODUCT_511337,图书音像,正品放心,positive,1,1.0
PRODUCT_511386,图书音像,正品放心,positive,1,1.0
PRODUCT_511388,家居生活,包装好,positive,1,0.3333333333333333
PRODUCT_511388,家居生活,外观好看,positive,1,0.3333333333333333
PRODUCT_511418,图书音像,正品放心,positive,1,0.07142857142857142
PRODUCT_511418,图书音像,质量好,positive,1,0.07142857142857142
PRODUCT_511563,图书音像,外观好看,positive,1,1.0
PRODUCT_511582,图书音像,外观好看,positive,1,0.3333333333333333
PRODUCT_511607,手机/数码,外观好看,positive,1,0.5
PRODUCT_511632,其他,外观好看,positive,1,1.0
PRODUCT_511649,食品/保健,味道不错,positive,3,0.2727272727272727
PRODUCT_511649,食品/保健,会回购,positive,1,0.09090909090909091
PRODUCT_511649,食品/保健,容易坏,negative,1,0.09090909090909091
PRODUCT_511649,食品/保健,性价比高,positive,1,0.09090909090909091
PRODUCT_511649,食品/保健,正品放心,positive,1,0.09090909090909091
PRODUCT_511711,家居生活,质量好,positive,1,0.5
PRODUCT_511729,手机/数码,正品放心,positive,1,1.0
PRODUCT_511783,图书音像,发货快,positive,1,0.25
PRODUCT_511790,手机/数码,不推荐,negative,1,0.25
PRODUCT_511790,手机/数码,质量好,positive,1,0.25
PRODUCT_511794,图书音像,外观好看,positive,1,0.14285714285714285
PRODUCT_511803,图书音像,性价比高,positive,1,1.0
PRODUCT_51183,图书音像,内容一般,negative,1,1.0
PRODUCT_511830,图书音像,正品放心,positive,1,1.0
PRODUCT_511888,图书音像,不推荐,negative,1,1.0
PRODUCT_511892,图书音像,外观好看,positive,1,1.0
PRODUCT_511943,其他,正品放心,positive,1,1.0
PRODUCT_511952,家具/家装/建材,会回购,positive,1,0.25
PRODUCT_511952,家具/家装/建材,包装好,positive,1,0.25
PRODUCT_511952,家具/家装/建材,质量好,positive,1,0.25
PRODUCT_511961,其他,会回购,positive,1,0.25
PRODUCT_511961,其他,正品放心,positive,1,0.25
PRODUCT_511961,其他,疑似假货,negative,1,0.25
PRODUCT_511977,食品/保健,疑似假货,negative,1,1.0
PRODUCT_51202,图书音像,外观一般,negative,1,0.3333333333333333
PRODUCT_51202,图书音像,外观好看,positive,1,0.3333333333333333
PRODUCT_512024,图书音像,会回购,positive,1,0.3333333333333333
PRODUCT_512024,图书音像,性价比高,positive,1,0.3333333333333333
PRODUCT_512024,图书音像,疑似假货,negative,1,0.3333333333333333
PRODUCT_512024,图书音像,质量差,negative,1,0.3333333333333333
PRODUCT_512035,图书音像,内容不错,positive,2,0.5
PRODUCT_512185,其他,内容不错,positive,2,0.5
PRODUCT_512185,其他,外观好看,positive,1,0.25
PRODUCT_512199,家居生活,外观好看,positive,1,0.3333333333333333
PRODUCT_512246,美妆个护,疑似假货,negative,1,0.3333333333333333
PRODUCT_51230,图书音像,质量好,positive,1,0.3333333333333333
PRODUCT_51233,电脑/办公,正品放心,positive,1,1.0
PRODUCT_512454,图书音像,正品放心,positive,1,1.0
PRODUCT_512454,图书音像,疑似假货,negative,1,1.0
PRODUCT_512602,图书音像,正品放心,positive,1,1.0
PRODUCT_51265,家具/家装/建材,包装好,positive,1,1.0
PRODUCT_512697,图书音像,性价比高,positive,1,1.0
PRODUCT_512710,图书音像,味道不错,positive,1,1.0
PRODUCT_512717,手机/数码,很新鲜,positive,1,1.0
PRODUCT_512730,图书音像,性价比高,positive,1,0.25
PRODUCT_512786,电脑/办公,容易坏,negative,1,0.3333333333333333
PRODUCT_512987,电脑/办公,容易坏,negative,1,1.0
PRODUCT_512987,电脑/办公,正品放心,positive,1,1.0
PRODUCT_512987,电脑/办公,质量差,negative,1,1.0
PRODUCT_513005,家用电器,味道不错,positive,1,0.25
PRODUCT_513005,家用电器,外观好看,positive,1,0.25
PRODUCT_513015,手机/数码,容易坏,negative,1,0.3333333333333333
PRODUCT_513015,手机/数码,正品放心,positive,1,0.3333333333333333
PRODUCT_513015,手机/数码,质量好,positive,1,0.3333333333333333
PRODUCT_513062,手机/数码,尺码合适,positive,2,0.6666666666666666
PRODUCT_513109,图书音像,正品放心,positive,1,0.5
PRODUCT_513109,图书音像,质量好,positive,1,0.5
PRODUCT_513122,图书音像,外观好看,positive,1,0.5
PRODUCT_513150,图书音像,正品放心,positive,1,0.3333333333333333
PRODUCT_513153,家具/家装/建材,容易坏,negative,1,1.0
PRODUCT_513153,家具/家装/建材,很耐用,positive,1,1.0
PRODUCT_513285,电脑/办公,会回购,positive,1,1.0
PRODUCT_513285,电脑/办公,疑似假货,negative,1,1.0
PRODUCT_513328,图书音像,内容不错,positive,1,1.0
PRODUCT_513348,电脑/办公,容易坏,negative,1,0.3333333333333333
PRODUCT_51355,手机/数码,容易坏,negative,1,0.16666666666666666
PRODUCT_51359,其他,价格贵,negative,1,1.0
PRODUCT_513747,图书音像,外观好看,positive,1,0.1111111111111111
PRODUCT_513761,图书音像,外观好看,positive,2,0.13333333333333333
PRODUCT_513761,图书音像,价格贵,negative,1,0.06666666666666667
PRODUCT_513761,图书音像,内容一般,negative,1,0.06666666666666667
PRODUCT_513761,图书音像,味道不错,positive,1,0.06666666666666667
PRODUCT_513761,图书音像,性价比高,positive,1,0.06666666666666667
PRODUCT_513772,图书音像,包装差,negative,1,0.5
PRODUCT_51385,图书音像,质量好,positive,1,1.0
PRODUCT_513895,图书音像,正品放心,positive,1,0.2
PRODUCT_513895,图书音像,疑似假货,negative,1,0.2
PRODUCT_513895,图书音像,质量差,negative,1,0.2
PRODUCT_513971,图书音像,包装差,negative,3,0.15
PRODUCT_513971,图书音像,质量好,positive,3,0.15
PRODUCT_513971,图书音像,内容不错,positive,1,0.05
PRODUCT_513971,图书音像,外观好看,positive,1,0.05
PRODUCT_514006,图书音像,价格贵,negative,1,1.0
PRODUCT_514033,手机/数码,质量好,positive,1,0.3333333333333333
PRODUCT_514034,电脑/办公,质量好,positive,1,0.2
PRODUCT_514039,家居生活,会回购,positive,1,1.0
PRODUCT_514064,图书音像,味道不错,positive,1,1.0
PRODUCT_514076,手机/数码,外观好看,positive,1,0.5
PRODUCT_514153,图书音像,性价比高,positive,1,1.0
PRODUCT_514174,图书音像,包装差,negative,1,0.3333333333333333
PRODUCT_514226,图书音像,正品放心,positive,1,0.5
PRODUCT_514226,图书音像,疑似假货,negative,1,0.5
PRODUCT_514259,图书音像,质量好,positive,1,0.16666666666666666
PRODUCT_514288,图书音像,疑似假货,negative,1,1.0
PRODUCT_514351,图书音像,性价比高,positive,1,0.07692307692307693
PRODUCT_514389,图书音像,质量好,positive,1,1.0
PRODUCT_514394,图书音像,正品放心,positive,1,0.5
PRODUCT_514575,图书音像,会回购,positive,1,1.0
PRODUCT_514596,图书音像,包装差,negative,1,0.1111111111111111
PRODUCT_514600,图书音像,疑似假货,negative,1,0.25
PRODUCT_514660,手机/数码,内容不错,positive,1,0.2
PRODUCT_514660,手机/数码,外观好看,positive,1,0.2
PRODUCT_514673,图书音像,正品放心,positive,1,0.16666666666666666
PRODUCT_514686,图书音像,质量差,negative,1,0.2
PRODUCT_514688,图书音像,性价比高,positive,1,1.0
PRODUCT_514706,图书音像,外观好看,positive,1,1.0
PRODUCT_514873,图书音像,正品放心,positive,1,1.0
PRODUCT_515034,图书音像,外观好看,positive,1,1.0
PRODUCT_515069,图书音像,味道不错,positive,1,1.0
PRODUCT_515102,图书音像,外观好看,positive,1,0.5
PRODUCT_515137,图书音像,发货快,positive,1,0.045454545454545456
PRODUCT_515137,图书音像,外观好看,positive,1,0.045454545454545456
PRODUCT_515137,图书音像,性价比高,positive,1,0.045454545454545456
PRODUCT_515137,图书音像,质量好,positive,1,0.045454545454545456
PRODUCT_515173,图书音像,外观好看,positive,1,0.1111111111111111
PRODUCT_515173,图书音像,质量好,positive,1,0.1111111111111111
PRODUCT_515183,图书音像,味道不错,positive,1,0.043478260869565216
PRODUCT_515183,图书音像,很新鲜,positive,1,0.043478260869565216
PRODUCT_515183,图书音像,疑似假货,negative,1,0.043478260869565216
PRODUCT_515298,图书音像,会回购,positive,1,1.0
PRODUCT_515313,图书音像,正品放心,positive,1,0.5
PRODUCT_515318,图书音像,正品放心,positive,1,1.0
PRODUCT_515361,手机/数码,质量好,positive,1,1.0
PRODUCT_515428,图书音像,内容不错,positive,1,0.1111111111111111
PRODUCT_51548,图书音像,外观好看,positive,1,1.0
PRODUCT_515724,手机/数码,很耐用,positive,1,1.0
PRODUCT_515776,图书音像,正品放心,positive,1,0.25
PRODUCT_515851,图书音像,正品放心,positive,1,0.5
PRODUCT_515851,图书音像,疑似假货,negative,1,0.5
PRODUCT_515900,美妆个护,味道不错,positive,1,1.0
PRODUCT_515984,图书音像,价格贵,negative,1,0.16666666666666666
PRODUCT_515995,图书音像,发货快,positive,1,0.25
PRODUCT_516193,图书音像,性价比高,positive,1,0.3333333333333333
PRODUCT_516221,母婴/玩具,外观好看,positive,1,1.0
PRODUCT_516242,图书音像,正品放心,positive,1,0.5
PRODUCT_516268,家用电器,外观好看,positive,1,1.0
PRODUCT_516285,图书音像,外观一般,negative,1,1.0
PRODUCT_516285,图书音像,外观好看,positive,1,1.0
PRODUCT_516342,图书音像,不推荐,negative,1,0.07142857142857142
PRODUCT_516342,图书音像,会回购,positive,1,0.07142857142857142
PRODUCT_516342,图书音像,外观好看,positive,1,0.07142857142857142
PRODUCT_516349,图书音像,内容不错,positive,1,0.5
PRODUCT_516351,图书音像,性价比高,positive,3,0.6
PRODUCT_516351,图书音像,外观好看,positive,1,0.2
PRODUCT_516361,图书音像,外观好看,positive,1,1.0
PRODUCT_516378,图书音像,外观好看,positive,1,1.0
PRODUCT_516378,图书音像,质量好,positive,1,1.0
PRODUCT_516539,图书音像,内容不错,positive,1,0.3333333333333333
PRODUCT_516539,图书音像,性价比高,positive,1,0.3333333333333333
PRODUCT_51654,图书音像,会回购,positive,1,1.0
PRODUCT_516557,电脑/办公,内容一般,negative,1,1.0
PRODUCT_516635,图书音像,性价比高,positive,1,1.0
PRODUCT_516645,图书音像,发货快,positive,1,0.5
PRODUCT_516650,图书音像,不推荐,negative,1,1.0
PRODUCT_516653,图书音像,外观好看,positive,1,1.0
PRODUCT_516654,图书音像,价格贵,negative,1,1.0
PRODUCT_516654,图书音像,质量差,negative,1,1.0
PRODUCT_516663,图书音像,内容不错,positive,1,1.0
PRODUCT_516710,图书音像,很新鲜,positive,1,1.0
PRODUCT_516710,图书音像,正品放心,positive,1,1.0
PRODUCT_516768,图书音像,内容一般,negative,1,0.5
PRODUCT_516777,图书音像,包装差,negative,1,1.0
PRODUCT_516777,图书音像,疑似假货,negative,1,1.0
PRODUCT_516811,电脑/办公,性价比高,positive,1,0.5
PRODUCT_516811,电脑/办公,正品放心,positive,1,0.5
PRODUCT_516821,钟表/首饰/眼镜/礼品,会回购,positive,1,1.0
PRODUCT_516821,钟表/首饰/眼镜/礼品,外观好看,positive,1,1.0
PRODUCT_516856,图书音像,质量差,negative,1,1.0
PRODUCT_516925,图书音像,正品放心,positive,2,0.4
PRODUCT_516925,图书音像,疑似假货,negative,1,0.2
PRODUCT_516925,图书音像,质量好,positive,1,0.2
PRODUCT_516961,图书音像,质量好,positive,1,0.25
PRODUCT_516976,图书音像,正品放心,positive,1,0.3333333333333333
PRODUCT_51698,家用电器,容易坏,negative,1,0.14285714285714285
PRODUCT_51698,家用电器,质量差,negative,1,0.14285714285714285
PRODUCT_516983,家用电器,味道不错,positive,1,1.0
PRODUCT_517050,图书音像,性价比高,positive,1,0.5
PRODUCT_517065,图书音像,性价比高,positive,1,0.06666666666666667
PRODUCT_517170,图书音像,外观好看,positive,1,1.0
PRODUCT_517234,手机/数码,性价比高,positive,1,1.0
PRODUCT_517255,家具/家装/建材,外观好看,positive,1,1.0
PRODUCT_517267,图书音像,质量好,positive,1,0.3333333333333333
PRODUCT_517285,鞋类箱包,外观好看,positive,1,0.5
PRODUCT_517297,家居生活,外观好看,positive,1,1.0
PRODUCT_517299,图书音像,味道不错,positive,1,1.0
PRODUCT_517320,图书音像,外观好看,positive,1,0.5
PRODUCT_517379,家具/家装/建材,很耐用,positive,1,1.0
PRODUCT_517379,家具/家装/建材,质量好,positive,1,1.0
PRODUCT_517442,钟表/首饰/眼镜/礼品,外观好看,positive,1,1.0
PRODUCT_517442,钟表/首饰/眼镜/礼品,正品放心,positive,1,1.0
PRODUCT_517473,家用电器,味道不错,positive,1,0.25
PRODUCT_517473,家用电器,外观好看,positive,1,0.25
PRODUCT_517473,家用电器,性价比高,positive,1,0.25
PRODUCT_517491,图书音像,容易坏,negative,1,1.0
PRODUCT_517491,图书音像,正品放心,positive,1,1.0
PRODUCT_517502,图书音像,内容不错,positive,1,0.3333333333333333
PRODUCT_517540,图书音像,内容一般,negative,1,0.3333333333333333
PRODUCT_517552,电脑/办公,质量差,negative,1,1.0
PRODUCT_51770,图书音像,质量差,negative,1,1.0
PRODUCT_517707,图书音像,内容不错,positive,2,0.6666666666666666
PRODUCT_517714,手机/数码,质量好,positive,1,0.5
PRODUCT_517719,图书音像,疑似假货,negative,1,1.0
PRODUCT_517747,电脑/办公,不推荐,negative,1,0.125
PRODUCT_517747,电脑/办公,容易坏,negative,1,0.125
PRODUCT_517776,图书音像,正品放心,positive,1,1.0
PRODUCT_517780,图书音像,会回购,positive,1,0.5
PRODUCT_517799,图书音像,外观好看,positive,1,1.0
PRODUCT_517851,图书音像,外观好看,positive,1,0.14285714285714285
PRODUCT_517851,图书音像,正品放心,positive,1,0.14285714285714285
PRODUCT_517851,图书音像,质量好,positive,1,0.14285714285714285
PRODUCT_517857,图书音像,不推荐,negative,1,1.0
PRODUCT_517878,图书音像,疑似假货,negative,1,1.0
PRODUCT_517878,图书音像,质量差,negative,1,1.0
PRODUCT_517924,图书音像,正品放心,positive,3,0.3333333333333333
PRODUCT_517924,图书音像,外观好看,positive,1,0.1111111111111111
PRODUCT_517924,图书音像,性价比高,positive,1,0.1111111111111111
PRODUCT_517924,图书音像,质量好,positive,1,0.1111111111111111
PRODUCT_517954,图书音像,正品放心,positive,1,0.25
PRODUCT_518043,家居生活,质量好,positive,1,1.0
PRODUCT_518111,食品/保健,正品放心,positive,1,1.0
PRODUCT_51814,鞋类箱包,外观好看,positive,1,1.0
PRODUCT_518211,家用电器,外观好看,positive,1,0.3333333333333333
PRODUCT_518211,家用电器,正品放心,positive,1,0.3333333333333333
PRODUCT_518272,图书音像,内容不错,positive,1,0.3333333333333333
PRODUCT_518272,图书音像,正品放心,positive,1,0.3333333333333333
PRODUCT_518333,图书音像,会回购,positive,1,1.0
PRODUCT_518361,图书音像,正品放心,positive,1,0.5
PRODUCT_518371,美妆个护,味道不错,positive,1,1.0
PRODUCT_518384,手机/数码,外观好看,positive,1,0.5
PRODUCT_518393,图书音像,正品放心,positive,1,0.25
PRODUCT_518395,家用电器,外观好看,positive,1,0.3333333333333333
PRODUCT_518395,家用电器,性价比高,positive,1,0.3333333333333333
PRODUCT_518452,手机/数码,性价比高,positive,1,0.2
PRODUCT_518462,图书音像,正品放心,positive,1,1.0
PRODUCT_518480,图书音像,内容不错,positive,1,1.0
PRODUCT_518649,电脑/办公,不推荐,negative,1,0.2
PRODUCT_518649,电脑/办公,会回购,positive,1,0.2
PRODUCT_518649,电脑/办公,容易坏,negative,1,0.2
PRODUCT_518767,家具/家装/建材,很耐用,positive,1,1.0
PRODUCT_518858,图书音像,质量好,positive,1,1.0
PRODUCT_518859,手机/数码,外观好看,positive,1,0.25
PRODUCT_518859,手机/数码,容易坏,negative,1,0.25
PRODUCT_518859,手机/数码,很耐用,positive,1,0.25
PRODUCT_518859,手机/数码,性价比高,positive,1,0.25
PRODUCT_518859,手机/数码,续航差,negative,1,0.25
PRODUCT_518890,电脑/办公,会回购,positive,1,0.25
PRODUCT_518890,电脑/办公,正品放心,positive,1,0.25
PRODUCT_518986,图书音像,外观好看,positive,1,0.5
PRODUCT_519059,图书音像,不推荐,negative,1,0.14285714285714285
PRODUCT_519171,图书音像,外观好看,positive,1,0.5
PRODUCT_519243,图书音像,尺码不准,negative,1,1.0
PRODUCT_519649,图书音像,外观好看,positive,1,1.0
PRODUCT_519699,图书音像,性价比高,positive,1,0.3333333333333333
PRODUCT_519708,图书音像,价格贵,negative,1,1.0
PRODUCT_519768,图书音像,不推荐,negative,1,1.0
PRODUCT_519794,钟表/首饰/眼镜/礼品,不推荐,negative,1,0.1111111111111111
PRODUCT_519794,钟表/首饰/眼镜/礼品,外观好看,positive,1,0.1111111111111111
PRODUCT_519794,钟表/首饰/眼镜/礼品,性价比高,positive,1,0.1111111111111111
PRODUCT_519794,钟表/首饰/眼镜/礼品,正品放心,positive,1,0.1111111111111111
PRODUCT_519818,图书音像,正品放心,positive,1,1.0
PRODUCT_519825,图书音像,会回购,positive,1,0.1111111111111111
PRODUCT_519825,图书音像,性价比高,positive,1,0.1111111111111111
PRODUCT_519825,图书音像,质量好,positive,1,0.1111111111111111
PRODUCT_519914,图书音像,质量好,positive,1,1.0
PRODUCT_519920,图书音像,价格贵,negative,1,1.0
PRODUCT_519920,图书音像,内容一般,negative,1,1.0
PRODUCT_520126,图书音像,内容一般,negative,1,1.0
PRODUCT_520197,图书音像,内容一般,negative,1,1.0
PRODUCT_520232,图书音像,会回购,positive,1,1.0
PRODUCT_52026,电脑/办公,很耐用,positive,1,1.0
PRODUCT_520304,图书音像,发货快,positive,1,0.16666666666666666
PRODUCT_520304,图书音像,性价比高,positive,1,0.16666666666666666
PRODUCT_520344,家用电器,性价比高,positive,1,0.25
PRODUCT_520398,图书音像,疑似假货,negative,1,0.2
PRODUCT_520457,图书音像,性价比高,positive,1,1.0
PRODUCT_52047,图书音像,不推荐,negative,1,1.0
PRODUCT_520471,图书音像,内容一般,negative,1,0.5
PRODUCT_520471,图书音像,疑似假货,negative,1,0.5
PRODUCT_520494,图书音像,内容不错,positive,1,1.0
PRODUCT_520501,图书音像,包装好,positive,1,0.25
PRODUCT_520505,图书音像,内容不错,positive,1,0.3333333333333333
PRODUCT_520505,图书音像,味道不错,positive,1,0.3333333333333333
PRODUCT_520550,手机/数码,正品放心,positive,2,0.2
PRODUCT_520550,手机/数码,容易坏,negative,1,0.1
PRODUCT_520550,手机/数码,疑似假货,negative,1,0.1
PRODUCT_520556,图书音像,外观好看,positive,1,1.0
PRODUCT_520556,图书音像,质量差,negative,1,1.0
PRODUCT_520577,图书音像,内容不错,positive,1,0.25
PRODUCT_520631,图书音像,不推荐,negative,1,1.0
PRODUCT_520650,图书音像,价格贵,negative,1,0.5
PRODUCT_520650,图书音像,包装好,positive,1,0.5
PRODUCT_520650,图书音像,性价比高,positive,1,0.5
PRODUCT_520713,电脑/办公,外观好看,positive,1,1.0
PRODUCT_520732,电脑/办公,很耐用,positive,1,0.5
PRODUCT_520766,电脑/办公,不推荐,negative,1,0.2
PRODUCT_520766,电脑/办公,外观好看,positive,1,0.2
PRODUCT_520766,电脑/办公,疑似假货,negative,1,0.2
PRODUCT_520839,图书音像,不推荐,negative,1,0.5
PRODUCT_520861,钟表/首饰/眼镜/礼品,正品放心,positive,1,1.0
PRODUCT_520877,图书音像,质量好,positive,1,1.0
PRODUCT_520897,图书音像,正品放心,positive,1,1.0
PRODUCT_520941,图书音像,疑似假货,negative,1,1.0
PRODUCT_520941,图书音像,质量差,negative,1,1.0
PRODUCT_520960,食品/保健,味道不错,positive,1,1.0
PRODUCT_520962,食品/保健,味道不错,positive,1,1.0
PRODUCT_520963,食品/保健,不推荐,negative,1,1.0
PRODUCT_520965,图书音像,外观一般,negative,1,1.0
PRODUCT_520965,图书音像,外观好看,positive,1,1.0
PRODUCT_520976,家居生活,尺码合适,positive,1,1.0
PRODUCT_520976,家居生活,质量好,positive,1,1.0
PRODUCT_520992,家具/家装/建材,性价比高,positive,1,0.2
PRODUCT_520992,家具/家装/建材,质量好,positive,1,0.2
PRODUCT_521086,图书音像,正品放心,positive,1,1.0
PRODUCT_521086,图书音像,疑似假货,negative,1,1.0
PRODUCT_521116,图书音像,正品放心,positive,1,0.5
PRODUCT_521121,图书音像,外观好看,positive,1,1.0
PRODUCT_521124,图书音像,味道不错,positive,1,1.0
PRODUCT_521130,图书音像,外观好看,positive,1,1.0
PRODUCT_52114,图书音像,内容不错,positive,1,0.1111111111111111
PRODUCT_52114,图书音像,包装差,negative,1,0.1111111111111111
PRODUCT_521159,食品/保健,味道不错,positive,1,1.0
PRODUCT_521188,图书音像,很新鲜,positive,1,0.3333333333333333
PRODUCT_521188,图书音像,正品放心,positive,1,0.3333333333333333
PRODUCT_521205,图书音像,正品放心,positive,1,1.0
PRODUCT_521214,手机/数码,外观好看,positive,2,0.125
PRODUCT_521214,手机/数码,不推荐,negative,1,0.0625
PRODUCT_521214,手机/数码,容易坏,negative,1,0.0625
PRODUCT_521214,手机/数码,正品放心,positive,1,0.0625
PRODUCT_521214,手机/数码,质量好,positive,1,0.0625
PRODUCT_521253,图书音像,外观好看,positive,1,1.0
PRODUCT_521263,图书音像,质量好,positive,1,1.0
PRODUCT_521280,图书音像,性价比高,positive,1,1.0
PRODUCT_521321,食品/保健,发货快,positive,1,1.0
PRODUCT_521321,食品/保健,味道不错,positive,1,1.0
PRODUCT_521359,图书音像,会回购,positive,1,0.16666666666666666
PRODUCT_521359,图书音像,性价比高,positive,1,0.16666666666666666
PRODUCT_521359,图书音像,正品放心,positive,1,0.16666666666666666
PRODUCT_521359,图书音像,疑似假货,negative,1,0.16666666666666666
PRODUCT_521359,图书音像,质量好,positive,1,0.16666666666666666
PRODUCT_521385,美妆个护,味道不错,positive,1,0.2
PRODUCT_521385,美妆个护,性价比高,positive,1,0.2
PRODUCT_521395,图书音像,正品放心,positive,1,0.5
PRODUCT_521408,美妆个护,性价比高,positive,1,1.0
PRODUCT_521408,美妆个护,正品放心,positive,1,1.0
PRODUCT_521415,图书音像,性价比高,positive,1,1.0
PRODUCT_521422,图书音像,内容一般,negative,1,0.1111111111111111
PRODUCT_521422,图书音像,内容不错,positive,1,0.1111111111111111
PRODUCT_521422,图书音像,性价比高,positive,1,0.1111111111111111
PRODUCT_521422,图书音像,正品放心,positive,1,0.1111111111111111
PRODUCT_521427,手机/数码,性价比高,positive,1,1.0
PRODUCT_521427,手机/数码,质量好,positive,1,1.0
PRODUCT_521497,图书音像,容易坏,negative,1,1.0
PRODUCT_521516,图书音像,质量好,positive,1,1.0
PRODUCT_521549,图书音像,内容不错,positive,1,1.0
PRODUCT_521645,图书音像,正品放心,positive,1,0.3333333333333333
PRODUCT_521795,母婴/玩具,很耐用,positive,1,1.0
PRODUCT_521814,家居生活,包装差,negative,1,1.0
PRODUCT_521814,家居生活,容易坏,negative,1,1.0
PRODUCT_521814,家居生活,正品放心,positive,1,1.0
PRODUCT_521921,图书音像,正品放心,positive,1,1.0
PRODUCT_521939,图书音像,正品放心,positive,1,1.0
PRODUCT_521982,图书音像,外观一般,negative,1,0.5
PRODUCT_521987,图书音像,外观好看,positive,1,0.5
PRODUCT_522005,服饰服装,质量好,positive,1,0.25
PRODUCT_522014,电脑/办公,正品放心,positive,2,0.3333333333333333
PRODUCT_522027,食品/保健,味道不错,positive,2,0.6666666666666666
PRODUCT_522053,运动户外,内容不错,positive,1,1.0
PRODUCT_522072,鞋类箱包,性价比高,positive,2,0.6666666666666666
PRODUCT_522072,鞋类箱包,很耐用,positive,1,0.3333333333333333
PRODUCT_522076,图书音像,包装好,positive,1,1.0
PRODUCT_522076,图书音像,外观好看,positive,1,1.0
PRODUCT_522151,图书音像,正品放心,positive,1,0.5
PRODUCT_52216,图书音像,不推荐,negative,1,0.5
PRODUCT_52216,图书音像,会回购,positive,1,0.5
PRODUCT_522166,钟表/首饰/眼镜/礼品,质量差,negative,1,1.0
PRODUCT_522215,图书音像,质量好,positive,1,1.0
PRODUCT_522241,图书音像,性价比高,positive,1,1.0
PRODUCT_522307,图书音像,内容不错,positive,1,1.0
PRODUCT_522307,图书音像,质量好,positive,1,1.0
PRODUCT_522328,图书音像,疑似假货,negative,1,0.5
PRODUCT_52233,手机/数码,外观好看,positive,1,0.25
PRODUCT_52233,手机/数码,很耐用,positive,1,0.25
PRODUCT_52233,手机/数码,正品放心,positive,1,0.25
PRODUCT_522369,图书音像,外观好看,positive,1,0.08333333333333333
PRODUCT_522369,图书音像,性价比高,positive,1,0.08333333333333333
PRODUCT_522369,图书音像,正品放心,positive,1,0.08333333333333333
PRODUCT_522369,图书音像,质量好,positive,1,0.08333333333333333
PRODUCT_522446,图书音像,外观好看,positive,1,0.5
PRODUCT_522455,图书音像,外观好看,positive,1,1.0
PRODUCT_522457,图书音像,正品放心,positive,2,0.15384615384615385
PRODUCT_522457,图书音像,内容不错,positive,1,0.07692307692307693
PRODUCT_522457,图书音像,客服好,positive,1,0.07692307692307693
PRODUCT_522457,图书音像,很新鲜,positive,1,0.07692307692307693
PRODUCT_522457,图书音像,质量好,positive,1,0.07692307692307693
PRODUCT_522469,图书音像,包装好,positive,1,1.0
PRODUCT_522484,图书音像,外观好看,positive,1,1.0
PRODUCT_522566,家居生活,外观好看,positive,1,1.0
PRODUCT_522601,图书音像,性价比高,positive,1,1.0
PRODUCT_522615,电脑/办公,性价比高,positive,1,1.0
PRODUCT_522630,图书音像,外观好看,positive,1,0.5
PRODUCT_522630,图书音像,很新鲜,positive,1,0.5
PRODUCT_52264,电脑/办公,容易坏,negative,2,0.4
PRODUCT_52264,电脑/办公,不推荐,negative,1,0.2
PRODUCT_522680,图书音像,外观好看,positive,1,1.0
PRODUCT_522686,图书音像,外观好看,positive,1,0.5
PRODUCT_522712,图书音像,内容不错,positive,1,0.5
PRODUCT_522715,电脑/办公,正品放心,positive,3,0.42857142857142855
PRODUCT_522715,电脑/办公,发货快,positive,1,0.14285714285714285
PRODUCT_522770,钟表/首饰/眼镜/礼品,外观好看,positive,1,1.0
PRODUCT_52279,家具/家装/建材,很耐用,positive,1,0.5
PRODUCT_522858,家居生活,不推荐,negative,1,0.2
PRODUCT_522858,家居生活,外观好看,positive,1,0.2
PRODUCT_522858,家居生活,性价比高,positive,1,0.2
PRODUCT_522864,家用电器,味道不错,positive,1,0.25
PRODUCT_522887,手机/数码,质量好,positive,2,0.3333333333333333
PRODUCT_522887,手机/数码,很耐用,positive,1,0.16666666666666666
PRODUCT_522900,图书音像,正品放心,positive,1,1.0
PRODUCT_522997,图书音像,内容不错,positive,1,0.3333333333333333
PRODUCT_523031,手机/数码,容易坏,negative,1,0.3333333333333333
PRODUCT_523044,图书音像,外观一般,negative,1,0.5
PRODUCT_523087,食品/保健,味道不错,positive,1,1.0
PRODUCT_523092,图书音像,很耐用,positive,1,0.25
PRODUCT_523092,图书音像,质量差,negative,1,0.25
PRODUCT_523118,图书音像,内容不错,positive,1,0.125
PRODUCT_523118,图书音像,正品放心,positive,1,0.125
PRODUCT_523118,图书音像,质量好,positive,1,0.125
PRODUCT_523235,图书音像,不推荐,negative,1,1.0
PRODUCT_523235,图书音像,内容一般,negative,1,1.0
PRODUCT_523385,图书音像,正品放心,positive,1,0.16666666666666666
PRODUCT_523428,图书音像,外观好看,positive,1,1.0
PRODUCT_523546,家居生活,质量差,negative,1,0.5
PRODUCT_523583,图书音像,发货快,positive,1,0.05
PRODUCT_523583,图书音像,外观好看,positive,1,0.05
PRODUCT_523583,图书音像,正品放心,positive,1,0.05
PRODUCT_523583,图书音像,质量好,positive,1,0.05
PRODUCT_523637,图书音像,内容不错,positive,1,1.0
PRODUCT_523745,图书音像,包装好,positive,1,1.0
PRODUCT_523745,图书音像,外观好看,positive,1,1.0
PRODUCT_523798,母婴/玩具,外观一般,negative,1,1.0
PRODUCT_523816,图书音像,外观好看,positive,1,0.5
PRODUCT_523832,图书音像,内容不错,positive,1,0.5
PRODUCT_523887,手机/数码,会回购,positive,1,0.3333333333333333
PRODUCT_523887,手机/数码,正品放心,positive,1,0.3333333333333333
PRODUCT_523893,图书音像,性价比高,positive,1,1.0
PRODUCT_523893,图书音像,正品放心,positive,1,1.0
PRODUCT_523893,图书音像,质量好,positive,1,1.0
PRODUCT_523921,图书音像,正品放心,positive,1,1.0
PRODUCT_523948,电脑/办公,疑似假货,negative,1,0.1111111111111111
PRODUCT_524002,图书音像,正品放心,positive,1,1.0
PRODUCT_524002,图书音像,质量好,positive,1,1.0
PRODUCT_524107,图书音像,价格贵,negative,1,1.0
PRODUCT_524318,图书音像,内容不错,positive,1,0.25
PRODUCT_524318,图书音像,外观好看,positive,1,0.25
PRODUCT_524336,图书音像,质量好,positive,1,0.3333333333333333
PRODUCT_524360,图书音像,包装好,positive,1,0.3333333333333333
PRODUCT_524403,手机/数码,外观好看,positive,1,0.5
PRODUCT_524405,鞋类箱包,外观好看,positive,1,1.0
PRODUCT_524405,鞋类箱包,尺码不准,negative,1,1.0
PRODUCT_524409,手机/数码,发货快,positive,1,0.5
PRODUCT_524409,手机/数码,质量好,positive,1,0.5
PRODUCT_524480,手机/数码,正品放心,positive,2,0.5
PRODUCT_524480,手机/数码,会回购,positive,1,0.25
PRODUCT_524499,图书音像,质量好,positive,1,0.2
PRODUCT_524594,手机/数码,性价比高,positive,1,0.16666666666666666
PRODUCT_524674,图书音像,内容一般,negative,1,1.0
PRODUCT_524697,图书音像,正品放心,positive,1,0.5
PRODUCT_524698,电脑/办公,正品放心,positive,1,0.5
PRODUCT_524698,电脑/办公,质量差,negative,1,0.5
PRODUCT_524701,家居生活,性价比高,positive,1,0.3333333333333333
PRODUCT_524774,图书音像,物流慢,negative,1,0.5
PRODUCT_524800,手机/数码,容易坏,negative,1,0.25
PRODUCT_524800,手机/数码,质量差,negative,1,0.25
PRODUCT_524883,美妆个护,味道不错,positive,1,0.5
PRODUCT_524883,美妆个护,容易坏,negative,1,0.5
PRODUCT_524883,美妆个护,正品放心,positive,1,0.5
PRODUCT_524914,图书音像,很新鲜,positive,1,0.3333333333333333
PRODUCT_524914,图书音像,正品放心,positive,1,0.3333333333333333
PRODUCT_524987,图书音像,内容不错,positive,1,0.3333333333333333
PRODUCT_525029,图书音像,内容不错,positive,1,0.5
PRODUCT_525054,图书音像,质量好,positive,1,1.0
PRODUCT_525121,图书音像,外观好看,positive,1,1.0
PRODUCT_525202,图书音像,正品放心,positive,1,1.0
PRODUCT_525228,运动户外,正品放心,positive,1,1.0
PRODUCT_525248,图书音像,外观好看,positive,1,1.0
PRODUCT_525310,图书音像,内容不错,positive,1,1.0
PRODUCT_525366,图书音像,正品放心,positive,1,1.0
PRODUCT_525417,图书音像,质量好,positive,1,0.5
PRODUCT_525514,图书音像,正品放心,positive,1,0.3333333333333333
PRODUCT_525557,手机/数码,性价比高,positive,1,0.5
PRODUCT_525608,家用电器,外观好看,positive,1,1.0
PRODUCT_52636,图书音像,外观一般,negative,1,0.25
PRODUCT_52636,图书音像,质量好,positive,1,0.25
PRODUCT_52730,电脑/办公,容易坏,negative,1,0.3333333333333333
PRODUCT_52730,电脑/办公,正品放心,positive,1,0.3333333333333333
PRODUCT_52916,图书音像,很新鲜,positive,1,1.0
PRODUCT_52920,图书音像,质量好,positive,1,0.25
PRODUCT_53023,图书音像,包装差,negative,1,1.0
PRODUCT_53118,图书音像,疑似假货,negative,1,1.0
PRODUCT_53188,图书音像,价格贵,negative,1,1.0
PRODUCT_53272,图书音像,正品放心,positive,1,1.0
PRODUCT_53282,图书音像,质量好,positive,1,1.0
PRODUCT_53354,图书音像,会回购,positive,1,0.25
PRODUCT_53357,图书音像,质量好,positive,1,0.3333333333333333
PRODUCT_53371,图书音像,疑似假货,negative,1,0.5
PRODUCT_53400,图书音像,正品放心,positive,2,0.5
PRODUCT_53435,图书音像,外观好看,positive,1,0.3333333333333333
PRODUCT_53457,图书音像,内容不错,positive,1,0.1
PRODUCT_53465,图书音像,会回购,positive,1,0.5
PRODUCT_53465,图书音像,内容不错,positive,1,0.5
PRODUCT_53589,图书音像,质量好,positive,1,1.0
PRODUCT_53596,图书音像,正品放心,positive,1,0.3333333333333333
PRODUCT_53659,图书音像,外观一般,negative,1,1.0
PRODUCT_53659,图书音像,外观好看,positive,1,1.0
PRODUCT_53672,图书音像,价格贵,negative,1,1.0
PRODUCT_53721,图书音像,外观好看,positive,1,0.16666666666666666
PRODUCT_53721,图书音像,正品放心,positive,1,0.16666666666666666
PRODUCT_53753,图书音像,不推荐,negative,1,1.0
PRODUCT_53787,运动户外,质量好,positive,1,0.25
PRODUCT_53867,手机/数码,很耐用,positive,1,0.3333333333333333
PRODUCT_53886,图书音像,不推荐,negative,1,0.1
PRODUCT_53886,图书音像,内容不错,positive,1,0.1
PRODUCT_53948,食品/保健,味道不错,positive,1,0.5
PRODUCT_53961,图书音像,正品放心,positive,1,0.1111111111111111
PRODUCT_53962,图书音像,外观好看,positive,1,0.5
PRODUCT_54135,图书音像,质量好,positive,1,1.0
PRODUCT_54141,美妆个护,正品放心,positive,1,0.1
PRODUCT_54236,图书音像,正品放心,positive,1,1.0
PRODUCT_5425,电脑/办公,容易坏,negative,1,0.3333333333333333
PRODUCT_54263,食品/保健,味道不错,positive,2,0.5
PRODUCT_54283,家用电器,很耐用,positive,1,0.3333333333333333
PRODUCT_54323,图书音像,会回购,positive,1,1.0
PRODUCT_54416,图书音像,性价比高,positive,1,0.3333333333333333
PRODUCT_54417,图书音像,外观好看,positive,1,0.3333333333333333
PRODUCT_54417,图书音像,很新鲜,positive,1,0.3333333333333333
PRODUCT_54417,图书音像,质量好,positive,1,0.3333333333333333
PRODUCT_54477,其他,价格贵,negative,1,1.0
PRODUCT_54477,其他,质量好,positive,1,1.0
PRODUCT_54484,家用电器,外观好看,positive,1,1.0
PRODUCT_54504,家居生活,很耐用,positive,1,1.0
PRODUCT_54504,家居生活,性价比高,positive,1,1.0
PRODUCT_54540,图书音像,包装好,positive,1,1.0
PRODUCT_54561,美妆个护,味道不错,positive,1,0.25
PRODUCT_54561,美妆个护,正品放心,positive,1,0.25
PRODUCT_54594,家居生活,外观一般,negative,1,1.0
PRODUCT_54594,家居生活,外观好看,positive,1,1.0
PRODUCT_54607,图书音像,正品放心,positive,1,0.14285714285714285
PRODUCT_54680,图书音像,正品放心,positive,1,0.25
PRODUCT_547,图书音像,质量好,positive,1,1.0
PRODUCT_54703,图书音像,味道一般,negative,1,0.14285714285714285
PRODUCT_54832,图书音像,发货快,positive,1,1.0
PRODUCT_54879,图书音像,质量好,positive,1,0.5
PRODUCT_54889,图书音像,外观好看,positive,1,1.0
PRODUCT_54903,美妆个护,味道不错,positive,1,1.0
PRODUCT_54922,图书音像,正品放心,positive,1,0.5
PRODUCT_54922,图书音像,疑似假货,negative,1,0.5
PRODUCT_54995,图书音像,包装好,positive,1,0.3333333333333333
PRODUCT_54995,图书音像,外观好看,positive,1,0.3333333333333333
PRODUCT_54998,图书音像,不推荐,negative,1,1.0
PRODUCT_55009,手机/数码,性价比高,positive,1,0.1
PRODUCT_55009,手机/数码,质量差,negative,1,0.1
PRODUCT_55020,图书音像,正品放心,positive,1,0.5
PRODUCT_55022,家用电器,价格贵,negative,1,0.5
PRODUCT_55022,家用电器,外观好看,positive,1,0.5
PRODUCT_55052,图书音像,质量好,positive,1,0.5
PRODUCT_55067,图书音像,正品放心,positive,1,1.0
PRODUCT_55137,食品/保健,味道不错,positive,1,1.0
PRODUCT_55158,电脑/办公,外观好看,positive,1,0.3333333333333333
PRODUCT_55158,电脑/办公,正品放心,positive,1,0.3333333333333333
PRODUCT_55168,图书音像,质量好,positive,1,1.0
PRODUCT_55187,图书音像,很新鲜,positive,1,1.0
PRODUCT_55223,家用电器,外观好看,positive,1,0.5
PRODUCT_55232,图书音像,会回购,positive,1,0.5
PRODUCT_55261,图书音像,价格贵,negative,1,1.0
PRODUCT_55261,图书音像,外观好看,positive,1,1.0
PRODUCT_55330,图书音像,不推荐,negative,1,1.0
PRODUCT_55330,图书音像,内容一般,negative,1,1.0
PRODUCT_55339,图书音像,正品放心,positive,1,1.0
PRODUCT_55345,电脑/办公,不推荐,negative,1,0.1
PRODUCT_55345,电脑/办公,质量差,negative,1,0.1
PRODUCT_55369,图书音像,质量好,positive,1,0.5
PRODUCT_55396,图书音像,发货快,positive,1,0.5
PRODUCT_55442,手机/数码,容易坏,negative,1,0.25
PRODUCT_55547,食品/保健,味道不错,positive,3,0.75
PRODUCT_55581,家用电器,不推荐,negative,1,0.25
PRODUCT_55581,家用电器,味道不错,positive,1,0.25
PRODUCT_55581,家用电器,质量差,negative,1,0.25
PRODUCT_55605,图书音像,正品放心,positive,1,1.0
PRODUCT_55646,图书音像,质量差,negative,1,1.0
PRODUCT_55668,图书音像,包装差,negative,1,0.2
PRODUCT_55668,图书音像,性价比高,positive,1,0.2
PRODUCT_55668,图书音像,质量差,negative,1,0.2
PRODUCT_55681,家用电器,外观好看,positive,1,1.0
PRODUCT_55683,电脑/办公,疑似假货,negative,3,0.6
PRODUCT_55683,电脑/办公,不推荐,negative,1,0.2
PRODUCT_55683,电脑/办公,正品放心,positive,1,0.2
PRODUCT_55704,图书音像,很新鲜,positive,1,0.125
PRODUCT_55718,图书音像,正品放心,positive,1,1.0
PRODUCT_55736,图书音像,价格贵,negative,1,1.0
PRODUCT_55736,图书音像,内容一般,negative,1,1.0
PRODUCT_55744,手机/数码,性价比高,positive,1,1.0
PRODUCT_55751,电脑/办公,外观好看,positive,3,0.1875
PRODUCT_55751,电脑/办公,发货快,positive,1,0.0625
PRODUCT_55751,电脑/办公,味道不错,positive,1,0.0625
PRODUCT_55751,电脑/办公,性价比高,positive,1,0.0625
PRODUCT_55751,电脑/办公,质量差,negative,1,0.0625
PRODUCT_55780,其他,外观好看,positive,1,0.3333333333333333
PRODUCT_55965,图书音像,内容不错,positive,1,0.5
PRODUCT_55965,图书音像,正品放心,positive,1,0.5
PRODUCT_55965,图书音像,质量好,positive,1,0.5
PRODUCT_56009,图书音像,很新鲜,positive,1,0.5
PRODUCT_56075,鞋类箱包,尺码不准,negative,1,0.125
PRODUCT_56075,鞋类箱包,性价比高,positive,1,0.125
PRODUCT_56075,鞋类箱包,质量差,negative,1,0.125
PRODUCT_56146,图书音像,会回购,positive,1,1.0
PRODUCT_56197,家居生活,外观好看,positive,1,1.0
PRODUCT_5621,图书音像,正品放心,positive,1,1.0
PRODUCT_56221,家具/家装/建材,正品放心,positive,1,1.0
PRODUCT_56232,图书音像,味道不错,positive,1,1.0
PRODUCT_56362,母婴/玩具,尺码不准,negative,1,1.0
PRODUCT_56368,图书音像,外观好看,positive,1,0.25
PRODUCT_56368,图书音像,质量好,positive,1,0.25
PRODUCT_56372,图书音像,质量好,positive,1,0.5
PRODUCT_56374,图书音像,外观好看,positive,1,0.5
PRODUCT_56419,电脑/办公,不推荐,negative,1,1.0
PRODUCT_56419,电脑/办公,质量差,negative,1,1.0
PRODUCT_56447,图书音像,包装好,positive,1,1.0
PRODUCT_56447,图书音像,正品放心,positive,1,1.0
PRODUCT_56513,图书音像,质量差,negative,1,1.0
PRODUCT_56517,美妆个护,正品放心,positive,2,1.0
PRODUCT_56523,图书音像,正品放心,positive,1,0.5
PRODUCT_56556,美妆个护,味道不错,positive,1,0.5
PRODUCT_56556,美妆个护,性价比高,positive,1,0.5
PRODUCT_56589,图书音像,正品放心,positive,1,0.25
PRODUCT_56619,图书音像,内容不错,positive,1,1.0
PRODUCT_56679,手机/数码,不推荐,negative,1,1.0
PRODUCT_56679,手机/数码,性价比高,positive,1,1.0
PRODUCT_56687,图书音像,外观好看,positive,1,0.2
PRODUCT_5676,图书音像,味道不错,positive,1,0.5
PRODUCT_56781,图书音像,不推荐,negative,1,1.0
PRODUCT_56781,图书音像,内容一般,negative,1,1.0
PRODUCT_56781,图书音像,质量差,negative,1,1.0
PRODUCT_56810,电脑/办公,外观好看,positive,1,1.0
PRODUCT_56870,图书音像,正品放心,positive,1,1.0
PRODUCT_56995,电脑/办公,容易坏,negative,1,1.0
PRODUCT_57100,家具/家装/建材,质量差,negative,1,1.0
PRODUCT_57135,图书音像,正品放心,positive,1,0.5
PRODUCT_57302,手机/数码,发货快,positive,1,0.5
PRODUCT_57302,手机/数码,外观好看,positive,1,0.5
PRODUCT_57330,家用电器,外观好看,positive,1,0.3333333333333333
PRODUCT_57346,图书音像,内容一般,negative,1,1.0
PRODUCT_57350,家具/家装/建材,质量好,positive,1,1.0
PRODUCT_57365,手机/数码,外观好看,positive,1,0.14285714285714285
PRODUCT_57365,手机/数码,性价比高,positive,1,0.14285714285714285
PRODUCT_57365,手机/数码,疑似假货,negative,1,0.14285714285714285
PRODUCT_57406,图书音像,包装差,negative,1,0.5
PRODUCT_57493,电脑/办公,外观好看,positive,1,0.3333333333333333
PRODUCT_57562,家具/家装/建材,包装好,positive,1,0.5
PRODUCT_57562,家具/家装/建材,质量好,positive,1,0.5
PRODUCT_57643,手机/数码,性价比高,positive,1,0.25
PRODUCT_57721,电脑/办公,外观好看,positive,1,1.0
PRODUCT_57794,图书音像,外观好看,positive,2,0.4
PRODUCT_57794,图书音像,会回购,positive,1,0.2
PRODUCT_57892,图书音像,不推荐,negative,1,1.0
PRODUCT_57892,图书音像,质量差,negative,1,1.0
PRODUCT_57953,图书音像,外观好看,positive,1,0.125
PRODUCT_5797,家居生活,外观好看,positive,1,1.0
PRODUCT_5806,电脑/办公,质量好,positive,1,0.5
PRODUCT_58064,图书音像,正品放心,positive,1,1.0
PRODUCT_58153,电脑/办公,外观好看,positive,1,0.14285714285714285
PRODUCT_58153,电脑/办公,疑似假货,negative,1,0.14285714285714285
PRODUCT_58153,电脑/办公,面料差,negative,1,0.14285714285714285
PRODUCT_5830,图书音像,内容不错,positive,1,0.25
PRODUCT_5830,图书音像,包装好,positive,1,0.25
PRODUCT_5830,图书音像,疑似假货,negative,1,0.25
PRODUCT_5830,图书音像,质量差,negative,1,0.25
PRODUCT_58336,图书音像,不推荐,negative,1,0.125
PRODUCT_58336,图书音像,疑似假货,negative,1,0.125
PRODUCT_58366,图书音像,性价比高,positive,1,0.5
PRODUCT_58409,手机/数码,质量差,negative,1,0.5
PRODUCT_58410,手机/数码,质量好,positive,1,1.0
PRODUCT_58455,手机/数码,很耐用,positive,1,0.25
PRODUCT_58455,手机/数码,疑似假货,negative,1,0.25
PRODUCT_58455,手机/数码,续航差,negative,1,0.25
PRODUCT_58461,电脑/办公,性价比高,positive,1,0.5
PRODUCT_58528,图书音像,质量好,positive,1,0.3333333333333333
PRODUCT_58603,图书音像,外观好看,positive,1,0.5
PRODUCT_58631,美妆个护,外观一般,negative,1,0.25
PRODUCT_58631,美妆个护,外观好看,positive,1,0.25
PRODUCT_58631,美妆个护,正品放心,positive,1,0.25
PRODUCT_5865,图书音像,性价比高,positive,1,1.0
PRODUCT_58915,图书音像,包装好,positive,1,0.16666666666666666
PRODUCT_58915,图书音像,外观好看,positive,1,0.16666666666666666
PRODUCT_58978,图书音像,疑似假货,negative,1,0.14285714285714285
PRODUCT_58995,图书音像,外观好看,positive,2,0.6666666666666666
PRODUCT_58995,图书音像,内容不错,positive,1,0.3333333333333333
PRODUCT_58995,图书音像,尺码合适,positive,1,0.3333333333333333
PRODUCT_58995,图书音像,正品放心,positive,1,0.3333333333333333
PRODUCT_59042,图书音像,包装差,negative,1,1.0
PRODUCT_59046,图书音像,性价比高,positive,1,0.5
PRODUCT_59046,图书音像,质量好,positive,1,0.5
PRODUCT_59069,图书音像,正品放心,positive,1,0.25
PRODUCT_59069,图书音像,质量差,negative,1,0.25
PRODUCT_59070,图书音像,性价比高,positive,1,1.0
PRODUCT_59100,图书音像,不推荐,negative,2,0.2
PRODUCT_59100,图书音像,疑似假货,negative,2,0.2
PRODUCT_59100,图书音像,外观好看,positive,1,0.1
PRODUCT_59100,图书音像,正品放心,positive,1,0.1
PRODUCT_59100,图书音像,质量差,negative,1,0.1
PRODUCT_59101,图书音像,外观好看,positive,1,0.2
PRODUCT_59101,图书音像,很耐用,positive,1,0.2
PRODUCT_59101,图书音像,疑似假货,negative,1,0.2
PRODUCT_59101,图书音像,质量差,negative,1,0.2
PRODUCT_59121,图书音像,性价比高,positive,1,1.0
PRODUCT_59135,图书音像,会回购,positive,1,1.0
PRODUCT_59138,图书音像,不推荐,negative,1,0.5
PRODUCT_59138,图书音像,内容一般,negative,1,0.5
PRODUCT_59219,美妆个护,疑似假货,negative,1,0.5
PRODUCT_59221,美妆个护,正品放心,positive,1,0.1111111111111111
PRODUCT_59257,图书音像,会回购,positive,1,1.0
PRODUCT_59308,图书音像,正品放心,positive,1,1.0
PRODUCT_59330,图书音像,正品放心,positive,1,0.2
PRODUCT_59344,图书音像,外观好看,positive,1,0.25
PRODUCT_59344,图书音像,正品放心,positive,1,0.25
PRODUCT_59351,图书音像,质量好,positive,1,0.5
PRODUCT_59401,图书音像,很新鲜,positive,1,0.5
PRODUCT_59443,图书音像,疑似假货,negative,1,0.5
PRODUCT_59482,图书音像,质量好,positive,1,1.0
PRODUCT_59668,图书音像,不推荐,negative,1,0.5
PRODUCT_59668,图书音像,内容不错,positive,1,0.5
PRODUCT_59668,图书音像,容易坏,negative,1,0.5
PRODUCT_59812,图书音像,味道不错,positive,1,1.0
PRODUCT_59880,图书音像,会回购,positive,1,1.0
PRODUCT_59963,图书音像,质量好,positive,1,0.16666666666666666
PRODUCT_60035,美妆个护,味道不错,positive,1,0.2
PRODUCT_60035,美妆个护,正品放心,positive,1,0.2
PRODUCT_60048,图书音像,质量好,positive,1,0.5
PRODUCT_60059,电脑/办公,外观好看,positive,1,1.0
PRODUCT_60065,美妆个护,味道不错,positive,1,0.3333333333333333
PRODUCT_60065,美妆个护,正品放心,positive,1,0.3333333333333333
PRODUCT_60073,图书音像,外观好看,positive,2,0.6666666666666666
PRODUCT_60073,图书音像,内容不错,positive,1,0.3333333333333333
PRODUCT_60073,图书音像,疑似假货,negative,1,0.3333333333333333
PRODUCT_60078,图书音像,正品放心,positive,1,1.0
PRODUCT_60089,图书音像,外观好看,positive,1,1.0
PRODUCT_60142,图书音像,外观好看,positive,1,0.06666666666666667
PRODUCT_60142,图书音像,质量好,positive,1,0.06666666666666667
PRODUCT_60212,家居生活,正品放心,positive,1,0.14285714285714285
PRODUCT_60212,家居生活,疑似假货,negative,1,0.14285714285714285
PRODUCT_60253,图书音像,正品放心,positive,2,0.4
PRODUCT_60297,图书音像,内容不错,positive,1,0.2
PRODUCT_60297,图书音像,外观好看,positive,1,0.2
PRODUCT_60301,图书音像,外观一般,negative,1,1.0
PRODUCT_60301,图书音像,外观好看,positive,1,1.0
PRODUCT_60357,美妆个护,正品放心,positive,3,0.1875
PRODUCT_60372,图书音像,外观好看,positive,1,1.0
PRODUCT_60459,图书音像,不推荐,negative,1,0.5
PRODUCT_60505,图书音像,内容一般,negative,1,0.5
PRODUCT_60505,图书音像,性价比高,positive,1,0.5
PRODUCT_60557,美妆个护,会回购,positive,1,0.5
PRODUCT_60573,家居生活,质量好,positive,1,1.0
PRODUCT_60574,图书音像,内容一般,negative,1,0.2
PRODUCT_60574,图书音像,正品放心,positive,1,0.2
PRODUCT_60695,图书音像,正品放心,positive,1,0.2
PRODUCT_60695,图书音像,疑似假货,negative,1,0.2
PRODUCT_60723,家居生活,外观好看,positive,2,0.2857142857142857
PRODUCT_60723,家居生活,正品放心,positive,1,0.14285714285714285
PRODUCT_60726,图书音像,内容不错,positive,1,0.2
PRODUCT_60754,图书音像,外观好看,positive,1,0.25
PRODUCT_60842,钟表/首饰/眼镜/礼品,不推荐,negative,1,0.5
PRODUCT_60890,美妆个护,疑似假货,negative,1,0.3333333333333333
PRODUCT_60949,电脑/办公,质量差,negative,1,1.0
PRODUCT_60978,图书音像,不推荐,negative,1,1.0
PRODUCT_60978,图书音像,正品放心,positive,1,1.0
PRODUCT_61008,母婴/玩具,质量好,positive,1,1.0
PRODUCT_61026,家具/家装/建材,外观好看,positive,1,0.09090909090909091
PRODUCT_61026,家具/家装/建材,很耐用,positive,1,0.09090909090909091
PRODUCT_61038,电脑/办公,质量好,positive,1,0.5
PRODUCT_61042,图书音像,正品放心,positive,1,1.0
PRODUCT_6105,图书音像,性价比高,positive,1,1.0
PRODUCT_61117,家用电器,价格贵,negative,2,0.14285714285714285
PRODUCT_61117,家用电器,容易坏,negative,2,0.14285714285714285
PRODUCT_61117,家用电器,外观好看,positive,1,0.07142857142857142
PRODUCT_61117,家用电器,很耐用,positive,1,0.07142857142857142
PRODUCT_61117,家用电器,正品放心,positive,1,0.07142857142857142
PRODUCT_61117,家用电器,疑似假货,negative,1,0.07142857142857142
PRODUCT_61128,美妆个护,外观好看,positive,1,1.0
PRODUCT_61128,美妆个护,正品放心,positive,1,1.0
PRODUCT_61132,图书音像,不推荐,negative,1,0.09090909090909091
PRODUCT_61132,图书音像,疑似假货,negative,1,0.09090909090909091
PRODUCT_61132,图书音像,质量差,negative,1,0.09090909090909091
PRODUCT_61144,图书音像,外观好看,positive,1,0.5
PRODUCT_6117,图书音像,容易坏,negative,1,0.125
PRODUCT_61273,图书音像,性价比高,positive,1,1.0
PRODUCT_61307,图书音像,很新鲜,positive,1,1.0
PRODUCT_61307,图书音像,正品放心,positive,1,1.0
PRODUCT_61399,图书音像,正品放心,positive,1,1.0
PRODUCT_61444,图书音像,外观好看,positive,1,1.0
PRODUCT_61448,服饰服装,外观一般,negative,1,1.0
PRODUCT_61448,服饰服装,外观好看,positive,1,1.0
PRODUCT_61469,电脑/办公,不推荐,negative,1,0.06666666666666667
PRODUCT_61522,家具/家装/建材,质量差,negative,2,0.25
PRODUCT_61522,家具/家装/建材,会回购,positive,1,0.125
PRODUCT_61522,家具/家装/建材,容易坏,negative,1,0.125
PRODUCT_61522,家具/家装/建材,质量好,positive,1,0.125
PRODUCT_61544,图书音像,疑似假货,negative,1,1.0
PRODUCT_61589,图书音像,包装差,negative,1,1.0
PRODUCT_61598,图书音像,外观好看,positive,2,0.6666666666666666
PRODUCT_61598,图书音像,外观一般,negative,1,0.3333333333333333
PRODUCT_61605,美妆个护,味道不错,positive,1,1.0
PRODUCT_61629,图书音像,会回购,positive,1,0.14285714285714285
PRODUCT_61682,图书音像,会回购,positive,1,1.0
PRODUCT_61683,电脑/办公,正品放心,positive,2,0.5
PRODUCT_61683,电脑/办公,不推荐,negative,1,0.25
PRODUCT_61683,电脑/办公,价格贵,negative,1,0.25
PRODUCT_61714,电脑/办公,内容一般,negative,1,0.25
PRODUCT_61725,图书音像,不推荐,negative,1,0.2
PRODUCT_61773,图书音像,正品放心,positive,1,0.16666666666666666
PRODUCT_61773,图书音像,疑似假货,negative,1,0.16666666666666666
PRODUCT_61778,图书音像,内容不错,positive,1,1.0
PRODUCT_61778,图书音像,质量好,positive,1,1.0
PRODUCT_61788,电脑/办公,内容一般,negative,1,1.0
PRODUCT_61789,电脑/办公,性价比高,positive,1,0.25
PRODUCT_61800,图书音像,内容不错,positive,1,0.16666666666666666
PRODUCT_61810,图书音像,内容不错,positive,1,1.0
PRODUCT_61818,图书音像,正品放心,positive,1,1.0
PRODUCT_61851,图书音像,很新鲜,positive,1,0.25
PRODUCT_61876,图书音像,包装差,negative,1,1.0
PRODUCT_61927,图书音像,不推荐,negative,1,0.2
PRODUCT_62035,手机/数码,外观好看,positive,1,0.25
PRODUCT_62083,图书音像,尺码合适,positive,1,1.0
PRODUCT_62107,图书音像,性价比高,positive,1,1.0
PRODUCT_62122,图书音像,疑似假货,negative,1,1.0
PRODUCT_62272,食品/保健,味道不错,positive,1,1.0
PRODUCT_62287,图书音像,内容不错,positive,1,0.3333333333333333
PRODUCT_62295,电脑/办公,外观好看,positive,1,0.3333333333333333
PRODUCT_62341,图书音像,不推荐,negative,1,0.022222222222222223
PRODUCT_62341,图书音像,会回购,positive,1,0.022222222222222223
PRODUCT_62341,图书音像,内容不错,positive,1,0.022222222222222223
PRODUCT_62341,图书音像,包装好,positive,1,0.022222222222222223
PRODUCT_62341,图书音像,外观一般,negative,1,0.022222222222222223
PRODUCT_62341,图书音像,正品放心,positive,1,0.022222222222222223
PRODUCT_62341,图书音像,质量差,negative,1,0.022222222222222223
PRODUCT_62377,其他,外观好看,positive,1,0.3333333333333333
PRODUCT_62377,其他,尺码不准,negative,1,0.3333333333333333
PRODUCT_62380,家居生活,质量好,positive,1,0.5
PRODUCT_62400,图书音像,发货快,positive,1,0.125
PRODUCT_62418,图书音像,价格贵,negative,1,0.5
PRODUCT_62451,家具/家装/建材,尺码合适,positive,1,0.14285714285714285
PRODUCT_62451,家具/家装/建材,很耐用,positive,1,0.14285714285714285
PRODUCT_62465,图书音像,内容不错,positive,1,0.14285714285714285
PRODUCT_62537,美妆个护,味道不错,positive,1,0.5
PRODUCT_62593,图书音像,不推荐,negative,1,0.2
PRODUCT_62663,图书音像,不推荐,negative,1,1.0
PRODUCT_62738,美妆个护,质量好,positive,1,1.0
PRODUCT_62786,图书音像,外观好看,positive,1,0.5
PRODUCT_62807,美妆个护,正品放心,positive,2,0.4
PRODUCT_62807,美妆个护,不推荐,negative,1,0.2
PRODUCT_62847,图书音像,正品放心,positive,1,1.0
PRODUCT_62848,运动户外,质量好,positive,1,0.1111111111111111
PRODUCT_62944,图书音像,外观好看,positive,2,1.0
PRODUCT_62974,家用电器,外观好看,positive,1,1.0
PRODUCT_62993,图书音像,很新鲜,positive,1,1.0
PRODUCT_63174,图书音像,正品放心,positive,1,1.0
PRODUCT_63174,图书音像,质量好,positive,1,1.0
PRODUCT_63208,图书音像,不推荐,negative,1,0.2
PRODUCT_63208,图书音像,内容不错,positive,1,0.2
PRODUCT_63208,图书音像,性价比高,positive,1,0.2
PRODUCT_63235,图书音像,外观好看,positive,1,0.5
PRODUCT_63244,手机/数码,正品放心,positive,1,1.0
PRODUCT_63264,电脑/办公,外观好看,positive,1,1.0
PRODUCT_63307,图书音像,质量好,positive,1,0.5
PRODUCT_63321,家用电器,价格贵,negative,1,0.25
PRODUCT_63321,家用电器,发货快,positive,1,0.25
PRODUCT_63341,图书音像,正品放心,positive,1,1.0
PRODUCT_63341,图书音像,质量好,positive,1,1.0
PRODUCT_63381,图书音像,味道不错,positive,1,1.0
PRODUCT_6339,图书音像,疑似假货,negative,1,1.0
PRODUCT_63527,图书音像,质量好,positive,1,0.5
PRODUCT_6368,图书音像,性价比高,positive,1,1.0
PRODUCT_63724,图书音像,外观好看,positive,1,1.0
PRODUCT_6383,图书音像,很新鲜,positive,1,1.0
PRODUCT_63843,图书音像,外观好看,positive,2,0.25
PRODUCT_63843,图书音像,正品放心,positive,1,0.125
PRODUCT_64037,手机/数码,正品放心,positive,2,0.6666666666666666
PRODUCT_64037,手机/数码,很耐用,positive,1,0.3333333333333333
PRODUCT_64037,手机/数码,续航久,positive,1,0.3333333333333333
PRODUCT_64193,图书音像,外观好看,positive,1,0.3333333333333333
PRODUCT_6424,图书音像,内容不错,positive,1,0.2
PRODUCT_64358,图书音像,外观一般,negative,1,1.0
PRODUCT_64475,图书音像,价格贵,negative,1,1.0
PRODUCT_6449,图书音像,外观好看,positive,1,0.3333333333333333
PRODUCT_64549,图书音像,性价比高,positive,1,0.5
PRODUCT_64578,图书音像,正品放心,positive,2,0.5
PRODUCT_64578,图书音像,质量好,positive,1,0.25
PRODUCT_64609,图书音像,外观好看,positive,1,0.25
PRODUCT_64676,图书音像,价格贵,negative,1,1.0
PRODUCT_64717,钟表/首饰/眼镜/礼品,正品放心,positive,1,1.0
PRODUCT_64720,美妆个护,会回购,positive,1,0.3333333333333333
PRODUCT_64786,图书音像,正品放心,positive,1,1.0
PRODUCT_65148,图书音像,味道不错,positive,1,0.2
PRODUCT_65155,图书音像,内容不错,positive,2,0.15384615384615385
PRODUCT_65155,图书音像,疑似假货,negative,1,0.07692307692307693
PRODUCT_65155,图书音像,质量差,negative,1,0.07692307692307693
PRODUCT_65256,图书音像,会回购,positive,1,1.0
PRODUCT_65256,图书音像,内容不错,positive,1,1.0
PRODUCT_65288,图书音像,很新鲜,positive,1,0.5
PRODUCT_65465,图书音像,不推荐,negative,1,0.14285714285714285
PRODUCT_65465,图书音像,容易坏,negative,1,0.14285714285714285
PRODUCT_65475,图书音像,内容不错,positive,2,0.5
PRODUCT_65475,图书音像,味道不错,positive,1,0.25
PRODUCT_65475,图书音像,正品放心,positive,1,0.25
PRODUCT_65500,图书音像,价格贵,negative,1,1.0
PRODUCT_65517,图书音像,很新鲜,positive,1,0.125
PRODUCT_65525,图书音像,外观好看,positive,2,0.5
PRODUCT_65678,图书音像,内容不错,positive,1,0.2
PRODUCT_65678,图书音像,性价比高,positive,1,0.2
PRODUCT_65843,图书音像,外观好看,positive,1,0.25
PRODUCT_65843,图书音像,质量差,negative,1,0.25
PRODUCT_6589,图书音像,正品放心,positive,1,0.3333333333333333
PRODUCT_65930,图书音像,外观好看,positive,1,1.0
PRODUCT_66001,图书音像,外观好看,positive,1,1.0
PRODUCT_66009,图书音像,外观好看,positive,1,0.5
PRODUCT_66010,图书音像,不推荐,negative,1,0.5
PRODUCT_66011,图书音像,正品放心,positive,1,1.0
PRODUCT_66017,图书音像,正品放心,positive,3,0.25
PRODUCT_66017,图书音像,疑似假货,negative,1,0.08333333333333333
PRODUCT_66017,图书音像,质量好,positive,1,0.08333333333333333
PRODUCT_66049,图书音像,性价比高,positive,1,0.16666666666666666
PRODUCT_66050,图书音像,价格贵,negative,1,0.3333333333333333
PRODUCT_66070,图书音像,很耐用,positive,1,0.5
PRODUCT_66075,图书音像,容易坏,negative,1,1.0
PRODUCT_66128,图书音像,很新鲜,positive,1,0.058823529411764705
PRODUCT_66142,钟表/首饰/眼镜/礼品,容易坏,negative,1,0.5
PRODUCT_66195,美妆个护,味道不错,positive,3,0.6
PRODUCT_66197,图书音像,外观一般,negative,1,1.0
PRODUCT_66242,家居生活,外观好看,positive,1,1.0
PRODUCT_66263,手机/数码,正品放心,positive,5,0.45454545454545453
PRODUCT_66266,图书音像,外观好看,positive,1,0.3333333333333333
PRODUCT_66406,图书音像,很新鲜,positive,1,0.25
PRODUCT_66412,图书音像,内容不错,positive,1,1.0
PRODUCT_66412,图书音像,性价比高,positive,1,1.0
PRODUCT_66475,图书音像,外观好看,positive,1,0.5
PRODUCT_66485,图书音像,正品放心,positive,1,1.0
PRODUCT_66499,图书音像,包装差,negative,1,0.25
PRODUCT_66508,图书音像,外观好看,positive,1,0.25
PRODUCT_66508,图书音像,正品放心,positive,1,0.25
PRODUCT_66522,美妆个护,味道不错,positive,1,0.09090909090909091
PRODUCT_66522,美妆个护,正品放心,positive,1,0.09090909090909091
PRODUCT_66561,图书音像,正品放心,positive,1,1.0
PRODUCT_66571,图书音像,质量好,positive,1,1.0
PRODUCT_66592,手机/数码,性价比高,positive,1,0.125
PRODUCT_66592,手机/数码,质量好,positive,1,0.125
PRODUCT_66651,图书音像,正品放心,positive,1,1.0
PRODUCT_66692,图书音像,不推荐,negative,1,0.5
PRODUCT_6670,图书音像,质量好,positive,1,1.0
PRODUCT_66735,美妆个护,正品放心,positive,1,1.0
PRODUCT_66803,电脑/办公,尺码不准,negative,1,1.0
PRODUCT_66879,电脑/办公,正品放心,positive,1,0.25
PRODUCT_66918,图书音像,外观好看,positive,2,0.6666666666666666
PRODUCT_66929,图书音像,外观好看,positive,1,1.0
PRODUCT_66955,图书音像,内容不错,positive,1,1.0
PRODUCT_67054,电脑/办公,质量好,positive,1,1.0
PRODUCT_67135,图书音像,容易坏,negative,1,0.16666666666666666
PRODUCT_67140,美妆个护,味道不错,positive,1,0.2
PRODUCT_67140,美妆个护,正品放心,positive,1,0.2
PRODUCT_67162,图书音像,外观好看,positive,1,0.5
PRODUCT_67206,运动户外,质量差,negative,1,0.3333333333333333
PRODUCT_67249,钟表/首饰/眼镜/礼品,正品放心,positive,1,1.0
PRODUCT_67264,图书音像,内容不错,positive,1,1.0
PRODUCT_67283,家居生活,质量好,positive,2,0.3333333333333333
PRODUCT_67283,家居生活,外观好看,positive,1,0.16666666666666666
PRODUCT_67299,美妆个护,会回购,positive,1,0.2
PRODUCT_67326,鞋类箱包,外观好看,positive,1,1.0
PRODUCT_67326,鞋类箱包,正品放心,positive,1,1.0
PRODUCT_67333,图书音像,外观好看,positive,3,0.15
PRODUCT_67333,图书音像,不推荐,negative,1,0.05
PRODUCT_67333,图书音像,价格贵,negative,1,0.05
PRODUCT_67333,图书音像,会回购,positive,1,0.05
PRODUCT_67333,图书音像,内容不错,positive,1,0.05
PRODUCT_67333,图书音像,正品放心,positive,1,0.05
PRODUCT_67333,图书音像,疑似假货,negative,1,0.05
PRODUCT_67333,图书音像,质量好,positive,1,0.05
PRODUCT_67335,图书音像,内容不错,positive,1,0.5
PRODUCT_67346,图书音像,会回购,positive,1,1.0
PRODUCT_67458,图书音像,内容不错,positive,1,0.5
PRODUCT_67534,图书音像,疑似假货,negative,1,1.0
PRODUCT_67553,家用电器,正品放心,positive,1,0.25
PRODUCT_67559,图书音像,内容一般,negative,1,1.0
PRODUCT_67569,图书音像,物流慢,negative,1,1.0
PRODUCT_67569,图书音像,质量好,positive,1,1.0
PRODUCT_67634,图书音像,很新鲜,positive,1,1.0
PRODUCT_67634,图书音像,正品放心,positive,1,1.0
PRODUCT_67757,图书音像,外观好看,positive,1,0.3333333333333333
PRODUCT_67759,图书音像,会回购,positive,1,1.0
PRODUCT_67765,图书音像,价格贵,negative,1,0.5
PRODUCT_67861,图书音像,外观一般,negative,1,1.0
PRODUCT_67861,图书音像,外观好看,positive,1,1.0
PRODUCT_67861,图书音像,质量好,positive,1,1.0
PRODUCT_67891,图书音像,质量好,positive,1,1.0
PRODUCT_67969,电脑/办公,外观好看,positive,1,1.0
PRODUCT_67971,图书音像,正品放心,positive,1,0.1111111111111111
PRODUCT_67973,其他,性价比高,positive,1,1.0
PRODUCT_67979,图书音像,质量好,positive,1,1.0
PRODUCT_67990,图书音像,性价比高,positive,1,0.5
PRODUCT_68132,手机/数码,正品放心,positive,1,1.0
PRODUCT_68132,手机/数码,疑似假货,negative,1,1.0
PRODUCT_68132,手机/数码,质量好,positive,1,1.0
PRODUCT_68165,图书音像,内容不错,positive,1,0.3333333333333333
PRODUCT_68254,母婴/玩具,包装好,positive,1,0.16666666666666666
PRODUCT_68325,图书音像,很新鲜,positive,1,1.0
PRODUCT_6836,图书音像,内容一般,negative,1,1.0
PRODUCT_68508,电脑/办公,会回购,positive,1,0.2
PRODUCT_68529,图书音像,性价比高,positive,1,0.5
PRODUCT_68718,鞋类箱包,会回购,positive,1,0.3333333333333333
PRODUCT_68870,图书音像,外观好看,positive,1,0.3333333333333333
PRODUCT_68953,手机/数码,包装好,positive,1,0.25
PRODUCT_68953,手机/数码,外观一般,negative,1,0.25
PRODUCT_68960,图书音像,会回购,positive,1,0.5
PRODUCT_69023,图书音像,外观好看,positive,2,1.0
PRODUCT_69023,图书音像,外观一般,negative,1,0.5
PRODUCT_69068,手机/数码,价格贵,negative,1,1.0
PRODUCT_69115,图书音像,不推荐,negative,1,1.0
PRODUCT_69115,图书音像,包装差,negative,1,1.0
PRODUCT_69115,图书音像,疑似假货,negative,1,1.0
PRODUCT_69232,图书音像,性价比高,positive,1,1.0
PRODUCT_69300,图书音像,内容不错,positive,1,1.0
PRODUCT_69317,手机/数码,容易坏,negative,1,1.0
PRODUCT_69326,电脑/办公,不推荐,negative,1,0.3333333333333333
PRODUCT_69326,电脑/办公,质量差,negative,1,0.3333333333333333
PRODUCT_69514,手机/数码,正品放心,positive,1,1.0
PRODUCT_69534,图书音像,容易坏,negative,1,1.0
PRODUCT_69560,图书音像,正品放心,positive,2,1.0
PRODUCT_69568,图书音像,疑似假货,negative,1,0.3333333333333333
PRODUCT_69615,手机/数码,会回购,positive,1,0.09090909090909091
PRODUCT_69615,手机/数码,外观好看,positive,1,0.09090909090909091
PRODUCT_69637,电脑/办公,外观好看,positive,1,1.0
PRODUCT_69653,美妆个护,包装好,positive,1,1.0
PRODUCT_69710,图书音像,外观好看,positive,1,1.0
PRODUCT_69854,家居生活,尺码不准,negative,1,1.0
PRODUCT_69857,图书音像,容易坏,negative,1,0.3333333333333333
PRODUCT_69857,图书音像,性价比高,positive,1,0.3333333333333333
PRODUCT_69857,图书音像,正品放心,positive,1,0.3333333333333333
PRODUCT_70032,图书音像,正品放心,positive,1,0.2
PRODUCT_70202,图书音像,包装好,positive,1,0.2
PRODUCT_70213,手机/数码,会回购,positive,1,0.3333333333333333
PRODUCT_70213,手机/数码,外观好看,positive,1,0.3333333333333333
PRODUCT_70213,手机/数码,性价比高,positive,1,0.3333333333333333
PRODUCT_70213,手机/数码,正品放心,positive,1,0.3333333333333333
PRODUCT_70279,图书音像,会回购,positive,1,1.0
PRODUCT_70657,图书音像,质量差,negative,1,0.25
PRODUCT_7066,图书音像,尺码合适,positive,1,0.1111111111111111
PRODUCT_70687,图书音像,内容不错,positive,1,0.5
PRODUCT_7073,图书音像,内容不错,positive,1,0.3333333333333333
PRODUCT_7073,图书音像,正品放心,positive,1,0.3333333333333333
PRODUCT_70790,图书音像,正品放心,positive,1,1.0
PRODUCT_70817,图书音像,正品放心,positive,1,0.5
PRODUCT_7086,图书音像,质量差,negative,1,1.0
PRODUCT_70861,图书音像,外观一般,negative,1,0.5
PRODUCT_70942,图书音像,内容不错,positive,1,1.0
PRODUCT_70995,图书音像,味道一般,negative,1,1.0
PRODUCT_71073,图书音像,内容一般,negative,1,1.0
PRODUCT_71109,家居生活,会回购,positive,1,0.16666666666666666
PRODUCT_71109,家居生活,物流慢,negative,1,0.16666666666666666
PRODUCT_71109,家居生活,质量好,positive,1,0.16666666666666666
PRODUCT_71110,家居生活,容易坏,negative,1,0.1111111111111111
PRODUCT_71110,家居生活,正品放心,positive,1,0.1111111111111111
PRODUCT_71110,家居生活,质量好,positive,1,0.1111111111111111
PRODUCT_71110,家居生活,质量差,negative,1,0.1111111111111111
PRODUCT_71162,图书音像,容易坏,negative,1,1.0
PRODUCT_71184,家用电器,会回购,positive,1,1.0
PRODUCT_71184,家用电器,疑似假货,negative,1,1.0
PRODUCT_71226,图书音像,不推荐,negative,1,1.0
PRODUCT_71227,图书音像,正品放心,positive,1,0.5
PRODUCT_71243,美妆个护,味道不错,positive,1,1.0
PRODUCT_71368,图书音像,不推荐,negative,1,1.0
PRODUCT_71391,图书音像,不推荐,negative,1,1.0
PRODUCT_71541,图书音像,不推荐,negative,1,1.0
PRODUCT_71606,图书音像,尺码合适,positive,1,0.5
PRODUCT_71616,图书音像,内容不错,positive,1,0.05263157894736842
PRODUCT_71616,图书音像,很新鲜,positive,1,0.05263157894736842
PRODUCT_71616,图书音像,正品放心,positive,1,0.05263157894736842
PRODUCT_71616,图书音像,质量好,positive,1,0.05263157894736842
PRODUCT_71683,图书音像,外观好看,positive,1,1.0
PRODUCT_71693,图书音像,疑似假货,negative,1,0.2
PRODUCT_71712,家用电器,正品放心,positive,2,0.6666666666666666
PRODUCT_71712,家用电器,性价比高,positive,1,0.3333333333333333
PRODUCT_71782,图书音像,质量差,negative,1,0.3333333333333333
PRODUCT_71819,图书音像,包装差,negative,1,0.2
PRODUCT_71819,图书音像,疑似假货,negative,1,0.2
PRODUCT_71863,家用电器,质量好,positive,1,1.0
PRODUCT_71979,图书音像,疑似假货,negative,1,1.0
PRODUCT_72030,图书音像,包装差,negative,1,1.0
PRODUCT_72047,图书音像,很新鲜,positive,1,1.0
PRODUCT_72073,图书音像,正品放心,positive,1,0.5
PRODUCT_72112,图书音像,质量好,positive,1,0.3333333333333333
PRODUCT_72192,图书音像,很新鲜,positive,1,1.0
PRODUCT_72206,手机/数码,外观好看,positive,1,0.1111111111111111
PRODUCT_72206,手机/数码,容易坏,negative,1,0.1111111111111111
PRODUCT_72206,手机/数码,性价比高,positive,1,0.1111111111111111
PRODUCT_72206,手机/数码,正品放心,positive,1,0.1111111111111111
PRODUCT_72206,手机/数码,质量差,negative,1,0.1111111111111111
PRODUCT_72223,图书音像,外观好看,positive,1,0.5
PRODUCT_72257,钟表/首饰/眼镜/礼品,外观好看,positive,1,1.0
PRODUCT_72399,美妆个护,味道不错,positive,1,0.3333333333333333
PRODUCT_72399,美妆个护,外观好看,positive,1,0.3333333333333333
PRODUCT_72489,家用电器,外观好看,positive,2,0.5
PRODUCT_72489,家用电器,性价比高,positive,2,0.5
PRODUCT_72489,家用电器,会回购,positive,1,0.25
PRODUCT_72489,家用电器,味道不错,positive,1,0.25
PRODUCT_72489,家用电器,正品放心,positive,1,0.25
PRODUCT_72489,家用电器,疑似假货,negative,1,0.25
PRODUCT_7253,图书音像,很新鲜,positive,1,0.125
PRODUCT_72540,家用电器,外观好看,positive,2,1.0
PRODUCT_72561,母婴/玩具,正品放心,positive,1,0.5
PRODUCT_72588,图书音像,外观好看,positive,1,0.3333333333333333
PRODUCT_72588,图书音像,正品放心,positive,1,0.3333333333333333
PRODUCT_72634,图书音像,质量好,positive,1,1.0
PRODUCT_72636,图书音像,不推荐,negative,1,0.3333333333333333
PRODUCT_72672,图书音像,质量好,positive,1,0.3333333333333333
PRODUCT_7268,图书音像,性价比高,positive,1,0.5
PRODUCT_72705,图书音像,性价比高,positive,2,0.6666666666666666
PRODUCT_72717,手机/数码,价格贵,negative,1,1.0
PRODUCT_72717,手机/数码,容易坏,negative,1,1.0
PRODUCT_72721,母婴/玩具,性价比高,positive,1,1.0
PRODUCT_7277,图书音像,内容不错,positive,1,1.0
PRODUCT_72777,图书音像,正品放心,positive,1,1.0
PRODUCT_72778,图书音像,性价比高,positive,1,1.0
PRODUCT_72809,图书音像,正品放心,positive,2,0.4
PRODUCT_72834,图书音像,包装差,negative,1,1.0
PRODUCT_72887,图书音像,内容一般,negative,1,1.0
PRODUCT_72887,图书音像,质量差,negative,1,1.0
PRODUCT_72928,美妆个护,外观好看,positive,1,1.0
PRODUCT_72928,美妆个护,正品放心,positive,1,1.0
PRODUCT_72952,图书音像,容易坏,negative,1,1.0
PRODUCT_73160,家居生活,外观好看,positive,2,1.0
PRODUCT_73160,家居生活,质量好,positive,1,0.5
PRODUCT_73189,图书音像,正品放心,positive,1,1.0
PRODUCT_73224,图书音像,内容一般,negative,1,0.5
PRODUCT_73239,美妆个护,味道不错,positive,1,0.25
PRODUCT_7326,图书音像,正品放心,positive,2,0.16666666666666666
PRODUCT_7326,图书音像,味道不错,positive,1,0.08333333333333333
PRODUCT_7326,图书音像,质量好,positive,1,0.08333333333333333
PRODUCT_73297,家居生活,内容一般,negative,1,0.5
PRODUCT_73304,电脑/办公,性价比高,positive,3,0.1875
PRODUCT_73304,电脑/办公,不推荐,negative,1,0.0625
PRODUCT_73397,图书音像,价格贵,negative,1,1.0
PRODUCT_73407,图书音像,正品放心,positive,1,1.0
PRODUCT_73491,图书音像,正品放心,positive,1,1.0
PRODUCT_73492,图书音像,性价比高,positive,1,1.0
PRODUCT_73520,图书音像,不推荐,negative,1,1.0
PRODUCT_73531,机票/充值/票务/虚拟,不推荐,negative,1,0.5
PRODUCT_73623,图书音像,内容不错,positive,1,1.0
PRODUCT_73676,图书音像,包装差,negative,1,0.25
PRODUCT_73676,图书音像,性价比高,positive,1,0.25
PRODUCT_73706,美妆个护,味道不错,positive,1,1.0
PRODUCT_73749,图书音像,内容不错,positive,1,0.2
PRODUCT_73761,图书音像,内容一般,negative,1,1.0
PRODUCT_73783,图书音像,包装好,positive,1,1.0
PRODUCT_73783,图书音像,包装差,negative,1,1.0
PRODUCT_73783,图书音像,正品放心,positive,1,1.0
PRODUCT_73790,图书音像,包装差,negative,1,1.0
PRODUCT_73790,图书音像,正品放心,positive,1,1.0
PRODUCT_73796,食品/保健,包装好,positive,1,0.3333333333333333
PRODUCT_73796,食品/保健,味道不错,positive,1,0.3333333333333333
PRODUCT_73796,食品/保健,客服好,positive,1,0.3333333333333333
PRODUCT_73796,食品/保健,质量好,positive,1,0.3333333333333333
PRODUCT_73872,手机/数码,包装好,positive,1,0.2
PRODUCT_73872,手机/数码,包装差,negative,1,0.2
PRODUCT_73872,手机/数码,容易坏,negative,1,0.2
PRODUCT_73872,手机/数码,正品放心,positive,1,0.2
PRODUCT_73908,图书音像,内容不错,positive,1,1.0
PRODUCT_73908,图书音像,外观好看,positive,1,1.0
PRODUCT_73923,图书音像,正品放心,positive,1,1.0
PRODUCT_73945,图书音像,正品放心,positive,2,0.6666666666666666
PRODUCT_73945,图书音像,质量好,positive,1,0.3333333333333333
PRODUCT_73979,家居生活,很耐用,positive,1,0.2
PRODUCT_74036,图书音像,正品放心,positive,1,1.0
PRODUCT_74065,图书音像,包装差,negative,3,0.23076923076923078
PRODUCT_74065,图书音像,不推荐,negative,1,0.07692307692307693
PRODUCT_74086,图书音像,内容不错,positive,1,1.0
PRODUCT_74092,图书音像,包装好,positive,1,0.5
PRODUCT_74092,图书音像,外观好看,positive,1,0.5
PRODUCT_74126,图书音像,很新鲜,positive,1,1.0
PRODUCT_74147,图书音像,正品放心,positive,1,1.0
PRODUCT_74149,电脑/办公,外观好看,positive,2,0.5
PRODUCT_74149,电脑/办公,正品放心,positive,1,0.25
PRODUCT_74149,电脑/办公,质量好,positive,1,0.25
PRODUCT_74221,图书音像,外观好看,positive,1,1.0
PRODUCT_74298,图书音像,外观好看,positive,3,0.6
PRODUCT_74298,图书音像,正品放心,positive,1,0.2
PRODUCT_74318,图书音像,正品放心,positive,1,1.0
PRODUCT_74319,电脑/办公,正品放心,positive,1,0.1
PRODUCT_74320,图书音像,质量好,positive,1,1.0
PRODUCT_74355,美妆个护,性价比高,positive,1,0.2
PRODUCT_74355,美妆个护,物流慢,negative,1,0.2
PRODUCT_74367,图书音像,正品放心,positive,1,1.0
PRODUCT_74451,图书音像,性价比高,positive,1,1.0
PRODUCT_74477,服饰服装,正品放心,positive,1,1.0
PRODUCT_74477,服饰服装,疑似假货,negative,1,1.0
PRODUCT_7450,图书音像,性价比高,positive,1,0.2
PRODUCT_7450,图书音像,正品放心,positive,1,0.2
PRODUCT_74539,图书音像,正品放心,positive,1,1.0
PRODUCT_74565,图书音像,内容一般,negative,1,1.0
PRODUCT_74565,图书音像,质量差,negative,1,1.0
PRODUCT_74573,图书音像,外观好看,positive,1,1.0
PRODUCT_74637,钟表/首饰/眼镜/礼品,外观好看,positive,1,1.0
PRODUCT_74641,图书音像,外观好看,positive,1,0.16666666666666666
PRODUCT_74641,图书音像,质量好,positive,1,0.16666666666666666
PRODUCT_74681,图书音像,正品放心,positive,1,0.125
PRODUCT_74749,图书音像,性价比高,positive,1,1.0
PRODUCT_74823,电脑/办公,质量差,negative,1,1.0
PRODUCT_74872,图书音像,外观好看,positive,1,0.3333333333333333
PRODUCT_74933,家具/家装/建材,很耐用,positive,1,1.0
PRODUCT_74933,家具/家装/建材,续航差,negative,1,1.0
PRODUCT_74947,图书音像,质量好,positive,1,1.0
PRODUCT_74972,图书音像,外观好看,positive,1,1.0
PRODUCT_7501,图书音像,性价比高,positive,2,0.6666666666666666
PRODUCT_75018,图书音像,外观好看,positive,1,0.5
PRODUCT_75022,图书音像,正品放心,positive,1,0.25
PRODUCT_75022,图书音像,疑似假货,negative,1,0.25
PRODUCT_75087,手机/数码,疑似假货,negative,1,0.2
PRODUCT_75156,图书音像,正品放心,positive,1,1.0
PRODUCT_75186,服饰服装,尺码合适,positive,1,1.0
PRODUCT_75187,图书音像,外观好看,positive,2,0.18181818181818182
PRODUCT_75187,图书音像,质量差,negative,2,0.18181818181818182
PRODUCT_75187,图书音像,不推荐,negative,1,0.09090909090909091
PRODUCT_75187,图书音像,外观一般,negative,1,0.09090909090909091
PRODUCT_75197,电脑/办公,性价比高,positive,1,1.0
PRODUCT_75197,电脑/办公,质量好,positive,1,1.0
PRODUCT_7523,图书音像,正品放心,positive,1,1.0
PRODUCT_75278,图书音像,质量好,positive,1,1.0
PRODUCT_75283,图书音像,质量差,negative,1,0.25
PRODUCT_75315,手机/数码,质量差,negative,2,0.14285714285714285
PRODUCT_75315,手机/数码,会回购,positive,1,0.07142857142857142
PRODUCT_75315,手机/数码,尺码不准,negative,1,0.07142857142857142
PRODUCT_75315,手机/数码,很耐用,positive,1,0.07142857142857142
PRODUCT_75315,手机/数码,续航差,negative,1,0.07142857142857142
PRODUCT_75320,手机/数码,容易坏,negative,1,0.16666666666666666
PRODUCT_75352,图书音像,正品放心,positive,1,0.09090909090909091
PRODUCT_75357,鞋类箱包,外观好看,positive,1,1.0
PRODUCT_75404,图书音像,发货快,positive,1,0.25
PRODUCT_75404,图书音像,正品放心,positive,1,0.25
PRODUCT_75479,手机/数码,不推荐,negative,1,0.25
PRODUCT_75479,手机/数码,容易坏,negative,1,0.25
PRODUCT_75479,手机/数码,质量差,negative,1,0.25
PRODUCT_75499,图书音像,很新鲜,positive,1,1.0
PRODUCT_7552,图书音像,性价比高,positive,1,1.0
PRODUCT_75523,鞋类箱包,会回购,positive,1,0.3333333333333333
PRODUCT_75527,手机/数码,外观好看,positive,1,1.0
PRODUCT_75547,鞋类箱包,正品放心,positive,1,1.0
PRODUCT_75551,图书音像,正品放心,positive,1,1.0
PRODUCT_75600,家居生活,性价比高,positive,1,0.3333333333333333
PRODUCT_75604,图书音像,性价比高,positive,1,1.0
PRODUCT_75642,图书音像,正品放心,positive,1,0.5
PRODUCT_75675,图书音像,不推荐,negative,1,0.5
PRODUCT_75679,手机/数码,会回购,positive,1,0.2
PRODUCT_75679,手机/数码,外观好看,positive,1,0.2
PRODUCT_75736,图书音像,质量差,negative,1,0.5
PRODUCT_75748,图书音像,外观好看,positive,1,1.0
PRODUCT_75755,图书音像,正品放心,positive,1,0.5
PRODUCT_7580,图书音像,正品放心,positive,4,0.3333333333333333
PRODUCT_7580,图书音像,疑似假货,negative,1,0.08333333333333333
PRODUCT_7580,图书音像,质量好,positive,1,0.08333333333333333
PRODUCT_75870,手机/数码,正品放心,positive,1,1.0
PRODUCT_75905,图书音像,正品放心,positive,1,1.0
PRODUCT_75965,电脑/办公,正品放心,positive,1,1.0
PRODUCT_7627,电脑/办公,性价比高,positive,1,1.0
PRODUCT_76276,图书音像,价格贵,negative,1,0.25
PRODUCT_76276,图书音像,疑似假货,negative,1,0.25
PRODUCT_76307,图书音像,外观好看,positive,1,0.125
PRODUCT_76394,图书音像,外观好看,positive,1,0.14285714285714285
PRODUCT_76394,图书音像,性价比高,positive,1,0.14285714285714285
PRODUCT_76394,图书音像,质量好,positive,1,0.14285714285714285
PRODUCT_76394,图书音像,质量差,negative,1,0.14285714285714285
PRODUCT_76449,图书音像,外观好看,positive,1,0.3333333333333333
PRODUCT_76484,图书音像,性价比高,positive,1,1.0
PRODUCT_76501,家具/家装/建材,外观好看,positive,2,0.6666666666666666
PRODUCT_76501,家具/家装/建材,内容一般,negative,1,0.3333333333333333
PRODUCT_76501,家具/家装/建材,很耐用,positive,1,0.3333333333333333
PRODUCT_76507,电脑/办公,会回购,positive,1,0.3333333333333333
PRODUCT_76507,电脑/办公,质量好,positive,1,0.3333333333333333
PRODUCT_76606,图书音像,不推荐,negative,1,1.0
PRODUCT_76693,图书音像,内容一般,negative,1,1.0
PRODUCT_76758,图书音像,价格贵,negative,1,0.14285714285714285
PRODUCT_76758,图书音像,内容不错,positive,1,0.14285714285714285
PRODUCT_76789,图书音像,疑似假货,negative,1,0.14285714285714285
PRODUCT_7682,图书音像,价格贵,negative,1,1.0
PRODUCT_76844,图书音像,质量差,negative,1,0.3333333333333333
PRODUCT_7686,家用电器,很耐用,positive,1,1.0
PRODUCT_76862,图书音像,容易坏,negative,1,0.14285714285714285
PRODUCT_76862,图书音像,正品放心,positive,1,0.14285714285714285
PRODUCT_76876,图书音像,疑似假货,negative,2,0.3333333333333333
PRODUCT_76876,图书音像,味道不错,positive,1,0.16666666666666666
PRODUCT_76878,图书音像,质量好,positive,2,1.0
PRODUCT_76947,图书音像,质量好,positive,1,1.0
PRODUCT_76949,图书音像,性价比高,positive,1,1.0
PRODUCT_76956,图书音像,外观好看,positive,1,1.0
PRODUCT_76956,图书音像,质量好,positive,1,1.0
PRODUCT_76966,图书音像,质量好,positive,1,0.25
PRODUCT_7702,手机/数码,容易坏,negative,1,1.0
PRODUCT_77112,图书音像,会回购,positive,2,0.08695652173913043
PRODUCT_77112,图书音像,内容不错,positive,1,0.043478260869565216
PRODUCT_77112,图书音像,质量差,negative,1,0.043478260869565216
PRODUCT_7713,家居生活,正品放心,positive,1,1.0
PRODUCT_77163,图书音像,疑似假货,negative,1,0.5
PRODUCT_77346,图书音像,正品放心,positive,1,0.25
PRODUCT_77429,图书音像,内容不错,positive,1,1.0
PRODUCT_77429,图书音像,正品放心,positive,1,1.0
PRODUCT_77560,图书音像,外观好看,positive,1,0.3333333333333333
PRODUCT_77560,图书音像,性价比高,positive,1,0.3333333333333333
PRODUCT_77579,图书音像,味道不错,positive,1,0.2
PRODUCT_7764,图书音像,包装差,negative,1,1.0
PRODUCT_77743,图书音像,内容不错,positive,1,0.1
PRODUCT_77743,图书音像,疑似假货,negative,1,0.1
PRODUCT_7777,图书音像,性价比高,positive,1,0.2
PRODUCT_7777,图书音像,质量好,positive,1,0.2
PRODUCT_7777,图书音像,质量差,negative,1,0.2
PRODUCT_77799,图书音像,疑似假货,negative,1,0.5
PRODUCT_77804,电脑/办公,性价比高,positive,1,0.3333333333333333
PRODUCT_77858,食品/保健,性价比高,positive,1,1.0
PRODUCT_77878,图书音像,质量差,negative,1,0.25
PRODUCT_77907,电脑/办公,正品放心,positive,1,0.2
PRODUCT_77907,电脑/办公,疑似假货,negative,1,0.2
PRODUCT_77907,电脑/办公,质量差,negative,1,0.2
PRODUCT_77939,图书音像,发货快,positive,1,0.125
PRODUCT_77940,图书音像,味道不错,positive,1,0.2
PRODUCT_77940,图书音像,性价比高,positive,1,0.2
PRODUCT_77940,图书音像,疑似假货,negative,1,0.2
PRODUCT_77940,图书音像,质量差,negative,1,0.2
PRODUCT_77960,图书音像,正品放心,positive,1,0.3333333333333333
PRODUCT_78000,图书音像,包装好,positive,1,1.0
PRODUCT_78003,图书音像,不推荐,negative,1,0.3333333333333333
PRODUCT_78003,图书音像,性价比高,positive,1,0.3333333333333333
PRODUCT_78003,图书音像,疑似假货,negative,1,0.3333333333333333
PRODUCT_78032,图书音像,内容一般,negative,1,0.3333333333333333
PRODUCT_78058,图书音像,很新鲜,positive,1,0.5
PRODUCT_78087,图书音像,外观一般,negative,1,0.2
PRODUCT_78121,图书音像,疑似假货,negative,1,1.0
PRODUCT_78134,美妆个护,味道不错,positive,1,0.5
PRODUCT_78278,图书音像,正品放心,positive,1,0.3333333333333333
PRODUCT_7829,图书音像,很新鲜,positive,1,0.5
PRODUCT_78297,电脑/办公,内容一般,negative,1,0.125
PRODUCT_78313,家居生活,容易坏,negative,1,0.5
PRODUCT_78330,图书音像,正品放心,positive,1,1.0
PRODUCT_7835,图书音像,内容不错,positive,1,1.0
PRODUCT_78425,图书音像,正品放心,positive,1,1.0
PRODUCT_78444,电脑/办公,不推荐,negative,1,1.0
PRODUCT_78446,家用电器,正品放心,positive,1,1.0
PRODUCT_78469,手机/数码,性价比高,positive,1,0.5
PRODUCT_78471,图书音像,外观好看,positive,1,1.0
PRODUCT_78508,图书音像,正品放心,positive,1,0.2
PRODUCT_78511,家居生活,正品放心,positive,1,1.0
PRODUCT_78546,图书音像,内容一般,negative,1,1.0
PRODUCT_78546,图书音像,疑似假货,negative,1,1.0
PRODUCT_78546,图书音像,质量差,negative,1,1.0
PRODUCT_7856,图书音像,疑似假货,negative,1,0.5
PRODUCT_78580,图书音像,正品放心,positive,1,0.3333333333333333
PRODUCT_78581,图书音像,外观好看,positive,1,0.3333333333333333
PRODUCT_78606,美妆个护,很新鲜,positive,1,1.0
PRODUCT_78606,美妆个护,正品放心,positive,1,1.0
PRODUCT_78608,家用电器,外观好看,positive,2,0.2857142857142857
PRODUCT_78608,家用电器,包装差,negative,1,0.14285714285714285
PRODUCT_78608,家用电器,发货快,positive,1,0.14285714285714285
PRODUCT_78608,家用电器,容易坏,negative,1,0.14285714285714285
PRODUCT_78608,家用电器,质量好,positive,1,0.14285714285714285
PRODUCT_78653,图书音像,外观好看,positive,1,0.3333333333333333
PRODUCT_78663,家具/家装/建材,性价比高,positive,1,0.3333333333333333
PRODUCT_78664,图书音像,疑似假货,negative,2,0.25
PRODUCT_78664,图书音像,内容不错,positive,1,0.125
PRODUCT_78664,图书音像,外观好看,positive,1,0.125
PRODUCT_78664,图书音像,很新鲜,positive,1,0.125
PRODUCT_78664,图书音像,正品放心,positive,1,0.125
PRODUCT_78725,图书音像,外观好看,positive,1,0.08333333333333333
PRODUCT_78725,图书音像,正品放心,positive,1,0.08333333333333333
PRODUCT_78725,图书音像,疑似假货,negative,1,0.08333333333333333
PRODUCT_78755,家居生活,质量差,negative,1,1.0
PRODUCT_7876,美妆个护,不推荐,negative,1,1.0
PRODUCT_78767,图书音像,会回购,positive,2,0.3333333333333333
PRODUCT_78767,图书音像,尺码合适,positive,1,0.16666666666666666
PRODUCT_78767,图书音像,性价比高,positive,1,0.16666666666666666
PRODUCT_78767,图书音像,正品放心,positive,1,0.16666666666666666
PRODUCT_78767,图书音像,疑似假货,negative,1,0.16666666666666666
PRODUCT_78795,图书音像,很新鲜,positive,1,0.5
PRODUCT_78796,图书音像,正品放心,positive,1,0.2
PRODUCT_78811,电脑/办公,续航差,negative,3,0.3
PRODUCT_78811,电脑/办公,容易坏,negative,1,0.1
PRODUCT_78811,电脑/办公,很耐用,positive,1,0.1
PRODUCT_78811,电脑/办公,正品放心,positive,1,0.1
PRODUCT_78856,图书音像,性价比高,positive,1,1.0
PRODUCT_7887,图书音像,质量好,positive,1,1.0
PRODUCT_78943,图书音像,价格贵,negative,1,1.0
PRODUCT_78943,图书音像,内容不错,positive,1,1.0
PRODUCT_7895,电脑/办公,不推荐,negative,1,0.1
PRODUCT_7895,电脑/办公,容易坏,negative,1,0.1
PRODUCT_7895,电脑/办公,质量好,positive,1,0.1
PRODUCT_78955,图书音像,内容不错,positive,1,1.0
PRODUCT_78969,图书音像,内容不错,positive,1,1.0
PRODUCT_79018,图书音像,不推荐,negative,1,0.1111111111111111
PRODUCT_79018,图书音像,包装好,positive,1,0.1111111111111111
PRODUCT_79018,图书音像,性价比高,positive,1,0.1111111111111111
PRODUCT_79065,图书音像,不推荐,negative,1,1.0
PRODUCT_7911,图书音像,外观好看,positive,2,0.1111111111111111
PRODUCT_7911,图书音像,正品放心,positive,1,0.05555555555555555
PRODUCT_7911,图书音像,质量好,positive,1,0.05555555555555555
PRODUCT_79130,图书音像,内容不错,positive,1,0.125
PRODUCT_79149,图书音像,质量好,positive,1,1.0
PRODUCT_7915,图书音像,正品放心,positive,1,1.0
PRODUCT_7915,图书音像,质量好,positive,1,1.0
PRODUCT_79163,图书音像,包装好,positive,1,1.0
PRODUCT_79163,图书音像,正品放心,positive,1,1.0
PRODUCT_79189,图书音像,包装差,negative,1,1.0
PRODUCT_79189,图书音像,正品放心,positive,1,1.0
PRODUCT_7923,图书音像,内容不错,positive,1,0.3333333333333333
PRODUCT_7923,图书音像,发货快,positive,1,0.3333333333333333
PRODUCT_79247,图书音像,外观好看,positive,1,1.0
PRODUCT_79248,服饰服装,正品放心,positive,2,0.18181818181818182
PRODUCT_79248,服饰服装,会回购,positive,1,0.09090909090909091
PRODUCT_79248,服饰服装,容易坏,negative,1,0.09090909090909091
PRODUCT_79248,服饰服装,很耐用,positive,1,0.09090909090909091
PRODUCT_79291,图书音像,内容不错,positive,1,0.125
PRODUCT_79300,家具/家装/建材,外观好看,positive,1,0.3333333333333333
PRODUCT_79300,家具/家装/建材,质量好,positive,1,0.3333333333333333
PRODUCT_79372,图书音像,内容不错,positive,1,0.5
PRODUCT_79373,图书音像,包装好,positive,1,0.5
PRODUCT_79442,图书音像,价格贵,negative,1,0.5
PRODUCT_79461,图书音像,外观好看,positive,1,1.0
PRODUCT_79472,钟表/首饰/眼镜/礼品,外观好看,positive,1,1.0
PRODUCT_79479,图书音像,外观好看,positive,1,1.0
PRODUCT_79527,图书音像,不推荐,negative,1,0.2
PRODUCT_79678,图书音像,正品放心,positive,1,1.0
PRODUCT_79688,图书音像,外观一般,negative,1,1.0
PRODUCT_79688,图书音像,外观好看,positive,1,1.0
PRODUCT_79699,图书音像,不推荐,negative,1,1.0
PRODUCT_79699,图书音像,疑似假货,negative,1,1.0
PRODUCT_79704,手机/数码,容易坏,negative,1,1.0
PRODUCT_79704,手机/数码,正品放心,positive,1,1.0
PRODUCT_79705,手机/数码,正品放心,positive,1,1.0
PRODUCT_79717,图书音像,外观一般,negative,1,1.0
PRODUCT_79859,家用电器,发货快,positive,1,0.16666666666666666
PRODUCT_79877,图书音像,内容不错,positive,1,1.0
PRODUCT_79945,图书音像,物流慢,negative,1,0.14285714285714285
PRODUCT_79951,图书音像,会回购,positive,1,1.0
PRODUCT_80005,家居生活,外观好看,positive,1,1.0
PRODUCT_80029,鞋类箱包,容易坏,negative,1,1.0
PRODUCT_80029,鞋类箱包,疑似假货,negative,1,1.0
PRODUCT_80029,鞋类箱包,质量好,positive,1,1.0
PRODUCT_80071,图书音像,很新鲜,positive,1,0.5
PRODUCT_80086,图书音像,外观好看,positive,1,1.0
PRODUCT_8013,图书音像,内容不错,positive,1,0.3333333333333333
PRODUCT_80131,图书音像,正品放心,positive,2,1.0
PRODUCT_80131,图书音像,疑似假货,negative,1,0.5
PRODUCT_80131,图书音像,质量差,negative,1,0.5
PRODUCT_80151,图书音像,价格贵,negative,1,1.0
PRODUCT_80196,电脑/办公,正品放心,positive,5,0.45454545454545453
PRODUCT_80196,电脑/办公,发货快,positive,1,0.09090909090909091
PRODUCT_80196,电脑/办公,外观好看,positive,1,0.09090909090909091
PRODUCT_80248,图书音像,质量差,negative,1,0.5
PRODUCT_80306,母婴/玩具,性价比高,positive,1,1.0
PRODUCT_80313,图书音像,外观好看,positive,1,1.0
PRODUCT_80321,图书音像,会回购,positive,1,0.2
PRODUCT_80321,图书音像,外观好看,positive,1,0.2
PRODUCT_80431,手机/数码,正品放心,positive,1,0.3333333333333333
PRODUCT_80446,鞋类箱包,会回购,positive,1,0.3333333333333333
PRODUCT_80446,鞋类箱包,很耐用,positive,1,0.3333333333333333
PRODUCT_80446,鞋类箱包,性价比高,positive,1,0.3333333333333333
PRODUCT_80446,鞋类箱包,正品放心,positive,1,0.3333333333333333
PRODUCT_80457,电脑/办公,外观好看,positive,1,0.5
PRODUCT_80457,电脑/办公,很耐用,positive,1,0.5
PRODUCT_80495,图书音像,味道不错,positive,1,1.0
PRODUCT_8054,家用电器,质量好,positive,1,0.25
PRODUCT_80548,图书音像,内容不错,positive,1,1.0
PRODUCT_80558,图书音像,容易坏,negative,1,0.5
PRODUCT_8056,图书音像,包装好,positive,1,0.3333333333333333
PRODUCT_80565,图书音像,会回购,positive,1,0.5
PRODUCT_80606,机票/充值/票务/虚拟,外观好看,positive,1,0.1
PRODUCT_80611,图书音像,内容不错,positive,1,1.0
PRODUCT_80657,鞋类箱包,正品放心,positive,1,0.5
PRODUCT_80699,图书音像,很新鲜,positive,1,1.0
PRODUCT_80759,图书音像,外观好看,positive,2,0.25
PRODUCT_80759,图书音像,包装好,positive,1,0.125
PRODUCT_80759,图书音像,质量好,positive,1,0.125
PRODUCT_80769,图书音像,正品放心,positive,1,1.0
PRODUCT_80884,图书音像,外观好看,positive,1,0.3333333333333333
PRODUCT_8093,图书音像,很新鲜,positive,1,1.0
PRODUCT_80956,图书音像,发货快,positive,1,1.0
PRODUCT_80956,图书音像,正品放心,positive,1,1.0
PRODUCT_81016,食品/保健,外观好看,positive,2,0.25
PRODUCT_81073,图书音像,味道不错,positive,1,0.5
PRODUCT_8116,图书音像,内容不错,positive,1,0.125
PRODUCT_8116,图书音像,外观好看,positive,1,0.125
PRODUCT_81161,电脑/办公,外观好看,positive,1,0.3333333333333333
PRODUCT_812,图书音像,外观好看,positive,1,1.0
PRODUCT_81255,电脑/办公,质量好,positive,1,1.0
PRODUCT_8137,图书音像,正品放心,positive,1,1.0
PRODUCT_8137,图书音像,疑似假货,negative,1,1.0
PRODUCT_81378,家居生活,质量差,negative,1,1.0
PRODUCT_81537,家具/家装/建材,容易坏,negative,1,1.0
PRODUCT_81731,图书音像,包装差,negative,1,0.2
PRODUCT_81889,图书音像,疑似假货,negative,1,0.2
PRODUCT_81908,图书音像,外观好看,positive,1,1.0
PRODUCT_81921,图书音像,外观好看,positive,1,0.16666666666666666
PRODUCT_81921,图书音像,正品放心,positive,1,0.16666666666666666
PRODUCT_81992,图书音像,正品放心,positive,1,0.5
PRODUCT_82177,图书音像,外观好看,positive,1,0.07692307692307693
PRODUCT_82177,图书音像,性价比高,positive,1,0.07692307692307693
PRODUCT_82259,家居生活,性价比高,positive,1,1.0
PRODUCT_8227,图书音像,外观好看,positive,1,1.0
PRODUCT_8227,图书音像,质量好,positive,1,1.0
PRODUCT_82276,图书音像,正品放心,positive,1,1.0
PRODUCT_82381,钟表/首饰/眼镜/礼品,正品放心,positive,3,0.3333333333333333
PRODUCT_82381,钟表/首饰/眼镜/礼品,性价比高,positive,1,0.1111111111111111
PRODUCT_82396,母婴/玩具,质量好,positive,1,0.16666666666666666
PRODUCT_82409,图书音像,质量好,positive,1,0.1111111111111111
PRODUCT_82412,图书音像,价格贵,negative,1,1.0
PRODUCT_82433,图书音像,性价比高,positive,3,0.23076923076923078
PRODUCT_82443,图书音像,会回购,positive,1,1.0
PRODUCT_82475,图书音像,正品放心,positive,1,1.0
PRODUCT_82508,图书音像,内容一般,negative,1,1.0
PRODUCT_82508,图书音像,疑似假货,negative,1,1.0
PRODUCT_82510,图书音像,正品放心,positive,1,0.5
PRODUCT_82519,图书音像,内容不错,positive,1,0.2
PRODUCT_82519,图书音像,外观好看,positive,1,0.2
PRODUCT_82543,图书音像,正品放心,positive,1,0.5
PRODUCT_82566,图书音像,质量差,negative,1,0.5
PRODUCT_8258,图书音像,正品放心,positive,1,0.5
PRODUCT_82638,图书音像,疑似假货,negative,1,1.0
PRODUCT_82638,图书音像,质量差,negative,1,1.0
PRODUCT_82643,图书音像,不推荐,negative,1,0.5
PRODUCT_82643,图书音像,性价比高,positive,1,0.5
PRODUCT_82704,图书音像,内容一般,negative,1,1.0
PRODUCT_82704,图书音像,性价比高,positive,1,1.0
PRODUCT_82805,图书音像,包装差,negative,1,1.0
PRODUCT_82810,图书音像,疑似假货,negative,1,1.0
PRODUCT_82810,图书音像,质量差,negative,1,1.0
PRODUCT_82814,电脑/办公,正品放心,positive,1,0.3333333333333333
PRODUCT_82820,图书音像,质量好,positive,3,0.17647058823529413
PRODUCT_82820,图书音像,味道一般,negative,1,0.058823529411764705
PRODUCT_82820,图书音像,性价比高,positive,1,0.058823529411764705
PRODUCT_82836,图书音像,内容不错,positive,1,0.25
PRODUCT_8289,钟表/首饰/眼镜/礼品,外观好看,positive,1,0.5
PRODUCT_82913,图书音像,质量好,positive,1,1.0
PRODUCT_82957,图书音像,包装好,positive,1,1.0
PRODUCT_82957,图书音像,正品放心,positive,1,1.0
PRODUCT_8300,运动户外,质量差,negative,1,0.5
PRODUCT_83025,食品/保健,味道不错,positive,1,1.0
PRODUCT_83130,图书音像,外观好看,positive,2,0.11764705882352941
PRODUCT_83130,图书音像,正品放心,positive,2,0.11764705882352941
PRODUCT_83130,图书音像,疑似假货,negative,2,0.11764705882352941
PRODUCT_83130,图书音像,会回购,positive,1,0.058823529411764705
PRODUCT_83130,图书音像,包装差,negative,1,0.058823529411764705
PRODUCT_83152,美妆个护,味道不错,positive,2,0.5
PRODUCT_83169,图书音像,疑似假货,negative,1,1.0
PRODUCT_83226,图书音像,质量差,negative,1,0.25
PRODUCT_83251,图书音像,内容不错,positive,1,1.0
PRODUCT_83263,家居生活,发货快,positive,1,1.0
PRODUCT_83273,图书音像,内容一般,negative,1,1.0
PRODUCT_83313,图书音像,不推荐,negative,1,0.5
PRODUCT_83313,图书音像,外观好看,positive,1,0.5
PRODUCT_83322,图书音像,疑似假货,negative,1,1.0
PRODUCT_83339,图书音像,性价比高,positive,1,1.0
PRODUCT_83409,其他,质量差,negative,1,1.0
PRODUCT_83417,图书音像,质量好,positive,1,1.0
PRODUCT_83523,食品/保健,味道不错,positive,3,1.0
PRODUCT_83526,食品/保健,味道不错,positive,3,0.5
PRODUCT_83526,食品/保健,正品放心,positive,2,0.3333333333333333
PRODUCT_83526,食品/保健,味道一般,negative,1,0.16666666666666666
PRODUCT_83526,食品/保健,性价比高,positive,1,0.16666666666666666
PRODUCT_83541,图书音像,疑似假货,negative,1,0.25
PRODUCT_83541,图书音像,质量差,negative,1,0.25
PRODUCT_83570,图书音像,外观好看,positive,1,0.125
PRODUCT_83611,图书音像,正品放心,positive,1,0.16666666666666666
PRODUCT_83611,图书音像,疑似假货,negative,1,0.16666666666666666
PRODUCT_83614,家具/家装/建材,性价比高,positive,1,1.0
PRODUCT_83624,图书音像,正品放心,positive,1,1.0
PRODUCT_8364,图书音像,包装好,positive,1,0.5
PRODUCT_83640,图书音像,内容不错,positive,1,1.0
PRODUCT_83645,图书音像,质量差,negative,1,0.25
PRODUCT_83663,图书音像,会回购,positive,1,1.0
PRODUCT_83676,图书音像,容易坏,negative,1,1.0
PRODUCT_83739,图书音像,包装好,positive,1,0.25
PRODUCT_83742,图书音像,包装好,positive,1,1.0
PRODUCT_83742,图书音像,包装差,negative,1,1.0
PRODUCT_83778,手机/数码,外观好看,positive,2,0.2
PRODUCT_83778,手机/数码,价格贵,negative,1,0.1
PRODUCT_83893,图书音像,不推荐,negative,1,0.3333333333333333
PRODUCT_83893,图书音像,内容一般,negative,1,0.3333333333333333
PRODUCT_83893,图书音像,正品放心,positive,1,0.3333333333333333
PRODUCT_83893,图书音像,质量差,negative,1,0.3333333333333333
PRODUCT_83943,图书音像,性价比高,positive,1,0.25
PRODUCT_83997,图书音像,味道不错,positive,1,1.0
PRODUCT_84021,家居生活,会回购,positive,1,1.0
PRODUCT_84022,图书音像,质量好,positive,1,0.5
PRODUCT_84077,电脑/办公,外观好看,positive,2,0.2857142857142857
PRODUCT_84077,电脑/办公,性价比高,positive,2,0.2857142857142857
PRODUCT_84083,图书音像,内容不错,positive,1,1.0
PRODUCT_84087,图书音像,正品放心,positive,1,0.3333333333333333
PRODUCT_84213,图书音像,外观好看,positive,1,1.0
PRODUCT_84247,图书音像,疑似假货,negative,1,0.25
PRODUCT_84253,其他,内容一般,negative,1,0.5
PRODUCT_84253,其他,内容不错,positive,1,0.5
PRODUCT_84253,其他,性价比高,positive,1,0.5
PRODUCT_84446,图书音像,疑似假货,negative,1,0.14285714285714285
PRODUCT_84446,图书音像,续航差,negative,1,0.14285714285714285
PRODUCT_84446,图书音像,质量差,negative,1,0.14285714285714285
PRODUCT_84472,图书音像,不推荐,negative,1,1.0
PRODUCT_84518,图书音像,外观好看,positive,1,0.14285714285714285
PRODUCT_84518,图书音像,正品放心,positive,1,0.14285714285714285
PRODUCT_84550,图书音像,外观好看,positive,1,1.0
PRODUCT_84588,图书音像,疑似假货,negative,1,1.0
PRODUCT_84610,美妆个护,味道不错,positive,2,1.0
PRODUCT_8469,图书音像,外观好看,positive,1,1.0
PRODUCT_84706,图书音像,性价比高,positive,1,0.5
PRODUCT_84778,电脑/办公,质量好,positive,1,0.16666666666666666
PRODUCT_84778,电脑/办公,质量差,negative,1,0.16666666666666666
PRODUCT_84834,食品/保健,内容一般,negative,1,0.5
PRODUCT_84834,食品/保健,味道不错,positive,1,0.5
PRODUCT_84834,食品/保健,性价比高,positive,1,0.5
PRODUCT_84852,电脑/办公,质量好,positive,1,1.0
PRODUCT_84909,电脑/办公,外观一般,negative,1,0.3333333333333333
PRODUCT_84958,图书音像,正品放心,positive,1,0.2
PRODUCT_84958,图书音像,疑似假货,negative,1,0.2
PRODUCT_84970,图书音像,外观好看,positive,1,0.5
PRODUCT_8499,图书音像,外观好看,positive,1,1.0
PRODUCT_85063,手机/数码,外观好看,positive,1,0.3333333333333333
PRODUCT_85064,手机/数码,外观好看,positive,1,1.0
PRODUCT_85079,图书音像,内容不错,positive,1,0.3333333333333333
PRODUCT_85125,美妆个护,性价比高,positive,1,0.25
PRODUCT_85135,图书音像,外观好看,positive,2,0.4
PRODUCT_85145,图书音像,内容不错,positive,1,1.0
PRODUCT_85145,图书音像,疑似假货,negative,1,1.0
PRODUCT_8515,图书音像,不推荐,negative,1,0.09090909090909091
PRODUCT_8515,图书音像,内容一般,negative,1,0.09090909090909091
PRODUCT_8517,电脑/办公,外观好看,positive,1,1.0
PRODUCT_85196,美妆个护,正品放心,positive,1,0.5
PRODUCT_85240,手机/数码,容易坏,negative,1,0.16666666666666666
PRODUCT_85254,食品/保健,味道不错,positive,1,1.0
PRODUCT_85258,电脑/办公,外观好看,positive,1,0.5
PRODUCT_85345,图书音像,疑似假货,negative,1,1.0
PRODUCT_85371,手机/数码,很耐用,positive,1,1.0
PRODUCT_85376,家居生活,外观好看,positive,1,1.0
PRODUCT_85376,家居生活,很耐用,positive,1,1.0
PRODUCT_85376,家居生活,性价比高,positive,1,1.0
PRODUCT_85430,图书音像,疑似假货,negative,1,0.25
PRODUCT_85431,手机/数码,内容一般,negative,1,0.1111111111111111
PRODUCT_85431,手机/数码,容易坏,negative,1,0.1111111111111111
PRODUCT_85439,图书音像,正品放心,positive,1,1.0
PRODUCT_85448,家用电器,质量好,positive,1,0.1111111111111111
PRODUCT_85454,运动户外,发货快,positive,1,1.0
PRODUCT_85513,图书音像,外观好看,positive,1,1.0
PRODUCT_85595,图书音像,疑似假货,negative,1,1.0
PRODUCT_85609,图书音像,外观一般,negative,1,0.3333333333333333
PRODUCT_85628,运动户外,不推荐,negative,1,0.3333333333333333
PRODUCT_85628,运动户外,发货快,positive,1,0.3333333333333333
PRODUCT_85687,图书音像,疑似假货,negative,1,0.3333333333333333
PRODUCT_85706,图书音像,正品放心,positive,1,0.3333333333333333
PRODUCT_85758,图书音像,很耐用,positive,1,1.0
PRODUCT_85795,图书音像,正品放心,positive,1,0.5
PRODUCT_85795,图书音像,质量好,positive,1,0.5
PRODUCT_85839,图书音像,性价比高,positive,1,0.16666666666666666
PRODUCT_85887,电脑/办公,很耐用,positive,2,0.6666666666666666
PRODUCT_85905,手机/数码,正品放心,positive,1,1.0
PRODUCT_86055,图书音像,内容不错,positive,1,0.08333333333333333
PRODUCT_86055,图书音像,外观好看,positive,1,0.08333333333333333
PRODUCT_86055,图书音像,很新鲜,positive,1,0.08333333333333333
PRODUCT_86055,图书音像,正品放心,positive,1,0.08333333333333333
PRODUCT_86209,图书音像,性价比高,positive,1,1.0
PRODUCT_86253,电脑/办公,会回购,positive,1,0.3333333333333333
PRODUCT_86253,电脑/办公,性价比高,positive,1,0.3333333333333333
PRODUCT_86266,图书音像,外观好看,positive,2,0.14285714285714285
PRODUCT_86266,图书音像,正品放心,positive,2,0.14285714285714285
PRODUCT_86266,图书音像,质量好,positive,2,0.14285714285714285
PRODUCT_86309,电脑/办公,外观好看,positive,1,0.5
PRODUCT_86325,图书音像,内容不错,positive,1,0.5
PRODUCT_86346,图书音像,外观好看,positive,1,0.5
PRODUCT_86382,母婴/玩具,很耐用,positive,1,1.0
PRODUCT_86418,手机/数码,不推荐,negative,1,0.2
PRODUCT_86432,图书音像,正品放心,positive,1,1.0
PRODUCT_86506,图书音像,内容一般,negative,1,1.0
PRODUCT_86506,图书音像,性价比高,positive,1,1.0
PRODUCT_86512,钟表/首饰/眼镜/礼品,性价比高,positive,1,0.125
PRODUCT_86551,图书音像,正品放心,positive,1,0.5
PRODUCT_86775,图书音像,正品放心,positive,1,1.0
PRODUCT_86794,图书音像,质量差,negative,1,1.0
PRODUCT_86825,钟表/首饰/眼镜/礼品,外观好看,positive,1,1.0
PRODUCT_86832,图书音像,性价比高,positive,1,1.0
PRODUCT_86867,家居生活,质量好,positive,1,0.3333333333333333
PRODUCT_86877,家具/家装/建材,质量好,positive,1,1.0
PRODUCT_86900,手机/数码,很耐用,positive,1,1.0
PRODUCT_86903,图书音像,包装差,negative,1,1.0
PRODUCT_86989,图书音像,外观好看,positive,1,0.5
PRODUCT_87039,手机/数码,性价比高,positive,1,0.3333333333333333
PRODUCT_87114,美妆个护,味道不错,positive,2,0.6666666666666666
PRODUCT_87114,美妆个护,价格贵,negative,1,0.3333333333333333
PRODUCT_87188,手机/数码,价格贵,negative,1,1.0
PRODUCT_87188,手机/数码,正品放心,positive,1,1.0
PRODUCT_87207,电脑/办公,外观好看,positive,1,0.3333333333333333
PRODUCT_87207,电脑/办公,正品放心,positive,1,0.3333333333333333
PRODUCT_87216,手机/数码,不推荐,negative,1,0.16666666666666666
PRODUCT_87216,手机/数码,外观好看,positive,1,0.16666666666666666
PRODUCT_87216,手机/数码,容易坏,negative,1,0.16666666666666666
PRODUCT_87216,手机/数码,疑似假货,negative,1,0.16666666666666666
PRODUCT_87274,图书音像,正品放心,positive,1,1.0
PRODUCT_87339,鞋类箱包,疑似假货,negative,1,1.0
PRODUCT_87340,图书音像,外观好看,positive,1,1.0
PRODUCT_8736,图书音像,尺码不准,negative,1,1.0
PRODUCT_87479,图书音像,疑似假货,negative,1,1.0
PRODUCT_87585,家用电器,外观好看,positive,1,0.2
PRODUCT_87631,图书音像,不推荐,negative,1,1.0
PRODUCT_87643,美妆个护,味道不错,positive,1,0.5
PRODUCT_87696,图书音像,外观好看,positive,1,1.0
PRODUCT_87731,图书音像,外观好看,positive,1,0.5
PRODUCT_87925,美妆个护,正品放心,positive,1,1.0
PRODUCT_87928,图书音像,性价比高,positive,1,1.0
PRODUCT_8809,图书音像,内容不错,positive,1,1.0
PRODUCT_8820,图书音像,质量差,negative,1,1.0
PRODUCT_88306,图书音像,正品放心,positive,1,0.5
PRODUCT_88325,图书音像,很新鲜,positive,1,1.0
PRODUCT_88335,图书音像,外观一般,negative,1,1.0
PRODUCT_88335,图书音像,外观好看,positive,1,1.0
PRODUCT_88358,电脑/办公,性价比高,positive,2,0.15384615384615385
PRODUCT_88358,电脑/办公,发货快,positive,1,0.07692307692307693
PRODUCT_88358,电脑/办公,容易坏,negative,1,0.07692307692307693
PRODUCT_88359,图书音像,不推荐,negative,1,1.0
PRODUCT_88449,图书音像,正品放心,positive,1,1.0
PRODUCT_88465,美妆个护,正品放心,positive,2,0.2
PRODUCT_88465,美妆个护,包装好,positive,1,0.1
PRODUCT_88465,美妆个护,味道不错,positive,1,0.1
PRODUCT_88465,美妆个护,疑似假货,negative,1,0.1
PRODUCT_88465,美妆个护,质量差,negative,1,0.1
PRODUCT_88572,图书音像,外观好看,positive,1,0.5
PRODUCT_88666,图书音像,正品放心,positive,1,1.0
PRODUCT_88670,图书音像,外观好看,positive,1,0.5
PRODUCT_88701,图书音像,外观好看,positive,2,0.2857142857142857
PRODUCT_88701,图书音像,正品放心,positive,1,0.14285714285714285
PRODUCT_88701,图书音像,疑似假货,negative,1,0.14285714285714285
PRODUCT_88725,图书音像,包装好,positive,1,0.25
PRODUCT_88725,图书音像,尺码合适,positive,1,0.25
PRODUCT_88725,图书音像,质量好,positive,1,0.25
PRODUCT_88730,图书音像,包装好,positive,1,0.07692307692307693
PRODUCT_88730,图书音像,包装差,negative,1,0.07692307692307693
PRODUCT_88730,图书音像,性价比高,positive,1,0.07692307692307693
PRODUCT_88743,图书音像,疑似假货,negative,1,1.0
PRODUCT_88761,图书音像,正品放心,positive,1,1.0
PRODUCT_88896,图书音像,会回购,positive,1,1.0
PRODUCT_89060,图书音像,内容一般,negative,1,1.0
PRODUCT_89060,图书音像,外观好看,positive,1,1.0
PRODUCT_89084,图书音像,价格贵,negative,1,0.3333333333333333
PRODUCT_89084,图书音像,外观好看,positive,1,0.3333333333333333
PRODUCT_89090,图书音像,包装差,negative,1,1.0
PRODUCT_89177,图书音像,质量差,negative,1,1.0
PRODUCT_89313,美妆个护,正品放心,positive,1,0.5
PRODUCT_89322,图书音像,不推荐,negative,1,0.2
PRODUCT_89322,图书音像,外观好看,positive,1,0.2
PRODUCT_89394,图书音像,味道不错,positive,1,1.0
PRODUCT_89397,图书音像,正品放心,positive,1,0.25
PRODUCT_89401,图书音像,不推荐,negative,1,1.0
PRODUCT_89425,图书音像,正品放心,positive,1,0.5
PRODUCT_89425,图书音像,疑似假货,negative,1,0.5
PRODUCT_89457,图书音像,内容不错,positive,1,0.5
PRODUCT_89580,家用电器,客服差,negative,1,0.5
PRODUCT_89580,家用电器,容易坏,negative,1,0.5
PRODUCT_89580,家用电器,质量好,positive,1,0.5
PRODUCT_89587,图书音像,质量好,positive,1,0.3333333333333333
PRODUCT_89595,图书音像,内容不错,positive,1,1.0
PRODUCT_89633,图书音像,内容不错,positive,1,0.5
PRODUCT_89690,图书音像,正品放心,positive,1,0.5
PRODUCT_89730,图书音像,不推荐,negative,1,1.0
PRODUCT_89740,图书音像,正品放心,positive,1,0.5
PRODUCT_89740,图书音像,疑似假货,negative,1,0.5
PRODUCT_89753,图书音像,内容不错,positive,1,1.0
PRODUCT_89792,图书音像,很新鲜,positive,1,1.0
PRODUCT_89801,图书音像,疑似假货,negative,1,1.0
PRODUCT_89811,其他,疑似假货,negative,1,0.5
PRODUCT_89812,其他,质量好,positive,1,1.0
PRODUCT_8984,图书音像,价格贵,negative,1,1.0
PRODUCT_89844,美妆个护,味道不错,positive,1,1.0
PRODUCT_89893,图书音像,正品放心,positive,1,0.5
PRODUCT_89893,图书音像,质量好,positive,1,0.5
PRODUCT_89910,家具/家装/建材,性价比高,positive,1,1.0
PRODUCT_89920,图书音像,不推荐,negative,1,1.0
PRODUCT_89924,图书音像,外观好看,positive,1,0.1111111111111111
PRODUCT_90010,图书音像,不推荐,negative,1,1.0
PRODUCT_90019,图书音像,包装差,negative,1,1.0
PRODUCT_90038,图书音像,正品放心,positive,1,1.0
PRODUCT_90106,图书音像,正品放心,positive,1,0.5
PRODUCT_90123,图书音像,外观好看,positive,1,1.0
PRODUCT_90148,图书音像,不推荐,negative,1,0.5
PRODUCT_90148,图书音像,很新鲜,positive,1,0.5
PRODUCT_90176,图书音像,质量好,positive,1,1.0
PRODUCT_90208,图书音像,疑似假货,negative,2,0.6666666666666666
PRODUCT_90323,钟表/首饰/眼镜/礼品,质量好,positive,1,1.0
PRODUCT_90364,电脑/办公,外观好看,positive,1,0.3333333333333333
PRODUCT_90364,电脑/办公,疑似假货,negative,1,0.3333333333333333
PRODUCT_90424,图书音像,价格贵,negative,1,0.1111111111111111
PRODUCT_90424,图书音像,包装差,negative,1,0.1111111111111111
PRODUCT_90424,图书音像,发货快,positive,1,0.1111111111111111
PRODUCT_90424,图书音像,味道一般,negative,1,0.1111111111111111
PRODUCT_90424,图书音像,疑似假货,negative,1,0.1111111111111111
PRODUCT_90424,图书音像,质量好,positive,1,0.1111111111111111
PRODUCT_90444,图书音像,味道不错,positive,1,1.0
PRODUCT_90444,图书音像,正品放心,positive,1,1.0
PRODUCT_90495,图书音像,不推荐,negative,1,1.0
PRODUCT_90506,图书音像,正品放心,positive,1,1.0
PRODUCT_90508,图书音像,性价比高,positive,1,1.0
PRODUCT_90529,手机/数码,质量好,positive,1,0.25
PRODUCT_90533,美妆个护,正品放心,positive,1,0.5
PRODUCT_90549,图书音像,外观好看,positive,1,1.0
PRODUCT_90622,图书音像,内容不错,positive,1,1.0
PRODUCT_90641,图书音像,内容不错,positive,1,0.5
PRODUCT_9066,图书音像,外观好看,positive,1,1.0
PRODUCT_90691,美妆个护,不推荐,negative,1,1.0
PRODUCT_90722,图书音像,味道不错,positive,1,0.3333333333333333
PRODUCT_90734,美妆个护,外观一般,negative,1,1.0
PRODUCT_90734,美妆个护,外观好看,positive,1,1.0
PRODUCT_90742,家用电器,包装好,positive,1,0.1
PRODUCT_90742,家用电器,很耐用,positive,1,0.1
PRODUCT_90742,家用电器,性价比高,positive,1,0.1
PRODUCT_90742,家用电器,正品放心,positive,1,0.1
PRODUCT_90750,图书音像,不推荐,negative,1,0.3333333333333333
PRODUCT_90781,其他,容易坏,negative,1,1.0
PRODUCT_90845,图书音像,内容不错,positive,1,1.0
PRODUCT_90893,家用电器,外观好看,positive,1,0.3333333333333333
PRODUCT_909,图书音像,正品放心,positive,1,1.0
PRODUCT_90902,图书音像,质量差,negative,1,1.0
PRODUCT_90935,电脑/办公,会回购,positive,1,1.0
PRODUCT_90935,电脑/办公,外观好看,positive,1,1.0
PRODUCT_90955,图书音像,内容不错,positive,1,0.3333333333333333
PRODUCT_90990,电脑/办公,性价比高,positive,1,0.16666666666666666
PRODUCT_90990,电脑/办公,正品放心,positive,1,0.16666666666666666
PRODUCT_91064,图书音像,不推荐,negative,1,1.0
PRODUCT_91066,美妆个护,味道不错,positive,1,0.5
PRODUCT_91068,电脑/办公,很耐用,positive,1,0.05
PRODUCT_91068,电脑/办公,性价比高,positive,1,0.05
PRODUCT_91068,电脑/办公,正品放心,positive,1,0.05
PRODUCT_91068,电脑/办公,质量好,positive,1,0.05
PRODUCT_91079,图书音像,内容不错,positive,1,1.0
PRODUCT_91079,图书音像,质量好,positive,1,1.0
PRODUCT_9110,家具/家装/建材,性价比高,positive,1,1.0
PRODUCT_91101,图书音像,很新鲜,positive,1,1.0
PRODUCT_91101,图书音像,质量好,positive,1,1.0
PRODUCT_91193,图书音像,会回购,positive,1,1.0
PRODUCT_91217,图书音像,价格贵,negative,2,0.5
PRODUCT_91217,图书音像,不推荐,negative,1,0.25
PRODUCT_91217,图书音像,外观好看,positive,1,0.25
PRODUCT_91217,图书音像,疑似假货,negative,1,0.25
PRODUCT_91414,母婴/玩具,外观好看,positive,1,1.0
PRODUCT_91503,家具/家装/建材,发货快,positive,1,0.3333333333333333
PRODUCT_91503,家具/家装/建材,质量好,positive,1,0.3333333333333333
PRODUCT_91535,其他,正品放心,positive,1,1.0
PRODUCT_91535,其他,疑似假货,negative,1,1.0
PRODUCT_91552,图书音像,不推荐,negative,1,0.5
PRODUCT_91583,图书音像,外观好看,positive,1,0.5
PRODUCT_91583,图书音像,质量好,positive,1,0.5
PRODUCT_91624,图书音像,性价比高,positive,1,0.5
PRODUCT_91642,食品/保健,性价比高,positive,1,0.5
PRODUCT_9165,图书音像,性价比高,positive,1,1.0
PRODUCT_91666,图书音像,不推荐,negative,1,1.0
PRODUCT_91703,图书音像,外观好看,positive,2,0.5
PRODUCT_91741,图书音像,很新鲜,positive,1,0.0625
PRODUCT_91741,图书音像,物流慢,negative,1,0.0625
PRODUCT_91755,图书音像,内容一般,negative,1,0.5
PRODUCT_91811,家用电器,外观好看,positive,1,0.3333333333333333
PRODUCT_91811,家用电器,性价比高,positive,1,0.3333333333333333
PRODUCT_91838,图书音像,正品放心,positive,1,1.0
PRODUCT_91909,图书音像,正品放心,positive,1,0.3333333333333333
PRODUCT_91909,图书音像,质量好,positive,1,0.3333333333333333
PRODUCT_91912,图书音像,正品放心,positive,1,1.0
PRODUCT_91937,图书音像,外观好看,positive,1,0.25
PRODUCT_92047,电脑/办公,质量好,positive,1,0.1111111111111111
PRODUCT_92049,图书音像,性价比高,positive,1,0.125
PRODUCT_92050,图书音像,疑似假货,negative,1,0.14285714285714285
PRODUCT_9207,图书音像,发货快,positive,1,1.0
PRODUCT_9207,图书音像,性价比高,positive,1,1.0
PRODUCT_92094,图书音像,内容不错,positive,1,0.5
PRODUCT_92103,家用电器,正品放心,positive,1,1.0
PRODUCT_92177,电脑/办公,不推荐,negative,1,0.3333333333333333
PRODUCT_92179,图书音像,内容一般,negative,1,0.5
PRODUCT_92188,家具/家装/建材,价格贵,negative,1,1.0
PRODUCT_92230,家用电器,质量差,negative,1,0.25
PRODUCT_92260,电脑/办公,不推荐,negative,2,0.2
PRODUCT_92260,电脑/办公,正品放心,positive,2,0.2
PRODUCT_92260,电脑/办公,会回购,positive,1,0.1
PRODUCT_92260,电脑/办公,外观好看,positive,1,0.1
PRODUCT_92261,电脑/办公,外观好看,positive,1,0.08333333333333333
PRODUCT_92261,电脑/办公,正品放心,positive,1,0.08333333333333333
PRODUCT_92264,图书音像,很新鲜,positive,1,1.0
PRODUCT_92293,家用电器,发货快,positive,1,0.5
PRODUCT_92293,家用电器,质量好,positive,1,0.5
PRODUCT_9231,图书音像,包装差,negative,1,0.25
PRODUCT_9231,图书音像,容易坏,negative,1,0.25
PRODUCT_92335,手机/数码,质量好,positive,1,1.0
PRODUCT_92377,手机/数码,外观好看,positive,3,0.3
PRODUCT_92377,手机/数码,正品放心,positive,2,0.2
PRODUCT_92377,手机/数码,很耐用,positive,1,0.1
PRODUCT_92377,手机/数码,质量好,positive,1,0.1
PRODUCT_92386,手机/数码,质量好,positive,1,0.2
PRODUCT_92386,手机/数码,质量差,negative,1,0.2
PRODUCT_92394,手机/数码,外观好看,positive,1,1.0
PRODUCT_9240,图书音像,正品放心,positive,1,1.0
PRODUCT_92418,食品/保健,味道不错,positive,1,1.0
PRODUCT_92471,手机/数码,包装好,positive,1,0.3333333333333333
PRODUCT_92471,手机/数码,外观好看,positive,1,0.3333333333333333
PRODUCT_92471,手机/数码,正品放心,positive,1,0.3333333333333333
PRODUCT_92480,手机/数码,不推荐,negative,4,0.2222222222222222
PRODUCT_92480,手机/数码,外观好看,positive,4,0.2222222222222222
PRODUCT_92480,手机/数码,容易坏,negative,3,0.16666666666666666
PRODUCT_92480,手机/数码,正品放心,positive,3,0.16666666666666666
PRODUCT_92480,手机/数码,质量差,negative,2,0.1111111111111111
PRODUCT_92480,手机/数码,味道不错,positive,1,0.05555555555555555
PRODUCT_92564,图书音像,味道不错,positive,1,0.25
PRODUCT_92590,图书音像,正品放心,positive,1,1.0
PRODUCT_92640,图书音像,容易坏,negative,1,1.0
PRODUCT_92669,图书音像,正品放心,positive,1,1.0
PRODUCT_92680,图书音像,不推荐,negative,1,0.14285714285714285
PRODUCT_92680,图书音像,内容不错,positive,1,0.14285714285714285
PRODUCT_92680,图书音像,正品放心,positive,1,0.14285714285714285
PRODUCT_92685,家具/家装/建材,包装差,negative,1,1.0
PRODUCT_92685,家具/家装/建材,很耐用,positive,1,1.0
PRODUCT_92690,图书音像,质量差,negative,2,0.05263157894736842
PRODUCT_92690,图书音像,内容不错,positive,1,0.02631578947368421
PRODUCT_92690,图书音像,外观好看,positive,1,0.02631578947368421
PRODUCT_92690,图书音像,正品放心,positive,1,0.02631578947368421
PRODUCT_92866,图书音像,外观好看,positive,2,0.6666666666666666
PRODUCT_93,手机/数码,外观好看,positive,1,0.16666666666666666
PRODUCT_93005,图书音像,外观好看,positive,1,0.3333333333333333
PRODUCT_93202,图书音像,包装好,positive,1,1.0
PRODUCT_93220,运动户外,包装好,positive,1,0.16666666666666666
PRODUCT_93220,运动户外,性价比高,positive,1,0.16666666666666666
PRODUCT_93252,图书音像,外观好看,positive,1,0.1
PRODUCT_93252,图书音像,正品放心,positive,1,0.1
PRODUCT_93252,图书音像,疑似假货,negative,1,0.1
PRODUCT_93252,图书音像,质量好,positive,1,0.1
PRODUCT_9346,手机/数码,内容一般,negative,1,1.0
PRODUCT_9346,手机/数码,性价比高,positive,1,1.0
PRODUCT_9375,图书音像,正品放心,positive,1,1.0
PRODUCT_93768,图书音像,外观好看,positive,1,0.3333333333333333
PRODUCT_93768,图书音像,正品放心,positive,1,0.3333333333333333
PRODUCT_93793,图书音像,发货快,positive,1,0.05
PRODUCT_93793,图书音像,正品放心,positive,1,0.05
PRODUCT_938,图书音像,正品放心,positive,1,1.0
PRODUCT_938,图书音像,疑似假货,negative,1,1.0
PRODUCT_938,图书音像,质量好,positive,1,1.0
PRODUCT_9381,图书音像,正品放心,positive,1,1.0
PRODUCT_93898,图书音像,疑似假货,negative,1,0.3333333333333333
PRODUCT_94003,鞋类箱包,外观好看,positive,1,1.0
PRODUCT_94009,图书音像,外观好看,positive,2,0.2
PRODUCT_94009,图书音像,质量好,positive,2,0.2
PRODUCT_94011,图书音像,味道不错,positive,1,1.0
PRODUCT_94011,图书音像,外观好看,positive,1,1.0
PRODUCT_94190,图书音像,质量差,negative,1,1.0
PRODUCT_94194,图书音像,性价比高,positive,1,0.5
PRODUCT_94270,图书音像,正品放心,positive,2,0.14285714285714285
PRODUCT_94270,图书音像,味道不错,positive,1,0.07142857142857142
PRODUCT_94270,图书音像,性价比高,positive,1,0.07142857142857142
PRODUCT_94270,图书音像,质量好,positive,1,0.07142857142857142
PRODUCT_94292,图书音像,外观好看,positive,1,0.2
PRODUCT_94318,图书音像,正品放心,positive,1,0.5
PRODUCT_94323,图书音像,正品放心,positive,1,1.0
PRODUCT_94339,图书音像,疑似假货,negative,1,1.0
PRODUCT_94383,母婴/玩具,会回购,positive,1,1.0
PRODUCT_94408,图书音像,疑似假货,negative,2,0.3333333333333333
PRODUCT_94408,图书音像,内容不错,positive,1,0.16666666666666666
PRODUCT_94408,图书音像,包装好,positive,1,0.16666666666666666
PRODUCT_94459,图书音像,会回购,positive,1,0.2
PRODUCT_94459,图书音像,外观一般,negative,1,0.2
PRODUCT_94459,图书音像,外观好看,positive,1,0.2
PRODUCT_94471,图书音像,会回购,positive,1,0.2
PRODUCT_9464,图书音像,外观好看,positive,1,1.0
PRODUCT_94647,图书音像,发货快,positive,1,1.0
PRODUCT_94666,图书音像,内容不错,positive,1,0.5
PRODUCT_94683,图书音像,会回购,positive,1,1.0
PRODUCT_94701,图书音像,会回购,positive,1,1.0
PRODUCT_94773,图书音像,外观好看,positive,1,0.3333333333333333
PRODUCT_9480,图书音像,内容不错,positive,1,1.0
PRODUCT_9503,电脑/办公,外观好看,positive,1,1.0
PRODUCT_9506,图书音像,外观好看,positive,1,0.3333333333333333
PRODUCT_9507,家用电器,发货快,positive,1,0.5
PRODUCT_95083,图书音像,正品放心,positive,3,0.42857142857142855
PRODUCT_95083,图书音像,质量好,positive,3,0.42857142857142855
PRODUCT_95083,图书音像,会回购,positive,1,0.14285714285714285
PRODUCT_95136,家用电器,外观好看,positive,2,0.6666666666666666
PRODUCT_95136,家用电器,价格贵,negative,1,0.3333333333333333
PRODUCT_95171,图书音像,不推荐,negative,1,0.125
PRODUCT_95171,图书音像,内容不错,positive,1,0.125
PRODUCT_95185,家用电器,味道不错,positive,2,0.1111111111111111
PRODUCT_95185,家用电器,外观好看,positive,2,0.1111111111111111
PRODUCT_95185,家用电器,正品放心,positive,1,0.05555555555555555
PRODUCT_95185,家用电器,质量好,positive,1,0.05555555555555555
PRODUCT_95193,钟表/首饰/眼镜/礼品,外观好看,positive,1,1.0
PRODUCT_95202,家具/家装/建材,容易坏,negative,1,0.5
PRODUCT_95225,家具/家装/建材,正品放心,positive,1,1.0
PRODUCT_95258,图书音像,质量好,positive,1,1.0
PRODUCT_95277,图书音像,包装差,negative,1,0.3333333333333333
PRODUCT_95376,图书音像,性价比高,positive,1,1.0
PRODUCT_95388,图书音像,内容不错,positive,1,1.0
PRODUCT_95446,家用电器,会回购,positive,1,0.1
PRODUCT_95446,家用电器,正品放心,positive,1,0.1
PRODUCT_95451,图书音像,正品放心,positive,1,1.0
PRODUCT_95480,图书音像,性价比高,positive,1,1.0
PRODUCT_95480,图书音像,正品放心,positive,1,1.0
PRODUCT_95598,图书音像,容易坏,negative,1,0.05555555555555555
PRODUCT_95611,图书音像,外观一般,negative,1,1.0
PRODUCT_95616,图书音像,正品放心,positive,1,0.3333333333333333
PRODUCT_95616,图书音像,质量差,negative,1,0.3333333333333333
PRODUCT_95624,图书音像,外观好看,positive,1,1.0
PRODUCT_95632,图书音像,价格贵,negative,1,1.0
PRODUCT_95689,图书音像,外观好看,positive,1,0.3333333333333333
PRODUCT_95694,图书音像,正品放心,positive,1,0.5
PRODUCT_95721,图书音像,正品放心,positive,1,0.16666666666666666
PRODUCT_95730,图书音像,不推荐,negative,1,0.5
PRODUCT_95738,图书音像,质量好,positive,1,1.0
PRODUCT_95788,美妆个护,味道不错,positive,1,0.5
PRODUCT_95789,美妆个护,外观好看,positive,1,1.0
PRODUCT_958,图书音像,内容不错,positive,1,0.14285714285714285
PRODUCT_95812,图书音像,正品放心,positive,1,0.16666666666666666
PRODUCT_95812,图书音像,疑似假货,negative,1,0.16666666666666666
PRODUCT_95861,图书音像,物流慢,negative,1,0.25
PRODUCT_95911,家居生活,味道不错,positive,1,0.5
PRODUCT_95911,家居生活,性价比高,positive,1,0.5
PRODUCT_9597,其他,质量差,negative,1,1.0
PRODUCT_96015,图书音像,会回购,positive,1,1.0
PRODUCT_96015,图书音像,外观好看,positive,1,1.0
PRODUCT_96026,图书音像,正品放心,positive,1,1.0
PRODUCT_96026,图书音像,疑似假货,negative,1,1.0
PRODUCT_96035,图书音像,性价比高,positive,2,0.1111111111111111
PRODUCT_96035,图书音像,正品放心,positive,2,0.1111111111111111
PRODUCT_96035,图书音像,质量好,positive,2,0.1111111111111111
PRODUCT_96035,图书音像,不推荐,negative,1,0.05555555555555555
PRODUCT_96035,图书音像,会回购,positive,1,0.05555555555555555
PRODUCT_96035,图书音像,内容一般,negative,1,0.05555555555555555
PRODUCT_96035,图书音像,疑似假货,negative,1,0.05555555555555555
PRODUCT_96079,图书音像,不推荐,negative,1,1.0
PRODUCT_96079,图书音像,会回购,positive,1,1.0
PRODUCT_96086,美妆个护,内容不错,positive,1,1.0
PRODUCT_96094,图书音像,正品放心,positive,1,0.5
PRODUCT_96112,电脑/办公,性价比高,positive,1,0.1111111111111111
PRODUCT_96112,电脑/办公,质量好,positive,1,0.1111111111111111
PRODUCT_9615,电脑/办公,尺码合适,positive,1,0.5
PRODUCT_96171,图书音像,性价比高,positive,1,1.0
PRODUCT_96173,图书音像,内容不错,positive,1,1.0
PRODUCT_96190,图书音像,很新鲜,positive,1,0.5
PRODUCT_96213,图书音像,正品放心,positive,1,1.0
PRODUCT_96237,图书音像,内容不错,positive,1,1.0
PRODUCT_96261,图书音像,质量好,positive,1,1.0
PRODUCT_96266,手机/数码,容易坏,negative,1,0.2
PRODUCT_96266,手机/数码,性价比高,positive,1,0.2
PRODUCT_96266,手机/数码,正品放心,positive,1,0.2
PRODUCT_96266,手机/数码,质量差,negative,1,0.2
PRODUCT_96319,美妆个护,味道不错,positive,1,1.0
PRODUCT_96319,美妆个护,性价比高,positive,1,1.0
PRODUCT_96352,食品/保健,味道不错,positive,1,1.0
PRODUCT_96379,图书音像,外观好看,positive,1,1.0
PRODUCT_9638,电脑/办公,外观好看,positive,1,0.08333333333333333
PRODUCT_9638,电脑/办公,性价比高,positive,1,0.08333333333333333
PRODUCT_96389,图书音像,内容不错,positive,1,0.3333333333333333
PRODUCT_96512,图书音像,性价比高,positive,2,0.5
PRODUCT_96570,手机/数码,外观好看,positive,1,0.5
PRODUCT_96586,电脑/办公,性价比高,positive,1,1.0
PRODUCT_96589,美妆个护,味道不错,positive,1,1.0
PRODUCT_96623,图书音像,会回购,positive,1,0.3333333333333333
PRODUCT_96642,图书音像,会回购,positive,1,0.125
PRODUCT_96642,图书音像,外观好看,positive,1,0.125
PRODUCT_96642,图书音像,性价比高,positive,1,0.125
PRODUCT_96645,图书音像,容易坏,negative,1,1.0
PRODUCT_9669,图书音像,价格贵,negative,1,0.058823529411764705
PRODUCT_9669,图书音像,很新鲜,positive,1,0.058823529411764705
PRODUCT_9669,图书音像,性价比高,positive,1,0.058823529411764705
PRODUCT_9669,图书音像,正品放心,positive,1,0.058823529411764705
PRODUCT_9669,图书音像,质量好,positive,1,0.058823529411764705
PRODUCT_96715,图书音像,不推荐,negative,1,0.25
PRODUCT_96715,图书音像,会回购,positive,1,0.25
PRODUCT_96715,图书音像,内容一般,negative,1,0.25
PRODUCT_96715,图书音像,外观好看,positive,1,0.25
PRODUCT_96715,图书音像,质量好,positive,1,0.25
PRODUCT_96804,图书音像,内容不错,positive,1,1.0
PRODUCT_96882,图书音像,外观好看,positive,1,0.25
PRODUCT_96919,图书音像,疑似假货,negative,1,0.5
PRODUCT_96945,钟表/首饰/眼镜/礼品,外观好看,positive,1,1.0
PRODUCT_96969,家用电器,外观好看,positive,1,0.16666666666666666
PRODUCT_96991,美妆个护,包装差,negative,1,1.0
PRODUCT_97005,家居生活,尺码合适,positive,1,1.0
PRODUCT_97063,运动户外,尺码合适,positive,1,1.0
PRODUCT_97071,图书音像,正品放心,positive,1,1.0
PRODUCT_97078,图书音像,质量差,negative,1,1.0
PRODUCT_97086,图书音像,正品放心,positive,1,0.16666666666666666
PRODUCT_97086,图书音像,疑似假货,negative,1,0.16666666666666666
PRODUCT_97107,服饰服装,质量好,positive,1,1.0
PRODUCT_9711,家具/家装/建材,很耐用,positive,1,0.3333333333333333
PRODUCT_97149,电脑/办公,容易坏,negative,1,0.1111111111111111
PRODUCT_97149,电脑/办公,正品放心,positive,1,0.1111111111111111
PRODUCT_97162,图书音像,性价比高,positive,1,1.0
PRODUCT_97247,手机/数码,容易坏,negative,1,0.25
PRODUCT_97247,手机/数码,正品放心,positive,1,0.25
PRODUCT_9743,电脑/办公,很耐用,positive,1,1.0
PRODUCT_97434,图书音像,正品放心,positive,1,1.0
PRODUCT_97452,家用电器,质量差,negative,1,1.0
PRODUCT_97499,图书音像,正品放心,positive,1,1.0
PRODUCT_97500,图书音像,很新鲜,positive,1,0.5
PRODUCT_97532,图书音像,外观好看,positive,1,1.0
PRODUCT_97578,母婴/玩具,味道一般,negative,1,1.0
PRODUCT_97634,图书音像,性价比高,positive,1,1.0
PRODUCT_97660,图书音像,不推荐,negative,1,0.25
PRODUCT_97681,电脑/办公,不推荐,negative,1,0.5
PRODUCT_97710,图书音像,性价比高,positive,1,1.0
PRODUCT_97751,图书音像,不推荐,negative,1,0.25
PRODUCT_97751,图书音像,质量好,positive,1,0.25
PRODUCT_97852,图书音像,外观好看,positive,1,1.0
PRODUCT_9791,图书音像,正品放心,positive,1,1.0
PRODUCT_9813,图书音像,价格贵,negative,1,1.0
PRODUCT_98190,手机/数码,很耐用,positive,1,0.14285714285714285
PRODUCT_98275,图书音像,内容不错,positive,1,1.0
PRODUCT_98279,图书音像,外观好看,positive,1,0.3333333333333333
PRODUCT_98324,图书音像,不推荐,negative,2,0.3333333333333333
PRODUCT_98324,图书音像,质量差,negative,2,0.3333333333333333
PRODUCT_98335,美妆个护,味道不错,positive,1,0.5
PRODUCT_98363,手机/数码,性价比高,positive,1,0.5
PRODUCT_98403,手机/数码,外观好看,positive,1,1.0
PRODUCT_98403,手机/数码,正品放心,positive,1,1.0
PRODUCT_98568,图书音像,正品放心,positive,1,0.5
PRODUCT_98759,手机/数码,性价比高,positive,1,0.5
PRODUCT_98820,图书音像,正品放心,positive,1,1.0
PRODUCT_98824,电脑/办公,正品放心,positive,1,0.2
PRODUCT_98846,图书音像,正品放心,positive,1,0.25
PRODUCT_98892,图书音像,性价比高,positive,1,1.0
PRODUCT_98892,图书音像,正品放心,positive,1,1.0
PRODUCT_99032,图书音像,包装差,negative,1,1.0
PRODUCT_99051,图书音像,正品放心,positive,1,1.0
PRODUCT_99076,图书音像,质量好,positive,1,1.0
PRODUCT_99129,图书音像,会回购,positive,1,0.3333333333333333
PRODUCT_9921,图书音像,内容一般,negative,1,1.0
PRODUCT_99372,家用电器,正品放心,positive,1,0.3333333333333333
PRODUCT_99372,家用电器,疑似假货,negative,1,0.3333333333333333
PRODUCT_99415,图书音像,会回购,positive,1,1.0
PRODUCT_99429,电脑/办公,发货快,positive,1,0.1111111111111111
PRODUCT_99429,电脑/办公,性价比高,positive,1,0.1111111111111111
PRODUCT_99429,电脑/办公,正品放心,positive,1,0.1111111111111111
PRODUCT_99429,电脑/办公,质量好,positive,1,0.1111111111111111
PRODUCT_99485,手机/数码,包装好,positive,1,0.14285714285714285
PRODUCT_99513,家具/家装/建材,外观好看,positive,1,1.0
PRODUCT_99602,电脑/办公,正品放心,positive,2,0.5
PRODUCT_99602,电脑/办公,价格贵,negative,1,0.25
PRODUCT_99602,电脑/办公,性价比高,positive,1,0.25
PRODUCT_9963,图书音像,质量好,positive,1,0.5
PRODUCT_99709,图书音像,外观好看,positive,1,0.25
PRODUCT_99811,图书音像,容易坏,negative,1,1.0
PRODUCT_99811,图书音像,疑似假货,negative,1,1.0
PRODUCT_99832,图书音像,正品放心,positive,4,0.3076923076923077
PRODUCT_99832,图书音像,外观好看,positive,2,0.15384615384615385
PRODUCT_99832,图书音像,包装好,positive,1,0.07692307692307693
PRODUCT_99832,图书音像,包装差,negative,1,0.07692307692307693
PRODUCT_99832,图书音像,容易坏,negative,1,0.07692307692307693
PRODUCT_99832,图书音像,疑似假货,negative,1,0.07692307692307693
PRODUCT_99832,图书音像,质量好,positive,1,0.07692307692307693
